image_id,p_180
test_00000,7.872437759535549e-07
test_00001,0.9998328281304064
test_00002,0.9999989960062777
test_00003,0.0026263674534715495
test_00004,0.9936528002608402
test_00005,0.00018929022560628756
test_00006,0.9993046027370006
test_00007,0.9999150922476117
test_00008,0.9999032367363394
test_00009,2.123611820264167e-05
test_00010,0.999750562679959
test_00011,3.839923081635622e-05
test_00012,5.245160537702758e-07
test_00013,0.999737598297736
test_00014,0.9995941522706728
test_00015,0.9999998508779655
test_00016,0.9999007018106233
test_00017,1.627240696523359e-07
test_00018,0.0009032955093264604
test_00019,1.2599340978522856e-07
test_00020,7.597205835725617e-08
test_00021,1.44500399027136e-06
test_00022,0.9999999031424088
test_00023,5.807245530749994e-07
test_00024,5.73479521231701e-06
test_00025,0.9999997078234933
test_00026,0.9985643049698645
test_00027,0.019591184244498176
test_00028,0.9767101308902414
test_00029,0.999740680279352
test_00030,2.019233887614639e-07
test_00031,0.999999645380833
test_00032,0.9999819924432864
test_00033,0.9943466501122714
test_00034,0.9898755353616528
test_00035,0.9999543413707961
test_00036,0.0046865008782245535
test_00037,1.8697093163218198e-07
test_00038,9.582831304203055e-05
test_00039,1.1907567441229068e-05
test_00040,0.0019157425708623567
test_00041,4.358302328396588e-06
test_00042,0.9993096740081634
test_00043,1.3700083702660987e-06
test_00044,0.00717749169731205
test_00045,0.9981365326374746
test_00046,9.395230094445473e-08
test_00047,0.9999990643019463
test_00048,0.9999453030458656
test_00049,0.9999938340683854
test_00050,0.9999995901431099
test_00051,4.468179571013625e-05
test_00052,1.783050038969199e-08
test_00053,0.9999941826168505
test_00054,0.00011666254402427032
test_00055,0.9999989865586564
test_00056,4.2102690715675966e-07
test_00057,0.999469741730152
test_00058,2.7550864648910496e-07
test_00059,9.454436631903769e-07
test_00060,0.9921563375533458
test_00061,1.543828732520287e-06
test_00062,0.0038100365207840033
test_00063,1.1917097145411448e-07
test_00064,1.1493040519788275e-07
test_00065,0.9999868765072867
test_00066,0.0458690070897047
test_00067,5.5455050901324175e-05
test_00068,5.4698636120216814e-08
test_00069,0.019873333645188788
test_00070,0.9991779301225783
test_00071,0.9999812575938822
test_00072,0.9980958261362818
test_00073,0.9999997945105292
test_00074,0.9999351518711852
test_00075,0.9999879941381651
test_00076,3.02963117601332e-07
test_00077,0.9999998953498738
test_00078,0.9999997875868616
test_00079,5.055827314620353e-05
test_00080,0.0007331667805155752
test_00081,0.9998201092893766
test_00082,0.9811262236079082
test_00083,2.0237088247946837e-07
test_00084,0.9999888222430688
test_00085,0.9985936715957656
test_00086,0.9998962167128967
test_00087,0.9999998763301041
test_00088,0.00021355137272195904
test_00089,0.9928557315809052
test_00090,4.677775141901744e-07
test_00091,3.585508685932175e-08
test_00092,0.9876785936541113
test_00093,8.250467268489125e-06
test_00094,0.9999713838574568
test_00095,0.9996622543030784
test_00096,0.00039994113161121017
test_00097,4.108749892254629e-05
test_00098,9.46262508031343e-08
test_00099,0.0011215272980061235
test_00100,0.00018676814020205396
test_00101,0.00015582544725404612
test_00102,1.3279173237116043e-05
test_00103,0.9999759320003537
test_00104,0.9999991016169223
test_00105,9.976652938646399e-08
test_00106,7.415083983644177e-07
test_00107,0.9515484247667125
test_00108,0.0014076932872001803
test_00109,6.977448595092972e-05
test_00110,0.9989091126302897
test_00111,0.0008269084952232943
test_00112,0.999999028510857
test_00113,5.788076717949376e-08
test_00114,0.9999938507395764
test_00115,0.008341374922755235
test_00116,0.0002959221439172422
test_00117,0.9999967111954227
test_00118,0.9999994125871199
test_00119,0.007402998068251094
test_00120,0.02020556487695466
test_00121,0.9999992971947019
test_00122,0.9941581711069373
test_00123,0.9999767904780636
test_00124,0.0024399055447176556
test_00125,0.026718303440646022
test_00126,2.0095181997347884e-07
test_00127,0.9999999425044195
test_00128,8.940936436453745e-08
test_00129,1.7515183116838758e-07
test_00130,0.9999961873281688
test_00131,3.025282409418661e-07
test_00132,0.9999996140713181
test_00133,0.999786292257947
test_00134,3.8520063444171694e-07
test_00135,0.9719310101138747
test_00136,1.3072959668037578e-06
test_00137,0.9999935182207882
test_00138,0.9999938222878426
test_00139,4.7176311536950314e-05
test_00140,0.9999998563324834
test_00141,1.817016651820121e-05
test_00142,0.9999837938587091
test_00143,0.9922023630741067
test_00144,0.016980724047681754
test_00145,0.004643305349802051
test_00146,4.50708057443796e-07
test_00147,0.9998344546794035
test_00148,0.9989817718571422
test_00149,0.9162803901731011
test_00150,6.299845521547301e-07
test_00151,0.9999722034717792
test_00152,2.5136225639322407e-05
test_00153,3.85654671769116e-05
test_00154,0.998603902582571
test_00155,0.9999997638671778
test_00156,0.9997640419715629
test_00157,1.8253872829539094e-07
test_00158,0.9999997556665627
test_00159,0.9999848761878961
test_00160,0.9972393717781307
test_00161,3.7439868149241066e-05
test_00162,0.061236272309554855
test_00163,0.9995990497010905
test_00164,6.452033243977009e-07
test_00165,0.9999997197904863
test_00166,0.8472826594876842
test_00167,0.010046277257409718
test_00168,6.723962063601314e-07
test_00169,4.140959635701682e-07
test_00170,0.9999990876739652
test_00171,0.9940397425110277
test_00172,0.9999958783853826
test_00173,1.9209511690490323e-06
test_00174,8.398459254069649e-08
test_00175,0.999999882800841
test_00176,0.9999995264395227
test_00177,1.0849288467845333e-05
test_00178,0.00033959925961183696
test_00179,0.9999997062164466
test_00180,8.716603558272292e-08
test_00181,0.9998801161170789
test_00182,0.9998002111711359
test_00183,0.9997005809456196
test_00184,0.9672560326895673
test_00185,0.9999998484355229
test_00186,1.7109832590658917e-06
test_00187,0.9994825411488701
test_00188,0.999999872615341
test_00189,0.9999999244721854
test_00190,2.194329762166345e-07
test_00191,0.9986121855207984
test_00192,4.674152227122301e-06
test_00193,0.9982530875292052
test_00194,1.0515187990830057e-07
test_00195,4.505139233507266e-06
test_00196,0.0007495561083976214
test_00197,0.9927131939827445
test_00198,0.041756880278140084
test_00199,0.9999677906824781
test_00200,0.9999998129572644
test_00201,0.9997350311543737
test_00202,0.9999996722225044
test_00203,0.9861289623647697
test_00204,0.999997526408992
test_00205,6.429037502965837e-06
test_00206,2.983331834908997e-07
test_00207,1.8345588828679084e-07
test_00208,0.0025577455516852233
test_00209,7.940328873348405e-05
test_00210,1.0807047401528313e-05
test_00211,0.9999999113043715
test_00212,0.9999995628431076
test_00213,0.999163695691302
test_00214,0.9999986406626606
test_00215,0.00011602624456460045
test_00216,6.932644725182331e-08
test_00217,2.5615339820130725e-05
test_00218,7.685097441384066e-05
test_00219,0.999463667531559
test_00220,0.9999998336414465
test_00221,0.9987214498721396
test_00222,0.01138046492340501
test_00223,0.9997018571737297
test_00224,0.974493645958417
test_00225,0.983200446603578
test_00226,3.1301285269980257e-07
test_00227,5.991305672227832e-06
test_00228,0.9984902680836647
test_00229,0.0002283426285175886
test_00230,1.3727105812016929e-05
test_00231,0.9999999591972059
test_00232,0.9998567422404044
test_00233,0.9999995098021308
test_00234,5.347924330443288e-07
test_00235,0.9999995407764705
test_00236,2.590988840614775e-08
test_00237,0.0001129066298857209
test_00238,0.9999998374312802
test_00239,4.927488589123414e-07
test_00240,6.321522754462713e-08
test_00241,0.00014951169349514956
test_00242,0.0006109201762218392
test_00243,0.9993240782123369
test_00244,0.9996226714326886
test_00245,0.998991314679336
test_00246,8.631948809766519e-06
test_00247,0.9999899477543576
test_00248,0.9999811588632974
test_00249,0.9999997940426342
test_00250,0.9998488105708779
test_00251,0.0008789533558415944
test_00252,0.0008793758017269823
test_00253,0.999999967197917
test_00254,0.000127335501235044
test_00255,1.872687474879709e-07
test_00256,0.0010747750044663603
test_00257,2.9212627782717925e-05
test_00258,0.5057314074377826
test_00259,4.920559765925483e-06
test_00260,0.00037655947812119633
test_00261,0.9966594335583885
test_00262,0.999999212116795
test_00263,0.19708435188501325
test_00264,0.999997841260743
test_00265,0.9989548676635334
test_00266,1.9944588865392894e-05
test_00267,0.00013123603578965294
test_00268,0.00022908703398648493
test_00269,0.9999996669983567
test_00270,0.9710156133403601
test_00271,0.8778251523566407
test_00272,0.9980338862990028
test_00273,0.00010682880928994515
test_00274,0.02691996050306073
test_00275,0.0009057300223771653
test_00276,6.74134193922789e-05
test_00277,0.9999993848835986
test_00278,2.7587259808918807e-07
test_00279,0.0005812922269097794
test_00280,0.9987638959948929
test_00281,0.9999984715247631
test_00282,0.9999125641638887
test_00283,9.74749508262503e-06
test_00284,4.8843695062930805e-06
test_00285,4.599188316399141e-07
test_00286,1.681174414166821e-05
test_00287,0.9999994212447413
test_00288,0.9999797293329996
test_00289,0.9999997316396864
test_00290,0.9990415391779859
test_00291,0.999999945989432
test_00292,0.9999998639770337
test_00293,2.8656421472939673e-07
test_00294,0.9999870654266475
test_00295,0.9999997628276199
test_00296,9.617425974234282e-05
test_00297,0.9593344683848581
test_00298,0.0005934008185460111
test_00299,0.9999991937046293
test_00300,3.287992177146122e-07
test_00301,0.9996795670227431
test_00302,0.0002246789361313898
test_00303,0.0011320066699968994
test_00304,1.5007062444536011e-05
test_00305,0.9979906727408809
test_00306,0.9999997935237623
test_00307,0.012565173822214365
test_00308,0.0002165403453357937
test_00309,0.9891388522198277
test_00310,0.9844578396476431
test_00311,0.9999990440084294
test_00312,2.1918369537241804e-07
test_00313,0.9999999445458183
test_00314,0.0008256832129583856
test_00315,0.9922278533344789
test_00316,0.9999849941994807
test_00317,4.012823854380831e-05
test_00318,0.9999838374909259
test_00319,0.999069152156748
test_00320,0.9999582521090478
test_00321,0.001536282049598876
test_00322,0.999999858215776
test_00323,0.9911602516414818
test_00324,0.0054071656170087985
test_00325,0.9997311392685767
test_00326,0.00017927937265357587
test_00327,0.00317522856234314
test_00328,0.8727522234119789
test_00329,0.9999989480209057
test_00330,0.9996806546199344
test_00331,0.9998238496279884
test_00332,0.9998923113818329
test_00333,0.999998383999942
test_00334,0.997939799050083
test_00335,0.005388896228344026
test_00336,6.101927582843825e-07
test_00337,0.9703717317568685
test_00338,0.012313875799384035
test_00339,0.9968722074070868
test_00340,0.075473269865369
test_00341,2.1623710339182874e-07
test_00342,0.9997271888924101
test_00343,0.9999423550858354
test_00344,0.9995129728903136
test_00345,0.999999395407553
test_00346,1.0487848402307261e-05
test_00347,4.845098927316761e-05
test_00348,0.9971570309252871
test_00349,1.8977379721256964e-07
test_00350,0.9838783610350547
test_00351,6.245627429556035e-06
test_00352,0.9962770716911802
test_00353,0.9999988546980291
test_00354,2.446415753460641e-05
test_00355,0.9930594705335287
test_00356,0.00011036315595143861
test_00357,1.015122832613888e-07
test_00358,0.9999991020510012
test_00359,0.999999908457429
test_00360,0.9999984516517775
test_00361,0.9999593164551708
test_00362,0.996996392756021
test_00363,0.9999999782935753
test_00364,0.9996974531273669
test_00365,0.9985059947076986
test_00366,0.9985457356732979
test_00367,6.321243728893108e-05
test_00368,3.7305365862823715e-08
test_00369,0.9999999372650249
test_00370,8.619128403753636e-08
test_00371,1.266302984734706e-07
test_00372,0.9999998232729851
test_00373,0.8024096931240602
test_00374,0.9999997949060836
test_00375,0.9999971428876563
test_00376,5.272405340435263e-07
test_00377,2.0912614540159234e-07
test_00378,0.999204073580729
test_00379,6.802455394484207e-06
test_00380,5.050698470159655e-07
test_00381,0.9998994980563314
test_00382,0.026380133339856615
test_00383,7.462541639998764e-06
test_00384,0.999890719634663
test_00385,4.085820389476531e-05
test_00386,0.9997144873140467
test_00387,0.999838054841474
test_00388,0.0029550960353966825
test_00389,0.9999891856774327
test_00390,0.9983055656599755
test_00391,3.409826158344393e-05
test_00392,0.8907089413368148
test_00393,0.9908793547760691
test_00394,0.0027473520723626504
test_00395,0.020422966359376953
test_00396,6.062797383711891e-05
test_00397,0.9999997772067047
test_00398,0.0001091963709495042
test_00399,0.979093557429323
test_00400,0.9999999552903849
test_00401,0.9791591966248839
test_00402,0.9999997820293873
test_00403,9.69082330412214e-05
test_00404,5.9536123729688756e-08
test_00405,0.999992319417668
test_00406,0.9915735892754826
test_00407,0.0004340452881455272
test_00408,0.9999994478142384
test_00409,0.9997834410694716
test_00410,9.40684944561311e-08
test_00411,1.8358419191972867e-07
test_00412,5.425157873189128e-07
test_00413,0.03101622356344749
test_00414,0.03730912295575382
test_00415,0.9998374523845796
test_00416,1.388205091736382e-07
test_00417,3.253782626293802e-07
test_00418,0.9999748825447696
test_00419,0.9998541409537176
test_00420,8.666293716087168e-08
test_00421,0.9999994605746806
test_00422,0.999999854307512
test_00423,1.7069538665187307e-05
test_00424,1.900486651042516e-07
test_00425,1.4963720791662585e-07
test_00426,0.9911078293319265
test_00427,4.4819293658659785e-07
test_00428,1.2463279562412973e-06
test_00429,0.9999988919576087
test_00430,0.99999993349894
test_00431,0.999999875910688
test_00432,0.9999856150319806
test_00433,0.0005042146951560859
test_00434,6.072441650179528e-07
test_00435,2.0959177487788344e-07
test_00436,0.9999725702465464
test_00437,0.021118407968599155
test_00438,0.9999792915092816
test_00439,0.9999967845025517
test_00440,0.038924758950962916
test_00441,1.7059759296348652e-08
test_00442,0.9991271993339078
test_00443,0.9990416068907954
test_00444,0.9999998999788888
test_00445,7.450610193723901e-05
test_00446,1.4078057076636323e-05
test_00447,7.07942220296956e-05
test_00448,0.9999998767464248
test_00449,7.015586087909292e-08
test_00450,3.017449782437278e-05
test_00451,0.9981959630944587
test_00452,0.9999442613134745
test_00453,3.516820591214218e-06
test_00454,0.9990061021293676
test_00455,0.9999365517659973
test_00456,0.975373726162198
test_00457,0.0005782961439314145
test_00458,0.999999322636805
test_00459,0.9993860971827263
test_00460,0.02307276340605796
test_00461,0.9999839454309281
test_00462,0.004085160509005646
test_00463,0.9999948695442532
test_00464,2.8674937334078844e-05
test_00465,0.0012765758600762067
test_00466,0.9996470819841519
test_00467,0.2770063039545192
test_00468,0.9999616287803369
test_00469,6.66323258648523e-07
test_00470,0.031182666698928645
test_00471,0.0028202490641997314
test_00472,6.542496114324796e-05
test_00473,4.904560304951396e-06
test_00474,2.602873386566079e-07
test_00475,0.0001280961267457534
test_00476,0.9799802210194346
test_00477,3.971163141237321e-06
test_00478,0.0001930896601959388
test_00479,0.9999921288937387
test_00480,0.9999989762019147
test_00481,0.00034699865232167546
test_00482,0.0008370534722805664
test_00483,0.9999998017163725
test_00484,4.0396142994658396e-07
test_00485,0.021170307568357267
test_00486,1.2527902852955027e-07
test_00487,0.9889974223467303
test_00488,4.581087161516822e-07
test_00489,0.9999997772967845
test_00490,0.9999642161877749
test_00491,0.08291907430436285
test_00492,0.998732275940691
test_00493,0.9999999585590528
test_00494,0.9999976240480019
test_00495,0.9999710953568091
test_00496,0.04421738713961
test_00497,0.9998435880729095
test_00498,1.1748408027005243e-05
test_00499,1.195750855021003e-07
test_00500,0.9999997900649779
test_00501,1.9208916494402614e-07
test_00502,0.9999656545120319
test_00503,0.0004678593347222058
test_00504,0.9999998606030581
test_00505,0.9975488168403478
test_00506,0.9999994180980969
test_00507,1.585977535583239e-07
test_00508,0.9622720180851086
test_00509,0.03178976997361266
test_00510,0.99840695661942
test_00511,0.9841618052443272
test_00512,0.9999946665103104
test_00513,0.999565863264252
test_00514,4.6079204403048714e-08
test_00515,0.0006690374934551404
test_00516,1.2095168988671175e-06
test_00517,3.2429272733496497e-05
test_00518,1.961465668355568e-07
test_00519,0.9999995871975994
test_00520,1.0379196707251881e-07
test_00521,0.999999914803006
test_00522,0.991996884898334
test_00523,0.0012821797580635046
test_00524,0.9995136959296357
test_00525,0.9996617134637938
test_00526,1.933511547853489e-06
test_00527,0.0004305373208748712
test_00528,3.050197053807376e-07
test_00529,0.9997657712288727
test_00530,6.097371758982239e-07
test_00531,0.9849545091601773
test_00532,5.2856130675221413e-05
test_00533,0.00011508373768971928
test_00534,0.9994923685026976
test_00535,0.0002558550949161761
test_00536,3.694375087922126e-05
test_00537,5.990057106545546e-07
test_00538,0.999999538717056
test_00539,0.015783782017927156
test_00540,0.999997734508809
test_00541,0.0005674614894910567
test_00542,1.0867150171615854e-06
test_00543,0.9999999333111809
test_00544,0.9940010068685388
test_00545,6.607676220851066e-06
test_00546,2.6184658776703544e-07
test_00547,0.9997729917047995
test_00548,5.58120221110436e-07
test_00549,0.960815895797087
test_00550,1.1609439959190546e-07
test_00551,4.0081340024004315e-07
test_00552,0.003939260222528279
test_00553,0.996203920899256
test_00554,0.9637914685453923
test_00555,0.10772733446795923
test_00556,0.9999987474701123
test_00557,0.9999997645820201
test_00558,0.00023669145985936633
test_00559,0.00014894760853423052
test_00560,0.9999956956405676
test_00561,5.89723963848902e-06
test_00562,0.804700159601662
test_00563,0.0019778218875473844
test_00564,0.9999097550167907
test_00565,0.9998917281882023
test_00566,0.00012049890434368832
test_00567,0.998659080294073
test_00568,1.8188459642214704e-07
test_00569,0.004685232305943857
test_00570,0.04050394657353832
test_00571,0.03823815899619059
test_00572,0.003124194682632856
test_00573,2.385892920516042e-06
test_00574,1.2118670976491565e-05
test_00575,0.02565892805951768
test_00576,0.9992733707840774
test_00577,0.5313308005213974
test_00578,3.909197777264607e-08
test_00579,0.9999674061676532
test_00580,0.9999753162457566
test_00581,0.9999774197094462
test_00582,0.0062827163834838625
test_00583,0.9998606561891428
test_00584,1.2649794487809239e-06
test_00585,2.1526913343606344e-07
test_00586,0.9999999759148784
test_00587,0.9999999741116812
test_00588,0.014499107276101717
test_00589,4.5478412810561627e-07
test_00590,6.2139946411392646e-06
test_00591,2.7720459151734374e-07
test_00592,3.4020343720848405e-07
test_00593,0.9999990918726269
test_00594,0.9958145030864096
test_00595,0.004357984087465842
test_00596,0.0002567157487603575
test_00597,0.0002200361220081817
test_00598,0.999999754713059
test_00599,1.9434290621542995e-07
test_00600,0.0402326418585154
test_00601,0.9998652534077047
test_00602,0.9984697230420654
test_00603,9.074509126919095e-07
test_00604,0.9988997470108388
test_00605,0.9648503641631248
test_00606,0.9999586500332562
test_00607,3.331769749615448e-06
test_00608,2.749512686298387e-06
test_00609,8.789394257235617e-08
test_00610,0.9987072740138082
test_00611,4.660390641891024e-05
test_00612,0.9911396824034971
test_00613,0.003212309820714058
test_00614,0.9999446594345879
test_00615,0.9999999294086411
test_00616,5.1941467303811826e-05
test_00617,0.9999998863322781
test_00618,0.0009504050887368886
test_00619,0.9996062350867322
test_00620,0.9984302141630567
test_00621,0.03745972103935102
test_00622,0.9999999531585178
test_00623,0.9989888213758241
test_00624,2.9311206642244153e-05
test_00625,0.00021340658910094071
test_00626,0.9996802178649337
test_00627,0.0007255884602698721
test_00628,8.598757156178044e-08
test_00629,0.09315809863652998
test_00630,0.999999893041276
test_00631,0.9995266613399071
test_00632,0.9958735121179777
test_00633,0.9999985598799601
test_00634,0.9999857199696567
test_00635,9.364664983948124e-08
test_00636,0.9888847009282624
test_00637,0.00023314292099026944
test_00638,9.371163615270698e-05
test_00639,0.9995362520889612
test_00640,1.003844261198613e-07
test_00641,0.9999675089061946
test_00642,0.9554979476094484
test_00643,1.403892915223925e-07
test_00644,0.9998706318216144
test_00645,0.9998589115897298
test_00646,3.648470472043761e-07
test_00647,0.0003180900286544634
test_00648,0.9999962592575042
test_00649,0.9999652587369064
test_00650,6.544854841983331e-05
test_00651,0.0007703591348878403
test_00652,1.867785630541809e-06
test_00653,0.9999995924432179
test_00654,0.9966202902229369
test_00655,0.9987843194897627
test_00656,4.6958964968734217e-08
test_00657,0.003948411997162287
test_00658,0.9996595592570497
test_00659,0.0002475198643334002
test_00660,0.00030696430959212294
test_00661,4.1520859028582653e-08
test_00662,0.00013609519277211048
test_00663,0.0004618812911987988
test_00664,7.724885632424964e-05
test_00665,1.758723404885081e-07
test_00666,0.9994902523609525
test_00667,0.26864346805780126
test_00668,9.4324607732307e-05
test_00669,0.0018892910271203864
test_00670,0.9997104372699195
test_00671,0.9999913821524864
test_00672,0.9999998630941779
test_00673,0.9999485490025252
test_00674,0.999998763593782
test_00675,0.9999996452088471
test_00676,5.9439271383274815e-06
test_00677,0.00015377302204493704
test_00678,0.9999846477804847
test_00679,0.00033710653837311784
test_00680,8.38047665315472e-06
test_00681,0.9999995213309432
test_00682,0.9991157799396908
test_00683,0.9995623078822597
test_00684,0.9994342266601791
test_00685,0.9999994782306736
test_00686,0.9998174190485731
test_00687,2.3366744968220398e-06
test_00688,1.3220619512693949e-07
test_00689,0.9999999482790292
test_00690,0.008010641511573617
test_00691,0.9999997301403616
test_00692,0.9999980605832043
test_00693,0.9997899314741122
test_00694,5.727443089808174e-08
test_00695,0.0007328993979170866
test_00696,6.563675274239823e-06
test_00697,0.999999898182197
test_00698,5.368927314382024e-06
test_00699,0.001464599702524849
test_00700,0.9999735284847955
test_00701,0.9999989689067987
test_00702,0.9941661419539289
test_00703,0.002152256716580873
test_00704,8.995854477933366e-06
test_00705,0.986654040150437
test_00706,0.0003950625594798059
test_00707,0.9999994870205073
test_00708,7.550132643952196e-05
test_00709,0.653366522294365
test_00710,1.3241293273850833e-05
test_00711,0.9992007194893082
test_00712,0.9999963481536123
test_00713,0.001795047815619623
test_00714,5.4081370557835535e-05
test_00715,0.9999974758521686
test_00716,0.9962995006791286
test_00717,0.9999019556884222
test_00718,0.006402381569130358
test_00719,1.1989541909257044e-07
test_00720,0.9999998994634608
test_00721,0.00020386002154526727
test_00722,7.277045336596218e-08
test_00723,0.9999998714004364
test_00724,0.9940692680146328
test_00725,0.999995561032856
test_00726,2.456563914784617e-07
test_00727,1.654776596193943e-07
test_00728,0.9999250908067935
test_00729,0.9999451321332831
test_00730,0.9995947989619439
test_00731,0.024391356544281678
test_00732,2.22964386266325e-07
test_00733,5.943146394401298e-06
test_00734,0.9999991556507833
test_00735,1.4464836748155323e-06
test_00736,0.9998988040375157
test_00737,0.9965311566871967
test_00738,5.137302423729118e-07
test_00739,0.9997079411166386
test_00740,2.782058682968824e-05
test_00741,0.9999999419363848
test_00742,0.9999994235032792
test_00743,0.9750530495974149
test_00744,5.430777178780585e-05
test_00745,0.9543304794506159
test_00746,6.395923277083081e-07
test_00747,0.000226044214085387
test_00748,0.9999996067656644
test_00749,2.2066484122148643e-06
test_00750,0.005901689139192948
test_00751,0.9999991431511784
test_00752,7.174219509748684e-05
test_00753,6.641453556807368e-08
test_00754,0.0001313204502213767
test_00755,0.999872928957747
test_00756,3.3155423493290224e-05
test_00757,1.4307977730696534e-07
test_00758,1.0356694750535881e-05
test_00759,4.90819479432494e-07
test_00760,0.9999995942690133
test_00761,0.9840401372150663
test_00762,5.3435881371875505e-06
test_00763,0.9999816624717145
test_00764,7.439195109671344e-07
test_00765,0.9999970295485578
test_00766,0.0003275055335002806
test_00767,0.999921499591588
test_00768,9.515417726011356e-08
test_00769,2.0364253436626909e-07
test_00770,0.9999998099941828
test_00771,1.5897332625113204e-05
test_00772,8.057771268089696e-08
test_00773,0.9999997083878842
test_00774,0.9999942300884643
test_00775,0.9999999625152877
test_00776,0.9999404279263976
test_00777,1.2661575599806098e-06
test_00778,6.823041556925398e-07
test_00779,8.659022983302385e-07
test_00780,0.999998884589796
test_00781,1.4031805317011892e-07
test_00782,0.0007456670375220691
test_00783,0.46078721527929833
test_00784,0.9999917310706432
test_00785,0.9999999220283043
test_00786,0.9999999731411937
test_00787,0.0009118553678840073
test_00788,0.9999988869401127
test_00789,0.9997070388660567
test_00790,0.9997132360145591
test_00791,0.9967616336211805
test_00792,0.9993690873869959
test_00793,1.4197484677880574e-07
test_00794,0.9997692873139701
test_00795,5.465378095747057e-05
test_00796,2.9681784566045306e-05
test_00797,7.549298909334099e-05
test_00798,0.9999708833421888
test_00799,0.9999989368752134
test_00800,4.0256859652223983e-07
test_00801,3.5587465743363516e-07
test_00802,3.1789322653806656e-07
test_00803,7.309717247356108e-07
test_00804,0.006416287448548296
test_00805,0.004697153471206182
test_00806,0.9999393925664405
test_00807,0.9999999148003581
test_00808,0.0010712761145043675
test_00809,0.04215646809814487
test_00810,0.9999960807891649
test_00811,0.9999996328261815
test_00812,0.9951102188887521
test_00813,3.318729331623938e-07
test_00814,0.9997803265319004
test_00815,0.0012948369002474753
test_00816,3.302571312495918e-07
test_00817,1.105566623308514e-06
test_00818,9.85669157807441e-06
test_00819,0.9959461256912233
test_00820,0.006326223715439543
test_00821,4.6997393819056485e-08
test_00822,0.9996385118648173
test_00823,0.0015476529016550222
test_00824,1.8493633682743794e-05
test_00825,0.9999998239939764
test_00826,0.9999054315466063
test_00827,0.9999982247083115
test_00828,0.9999992057203413
test_00829,0.9999297808035497
test_00830,0.9999995303544421
test_00831,0.9999998688998605
test_00832,8.112923060028834e-05
test_00833,0.0028060510747416416
test_00834,0.00012627018186553318
test_00835,0.0028257643402226067
test_00836,0.9999970020817689
test_00837,0.9999994326218931
test_00838,8.82373341986313e-08
test_00839,4.925416161201215e-08
test_00840,1.2640736184383433e-07
test_00841,0.03869150182083441
test_00842,0.9999998350052558
test_00843,0.9999547750078511
test_00844,4.250477028183141e-06
test_00845,5.76442708024756e-05
test_00846,0.9999979918198332
test_00847,0.04616544765079117
test_00848,3.234029716807883e-08
test_00849,0.010292824357747523
test_00850,2.289397902356251e-06
test_00851,0.9999240718385974
test_00852,0.9999981700970505
test_00853,0.9994848571404652
test_00854,0.9986688539249116
test_00855,0.008539139796709753
test_00856,0.9999977507643905
test_00857,0.0003043027096544984
test_00858,0.0007225481723738265
test_00859,0.9999996680503479
test_00860,0.0006062393773270384
test_00861,0.9993084077543466
test_00862,9.471326510583856e-08
test_00863,0.9999999216761338
test_00864,0.0027753346007678287
test_00865,4.826777014861641e-05
test_00866,0.020784523524701098
test_00867,2.419136297746577e-06
test_00868,0.9999923169676441
test_00869,0.2538910530808166
test_00870,0.03115055689848278
test_00871,9.728288510986723e-08
test_00872,1.4594399196518853e-07
test_00873,0.9999978185567516
test_00874,3.132442821802633e-08
test_00875,0.9979878371306347
test_00876,3.617911478184348e-06
test_00877,0.00023741680438610162
test_00878,4.582169457378858e-06
test_00879,0.999909691440123
test_00880,2.852559010562542e-06
test_00881,0.9999997995521239
test_00882,0.9999857998115864
test_00883,0.9725880659051741
test_00884,0.9980250690651058
test_00885,0.999841030646691
test_00886,4.687736673497046e-06
test_00887,7.026420626964238e-07
test_00888,0.0007010051905865998
test_00889,0.9999996934512814
test_00890,0.9958053785287065
test_00891,0.9999265053634944
test_00892,4.7321037925912044e-07
test_00893,0.9996107025914496
test_00894,0.9995210214485911
test_00895,0.9997900794345453
test_00896,0.999997788752885
test_00897,0.9967665508322106
test_00898,0.9999982960005692
test_00899,0.0003206270266253385
test_00900,0.00048128912928791184
test_00901,0.9999000089373941
test_00902,0.10963857118551704
test_00903,0.9996759441146723
test_00904,0.9999999641026274
test_00905,3.178747509583001e-05
test_00906,0.011661384517325072
test_00907,0.9898499998228002
test_00908,5.392150744859421e-07
test_00909,0.9784650465842287
test_00910,6.494754936134825e-08
test_00911,0.9733330228223561
test_00912,0.9999957840930519
test_00913,0.0011311861910702232
test_00914,1.3769429674903264e-07
test_00915,0.9970117422585749
test_00916,1.40572020229193e-07
test_00917,0.9992408159774177
test_00918,1.0330682707603753e-07
test_00919,4.843633131367646e-07
test_00920,3.144949189967731e-08
test_00921,6.64917023783492e-08
test_00922,0.9937695369007219
test_00923,1.2779411804319306e-07
test_00924,0.9973057051816833
test_00925,0.9999997523416553
test_00926,0.9950779892276898
test_00927,0.0003247400721490998
test_00928,0.9999752766459303
test_00929,0.8931935864137366
test_00930,1.7252299262207985e-05
test_00931,0.9998634165637313
test_00932,7.101433011182023e-08
test_00933,0.9999994121918385
test_00934,0.999991230068002
test_00935,2.0374736414241027e-07
test_00936,0.999997793916068
test_00937,0.9998563411227462
test_00938,3.718674140499207e-07
test_00939,0.9999998988716501
test_00940,0.9999999147915063
test_00941,0.9999998466715629
test_00942,0.9999999806437142
test_00943,1.2173617193581034e-06
test_00944,1.0453741906473123e-06
test_00945,0.9938973203208897
test_00946,0.9999994739687645
test_00947,8.046255701764711e-05
test_00948,1.2549523393319125e-06
test_00949,1.2346803661965935e-05
test_00950,0.00022365741421708288
test_00951,0.9939560558849961
test_00952,0.9999878649859731
test_00953,0.9999979452081316
test_00954,0.48733773682519854
test_00955,0.9999320154321658
test_00956,0.9991754322143298
test_00957,3.1060081207541265e-05
test_00958,0.00010916308719439635
test_00959,0.9951616602936872
test_00960,1.07074470621222e-07
test_00961,0.9964742192237912
test_00962,1.499859371730047e-07
test_00963,0.999999947536914
test_00964,0.9999448291277286
test_00965,0.9999981465866309
test_00966,0.9859216444058874
test_00967,0.0007074272302818103
test_00968,8.865504648312995e-06
test_00969,0.9999981973653681
test_00970,0.9999993945374714
test_00971,0.9999993100800056
test_00972,0.40428621603604653
test_00973,0.006858624550560024
test_00974,4.069252012426254e-06
test_00975,0.9999991791338284
test_00976,0.9999823964669748
test_00977,0.9959963804987177
test_00978,1.1448954688077234e-05
test_00979,0.002831254719899332
test_00980,0.9999173213727468
test_00981,0.9991976286258304
test_00982,0.004823466037498043
test_00983,6.228516047107065e-07
test_00984,6.135232648442147e-07
test_00985,0.99999861988161
test_00986,0.0005688284112539239
test_00987,9.794690830533155e-08
test_00988,0.048909265839259974
test_00989,0.9999997476483302
test_00990,4.868827664940386e-07
test_00991,0.9963054862979638
test_00992,0.00031233473245375373
test_00993,2.9855176152481904e-07
test_00994,2.035192306037529e-06
test_00995,4.032159638193331e-06
test_00996,0.9999999080376438
test_00997,0.9999997764413151
test_00998,0.0008850636788140485
test_00999,0.00019700113845586887
test_01000,1.6550995814804133e-06
test_01001,0.9999998287260539
test_01002,4.090918712104596e-06
test_01003,0.9900224383445265
test_01004,0.0038790687509505364
test_01005,0.000554088831218913
test_01006,0.0008819847909441959
test_01007,6.335169246583275e-07
test_01008,0.995488048339038
test_01009,0.9999985182803425
test_01010,0.999612622407639
test_01011,0.9999962556614039
test_01012,0.0007693665936634815
test_01013,0.0008868664071929927
test_01014,0.00018077836896986728
test_01015,0.9999994238112411
test_01016,0.9999916071920306
test_01017,7.923382607866286e-06
test_01018,0.9999891395543938
test_01019,0.9999972247477411
test_01020,0.9520115477968785
test_01021,0.9999999021524699
test_01022,1.0284992386990516e-05
test_01023,0.9999995250965102
test_01024,5.59474353150719e-06
test_01025,0.004625898310814743
test_01026,0.9999983737501698
test_01027,2.4119197738628676e-06
test_01028,9.820451533966188e-08
test_01029,0.9999995871943991
test_01030,0.9999996391827787
test_01031,0.0004751164015581997
test_01032,0.0008022726514902809
test_01033,0.9993755718113013
test_01034,0.7298148636111184
test_01035,0.011376952682913331
test_01036,0.9999997453663301
test_01037,0.9977266623573388
test_01038,0.9999997208808791
test_01039,0.9995885222487513
test_01040,0.999968753423285
test_01041,0.9653297560383289
test_01042,0.9999993749055809
test_01043,0.09868197987608916
test_01044,0.9999999672869413
test_01045,0.9999976624107676
test_01046,4.067237516499547e-07
test_01047,0.9999998946739947
test_01048,0.9999997411341199
test_01049,3.245038120712468e-05
test_01050,4.142036438938818e-06
test_01051,0.9801276735508763
test_01052,0.996906521224942
test_01053,0.001951498303283066
test_01054,0.10836578102052236
test_01055,1.377233517943506e-05
test_01056,5.711279490314267e-07
test_01057,3.1684162858034235e-07
test_01058,0.9993662176070365
test_01059,0.775523860568688
test_01060,0.9921649204115074
test_01061,0.9987521545425371
test_01062,0.07064280461582727
test_01063,2.4484337013537753e-07
test_01064,2.5250027384665e-07
test_01065,0.0015581485855734815
test_01066,0.9998952289426108
test_01067,7.377611788490855e-06
test_01068,0.9998145816976747
test_01069,1.423954571343864e-07
test_01070,0.9999998023708057
test_01071,0.999999853061242
test_01072,0.9983040320704983
test_01073,0.9996035633212246
test_01074,0.9988722567453487
test_01075,1.8501699253581302e-07
test_01076,0.0433355948027916
test_01077,0.999888758777426
test_01078,0.0009243839268077075
test_01079,0.999999272325791
test_01080,0.9999942744114273
test_01081,0.9999997207501088
test_01082,0.9999776114993333
test_01083,0.9999998963707436
test_01084,8.61063414154912e-05
test_01085,0.9996836000800413
test_01086,0.9917606563251767
test_01087,1.9407054265517e-06
test_01088,0.02101815809136055
test_01089,0.9999968924857863
test_01090,0.999935354192664
test_01091,0.9999997639110161
test_01092,0.14686837642443282
test_01093,0.00019957894855614347
test_01094,0.00013285058602216255
test_01095,0.9999998987323087
test_01096,0.0008823891370250724
test_01097,0.9997220586067863
test_01098,0.9999998589821092
test_01099,0.015981328562157573
test_01100,4.4871643727874526e-07
test_01101,4.0112147977094133e-07
test_01102,0.9998237304728373
test_01103,3.292522470882725e-06
test_01104,0.00020833582380899547
test_01105,0.9990915442162301
test_01106,0.0004864466171153481
test_01107,0.9999996149574645
test_01108,0.9863036427256331
test_01109,0.00034943186425371925
test_01110,0.9976566975247675
test_01111,0.00012573113061378413
test_01112,5.297779807435705e-07
test_01113,0.9983663315766266
test_01114,1.9020018110816316e-07
test_01115,0.002051950108046682
test_01116,0.999963067428992
test_01117,0.997826571482307
test_01118,4.2775622678578504e-07
test_01119,3.256317805849192e-06
test_01120,5.195551394975705e-07
test_01121,0.9999992774079395
test_01122,1.6039206923799107e-06
test_01123,0.992034630366741
test_01124,0.0021211602038341093
test_01125,0.9991600535772281
test_01126,0.9999999293799088
test_01127,2.9456025704977148e-08
test_01128,0.9957614616695861
test_01129,0.09104255724006831
test_01130,0.9998940708477448
test_01131,0.0012944056335053452
test_01132,5.890964887433824e-07
test_01133,0.0009163076953444378
test_01134,1.1086832607382621e-05
test_01135,0.9999945427126558
test_01136,0.02504027215559056
test_01137,0.9999999341812266
test_01138,0.9978357527472269
test_01139,2.347883258910213e-07
test_01140,3.0564724402635334e-06
test_01141,0.9999996135131631
test_01142,0.9999347884508836
test_01143,0.9997520190146143
test_01144,0.9995783140261091
test_01145,0.45767002763999526
test_01146,0.9999995879340936
test_01147,0.018279177438259686
test_01148,0.9992222523712746
test_01149,0.01997860070960586
test_01150,0.9966725568179922
test_01151,3.206447722397141e-06
test_01152,3.9647704051521374e-07
test_01153,0.9998515931580015
test_01154,0.9999969611467994
test_01155,0.02897865496890294
test_01156,6.456567271306864e-05
test_01157,2.2657326426194643e-07
test_01158,0.00010819900719739155
test_01159,4.926054601350645e-05
test_01160,0.001662610650711386
test_01161,0.0006060152673087326
test_01162,9.503837029979969e-08
test_01163,0.9999781980856067
test_01164,2.1460008889030082e-07
test_01165,7.78769498430612e-07
test_01166,0.9998585310880658
test_01167,0.99990051001269
test_01168,0.9876160687999581
test_01169,0.0009699379850466332
test_01170,0.00014257253650953945
test_01171,0.9999899007451003
test_01172,0.9999998956917828
test_01173,0.00488434296415852
test_01174,0.9999974453898365
test_01175,3.5565682752563696e-07
test_01176,0.0004030856510670531
test_01177,0.9999994078157052
test_01178,0.9999975213318356
test_01179,2.834453716463626e-05
test_01180,8.659315850414642e-08
test_01181,9.85259055720972e-07
test_01182,0.9999344347261175
test_01183,0.9999994399198321
test_01184,0.9999645793090092
test_01185,9.832015188080853e-05
test_01186,0.00022974995157119552
test_01187,0.00011112677436256672
test_01188,2.4654714427297337e-08
test_01189,3.046042474956631e-05
test_01190,5.2596576416493285e-06
test_01191,0.10286199934886651
test_01192,0.9999941036869319
test_01193,7.134328661821982e-08
test_01194,0.9999953747446999
test_01195,0.9999971616997743
test_01196,0.9662608861170208
test_01197,0.9999989020027781
test_01198,0.01905680680583873
test_01199,7.08602195009926e-08
test_01200,0.9991634478253765
test_01201,0.00017335795574863403
test_01202,0.9999999139842591
test_01203,0.9999690081216581
test_01204,2.4827643104734233e-07
test_01205,5.3303442764637916e-08
test_01206,0.9997827224085615
test_01207,1.2039114139876846e-07
test_01208,0.9701362438458815
test_01209,0.004731086717158113
test_01210,0.9999999555041714
test_01211,0.9999981018760051
test_01212,1.3039700476934373e-05
test_01213,0.9998910871089537
test_01214,0.9838912549497262
test_01215,7.2905519129072885e-06
test_01216,0.9993532987539943
test_01217,4.496646377084218e-05
test_01218,0.00020255553141631
test_01219,0.0002589615615709766
test_01220,0.9999765135268301
test_01221,0.9997305788788323
test_01222,0.0030358988850178164
test_01223,0.999793458666864
test_01224,0.9999366739050243
test_01225,0.9999951121823767
test_01226,4.496837962140785e-07
test_01227,0.999997983760069
test_01228,5.534085748820494e-06
test_01229,0.9999986424128645
test_01230,0.9999995131994253
test_01231,0.9999544637103139
test_01232,0.00024323884716652953
test_01233,0.9999999020988095
test_01234,0.0007110117806574847
test_01235,0.9995201865628123
test_01236,0.9999996445511821
test_01237,0.00975805158987553
test_01238,8.848904628587882e-07
test_01239,0.9999746545721415
test_01240,0.9999999873390729
test_01241,0.9999999350359596
test_01242,0.0009707828891130207
test_01243,5.561024352885541e-07
test_01244,0.000463993654277366
test_01245,0.9993980327898416
test_01246,0.9999068823474955
test_01247,0.999999220315108
test_01248,0.0029452514306452355
test_01249,0.9999999483123931
test_01250,0.9641998995101779
test_01251,0.9860641324419424
test_01252,0.02049340376873947
test_01253,0.005150026082234524
test_01254,0.999999408497905
test_01255,0.999999847086002
test_01256,0.9997110490516357
test_01257,0.12793830977863582
test_01258,0.0010907859262037237
test_01259,0.0011106905956057569
test_01260,1.6294318573598475e-07
test_01261,0.999998513746791
test_01262,0.9778654000381193
test_01263,0.9861953537233663
test_01264,0.00010327292918344386
test_01265,0.9999986750880757
test_01266,7.667011566238833e-05
test_01267,0.002889013833370464
test_01268,5.991747903503868e-05
test_01269,0.9999931242539761
test_01270,0.9994265120798851
test_01271,2.875255137610623e-08
test_01272,1.2695692501640053e-07
test_01273,1.3177830585930504e-06
test_01274,9.135366993105713e-07
test_01275,0.9999999535395082
test_01276,7.84734286059873e-05
test_01277,0.0004538086505541464
test_01278,0.8854859334472618
test_01279,2.5728167849741408e-05
test_01280,0.9998232382909321
test_01281,0.9996857026220086
test_01282,0.9999682929787461
test_01283,0.9999847141810788
test_01284,0.0024100169294222805
test_01285,0.0004450956425636893
test_01286,0.9999996564512147
test_01287,0.9997592878970801
test_01288,0.0024108882187885944
test_01289,0.9999335448749509
test_01290,0.9999953195466644
test_01291,1.1256552439025386e-07
test_01292,0.9860567593589061
test_01293,0.0009521459747635676
test_01294,0.9999997952188806
test_01295,0.9989186261502877
test_01296,0.999261740035737
test_01297,0.9998065186158269
test_01298,0.007458503581462968
test_01299,0.9997613214466835
test_01300,1.0856705175074386e-07
test_01301,0.999999328975659
test_01302,0.9999750919976488
test_01303,1.84531081856383e-06
test_01304,2.433957775849285e-05
test_01305,3.1962079918129124e-07
test_01306,9.38055320625929e-07
test_01307,0.9999998023740408
test_01308,0.9999457061316174
test_01309,4.778442783814329e-05
test_01310,0.9998008569759697
test_01311,0.000357038958649559
test_01312,0.9999995786920955
test_01313,0.0015134259556086288
test_01314,0.9999996278441675
test_01315,0.0004784852510474961
test_01316,0.9225866800964897
test_01317,0.9899988677626194
test_01318,0.0011675601986822313
test_01319,0.0004954477535067777
test_01320,0.0037639704865367095
test_01321,0.0007963384910721671
test_01322,0.9999699300215591
test_01323,0.002079413020718084
test_01324,0.0002385962091430172
test_01325,0.9999995368431456
test_01326,7.888239781732716e-05
test_01327,0.997372500235204
test_01328,0.9999997899380731
test_01329,0.9999999381495817
test_01330,0.9999998064502712
test_01331,1.1281785645066529e-07
test_01332,0.9999996104177079
test_01333,0.999372405998907
test_01334,2.0280728888220206e-05
test_01335,0.9999999030413084
test_01336,0.9875954824871506
test_01337,0.9999779497659365
test_01338,0.9999668281975501
test_01339,0.9958564958095948
test_01340,1.0446875061865103e-05
test_01341,0.9999995305114281
test_01342,0.9999987600119856
test_01343,0.999985087395617
test_01344,0.9997966712204533
test_01345,0.9936539265460165
test_01346,0.0001420600736586887
test_01347,0.9999999083308926
test_01348,0.0013014193058905176
test_01349,0.00015773208348062034
test_01350,0.999806183324793
test_01351,0.9999921097481334
test_01352,0.9999998644795144
test_01353,4.555814526853853e-06
test_01354,0.999162413016371
test_01355,0.9857718774933113
test_01356,0.0033567909705185376
test_01357,0.0012239844176897652
test_01358,0.9999985972330954
test_01359,0.9640563390215063
test_01360,5.990187994359672e-05
test_01361,0.9999998902030421
test_01362,6.815124948663986e-05
test_01363,0.9999999856969044
test_01364,0.9889942039025945
test_01365,0.031074127812682418
test_01366,1.65094724335782e-05
test_01367,0.9999991362291718
test_01368,4.663520669172289e-06
test_01369,0.0004572345991875147
test_01370,2.3644288344609968e-05
test_01371,0.001689292236573035
test_01372,0.021055265373426897
test_01373,0.999969851212899
test_01374,0.9999981250872804
test_01375,1.0323769958875526e-07
test_01376,1.6877695852276265e-07
test_01377,3.245573995908854e-08
test_01378,2.917403603900304e-07
test_01379,2.5638824012879964e-05
test_01380,0.00025694086967022943
test_01381,7.478640906436106e-06
test_01382,0.9999996286169208
test_01383,0.9999998078406923
test_01384,0.9999999781043405
test_01385,0.9999974345997972
test_01386,9.318114943710601e-07
test_01387,0.00018360462491311534
test_01388,0.00022926125161113492
test_01389,4.713862964648922e-07
test_01390,0.00010728214393103061
test_01391,0.00031110670034471615
test_01392,0.9999989242154796
test_01393,0.9996708303458179
test_01394,0.001944847982885607
test_01395,0.9999698666918588
test_01396,0.9999994317764385
test_01397,0.9999105776425367
test_01398,2.5053961799374226e-05
test_01399,0.0003694078794809888
test_01400,8.450060666219802e-06
test_01401,6.623412215116438e-07
test_01402,1.2745913925152823e-08
test_01403,0.9724886738539836
test_01404,0.9999973734620098
test_01405,0.9993607562620005
test_01406,3.247506354178742e-07
test_01407,0.9974145729784673
test_01408,0.9998045896751507
test_01409,0.9999995100192578
test_01410,0.9999999435522638
test_01411,3.328174305249133e-07
test_01412,1.3501011480092398e-05
test_01413,2.8282695068559734e-05
test_01414,3.06337017837527e-05
test_01415,0.9640585494522357
test_01416,0.9999996422389309
test_01417,8.956154603077922e-08
test_01418,0.9999993307243792
test_01419,9.944243864200648e-06
test_01420,5.9315788179856705e-08
test_01421,3.3938376953695766e-07
test_01422,2.2882171492613032e-07
test_01423,0.9986098823931442
test_01424,0.9999040965500212
test_01425,0.9999962974074206
test_01426,0.999999547169054
test_01427,1.657901444434055e-05
test_01428,0.9998330919025343
test_01429,0.9999991511344479
test_01430,0.020324696187265644
test_01431,0.00022128122805514677
test_01432,0.9998679717014518
test_01433,0.9999995172666635
test_01434,0.9999997506908018
test_01435,1.1466115882955627e-06
test_01436,0.00017447687620919406
test_01437,1.4599380426294931e-05
test_01438,0.02167385810231884
test_01439,0.999998888746532
test_01440,0.9905389399835836
test_01441,0.005161445252112186
test_01442,0.9994090393934935
test_01443,0.0005908643433243574
test_01444,0.04768569898874688
test_01445,0.9996717825308998
test_01446,0.003130121074306193
test_01447,0.9992511825401414
test_01448,0.9978137307070584
test_01449,0.9999696014484311
test_01450,0.999797274945732
test_01451,0.00469564171606671
test_01452,0.9999999166409178
test_01453,0.9948138862920811
test_01454,0.9950380866389797
test_01455,0.9999902025652135
test_01456,0.99663420556061
test_01457,0.9999294219862425
test_01458,0.9999983127761386
test_01459,0.9998260240732469
test_01460,7.362611106071354e-05
test_01461,1.2359875108374391e-07
test_01462,2.3256439115143118e-07
test_01463,0.9999997963686312
test_01464,1.4036921433448623e-07
test_01465,0.9997809532266703
test_01466,0.9636355027230898
test_01467,0.9999995787877787
test_01468,0.9982454438266457
test_01469,0.0002909922236928866
test_01470,1.9906909291808401e-07
test_01471,0.03928721084815045
test_01472,0.998965176862336
test_01473,1.3257174680154461e-07
test_01474,0.999828193039206
test_01475,0.0004290274198668302
test_01476,9.537997567614145e-07
test_01477,0.0017718796213540382
test_01478,8.724671858446173e-05
test_01479,0.28994675387810376
test_01480,0.9999979965530977
test_01481,0.966279612731203
test_01482,0.0028849003625073958
test_01483,0.7723438764515641
test_01484,5.93814833911359e-08
test_01485,0.9999985521329038
test_01486,0.9999994996318667
test_01487,1.6618938339810382e-05
test_01488,0.999780405573053
test_01489,0.9745530052077029
test_01490,0.9853659156017773
test_01491,4.5094833601943995e-06
test_01492,2.4077955366963485e-07
test_01493,2.509950657007985e-07
test_01494,2.5006831751724427e-07
test_01495,3.855017741605201e-07
test_01496,0.9984524706527735
test_01497,0.9649360610103879
test_01498,0.9618710785951452
test_01499,0.0018605499232843441
test_01500,0.0004432376480191761
test_01501,7.600960405661527e-05
test_01502,0.000933070786736716
test_01503,0.985138314122013
test_01504,0.9999998446468837
test_01505,3.64476924930407e-06
test_01506,0.9996148183530016
test_01507,0.9999996516404287
test_01508,0.9996218628301936
test_01509,0.9999296015574037
test_01510,0.9306996840601518
test_01511,0.9999999270242601
test_01512,0.9999782704439482
test_01513,0.9999999063675084
test_01514,0.024521327946510192
test_01515,0.9999995056526093
test_01516,0.0003978937891319052
test_01517,7.398927347123325e-05
test_01518,0.998581844249645
test_01519,0.9777428494843461
test_01520,0.9999675063246801
test_01521,0.9999997362803306
test_01522,0.9999995813523422
test_01523,0.9998079104178125
test_01524,0.9999141692882674
test_01525,0.9999996707001765
test_01526,0.0002177206442140745
test_01527,0.9999989253132847
test_01528,0.999999922592822
test_01529,0.00019685840168737735
test_01530,0.9999995990046291
test_01531,0.01456876383255888
test_01532,0.9996298178709306
test_01533,0.8899339222115378
test_01534,4.4038718957094474e-08
test_01535,1.2705599043934605e-07
test_01536,7.364602935616845e-05
test_01537,0.9999999762439206
test_01538,0.0001402289051047212
test_01539,0.9999998953422867
test_01540,0.9955879332205134
test_01541,0.012479865584847033
test_01542,0.9999952257285347
test_01543,0.9999998945334763
test_01544,2.2878235175107033e-06
test_01545,0.9999999577152197
test_01546,0.9999315822726306
test_01547,0.9984013517918313
test_01548,6.401316740012261e-07
test_01549,0.9991199857055497
test_01550,0.9999700404947989
test_01551,8.753218340250889e-07
test_01552,0.9824217615133546
test_01553,0.9999997583358173
test_01554,0.00017159534786719295
test_01555,0.9801863030353677
test_01556,0.9989161670407293
test_01557,0.999997947918865
test_01558,0.9999999349667283
test_01559,0.0006365401322833449
test_01560,0.999159546138417
test_01561,8.105907697834028e-06
test_01562,4.621400430940221e-05
test_01563,0.999625323453459
test_01564,8.133106207352347e-05
test_01565,0.9994305733100108
test_01566,0.9919299416562976
test_01567,9.896282674052084e-05
test_01568,3.645081008502779e-07
test_01569,0.00019490808162182235
test_01570,2.092849603843717e-06
test_01571,0.9997569774508056
test_01572,0.9999984966586938
test_01573,0.7581145651938975
test_01574,0.010642396151257923
test_01575,0.00024633489113346223
test_01576,0.9999998109396717
test_01577,0.005037157532452506
test_01578,0.9999933386886952
test_01579,0.9746348036481326
test_01580,0.024587626545163832
test_01581,0.9999771309442127
test_01582,8.492835793580881e-07
test_01583,2.314732832522476e-07
test_01584,0.1238111410576117
test_01585,0.02116014008663491
test_01586,0.9999027208361404
test_01587,0.9999990506290684
test_01588,1.3514284309108264e-07
test_01589,0.04841185870452669
test_01590,0.9999999659891121
test_01591,0.9999999021528669
test_01592,1.98419769861753e-06
test_01593,7.321488872841483e-06
test_01594,0.9999998913593158
test_01595,0.9999998681129177
test_01596,4.970985195851741e-08
test_01597,0.0003292404840173342
test_01598,4.2577762123955933e-07
test_01599,0.9946182302803149
test_01600,6.315511519229498e-07
test_01601,0.9999990399965714
test_01602,2.1696718962227823e-05
test_01603,0.9999980192168738
test_01604,0.9998794446368332
test_01605,8.343432469494482e-07
test_01606,0.000480263306017455
test_01607,0.9999998412883279
test_01608,0.9999032572471259
test_01609,0.9999992881703197
test_01610,0.9999985483214848
test_01611,3.2075807469414204e-07
test_01612,0.999771610797144
test_01613,0.0018613164332942603
test_01614,4.355928068491884e-05
test_01615,0.9998616553765842
test_01616,0.001320118526480171
test_01617,0.9830103046631882
test_01618,0.9999963582719273
test_01619,2.0043176845148567e-07
test_01620,0.00327019533163216
test_01621,0.016237255360645055
test_01622,0.9999995107372781
test_01623,0.9976969760708386
test_01624,0.9229100433341676
test_01625,0.9626840672346837
test_01626,0.999999411144142
test_01627,0.9999804708740816
test_01628,6.072424886041073e-07
test_01629,0.9852838629708184
test_01630,0.9989652179547104
test_01631,0.9965531214488947
test_01632,4.0167575476039074e-08
test_01633,0.9999997516945173
test_01634,9.086462445521046e-08
test_01635,0.9998639331741441
test_01636,0.9974052926919492
test_01637,4.974218048375572e-07
test_01638,0.995623683292084
test_01639,0.0006074427464740832
test_01640,9.24951421666244e-05
test_01641,1.2702389819024969e-06
test_01642,0.9997782777604934
test_01643,9.73052765154743e-06
test_01644,0.8756483089772193
test_01645,0.9918881543877859
test_01646,0.00556414102299183
test_01647,0.9986853747826556
test_01648,0.9999998329543
test_01649,5.126337994960381e-06
test_01650,0.016323073073031106
test_01651,3.583911930059072e-07
test_01652,0.9999521515294856
test_01653,0.000887984417557346
test_01654,0.9799940350929733
test_01655,0.9999998391194892
test_01656,0.9999011081127276
test_01657,5.589464372208324e-05
test_01658,0.0023654490348729595
test_01659,0.0003865388717081387
test_01660,0.9999998705787846
test_01661,2.2610857958376204e-07
test_01662,0.9871170053200667
test_01663,2.061749568259881e-05
test_01664,0.00021124941347293034
test_01665,0.994896753266299
test_01666,6.898980647244125e-08
test_01667,2.7459417745424914e-05
test_01668,0.999998239746
test_01669,0.0005242998366972682
test_01670,0.9994939233275583
test_01671,0.9999996521518175
test_01672,0.9999996786758043
test_01673,0.023718453081966382
test_01674,3.216638618944107e-05
test_01675,3.2638410286375946e-08
test_01676,0.9977557579845915
test_01677,0.0028408349741355274
test_01678,0.9994243355672114
test_01679,0.9999720763749119
test_01680,5.188323605369767e-07
test_01681,0.9937346658359045
test_01682,0.9999547739773907
test_01683,2.1275659396191882e-07
test_01684,0.9999992448781001
test_01685,0.9992683062573803
test_01686,0.9999999233643845
test_01687,0.9999094602744478
test_01688,0.00032359055229315664
test_01689,1.3957455438376974e-05
test_01690,0.9999459070075918
test_01691,7.21874490186927e-07
test_01692,0.0020518822082806905
test_01693,2.0717789189166032e-05
test_01694,0.0004436206591654278
test_01695,0.0029757977265892923
test_01696,0.9999972770887708
test_01697,0.9979110307255475
test_01698,0.9999865181520099
test_01699,6.355494647391752e-07
test_01700,0.9999582254981919
test_01701,3.3819857000355627e-07
test_01702,1.9862386245157888e-05
test_01703,0.9999999413052519
test_01704,0.0001402297294672003
test_01705,0.4512533471145921
test_01706,0.9423197421864815
test_01707,0.9999949793518624
test_01708,0.999880224953679
test_01709,0.99999925527292
test_01710,0.9997553746030677
test_01711,6.312551514605877e-08
test_01712,0.001544446501578295
test_01713,7.104762482828525e-08
test_01714,0.0002779061765526686
test_01715,0.9999865549944488
test_01716,0.9999997825545768
test_01717,0.9999999430713856
test_01718,0.0001186183749228799
test_01719,3.4848868963662147e-07
test_01720,0.9977630534704823
test_01721,2.0313014396105902e-07
test_01722,0.9999997476288267
test_01723,3.5598093129266952e-06
test_01724,0.0007252963422492789
test_01725,1.928863586594813e-06
test_01726,2.0208563894810286e-07
test_01727,0.9978422176018834
test_01728,0.0010823801094032469
test_01729,0.9999998741610233
test_01730,0.0017644012764174472
test_01731,0.0006490868934254912
test_01732,0.00021462475960973022
test_01733,0.9997447997012181
test_01734,0.9998898874456326
test_01735,0.9999223844276187
test_01736,0.9995098483680831
test_01737,0.9999991281709999
test_01738,0.9999985286520857
test_01739,0.009826591379405924
test_01740,0.9712363166603757
test_01741,0.0003262710814499137
test_01742,7.513861203540989e-08
test_01743,0.9980698701792868
test_01744,0.9999055893949514
test_01745,1.5422479995444914e-07
test_01746,0.00017699758262264563
test_01747,0.9999993496796965
test_01748,0.0007271859348151167
test_01749,0.997843387307843
test_01750,0.9999998118606722
test_01751,0.010156670342465705
test_01752,0.0004817078092019148
test_01753,0.8483429277682815
test_01754,0.005961302384621624
test_01755,0.5561412861514434
test_01756,0.9998130251717452
test_01757,0.9963217382153227
test_01758,0.00044155543528181477
test_01759,0.0005740379390683398
test_01760,0.9999742390681263
test_01761,9.163424839426582e-05
test_01762,0.0003775274475513995
test_01763,2.536039970177677e-07
test_01764,0.9986546237845869
test_01765,0.9991979966999402
test_01766,5.2892132989151614e-05
test_01767,1.8652116977871726e-07
test_01768,0.00014450067899572877
test_01769,0.7811657137287064
test_01770,0.9998839020732039
test_01771,0.023096703204406124
test_01772,0.0007965560635819396
test_01773,0.9977787500003396
test_01774,0.9999997704757849
test_01775,0.9999925454086322
test_01776,0.9965083066426648
test_01777,0.9982426184498787
test_01778,0.9999999241499249
test_01779,0.00696991088869509
test_01780,0.0016825929791848557
test_01781,0.9993205151292485
test_01782,7.101859340007268e-08
test_01783,0.9968224299879075
test_01784,0.001332466920827798
test_01785,0.9999971412092924
test_01786,0.9861913175255274
test_01787,0.11495740860029738
test_01788,0.9999998199936146
test_01789,0.15570760034110623
test_01790,1.014185169440796e-07
test_01791,0.9999990408479413
test_01792,0.016509796895069068
test_01793,0.003390614158456468
test_01794,0.9999910048176809
test_01795,0.0010308876916271597
test_01796,0.0003930039703271962
test_01797,2.4237110685132834e-06
test_01798,0.9993614148744293
test_01799,0.2951078839242736
test_01800,0.9999748943785831
test_01801,0.9999999299652262
test_01802,0.034574917165568826
test_01803,0.9999997826105562
test_01804,0.9999999342812295
test_01805,6.624801601599601e-08
test_01806,1.618905172282484e-05
test_01807,0.9999999510966928
test_01808,0.9999281724842496
test_01809,0.9999998864022148
test_01810,0.9998480367768755
test_01811,0.9999988516293958
test_01812,0.9999921620935603
test_01813,0.00043865121112020083
test_01814,2.1360452921716268e-05
test_01815,0.9999998401521333
test_01816,0.9999747914865815
test_01817,6.934030866147123e-07
test_01818,0.9999987117816156
test_01819,0.9999924147333562
test_01820,3.9300565574300846e-05
test_01821,0.9999252683415772
test_01822,0.49104757799688736
test_01823,2.440712738090166e-07
test_01824,0.5522239967758052
test_01825,0.001546821766550313
test_01826,0.9999997902928437
test_01827,4.981285170073529e-08
test_01828,0.9999438037660129
test_01829,1.4058199726607013e-06
test_01830,0.999999698415362
test_01831,0.016453464377476953
test_01832,1.552003440311078e-07
test_01833,0.0015760229933286525
test_01834,0.46901619991961757
test_01835,0.9843860695936623
test_01836,8.253011868978776e-08
test_01837,0.9999996334758297
test_01838,8.674017560954275e-05
test_01839,0.9997470645551474
test_01840,3.938977369353886e-05
test_01841,0.9999988152477927
test_01842,7.641802943974962e-07
test_01843,2.1813204446585844e-05
test_01844,0.9999998006649886
test_01845,0.997755781451668
test_01846,0.9999813085097928
test_01847,0.9999927215579296
test_01848,1.999767426966743e-06
test_01849,0.9999830041273737
test_01850,0.9999997439927579
test_01851,0.999998579638533
test_01852,0.0008775773007535826
test_01853,0.037097355128890425
test_01854,7.457727301607274e-06
test_01855,0.00018430875872878715
test_01856,0.9999991473424628
test_01857,2.5454413847355214e-08
test_01858,0.9999995165586476
test_01859,0.9817204752423762
test_01860,0.9999996750676127
test_01861,6.425460435071683e-06
test_01862,1.7833707497066e-06
test_01863,0.9999907406650241
test_01864,4.4784725792558547e-08
test_01865,0.9894809367740479
test_01866,0.027622392104112648
test_01867,0.004263078600219387
test_01868,0.0014075288241231566
test_01869,0.9999998355050046
test_01870,2.5051862316108537e-07
test_01871,0.9987602231276871
test_01872,0.0014486812718950113
test_01873,0.9999262933807949
test_01874,0.14445608093449422
test_01875,0.000306619272856425
test_01876,0.9988703939323166
test_01877,0.9999999374365313
test_01878,0.0010788900599622618
test_01879,0.9999997783508819
test_01880,0.9999938131931213
test_01881,0.9999308221165965
test_01882,0.0002419641139555068
test_01883,0.0020621234817514438
test_01884,1.6152786325196993e-05
test_01885,9.003550053654949e-05
test_01886,7.304460060322001e-07
test_01887,0.9992111089567048
test_01888,0.20310074702768108
test_01889,5.019960967565852e-07
test_01890,0.9999999349714455
test_01891,9.874597313320483e-06
test_01892,0.0004610141846711896
test_01893,0.9999982284981369
test_01894,0.04805752311652221
test_01895,5.982746718412301e-07
test_01896,0.9999985146521633
test_01897,3.316656110213203e-05
test_01898,0.9999980268286212
test_01899,0.20774820780528772
test_01900,0.9999995251770856
test_01901,6.334994434386019e-07
test_01902,0.9996363861955345
test_01903,3.416980813587243e-06
test_01904,1.8414130811467717e-05
test_01905,0.9999145688588839
test_01906,0.0008917410141421566
test_01907,0.9999999452748508
test_01908,0.9999973851539163
test_01909,2.8540548248905018e-06
test_01910,4.0894364912322266e-07
test_01911,0.001131761255346708
test_01912,0.9999998875741123
test_01913,0.00017167867100481072
test_01914,0.9999997957291995
test_01915,0.0006173618969223274
test_01916,0.9997237917917862
test_01917,0.9999999096909734
test_01918,0.999999109146863
test_01919,0.0008184602299881104
test_01920,0.9999993825623565
test_01921,0.0006524258064951099
test_01922,0.978229362736213
test_01923,0.9933136796111323
test_01924,0.9939164777910746
test_01925,0.9998232637964614
test_01926,0.0023631751632781483
test_01927,0.9999991403361032
test_01928,0.013779894354465496
test_01929,0.9988588707063664
test_01930,0.9999988362885772
test_01931,0.00012071782355659491
test_01932,0.9999998701428834
test_01933,0.9996144414342113
test_01934,0.999951792677967
test_01935,1.4021908799520489e-06
test_01936,2.2696675921459916e-08
test_01937,0.9999998837216926
test_01938,0.0005087755525396314
test_01939,0.9999959083764607
test_01940,3.181207321394205e-08
test_01941,0.9978982010229358
test_01942,0.9996022867604799
test_01943,0.001394735629429663
test_01944,0.999687684888867
test_01945,1.8217388089901228e-05
test_01946,0.9500980412493064
test_01947,2.7315600633734385e-07
test_01948,3.4725221925123616e-06
test_01949,0.0020124624392333403
test_01950,0.9998529613003191
test_01951,9.678641486680035e-07
test_01952,0.9999997611806148
test_01953,1.2145210122917172e-07
test_01954,0.9999998367937923
test_01955,2.22194654099204e-06
test_01956,0.9999997234637107
test_01957,0.9999995665691961
test_01958,0.0013250692562431017
test_01959,0.00037874636106918714
test_01960,0.9999997201266424
test_01961,0.9999803670377065
test_01962,9.50557208640589e-08
test_01963,0.041514886798191125
test_01964,1.9680344334504345e-05
test_01965,0.9999896812764645
test_01966,1.0656320306789269e-07
test_01967,0.00577506451714379
test_01968,0.9996919199574739
test_01969,9.363678130194207e-06
test_01970,0.00010951916690875696
test_01971,0.9992168206271772
test_01972,0.9999976131891225
test_01973,1.4828643464019102e-07
test_01974,0.047884049666224414
test_01975,0.9999988470316985
test_01976,0.9999999578247205
test_01977,2.2294764104224478e-07
test_01978,0.9999998418880457
test_01979,9.187693163873722e-05
test_01980,0.025971120971371282
test_01981,0.00010357228478751683
test_01982,5.728380777416502e-08
test_01983,1.1196738369249844e-05
test_01984,0.9890815301134497
test_01985,0.9999775752380086
test_01986,0.9930287608729645
test_01987,9.203200262025059e-05
test_01988,2.5221437739171087e-05
test_01989,0.9999590466762289
test_01990,4.312556469786562e-05
test_01991,0.9999994070341728
test_01992,0.03505395160965819
test_01993,0.9994159878460828
test_01994,3.407742427712646e-06
test_01995,0.9999844263611772
test_01996,0.9999563775786413
test_01997,0.9999966685404573
test_01998,7.523989837812079e-05
test_01999,0.006242310671973052
test_02000,0.9999999575492176
test_02001,7.544425889008014e-07
test_02002,3.194800807669636e-05
test_02003,0.999974383015486
test_02004,0.00022356128303173344
test_02005,0.9999990891766553
test_02006,5.692733997071917e-07
test_02007,0.017428331579225194
test_02008,0.01698188476852748
test_02009,0.999955410423495
test_02010,0.9999413264394945
test_02011,0.9999845691717625
test_02012,0.9961798186390207
test_02013,0.9998705006797336
test_02014,1.8373831411672597e-05
test_02015,2.1085880789431917e-06
test_02016,0.9998306668609618
test_02017,0.0032385034893898973
test_02018,0.9999954582940912
test_02019,0.9999823038329735
test_02020,0.07272801187821179
test_02021,0.9997257958086202
test_02022,0.004740137220067523
test_02023,0.00030137486130705517
test_02024,0.0010405481179698868
test_02025,0.9999999397805682
test_02026,0.9998994804090783
test_02027,0.0015291922467154887
test_02028,0.9999595398097113
test_02029,0.9904983922408143
test_02030,0.9999982031831429
test_02031,0.9816081644079634
test_02032,9.131293612745592e-06
test_02033,8.102025640034506e-08
test_02034,9.001349863874276e-05
test_02035,0.9999469909570488
test_02036,9.47503879822192e-07
test_02037,1.0262990819960358e-06
test_02038,0.9929410530438524
test_02039,0.9999997860595804
test_02040,0.1628943543544991
test_02041,0.9999999495833379
test_02042,5.070101146317084e-07
test_02043,1.5582600169110592e-07
test_02044,0.0116764706410944
test_02045,0.9986239950791146
test_02046,1.8794130401152493e-07
test_02047,0.002132291442968686
test_02048,0.9999722591529769
test_02049,3.862572524747945e-07
test_02050,0.999999787546522
test_02051,0.9999881839372005
test_02052,0.008113291384335388
test_02053,0.999999695774068
test_02054,0.5474354675130652
test_02055,0.9994757490377097
test_02056,0.9998756981626034
test_02057,0.9999999592323804
test_02058,0.04947465923482369
test_02059,0.9999507869919532
test_02060,0.9999999572519285
test_02061,0.9678992653024703
test_02062,8.18609664346885e-07
test_02063,9.488340435215558e-05
test_02064,0.9963197394742895
test_02065,0.9986448811972823
test_02066,0.9999907821108169
test_02067,8.040798448069911e-08
test_02068,0.0004012243973825776
test_02069,0.9997046817329154
test_02070,7.031898105007383e-08
test_02071,0.000225599848451731
test_02072,0.999861905580988
test_02073,8.860903946486415e-07
test_02074,0.9999983907013293
test_02075,0.9901148429775329
test_02076,0.017644682846079736
test_02077,0.00036583167059648665
test_02078,0.999999371459602
test_02079,2.951359691129229e-07
test_02080,0.9999497565531048
test_02081,5.734742860572882e-05
test_02082,0.9809777468960771
test_02083,5.629136937835075e-05
test_02084,1.3418396614795033e-07
test_02085,0.0010796981815401738
test_02086,7.3992082162557e-07
test_02087,1.0389886998888137e-07
test_02088,5.61154525312658e-05
test_02089,1.6615590318605043e-07
test_02090,0.009308057553850942
test_02091,4.631945443956321e-07
test_02092,0.00010010793149770575
test_02093,3.1547415817176835e-05
test_02094,0.999996783515268
test_02095,4.044732209436299e-07
test_02096,2.6698999466629855e-05
test_02097,0.01852229313672491
test_02098,0.9995675647478758
test_02099,0.9999999717107168
test_02100,0.9999797666505044
test_02101,0.9922039324077577
test_02102,0.9999997039952259
test_02103,0.00010683784469055033
test_02104,0.004081054069894196
test_02105,0.9999990719366723
test_02106,0.9999303938128412
test_02107,6.727757077703731e-05
test_02108,2.0190712769642077e-05
test_02109,0.00021682970995247374
test_02110,0.9895087235537114
test_02111,1.154196590730278e-05
test_02112,0.007139881027694707
test_02113,0.999987698996456
test_02114,0.9999995179003135
test_02115,0.001474006407247124
test_02116,0.999999550858888
test_02117,2.1352476284380287e-05
test_02118,0.007115008037077992
test_02119,0.9994016677043384
test_02120,2.1747293653585674e-07
test_02121,0.9998304471461609
test_02122,0.00017210988094222934
test_02123,7.890724409333013e-07
test_02124,0.04448257786410163
test_02125,0.9998525096641846
test_02126,0.0018079386516650763
test_02127,3.3519837436810693e-07
test_02128,2.5193161719336354e-06
test_02129,0.9999822595967122
test_02130,0.9990753160162189
test_02131,0.999999632875894
test_02132,0.9987231240901538
test_02133,0.9999984354322783
test_02134,8.25255620102331e-05
test_02135,0.999999740086349
test_02136,0.9663608724691408
test_02137,0.6922143820056129
test_02138,0.997939844245202
test_02139,0.9985898273583852
test_02140,0.00021322718905806195
test_02141,0.9990611169553867
test_02142,0.9999825660539916
test_02143,4.63906139187409e-07
test_02144,0.9673623655795268
test_02145,1.1609264748579139e-07
test_02146,5.854870599687711e-07
test_02147,0.9538077971288254
test_02148,0.9988036414817347
test_02149,1.4035462979135438e-06
test_02150,0.9999988615803667
test_02151,1.1452306212559753e-06
test_02152,2.261220424005784e-05
test_02153,0.999999955079278
test_02154,0.9999997493071873
test_02155,0.9999999371720862
test_02156,0.22685216329525976
test_02157,6.993410544028764e-07
test_02158,2.7459171463682493e-06
test_02159,0.999997264635186
test_02160,0.9999477364459026
test_02161,0.9999173244180237
test_02162,0.9999998201954948
test_02163,9.223096255314765e-05
test_02164,1.5982956324858845e-07
test_02165,0.006191006167229277
test_02166,5.878419271525739e-06
test_02167,0.10130770088977359
test_02168,0.014147782778150708
test_02169,6.18556062960675e-08
test_02170,0.9999992447898945
test_02171,0.00024028782885497687
test_02172,0.9999991377496301
test_02173,1.130158960851269e-07
test_02174,0.9903967129607967
test_02175,0.9763688162507206
test_02176,5.423710945222481e-05
test_02177,0.9822243035026641
test_02178,0.023132853915186668
test_02179,0.6877639450482833
test_02180,0.999999821757918
test_02181,0.9999978065107008
test_02182,0.0006624908324034497
test_02183,1.1403557106516775e-07
test_02184,1.1258812670320168e-06
test_02185,0.9999996550110146
test_02186,3.1207301823659633e-05
test_02187,0.9999990584272468
test_02188,0.007679991400989849
test_02189,0.9999998237020731
test_02190,0.9998839950738676
test_02191,0.9999992873957182
test_02192,0.004227228196472526
test_02193,3.388317630625275e-07
test_02194,0.9998041328554348
test_02195,0.9993273238446495
test_02196,0.00042348552674727
test_02197,0.9974311789392594
test_02198,0.0004325041600479681
test_02199,0.003928627712668456
test_02200,4.1357152022714e-07
test_02201,0.02166826922143237
test_02202,1.1295589574669873e-05
test_02203,7.883023157672842e-07
test_02204,0.002029282126955391
test_02205,1.3556043179028423e-06
test_02206,0.998972872465774
test_02207,0.002008208050483388
test_02208,0.9834658899745093
test_02209,0.9999983326088173
test_02210,8.98412541222445e-06
test_02211,0.001000822178517423
test_02212,0.0027120648451594144
test_02213,0.9979533044236392
test_02214,0.9999996607303491
test_02215,0.0007946467623000394
test_02216,3.149283605028838e-07
test_02217,1.0216982215529118e-07
test_02218,0.9893137094483768
test_02219,4.104364833682804e-05
test_02220,8.219006395075262e-07
test_02221,2.0340995744306662e-05
test_02222,0.9994714206866573
test_02223,5.095673031587656e-07
test_02224,0.9999999527226417
test_02225,6.60115883537439e-05
test_02226,0.00010891807299079824
test_02227,0.03514220486220636
test_02228,0.9999998871151997
test_02229,0.999982343866907
test_02230,0.0004386564584941521
test_02231,0.0013450092263256519
test_02232,0.9981687489555484
test_02233,0.9999405104110742
test_02234,0.00040779392703676933
test_02235,0.9998963027492089
test_02236,0.1837405601511951
test_02237,0.9999979482068991
test_02238,1.4834793172560228e-06
test_02239,0.9655327850997615
test_02240,0.9908083316388016
test_02241,0.9999997033295659
test_02242,1.223850529664325e-07
test_02243,5.100308861944054e-07
test_02244,0.9999832318359659
test_02245,4.5518858629519644e-05
test_02246,0.9999998732405811
test_02247,0.9999999279511275
test_02248,0.9999997702193242
test_02249,0.9999997518767879
test_02250,0.999999912913274
test_02251,2.2924360282410763e-06
test_02252,0.9999998532843033
test_02253,0.9994224210909944
test_02254,1.23605414142417e-07
test_02255,0.9895938519485284
test_02256,5.105837566035713e-07
test_02257,0.9999956580104572
test_02258,2.6502784281874664e-07
test_02259,0.999998939644407
test_02260,0.08348893961763888
test_02261,3.945239226030543e-08
test_02262,0.019811240447034768
test_02263,0.9983981713481914
test_02264,0.0013372315542498972
test_02265,0.9999129852579818
test_02266,0.9934655680643343
test_02267,3.7528497511028276e-05
test_02268,2.2472609784121524e-05
test_02269,0.9999998497928747
test_02270,0.9992030941735665
test_02271,2.3816306217313462e-07
test_02272,1.1568307557349207e-06
test_02273,0.9949146687230385
test_02274,0.9869565454650526
test_02275,0.9999999617108845
test_02276,0.999999873434281
test_02277,0.9999996851053877
test_02278,0.9999998716366401
test_02279,0.9998744909491543
test_02280,2.441398506974705e-05
test_02281,0.7608627228468755
test_02282,2.616595773406944e-06
test_02283,0.8649802065859961
test_02284,9.77013432835646e-08
test_02285,0.9999992331574329
test_02286,3.11377181501547e-05
test_02287,3.9357428553635167e-07
test_02288,1.095538539271057e-06
test_02289,7.993916392543822e-08
test_02290,0.2740944861924402
test_02291,2.774947279976313e-06
test_02292,0.056523400322561014
test_02293,2.1792201897677647e-05
test_02294,0.9993123588642807
test_02295,0.973209564949633
test_02296,0.9999998129801998
test_02297,0.9999994295630362
test_02298,0.999993541619903
test_02299,0.9976881458180282
test_02300,2.8576603798990186e-07
test_02301,0.033573851353592074
test_02302,0.9999107874035948
test_02303,0.999999873240318
test_02304,0.0003780233754432443
test_02305,0.9998540968493603
test_02306,0.9999998719607921
test_02307,0.0024204706256368905
test_02308,6.283717261355913e-05
test_02309,0.00011923356327322338
test_02310,0.9998203348128823
test_02311,0.9997509486656047
test_02312,0.00022301756854411613
test_02313,0.031915349101603936
test_02314,0.02671090507795119
test_02315,0.9984772337276155
test_02316,0.9975164651890791
test_02317,0.00029431409702243956
test_02318,0.9999999303604552
test_02319,0.9999998589987197
test_02320,0.9183320722448958
test_02321,0.9751928566373009
test_02322,0.9809696557860849
test_02323,3.08571526334446e-07
test_02324,0.9992603679669658
test_02325,0.9998956960457067
test_02326,0.0010352993325693288
test_02327,0.9833434986351767
test_02328,4.148939487286303e-06
test_02329,3.078401327718553e-05
test_02330,0.000904426163099
test_02331,0.00010561845791399812
test_02332,3.964587172326296e-06
test_02333,3.949952313227431e-07
test_02334,0.8241563328066523
test_02335,0.9999832665317502
test_02336,0.9999999174336937
test_02337,0.24047064454412798
test_02338,0.0004478334177007196
test_02339,0.9995635727933676
test_02340,0.9999600545721956
test_02341,0.9990631816067931
test_02342,1.2694752862601863e-05
test_02343,0.9999993659033688
test_02344,0.00015526360962476294
test_02345,5.540822065110343e-07
test_02346,0.99989758873296
test_02347,0.9974954145426189
test_02348,0.9992318972459866
test_02349,0.9999999707092075
test_02350,8.778540935143784e-08
test_02351,3.7240500351585785e-07
test_02352,1.4123878543627026e-05
test_02353,0.00412482285879196
test_02354,0.9999992064637209
test_02355,0.9999642676440903
test_02356,0.9993942270533814
test_02357,1.0777154366745568e-07
test_02358,0.9641054467669719
test_02359,0.9998880647237369
test_02360,0.0007075349957191216
test_02361,0.6596353871187143
test_02362,0.9999994577687021
test_02363,0.9990540185924561
test_02364,0.999999795881667
test_02365,0.9999684834468535
test_02366,5.473290427999976e-07
test_02367,0.9999394936966693
test_02368,9.029304486089909e-05
test_02369,1.4369211043829695e-07
test_02370,0.999936519418281
test_02371,0.9995017211309913
test_02372,1.1419549869239451e-07
test_02373,9.192761772112903e-08
test_02374,0.999999782226732
test_02375,0.999990399737224
test_02376,0.9699813574262997
test_02377,0.9634273720123802
test_02378,0.998630632236732
test_02379,3.5529609218903675e-05
test_02380,0.9999312450439561
test_02381,0.9999999386149538
test_02382,0.9999116337408034
test_02383,0.001507760255266805
test_02384,9.030637009145613e-07
test_02385,0.992818817899815
test_02386,2.999470274918203e-08
test_02387,0.9999985261919647
test_02388,1.120833421080861e-06
test_02389,2.7865735503666418e-08
test_02390,0.031026556222436285
test_02391,7.149292148131872e-07
test_02392,0.999980617714714
test_02393,6.034581401826934e-05
test_02394,2.1866164492574198e-05
test_02395,0.9997780395760546
test_02396,0.0001974751228801543
test_02397,0.9995800091861143
test_02398,0.9999998152059129
test_02399,7.167534375544194e-07
test_02400,0.9999544415810138
test_02401,0.9998884191058767
test_02402,0.9999877233356353
test_02403,0.0006934210621427665
test_02404,0.9976298819271379
test_02405,0.9892169578947484
test_02406,0.9638298994225615
test_02407,0.9999731992838332
test_02408,0.007540168285227362
test_02409,5.265706342928558e-07
test_02410,1.0851046484563569e-07
test_02411,0.999918107368341
test_02412,0.936694209489055
test_02413,0.9993732571181188
test_02414,0.9999307551114087
test_02415,0.9999999556162533
test_02416,0.0005586786635891555
test_02417,0.9938490562525671
test_02418,8.359879624526327e-05
test_02419,5.884381785026208e-07
test_02420,3.6814006124690304e-05
test_02421,0.9922368619710498
test_02422,0.0005745715413381095
test_02423,0.9999994137923037
test_02424,1.8749773601722757e-05
test_02425,2.950216123084472e-07
test_02426,0.999988110998631
test_02427,0.999758811476709
test_02428,1.6704892633874184e-07
test_02429,0.0032718177980133115
test_02430,0.9999996063779983
test_02431,4.483921832949535e-07
test_02432,0.23190195535873945
test_02433,0.9999266128080203
test_02434,0.9999956201710384
test_02435,0.9524828928776563
test_02436,0.00015673400045912594
test_02437,0.9999961049145613
test_02438,0.9999997048178401
test_02439,0.9999997424767456
test_02440,0.999999850051915
test_02441,0.9999998940332945
test_02442,2.5173371386194974e-07
test_02443,0.9999871448084978
test_02444,0.12983762906173896
test_02445,0.9070902787263114
test_02446,5.352099662685386e-07
test_02447,0.9622094989939642
test_02448,0.9998719265090772
test_02449,3.830027276338157e-06
test_02450,0.9999975680257097
test_02451,0.999999891710547
test_02452,1.1940542092680433e-06
test_02453,0.974345284412729
test_02454,0.9995915609579625
test_02455,4.618140644910076e-05
test_02456,0.004027924820536781
test_02457,2.4449812996211496e-05
test_02458,1.0000015840586617e-05
test_02459,0.003056348864181962
test_02460,0.9998742826516612
test_02461,0.999999912706283
test_02462,0.9999998923305331
test_02463,3.6954442785648565e-07
test_02464,0.9999998309421748
test_02465,0.000383977953733663
test_02466,0.017261584483367363
test_02467,3.935198766370226e-06
test_02468,0.9995710041471308
test_02469,0.009277431653411373
test_02470,0.9996944142667699
test_02471,0.9999634444335751
test_02472,1.747750684554661e-05
test_02473,0.999999682072453
test_02474,9.100873212771592e-08
test_02475,2.1807043092666667e-06
test_02476,0.0004415131921348995
test_02477,0.9976211519298882
test_02478,0.9999999357384718
test_02479,0.9999960797891214
test_02480,0.9999995658093883
test_02481,0.9999998206846381
test_02482,0.12492396047532067
test_02483,6.585986666934294e-07
test_02484,0.8446640003823498
test_02485,0.0011892235939990092
test_02486,0.9941152550111604
test_02487,0.0073770429956983635
test_02488,0.0008473539168153933
test_02489,0.9998980218516794
test_02490,0.9999997802052293
test_02491,0.9927017200151956
test_02492,0.0010913408097961792
test_02493,0.0002550218800811787
test_02494,0.9999999409357302
test_02495,5.592179839325839e-08
test_02496,0.9999999486921884
test_02497,0.003561497725724279
test_02498,0.9982044707560975
test_02499,0.22417554131472867
test_02500,0.9974112596724458
test_02501,1.0395877262605492e-07
test_02502,2.017976613024898e-06
test_02503,0.9999991151550636
test_02504,0.9997839086384497
test_02505,0.009474119700621649
test_02506,0.009909543792050236
test_02507,0.9987031370625055
test_02508,1.3883708869200812e-07
test_02509,0.9999832488847268
test_02510,0.001075700990805247
test_02511,0.9999071803357625
test_02512,0.9999933533675858
test_02513,0.9999998231140754
test_02514,3.5823421626945995e-05
test_02515,0.9973918064193162
test_02516,0.9999994303397294
test_02517,0.00012652137887986654
test_02518,0.002142403748249855
test_02519,0.9997976424450213
test_02520,3.6518095410985854e-06
test_02521,7.804489705334273e-05
test_02522,0.9999988013204963
test_02523,8.72758749340351e-06
test_02524,0.9999664972040002
test_02525,0.9999999331676386
test_02526,0.00044596320920101893
test_02527,0.9933156716152046
test_02528,0.999995940132419
test_02529,0.9957901562418179
test_02530,0.9983668554728697
test_02531,0.9999979562092158
test_02532,3.7392602764089156e-06
test_02533,0.9956598335050763
test_02534,0.0009491016358385745
test_02535,0.9997499024072584
test_02536,0.9999998989169219
test_02537,0.9901772450438573
test_02538,0.8224016837923835
test_02539,0.9999878131402876
test_02540,0.00011062099251594375
test_02541,0.0014734421853915961
test_02542,0.9999973128135246
test_02543,0.9948687861407838
test_02544,0.9722790567461508
test_02545,0.9986246814051619
test_02546,4.5853904183489644e-07
test_02547,0.9999729693889413
test_02548,2.5175457230790097e-05
test_02549,0.9999999593598842
test_02550,0.9999406677913865
test_02551,8.523027472352353e-08
test_02552,0.9891959520789528
test_02553,0.9999770400247339
test_02554,0.9967666455337024
test_02555,0.010771576473254005
test_02556,0.01205571606597307
test_02557,0.8811377896535761
test_02558,0.9999413340545141
test_02559,0.00020647164314021538
test_02560,0.00014863224362482222
test_02561,0.9999742015781102
test_02562,0.00084857203831269
test_02563,0.9999993795761467
test_02564,0.9941491282486726
test_02565,0.998332473656503
test_02566,0.30124456963121915
test_02567,0.0368260395156964
test_02568,0.017582212788448032
test_02569,2.768247515063748e-07
test_02570,0.9999995056578056
test_02571,4.2457579928228144e-05
test_02572,0.9693040894810733
test_02573,3.3901690392992815e-06
test_02574,0.9978668840520551
test_02575,0.002286557396212934
test_02576,0.9999733316225659
test_02577,0.5108223198949995
test_02578,0.9999550126903712
test_02579,0.00012799400371578325
test_02580,0.0002986474932480567
test_02581,0.9679614161283612
test_02582,2.724130137961766e-07
test_02583,0.996985201543691
test_02584,0.9999999635872161
test_02585,1.11855266913484e-07
test_02586,0.998814147445475
test_02587,0.0021576092337947986
test_02588,0.0019364124595450652
test_02589,0.0007384984513048331
test_02590,0.998263286265235
test_02591,0.9830179084710516
test_02592,0.989326149445559
test_02593,0.9962384595530226
test_02594,0.9990917552442139
test_02595,0.9999999365503343
test_02596,3.177464988986357e-06
test_02597,0.9999998260631843
test_02598,0.9999934681615819
test_02599,0.009116879875346578
test_02600,0.9999985213287992
test_02601,7.573471952481331e-07
test_02602,4.318245853577722e-05
test_02603,1.7517648888708433e-05
test_02604,1.5920820732292728e-07
test_02605,2.375376298390574e-05
test_02606,0.9997079750250426
test_02607,0.9999999302803948
test_02608,0.9988748956090806
test_02609,0.9999992285581563
test_02610,7.817693988487039e-05
test_02611,0.995262388279116
test_02612,6.268847053624021e-07
test_02613,1.2419023772433612e-06
test_02614,0.00032323228491674174
test_02615,0.0001921091071503059
test_02616,0.9594814411547687
test_02617,0.9999997038742425
test_02618,0.008888118867680475
test_02619,0.9919912731000098
test_02620,2.1930611765204394e-05
test_02621,0.999999929367284
test_02622,2.9626213150512766e-06
test_02623,0.9574809507129606
test_02624,0.9999998854834451
test_02625,6.738343914972226e-05
test_02626,0.9999997360660585
test_02627,0.999999414663481
test_02628,0.0001204435173967314
test_02629,1.48780255812366e-07
test_02630,0.9999997520191579
test_02631,0.0001441617167910639
test_02632,0.004406836149015836
test_02633,0.9999998160362481
test_02634,3.311974347069723e-05
test_02635,0.0013933933759858693
test_02636,6.096367979557286e-05
test_02637,0.9999530737869501
test_02638,0.9997583051242624
test_02639,0.00010724444670967318
test_02640,0.9999771687204606
test_02641,0.9999998933906937
test_02642,5.4816662338305585e-05
test_02643,0.9999996838184295
test_02644,4.3282733141058047e-08
test_02645,0.0034764349491716797
test_02646,0.00034926205316120144
test_02647,1.615148271571717e-07
test_02648,8.665145885876477e-08
test_02649,0.9999996134079776
test_02650,0.0002447877637428575
test_02651,0.9999986107613352
test_02652,0.17280068977544294
test_02653,0.9999979153070845
test_02654,0.9999949029340013
test_02655,2.081152776872906e-06
test_02656,5.905299167136244e-07
test_02657,2.172852324650674e-05
test_02658,0.9998084130353665
test_02659,0.9999969452152605
test_02660,0.03439404379726524
test_02661,0.9999999341855629
test_02662,0.03840652492194545
test_02663,1.2193084549067915e-07
test_02664,0.9999998197796315
test_02665,0.9999986493569463
test_02666,0.9988429119702735
test_02667,0.9993034545221426
test_02668,0.9973551931344304
test_02669,0.00037999804759668315
test_02670,0.9687569010798902
test_02671,1.9810864050233772e-07
test_02672,0.9999709995306293
test_02673,0.9999997077016733
test_02674,0.3349519733659438
test_02675,0.9006557290997719
test_02676,0.9999999294721534
test_02677,0.00037912852669188396
test_02678,0.9999996749984971
test_02679,0.9999976513305
test_02680,0.001716673245355428
test_02681,3.241726097576742e-07
test_02682,7.67826719132184e-07
test_02683,0.9999986202685519
test_02684,5.63096112905949e-06
test_02685,9.69283319401085e-07
test_02686,0.9999999009397502
test_02687,0.0012907915473437434
test_02688,0.9999999366601178
test_02689,0.9997571079260572
test_02690,0.01671177649426479
test_02691,1.161620133316824e-06
test_02692,0.9997124717441267
test_02693,0.9941142769224558
test_02694,0.9999999213578035
test_02695,0.999810505570143
test_02696,0.9999989105561741
test_02697,2.885277128022794e-07
test_02698,2.4405559443457743e-05
test_02699,0.9999014069231149
test_02700,1.571757546429152e-05
test_02701,4.232312692212551e-05
test_02702,0.9967879359855675
test_02703,1.5294786633482412e-07
test_02704,2.3683513741538446e-07
test_02705,0.9999764559898341
test_02706,8.585178934063321e-08
test_02707,0.9999993198466349
test_02708,0.9776025765854363
test_02709,0.9999995972216512
test_02710,0.9999998483527358
test_02711,0.0006542773103569277
test_02712,0.9999997870392712
test_02713,3.2365838275583175e-06
test_02714,7.899391573315164e-05
test_02715,0.9999841835447006
test_02716,5.39544792665253e-05
test_02717,0.9999874420411152
test_02718,1.0212937465250658e-07
test_02719,0.9910446315660628
test_02720,0.0014211414975588141
test_02721,1.2074791171014026e-07
test_02722,0.0012166009765818627
test_02723,0.9999998611348684
test_02724,0.012609464692001174
test_02725,0.0025312072940427027
test_02726,0.9999996739869931
test_02727,2.4147915328079343e-06
test_02728,0.018967228814559853
test_02729,1.219127553385267e-06
test_02730,0.9999998554646414
test_02731,2.2410546153418515e-07
test_02732,0.9987421505443871
test_02733,0.9985865662339524
test_02734,8.500676234720604e-05
test_02735,0.9998816279126378
test_02736,0.007006673617828019
test_02737,0.9999997820367144
test_02738,0.9999998290721227
test_02739,0.9723373807633463
test_02740,0.9999999724034364
test_02741,0.0001021599332757041
test_02742,1.0477489436123694e-06
test_02743,4.2071484096418295e-07
test_02744,1.3769894110520024e-07
test_02745,0.9999887109860034
test_02746,0.0006320664383988837
test_02747,0.002726474077481663
test_02748,1.97059209874664e-06
test_02749,0.9969488088842764
test_02750,0.999999934134102
test_02751,0.00042413893289202975
test_02752,0.992889473152973
test_02753,0.9999999260159255
test_02754,4.877000927876202e-07
test_02755,0.996090965046943
test_02756,0.9999917618432635
test_02757,0.0003283768964187364
test_02758,0.000701326220747988
test_02759,0.9964147664441239
test_02760,2.4167436086756166e-08
test_02761,0.9999996793933335
test_02762,9.07753498719629e-08
test_02763,2.811916074016849e-07
test_02764,0.9952821904003852
test_02765,2.6993055535008124e-07
test_02766,0.046312142348025116
test_02767,5.442306874529685e-07
test_02768,3.8569840865170634e-05
test_02769,4.0180593694445144e-06
test_02770,0.0009924491533918997
test_02771,0.9999996822087529
test_02772,0.9980260736646556
test_02773,6.887428868283848e-07
test_02774,0.9999997730114596
test_02775,0.999070416861795
test_02776,0.9999998014481529
test_02777,0.9999998876522092
test_02778,0.014974786435272325
test_02779,4.344212748210009e-05
test_02780,0.9978225667091056
test_02781,0.9999958502814004
test_02782,0.9985481834183031
test_02783,4.131246107558222e-05
test_02784,0.006021012526109345
test_02785,0.9999999710366245
test_02786,0.001098550197079811
test_02787,0.00014103104149547956
test_02788,0.9999997703493729
test_02789,5.427813229919972e-07
test_02790,1.5629102321591835e-06
test_02791,2.677647960645173e-05
test_02792,0.7676199728950106
test_02793,8.950997721247702e-06
test_02794,1.2201996020556143e-05
test_02795,0.9997053432967439
test_02796,0.999999674124696
test_02797,8.265439015233432e-07
test_02798,0.999999350558708
test_02799,0.03475623977477083
test_02800,0.00016852952679948205
test_02801,1.5625460031858357e-07
test_02802,3.8087953114961775e-05
test_02803,8.356410972583475e-08
test_02804,0.00637109073005224
test_02805,0.010206670287491712
test_02806,0.9999960444562828
test_02807,3.17344629569924e-08
test_02808,0.0007055352921842451
test_02809,0.8060116673351428
test_02810,4.998634560208305e-06
test_02811,5.5829634522234e-08
test_02812,0.08154790184108446
test_02813,0.9999286939651026
test_02814,0.9999996357844173
test_02815,7.664817766896849e-07
test_02816,0.9542554857548766
test_02817,3.167141535792956e-07
test_02818,0.0011613503149728152
test_02819,0.9999997744655624
test_02820,5.668571786241002e-08
test_02821,0.9999991727592454
test_02822,0.9916464086134051
test_02823,0.9992761135040514
test_02824,6.353026375802831e-08
test_02825,0.9989613243715875
test_02826,0.9999998350320033
test_02827,0.9875546103579806
test_02828,0.9999997877500093
test_02829,0.9999570686532321
test_02830,0.99969432427413
test_02831,0.9996716649847345
test_02832,9.946418952912914e-06
test_02833,0.003971907481720913
test_02834,0.9780474429907247
test_02835,1.4895587123176493e-07
test_02836,0.9999998119644193
test_02837,0.9999999077832472
test_02838,1.832556634779721e-05
test_02839,0.9999971884036237
test_02840,0.9999111818009627
test_02841,0.9999999588237439
test_02842,0.9999999143261449
test_02843,0.00014979222847073503
test_02844,1.222841706675981e-05
test_02845,4.3705178706150414e-08
test_02846,0.9999140488210185
test_02847,0.9998808377889576
test_02848,0.019566507794146235
test_02849,0.015011672353067674
test_02850,1.298991922490284e-05
test_02851,0.9999510849939297
test_02852,1.1217493601612775e-07
test_02853,7.831110914784753e-05
test_02854,0.148891949576181
test_02855,0.9996022050484622
test_02856,0.00012096660264936472
test_02857,0.9999940349445083
test_02858,0.999999168335405
test_02859,0.9999999920477888
test_02860,0.16868836410237353
test_02861,0.9999998654720549
test_02862,1.1516243647784116e-06
test_02863,8.353944742944128e-06
test_02864,0.9783109869723684
test_02865,0.9999998915551329
test_02866,0.9999963612292198
test_02867,0.9995073351275064
test_02868,5.802271570860122e-08
test_02869,0.9999936117579712
test_02870,0.9996139077431374
test_02871,0.9999616663848115
test_02872,0.0012913681645352329
test_02873,0.9999999526940162
test_02874,0.9999987573515264
test_02875,0.9965725693557513
test_02876,0.999999322055771
test_02877,0.00027053078443959325
test_02878,4.136912679928278e-05
test_02879,0.0013413146426647829
test_02880,0.9999999151264968
test_02881,0.00011423747062975446
test_02882,1.314851672730502e-06
test_02883,0.9999276540420363
test_02884,4.3470509055714e-06
test_02885,0.9998768933621993
test_02886,3.5287054431382277e-07
test_02887,0.000216009768964339
test_02888,8.456937441225516e-08
test_02889,1.1877154612671606e-07
test_02890,1.8403686075729281e-07
test_02891,0.001057390997177817
test_02892,2.502803597503953e-06
test_02893,5.402493368973455e-05
test_02894,0.0003529697085488051
test_02895,0.0016636093288314503
test_02896,0.9999993801921512
test_02897,1.1228787054181493e-06
test_02898,0.9987745543992922
test_02899,0.9998329063917816
test_02900,0.9945342760303724
test_02901,0.9999999524443259
test_02902,6.135864998613675e-08
test_02903,0.0054259468043649645
test_02904,0.004641280897511359
test_02905,0.9999994723538199
test_02906,0.994563953945354
test_02907,0.9983971635604045
test_02908,0.012737789299944055
test_02909,0.00020731258985272875
test_02910,1.5453518252604348e-07
test_02911,0.0006029533630038647
test_02912,0.9999997832597153
test_02913,5.406752157408918e-05
test_02914,0.980447688947423
test_02915,0.999984520572974
test_02916,0.9995608204594552
test_02917,0.00010626198027154667
test_02918,0.005568834772573111
test_02919,2.193758350584759e-07
test_02920,8.084822883415693e-08
test_02921,0.999991374921826
test_02922,0.9999747606536575
test_02923,2.8983983642837874e-06
test_02924,7.10335545973128e-07
test_02925,4.187807380847622e-07
test_02926,0.99974460300731
test_02927,0.9943490188700851
test_02928,0.9995704227579885
test_02929,9.935288111008449e-08
test_02930,0.9999997637222441
test_02931,0.9999959268086029
test_02932,0.999993697425603
test_02933,8.788232398500947e-06
test_02934,0.4413298355219796
test_02935,0.9796678156880294
test_02936,0.9999997186725199
test_02937,0.0017047184251201206
test_02938,0.003766925538009493
test_02939,0.9998773648783674
test_02940,0.00020598082634588986
test_02941,0.9979194127960171
test_02942,8.395717071151313e-07
test_02943,0.9931854916649979
test_02944,0.0019269892855774057
test_02945,0.9999897420595024
test_02946,1.1187908559244117e-06
test_02947,0.19881378741582795
test_02948,1.7799979507027504e-07
test_02949,0.007755662440684906
test_02950,5.997063524038072e-05
test_02951,0.0014933339099313906
test_02952,0.9999997330507082
test_02953,0.9999908767477841
test_02954,0.9997975307105667
test_02955,1.276372991363568e-06
test_02956,1.4883880107367452e-07
test_02957,8.05738874740727e-08
test_02958,0.9999985489395674
test_02959,6.869860539258597e-05
test_02960,0.9646844049309575
test_02961,0.03735260232487577
test_02962,0.9992129503868484
test_02963,0.00012184087498028461
test_02964,0.9931306276244344
test_02965,1.772399936514434e-07
test_02966,5.1093155385761654e-08
test_02967,0.0004804204044297843
test_02968,0.9999998891509797
test_02969,0.9998006452017694
test_02970,0.020314059447571618
test_02971,0.9999990710829905
test_02972,0.9999999214145063
test_02973,3.4474716842539134e-07
test_02974,0.49720342933051276
test_02975,0.000263381199754497
test_02976,0.9967848520984967
test_02977,0.9793867469221477
test_02978,0.9999995247602904
test_02979,0.9999998077752131
test_02980,0.00033726869830836203
test_02981,0.9996084070215475
test_02982,0.9999995542967351
test_02983,0.9989712839290503
test_02984,0.9999996929077927
test_02985,0.0001788448902084918
test_02986,0.9994002298552285
test_02987,9.840062906246856e-05
test_02988,0.008938883886354441
test_02989,0.9999836225325844
test_02990,0.9999507903353809
test_02991,0.9999994216845749
test_02992,9.720328462291064e-07
test_02993,0.0004377164559648087
test_02994,0.9896872636424519
test_02995,3.2139542736371895e-05
test_02996,0.0002759098367690908
test_02997,0.0007035892471112786
test_02998,1.6314648386156587e-05
test_02999,0.999999834501122
test_03000,0.9999999309042772
test_03001,0.9999984083438739
test_03002,0.9998890311670515
test_03003,0.9659945764999887
test_03004,0.000355431295855145
test_03005,0.00016221166021173096
test_03006,0.9999975369588897
test_03007,0.008435163050188448
test_03008,7.924813205816047e-07
test_03009,0.00014704646030882026
test_03010,0.9954385364220364
test_03011,0.9999373678809408
test_03012,0.00044585501703185454
test_03013,0.9999953505920188
test_03014,0.9994371310153399
test_03015,1.2535614772756962e-07
test_03016,1.5884110305757242e-07
test_03017,0.9842856670116369
test_03018,1.327287265136669e-07
test_03019,1.1771237306291539e-07
test_03020,0.9998321877457773
test_03021,0.00016575935426984658
test_03022,0.9998232044802244
test_03023,0.0011747138687455247
test_03024,0.9999997243498315
test_03025,0.005854979173418638
test_03026,2.340983707299898e-05
test_03027,4.873753889372073e-05
test_03028,0.000814849203869273
test_03029,9.288573232754928e-08
test_03030,0.030620480135041383
test_03031,0.008360611972393073
test_03032,1.6508762195015045e-06
test_03033,0.99687677755907
test_03034,0.00029369102613199295
test_03035,8.455193882417018e-08
test_03036,0.0002142037160047195
test_03037,2.3650136191660525e-06
test_03038,0.0001140662624763583
test_03039,0.0005668719791909187
test_03040,0.9999994900032588
test_03041,0.9999999139349797
test_03042,0.9999615953819535
test_03043,0.9999995180053208
test_03044,0.9999981984081866
test_03045,0.9983981947328903
test_03046,0.9956928024658002
test_03047,0.9999994299514902
test_03048,8.733983291016727e-07
test_03049,0.9984801353434792
test_03050,0.000651508640200385
test_03051,1.550677827633631e-07
test_03052,0.00016549236605633744
test_03053,0.003432055664949656
test_03054,6.115248354067937e-05
test_03055,0.9999992316543317
test_03056,0.9999997019664129
test_03057,8.056944682749463e-06
test_03058,9.168440328026912e-07
test_03059,0.9999996925906701
test_03060,0.9999996564903143
test_03061,0.9999998798424634
test_03062,0.9999997861067296
test_03063,1.5327345203426517e-06
test_03064,0.9999998319380425
test_03065,5.162956024885727e-06
test_03066,0.9999998843016072
test_03067,0.9870594569005824
test_03068,0.9999959947763131
test_03069,0.9999994706292072
test_03070,0.9934482146897929
test_03071,0.999999941488345
test_03072,0.012623683166911032
test_03073,3.7828782906467414e-07
test_03074,0.9999997750767917
test_03075,0.9999279078793546
test_03076,2.441150857150701e-07
test_03077,0.8568342201382868
test_03078,6.049593373147234e-07
test_03079,0.00208561989725368
test_03080,2.6509604986993143e-05
test_03081,0.11631756228519369
test_03082,0.9999995486846248
test_03083,0.9993976604491455
test_03084,0.001159736108447249
test_03085,0.031696155648711116
test_03086,0.006082301120986226
test_03087,1.49994566945891e-05
test_03088,0.9999857168901629
test_03089,4.29798088448472e-06
test_03090,0.9999459665686387
test_03091,0.9999982510111908
test_03092,8.152862324532107e-06
test_03093,0.9867046320860234
test_03094,0.9999996920503005
test_03095,0.7877352881465118
test_03096,0.9999986233073189
test_03097,0.018643459274927433
test_03098,3.1379746748357284e-07
test_03099,0.9999988727417681
test_03100,0.9907698021864239
test_03101,0.9883166596375276
test_03102,0.9994292893914148
test_03103,0.009855880248223228
test_03104,0.05960045018510901
test_03105,0.00038606462825334224
test_03106,0.000969575204141736
test_03107,9.586974327400234e-06
test_03108,3.868641381693209e-07
test_03109,2.451226927150159e-06
test_03110,0.0013777664402725275
test_03111,1.111062098097071e-07
test_03112,7.966232548063618e-07
test_03113,2.42555905948855e-07
test_03114,8.78018591732851e-08
test_03115,0.034908984605232694
test_03116,0.9999997662939952
test_03117,7.82403039062447e-07
test_03118,0.00015523568203483373
test_03119,0.9999847492275865
test_03120,1.4305017453379517e-05
test_03121,2.8873027381748788e-08
test_03122,0.9068717517586178
test_03123,0.9999999320293484
test_03124,0.9999997244829468
test_03125,0.0001794793391461126
test_03126,0.9999618244046957
test_03127,0.9894325984779905
test_03128,7.784406550685293e-05
test_03129,0.00011189437977388218
test_03130,0.9999892901317669
test_03131,0.0003958411399531892
test_03132,0.9996548592387249
test_03133,0.00309912400190227
test_03134,0.7140568855458747
test_03135,0.9999996008444804
test_03136,8.491154858872106e-06
test_03137,0.0012687049182294992
test_03138,4.2169937175448264e-05
test_03139,2.3755278139553705e-07
test_03140,1.5566779703719464e-07
test_03141,0.9999986337313287
test_03142,0.9998956397044014
test_03143,0.011634542795070113
test_03144,0.9989449873874419
test_03145,0.9999911401579723
test_03146,1.08331437478625e-06
test_03147,1.1508651821964917e-05
test_03148,1.9958638216585763e-07
test_03149,0.26429347730106406
test_03150,0.9999017019941228
test_03151,3.08438475320429e-06
test_03152,0.9702466420751675
test_03153,0.0008472372543891705
test_03154,0.9999998097898297
test_03155,8.277137649104302e-08
test_03156,0.9999998638499105
test_03157,6.108849842625662e-05
test_03158,0.9977857642458355
test_03159,0.9994869936152586
test_03160,0.008905799296856714
test_03161,0.00012868879408979572
test_03162,0.9999996394295857
test_03163,1.979943259269667e-07
test_03164,0.9958361865754398
test_03165,2.0307420762432868e-05
test_03166,5.81744465386223e-07
test_03167,6.0782835311381643e-05
test_03168,6.400519373160795e-08
test_03169,0.003973906069555199
test_03170,3.479891724839727e-08
test_03171,0.9989586843640986
test_03172,0.9999989587744343
test_03173,0.9995232245612887
test_03174,0.9890310234254728
test_03175,0.9886776645735104
test_03176,0.9999998088097367
test_03177,0.0044573739567956615
test_03178,0.999999226209855
test_03179,0.062407452794910105
test_03180,0.9999996494681286
test_03181,0.9999983681474298
test_03182,0.0002231208728378485
test_03183,0.9999985351109574
test_03184,0.9999998371948063
test_03185,0.9999077904618051
test_03186,4.1173576872395376e-08
test_03187,0.9939638749090223
test_03188,0.00017339077784231014
test_03189,0.9999716662257457
test_03190,1.185222262412069e-05
test_03191,7.568985590914586e-08
test_03192,0.9999962059381913
test_03193,0.001359672650276134
test_03194,0.999674640308545
test_03195,0.0008038260581675519
test_03196,0.9999000700182694
test_03197,2.457681952670945e-07
test_03198,3.107765074382306e-07
test_03199,0.013668660598381673
test_03200,0.002666161711946
test_03201,0.002277555145851044
test_03202,0.0002869246381854188
test_03203,2.0076426117192562e-07
test_03204,0.9999991540873737
test_03205,0.03513976143998125
test_03206,3.813403834813426e-07
test_03207,0.9998515546143105
test_03208,2.1443972861777653e-05
test_03209,0.6951004632046526
test_03210,0.9969821912231616
test_03211,6.081226247114707e-07
test_03212,0.9770695142778364
test_03213,0.999999851890311
test_03214,0.0005082729017351794
test_03215,0.9999998957865486
test_03216,0.040626988858535336
test_03217,0.0004164993030610526
test_03218,1.3751127276415168e-06
test_03219,0.9999998976758988
test_03220,0.9956263867817006
test_03221,0.9999979564091056
test_03222,4.7562547275199486e-05
test_03223,2.98604159578055e-05
test_03224,0.9999999531714374
test_03225,0.9997721128215514
test_03226,9.226327004074019e-06
test_03227,0.9999995359118543
test_03228,0.9993152536416334
test_03229,0.007013508823442526
test_03230,0.9984017748011765
test_03231,0.9999999714785882
test_03232,0.9999938116889958
test_03233,1.295515659585039e-07
test_03234,0.018510716159771137
test_03235,0.006721732686520972
test_03236,1.2570484152105385e-05
test_03237,0.9998308786036275
test_03238,0.03641805381383915
test_03239,0.00022598111554809796
test_03240,0.03868607553184312
test_03241,0.021375494886826687
test_03242,0.005741551942524927
test_03243,9.618200327410037e-06
test_03244,0.031883067320770384
test_03245,0.9999978617384846
test_03246,0.9736169976767568
test_03247,0.9997628859902682
test_03248,0.0019417782000909342
test_03249,0.999031560912795
test_03250,2.630876569997964e-07
test_03251,9.869084490071756e-08
test_03252,0.9999999468402191
test_03253,0.9999998086650499
test_03254,3.060891601355926e-07
test_03255,7.237498786168093e-05
test_03256,0.9913268819111495
test_03257,0.9995845411975945
test_03258,0.0002744241010885036
test_03259,0.999932371464368
test_03260,0.00038738268124773517
test_03261,2.4133938507479635e-07
test_03262,0.9999988529284028
test_03263,0.08094800549528518
test_03264,0.0037805333163473645
test_03265,1.840497841306904e-07
test_03266,0.9999820348583491
test_03267,0.9999995724285079
test_03268,0.132373683905057
test_03269,0.9999999378536638
test_03270,1.7059729779129597e-05
test_03271,1.373900837545855e-06
test_03272,0.9990658187053799
test_03273,9.249203825373913e-07
test_03274,5.694616693220983e-05
test_03275,0.0003312365868882954
test_03276,8.313796960446435e-05
test_03277,2.628600483692486e-07
test_03278,0.9997811972727447
test_03279,0.9978078686978682
test_03280,0.9957359956413934
test_03281,0.9999983550246466
test_03282,0.9843701161791387
test_03283,0.01348570027502831
test_03284,1.5202199884547451e-07
test_03285,0.9999996317298168
test_03286,0.9999997870463213
test_03287,0.999976522879369
test_03288,0.005377481485012994
test_03289,0.9999988753169536
test_03290,0.25029986913722335
test_03291,0.026527115620472913
test_03292,0.7179588438172068
test_03293,0.999908156767283
test_03294,0.9996764517752577
test_03295,2.3277976782961697e-07
test_03296,5.203606071834858e-05
test_03297,0.9999998925187912
test_03298,9.191099600904166e-08
test_03299,0.999998456470204
test_03300,0.9999998306215772
test_03301,2.675250436684959e-06
test_03302,0.9995654294481155
test_03303,8.245009298222071e-07
test_03304,3.6678917463049086e-05
test_03305,0.9999997327238187
test_03306,0.9996058326650458
test_03307,0.9996714028002872
test_03308,0.9999904218730021
test_03309,2.1486835940012939e-07
test_03310,0.9999997743407113
test_03311,0.00047240917529998245
test_03312,0.9984378832142404
test_03313,1.7325283793347255e-05
test_03314,3.412423903295756e-08
test_03315,0.998254807229134
test_03316,0.9999998960867923
test_03317,0.9999978696276562
test_03318,0.9999995787501212
test_03319,1.1082744292638673e-07
test_03320,0.9998744468928085
test_03321,0.9889023236004175
test_03322,0.9999994010863923
test_03323,0.9994135334660219
test_03324,2.9769456121823837e-06
test_03325,0.0008912795613477252
test_03326,6.666874828143717e-05
test_03327,0.9996330991444112
test_03328,0.9917611648231818
test_03329,0.00043883028380348627
test_03330,0.9999982970882946
test_03331,4.563740991240498e-05
test_03332,0.9981957758404234
test_03333,0.0006154131272521194
test_03334,0.9999993667298526
test_03335,0.9983295504514801
test_03336,1.882989692439578e-08
test_03337,5.741130472110338e-05
test_03338,0.001340126665924406
test_03339,0.9889972056636885
test_03340,0.9802687597916393
test_03341,3.808606275785797e-05
test_03342,0.00015845255633943048
test_03343,1.5952779453007203e-06
test_03344,0.9999935361047537
test_03345,2.3773614386411572e-07
test_03346,0.00344991143613113
test_03347,0.00586134240620775
test_03348,0.001491769874378679
test_03349,0.9999519180686574
test_03350,0.9999993522259274
test_03351,0.4664730444102996
test_03352,0.9999998548961497
test_03353,0.015299168461688113
test_03354,4.6634143425423835e-05
test_03355,0.9068373989711404
test_03356,0.00545374611319598
test_03357,0.9998616974624503
test_03358,0.0023403679898754957
test_03359,0.9999998264450775
test_03360,0.74732666160966
test_03361,0.00020946683861418212
test_03362,0.9999981630604037
test_03363,0.9975824206240561
test_03364,0.9510362228153365
test_03365,0.9554257131636666
test_03366,0.03439853744370439
test_03367,0.9922860895650789
test_03368,0.9999963197622314
test_03369,0.003770775656676854
test_03370,0.999998705368702
test_03371,0.9999999722297074
test_03372,0.0005572741798424354
test_03373,4.367912820039213e-05
test_03374,0.9748273994279419
test_03375,0.00027681608117661555
test_03376,0.9999998979636364
test_03377,0.0003200566925167466
test_03378,7.049563835292886e-07
test_03379,0.9999998228952939
test_03380,0.9999984622195754
test_03381,0.9999997285603675
test_03382,0.9999985327423594
test_03383,0.0003640772525462517
test_03384,0.9984518798351139
test_03385,0.9999850961049774
test_03386,0.6229825467228572
test_03387,0.9999396225872957
test_03388,7.854672773190505e-05
test_03389,0.9997994593708978
test_03390,0.991597061761855
test_03391,0.9999220008140067
test_03392,0.000769674668536881
test_03393,1.1549477296760761e-07
test_03394,0.03563043620597665
test_03395,0.975005167007512
test_03396,7.078785836941566e-05
test_03397,3.69536491085366e-07
test_03398,0.9998590749217446
test_03399,0.9999996433786773
test_03400,8.684758456541346e-07
test_03401,1.2948034672145226e-06
test_03402,0.9981353693221511
test_03403,3.433939820495412e-05
test_03404,1.172920841754217e-07
test_03405,0.999999083570451
test_03406,0.0011587668904761673
test_03407,4.595593576128426e-05
test_03408,6.954216729638677e-06
test_03409,7.593700678710832e-07
test_03410,0.7824206435533085
test_03411,0.9929203113873231
test_03412,0.9991850948725286
test_03413,8.902457485980788e-08
test_03414,0.002755411547463124
test_03415,0.9890362190720807
test_03416,0.0076744576518541704
test_03417,1.26184253298553e-06
test_03418,0.0013743657073512848
test_03419,0.00031446749867891833
test_03420,0.9999997000268918
test_03421,0.0009632490659328687
test_03422,0.9998388822005314
test_03423,5.056526482115562e-06
test_03424,1.403978241258791e-06
test_03425,2.436422706721929e-07
test_03426,0.9998670761334292
test_03427,0.9999989207171471
test_03428,0.0030618322774422875
test_03429,0.9999855816846421
test_03430,0.9999997252155175
test_03431,0.9999976816400962
test_03432,3.4762278983658344e-06
test_03433,0.9999995025516307
test_03434,0.0002582279668361257
test_03435,0.9995719462069973
test_03436,0.007661103419321466
test_03437,0.009149935519514629
test_03438,8.172254403181161e-05
test_03439,0.9999996408003229
test_03440,0.9868053260900888
test_03441,0.9993669895998066
test_03442,0.9877526626604225
test_03443,0.9999997679891873
test_03444,0.054022102695263675
test_03445,0.04007259094602278
test_03446,0.9999924103373262
test_03447,0.9999999313263896
test_03448,0.9999983137949013
test_03449,0.9999999390168243
test_03450,0.9659935197363984
test_03451,0.00016050758705768385
test_03452,7.174248393689549e-08
test_03453,0.0007295943447999862
test_03454,2.4202578219982333e-07
test_03455,1.5246074536672565e-07
test_03456,2.5675118462652017e-06
test_03457,0.0006781080355530914
test_03458,0.9999969605673571
test_03459,4.278831222332419e-08
test_03460,0.0005467310807185791
test_03461,0.943554159365927
test_03462,0.9999925875920633
test_03463,5.396543501823962e-05
test_03464,0.9998294867190469
test_03465,6.233714741345782e-07
test_03466,0.016138070536300963
test_03467,0.995832136077081
test_03468,1.1397534968866827e-07
test_03469,0.0030896393070431916
test_03470,4.585767098964595e-08
test_03471,0.9680270941557177
test_03472,0.9999996592436993
test_03473,0.9902821309768308
test_03474,0.9999999702984828
test_03475,0.9936562354086566
test_03476,0.00017119596447991826
test_03477,0.03484150215984943
test_03478,2.3693935488756254e-07
test_03479,8.019193488483193e-05
test_03480,0.9999995436526214
test_03481,0.9998696656265537
test_03482,0.999836672232922
test_03483,0.0002554780425849801
test_03484,0.9990648480253235
test_03485,1.2724633886969115e-06
test_03486,0.9999978264638216
test_03487,0.9999180231101946
test_03488,0.9999172977420271
test_03489,2.465133543204493e-07
test_03490,0.997483533792667
test_03491,0.9997465586704762
test_03492,0.9986749628162834
test_03493,0.9999998612902797
test_03494,1.456870502438277e-07
test_03495,0.000653165326015747
test_03496,2.863347064921004e-07
test_03497,0.9999204940329318
test_03498,0.9999989211836348
test_03499,0.9999998316012791
test_03500,0.9985963876738722
test_03501,0.0005800854021185218
test_03502,0.046242189328215305
test_03503,0.0003416202366130634
test_03504,0.008490503191308263
test_03505,2.4265338717630924e-07
test_03506,0.0006104462379296842
test_03507,3.096433945485535e-05
test_03508,0.003113701597455826
test_03509,0.0017896127453488747
test_03510,0.9999997162929036
test_03511,0.00015448511435450253
test_03512,0.991589364124999
test_03513,1.600642950047828e-05
test_03514,0.9999291655408303
test_03515,0.9999334263324846
test_03516,4.922260219049977e-07
test_03517,0.9999993472848782
test_03518,7.67599892046976e-08
test_03519,0.9999969436083128
test_03520,0.9999996627238538
test_03521,0.999959737866177
test_03522,0.9985714542675255
test_03523,0.9999967441275238
test_03524,6.2049979789717975e-06
test_03525,0.9999998887184305
test_03526,0.9999971672089834
test_03527,0.9722641184324139
test_03528,0.0013811537891917213
test_03529,1.4018423437503213e-05
test_03530,2.3697932557940815e-06
test_03531,2.366235585064135e-07
test_03532,0.999999932128261
test_03533,6.432190159593914e-05
test_03534,0.9990084049601327
test_03535,5.705574094171587e-08
test_03536,0.9999988600407376
test_03537,6.240427078264629e-05
test_03538,7.952774989662702e-08
test_03539,0.023465058591487724
test_03540,0.9954763777953219
test_03541,0.013055926683335817
test_03542,0.011342806169458609
test_03543,0.9999813584451098
test_03544,6.706646817787946e-08
test_03545,0.00022905535401836097
test_03546,0.9999897965310001
test_03547,0.9999800542994153
test_03548,0.9999994649030001
test_03549,1.9807802414946875e-06
test_03550,0.9999997301898194
test_03551,0.9999999249413886
test_03552,0.9999972045099471
test_03553,0.9931179748866625
test_03554,0.044242172139246125
test_03555,1.3481267314475341e-05
test_03556,0.0024655830594368967
test_03557,0.9859647561046854
test_03558,0.9998596032925461
test_03559,9.9786279645618e-08
test_03560,0.9999814455338885
test_03561,0.9995954347154327
test_03562,0.9999375979595143
test_03563,0.9799996536193355
test_03564,0.9997949936973098
test_03565,0.9999997258385266
test_03566,2.198285461700196e-07
test_03567,0.9999020870444766
test_03568,1.391767261833491e-07
test_03569,1.009302948575981e-05
test_03570,0.9998483076362322
test_03571,2.038620577584238e-05
test_03572,0.9999982739590134
test_03573,0.9995596480766197
test_03574,0.9999944186227332
test_03575,0.9999994459697624
test_03576,0.999999838174346
test_03577,0.000255149599065725
test_03578,4.816659009106412e-05
test_03579,1.983578700544867e-06
test_03580,0.9961365445721212
test_03581,2.325252165807229e-08
test_03582,0.9923726192973608
test_03583,0.9999995940316271
test_03584,2.3027449338798943e-07
test_03585,0.9999306047669433
test_03586,1.5714436319056668e-07
test_03587,0.031664970708604884
test_03588,6.266092778942421e-07
test_03589,0.9861968305812056
test_03590,2.9106395111726312e-06
test_03591,6.51933740501634e-05
test_03592,0.9999998459224522
test_03593,0.9999986862906997
test_03594,2.892476394071858e-07
test_03595,0.9999996496999869
test_03596,0.9876122868648539
test_03597,0.00011552489171897533
test_03598,0.5741761761475005
test_03599,0.9999081360741908
test_03600,0.00021525644167953012
test_03601,0.9998116405761874
test_03602,3.7284192662878e-08
test_03603,0.9999993624910172
test_03604,0.9999963908603863
test_03605,0.9989254352068195
test_03606,1.968200847759795e-05
test_03607,1.0908395116112572e-07
test_03608,0.999999918801615
test_03609,2.563757211061297e-07
test_03610,3.113552387171005e-05
test_03611,0.9961813934799595
test_03612,0.9999984581348428
test_03613,0.9999996323994128
test_03614,1.4836399407612208e-07
test_03615,0.999999075993933
test_03616,0.009510902161717138
test_03617,9.880704723159924e-06
test_03618,0.9999015344670812
test_03619,0.00019512455256134992
test_03620,7.234753953246049e-07
test_03621,2.053165940347845e-06
test_03622,8.231852777655488e-08
test_03623,2.3006958533845703e-07
test_03624,0.027316843590326993
test_03625,0.9999998968894535
test_03626,0.7074852899735676
test_03627,0.0034270980838205485
test_03628,1.784526248400237e-07
test_03629,0.9956548958698853
test_03630,4.0539117312122535e-06
test_03631,7.522469054519693e-05
test_03632,0.9996767319881782
test_03633,0.005658794000838875
test_03634,0.001520089432853187
test_03635,0.9999998891242413
test_03636,0.0005229468727143271
test_03637,1.596625454048062e-07
test_03638,0.9996767566974716
test_03639,0.00011133171130214267
test_03640,5.346740777318568e-07
test_03641,0.9973720716820563
test_03642,0.9718887498875118
test_03643,0.9999969768937483
test_03644,0.0017093457783313734
test_03645,0.9999999698305364
test_03646,0.9994162945642867
test_03647,0.010159660498734829
test_03648,0.9991621400950161
test_03649,0.9999994625836376
test_03650,0.9999942688947028
test_03651,5.1157309136238416e-05
test_03652,3.472440045803652e-06
test_03653,0.9998840024151303
test_03654,0.9995292859467079
test_03655,0.9999998289498528
test_03656,0.7131746417232301
test_03657,0.011707688610609454
test_03658,0.9750623423051709
test_03659,0.9993268345403713
test_03660,0.9999863192710874
test_03661,7.87054824928835e-07
test_03662,0.9999046844805963
test_03663,0.9988106956223246
test_03664,0.9999998899334784
test_03665,0.9999999568386623
test_03666,0.0027345201272031003
test_03667,2.754827121254411e-05
test_03668,0.9992423859291376
test_03669,0.9991170997744052
test_03670,0.00037634202913949073
test_03671,3.8973961834781615e-08
test_03672,0.9812766451012788
test_03673,0.9999751252740371
test_03674,1.3622268201539666e-06
test_03675,0.9999999711917144
test_03676,0.9999996581445175
test_03677,0.9652917683112862
test_03678,0.36456880695454336
test_03679,4.048830156342487e-06
test_03680,0.9999975474168299
test_03681,0.014330279580972013
test_03682,0.9757345546039079
test_03683,0.9999998896876523
test_03684,0.9999999454947256
test_03685,0.9999998472420117
test_03686,0.9999996662980547
test_03687,0.4183095451171644
test_03688,0.9920402522218594
test_03689,5.068021475111809e-08
test_03690,0.9933552593022175
test_03691,0.9999984629420622
test_03692,0.0010075635577126122
test_03693,0.9979280326880426
test_03694,0.9999987271905049
test_03695,1.6029009573506704e-07
test_03696,1.091717326071909e-07
test_03697,0.988272911144674
test_03698,0.9999936838546569
test_03699,0.9999998656275116
test_03700,0.9999997518056231
test_03701,1.098235479445624e-06
test_03702,0.9998953562591016
test_03703,0.9999998399812603
test_03704,6.976041235971969e-05
test_03705,0.001260120566372722
test_03706,3.92642411302289e-08
test_03707,0.9999999084527315
test_03708,0.011439704033367418
test_03709,0.9999838578704024
test_03710,1.992977433844878e-05
test_03711,0.008401926752874121
test_03712,0.9999981750969569
test_03713,5.573512866704482e-07
test_03714,8.415656158863767e-05
test_03715,0.9999999665266994
test_03716,0.999991446844694
test_03717,2.5768564137166047e-07
test_03718,6.409015750752103e-08
test_03719,0.9999999273063753
test_03720,0.00022113429187056962
test_03721,4.6271846612973454e-08
test_03722,1.0234138106767759e-06
test_03723,3.573870206532586e-07
test_03724,0.9998624055256188
test_03725,7.77214715744707e-09
test_03726,0.9999998362718044
test_03727,1.1876310941222197e-06
test_03728,0.007441195839902634
test_03729,0.0002948126893692007
test_03730,0.9994193565558207
test_03731,0.8890636994049955
test_03732,0.9999938391825964
test_03733,0.9941725486051876
test_03734,0.9999997651712361
test_03735,2.8925583195975502e-05
test_03736,0.00028836266303779406
test_03737,0.9999997484245733
test_03738,0.9806452626370167
test_03739,0.9999669018496741
test_03740,7.347017484084699e-06
test_03741,0.000329566579877564
test_03742,0.9763967246828383
test_03743,0.9999997051138066
test_03744,0.9999986764309233
test_03745,0.9991621346606602
test_03746,0.0003886807114508623
test_03747,0.08993894089299923
test_03748,0.00034655928392803145
test_03749,0.8807884898726077
test_03750,0.9999998255267599
test_03751,0.9969526536137335
test_03752,0.9785100579661087
test_03753,0.9991448585587461
test_03754,0.9996844624396289
test_03755,0.9999995704296287
test_03756,0.9994775203038062
test_03757,2.620396585215007e-07
test_03758,0.999999801348178
test_03759,0.00024658431276975996
test_03760,0.0015323964872801517
test_03761,0.0015837707502921298
test_03762,0.9997737460669327
test_03763,0.03319764760115632
test_03764,0.9994374539967044
test_03765,0.00044636030030175533
test_03766,0.9999998467261393
test_03767,0.9842028710159523
test_03768,8.028391953760977e-05
test_03769,0.000167753675567613
test_03770,0.9983865307877925
test_03771,0.9645206739149118
test_03772,0.9990026017911336
test_03773,5.476265472732153e-08
test_03774,0.7674047988039058
test_03775,0.9999990625409894
test_03776,3.1193677196083926e-08
test_03777,0.00015542040052612396
test_03778,0.9999969263509945
test_03779,1.4714341679453722e-07
test_03780,8.527358295226968e-08
test_03781,3.4773643442482016e-06
test_03782,5.732377792052328e-07
test_03783,1.9529065208798315e-07
test_03784,2.9181930301458997e-07
test_03785,0.9999999054593406
test_03786,0.03126500109656753
test_03787,2.194582271791849e-07
test_03788,4.2429647148183795e-08
test_03789,0.022359876168223877
test_03790,0.9578947850974969
test_03791,0.9579542009147145
test_03792,0.9999998011551401
test_03793,2.2048183039257033e-07
test_03794,0.9977826533872123
test_03795,0.9999287177340843
test_03796,0.9815305511414777
test_03797,2.0837512807519685e-06
test_03798,0.9999991403820239
test_03799,1.2590283522927292e-06
test_03800,0.9999998821921833
test_03801,3.2261280373775374e-08
test_03802,0.01682515364768571
test_03803,0.00047648293707030733
test_03804,2.597678678282071e-06
test_03805,0.7745051140832315
test_03806,9.660684567526256e-06
test_03807,0.7493380059983924
test_03808,0.999999894858868
test_03809,0.0005785882643894644
test_03810,5.8153099546426485e-06
test_03811,6.782320781324473e-07
test_03812,1.4531209474938283e-07
test_03813,0.9999994213258507
test_03814,3.335735149485254e-05
test_03815,0.980945591288018
test_03816,1.6953949596185063e-06
test_03817,0.9814164469665619
test_03818,0.0001520565284886313
test_03819,0.8305334307154819
test_03820,0.9999990082785287
test_03821,0.9999903788957699
test_03822,0.9991649137606384
test_03823,3.295832727585621e-05
test_03824,0.9796570833769637
test_03825,0.9773776998732187
test_03826,0.9999999721404401
test_03827,0.0003132074009371491
test_03828,0.9972814972069255
test_03829,0.015060630394076062
test_03830,0.9962300981826041
test_03831,2.9698745070164856e-07
test_03832,1.2136006922827581e-06
test_03833,1.0697179952011616e-05
test_03834,0.9999998766211905
test_03835,0.999971906447703
test_03836,0.0003427540584344612
test_03837,0.0006310407964034161
test_03838,6.847803563163363e-05
test_03839,7.627144634518061e-05
test_03840,0.9999991503445758
test_03841,0.9999995450555348
test_03842,0.0003609102376641343
test_03843,0.9935072174401649
test_03844,3.1882815073290226e-07
test_03845,0.9999909492948436
test_03846,0.9999999484154483
test_03847,7.216567239665416e-08
test_03848,0.9988369497430009
test_03849,0.9996945677920318
test_03850,0.015151103544138431
test_03851,2.4256674030183115e-06
test_03852,2.4723800224452264e-05
test_03853,0.9999998268536092
test_03854,0.9999624141062083
test_03855,2.1004882316204574e-07
test_03856,0.012204982596570104
test_03857,3.490647182902993e-08
test_03858,5.092195651287159e-07
test_03859,1.6029406956523073e-07
test_03860,4.490472956412837e-08
test_03861,1.1731481457102546e-06
test_03862,0.9999224578995817
test_03863,0.9999993944269637
test_03864,0.9999790691660176
test_03865,2.1965279024984233e-06
test_03866,0.9999994492214928
test_03867,9.967256080481829e-05
test_03868,1.3317645639042704e-07
test_03869,0.9999981565188183
test_03870,0.990776100957033
test_03871,1.0328756760407821e-05
test_03872,1.6672911033138447e-06
test_03873,8.058187419411364e-06
test_03874,0.0006207968662901616
test_03875,3.788009348911678e-05
test_03876,0.9999999286775976
test_03877,0.011464851186104144
test_03878,0.9843391938614954
test_03879,0.9999267668546628
test_03880,0.9999443291581493
test_03881,4.725836645615457e-08
test_03882,0.9999997687578013
test_03883,1.7866450439120236e-05
test_03884,0.9999999009977336
test_03885,3.3341989617983926e-05
test_03886,2.135954598580168e-07
test_03887,0.00016511510047437849
test_03888,0.9998705021490385
test_03889,1.0943208150748617e-07
test_03890,0.8693032349036024
test_03891,2.584922879258229e-07
test_03892,0.00024652474325110994
test_03893,2.439115726319962e-07
test_03894,0.0028748526564470467
test_03895,0.00127359548063504
test_03896,0.999757438031598
test_03897,0.9999999189748664
test_03898,4.4039207154391876e-05
test_03899,0.9879723322595121
test_03900,0.25005725610582985
test_03901,1.9221930352118572e-07
test_03902,5.135610086417712e-05
test_03903,0.9999955275795764
test_03904,5.276463159638852e-05
test_03905,0.9999890429858864
test_03906,5.464170326585802e-07
test_03907,0.9997021557082351
test_03908,0.9979579561643096
test_03909,0.9999996773913028
test_03910,2.7164853755626057e-05
test_03911,0.9997367651362316
test_03912,0.9999998474983337
test_03913,0.00023965249168165291
test_03914,0.0009466250507416071
test_03915,1.9787009951489833e-05
test_03916,0.9997391881420116
test_03917,0.9999985086351602
test_03918,0.9995743324309927
test_03919,0.9995391919986684
test_03920,0.9521192219886553
test_03921,4.994650916721624e-07
test_03922,1.0898157014830671e-06
test_03923,0.9998322994754795
test_03924,0.3861282053803755
test_03925,1.1816029248644886e-05
test_03926,0.996814844832141
test_03927,1.736241547438777e-06
test_03928,5.938835037069703e-08
test_03929,0.9994383685859892
test_03930,0.9955595529637653
test_03931,0.9999996569862779
test_03932,0.0001423247011520487
test_03933,2.7046922039844614e-07
test_03934,0.9999997186182951
test_03935,0.0001423138866818137
test_03936,0.0029045298906398382
test_03937,2.1506604985271862e-07
test_03938,0.9960466059516385
test_03939,0.0003490283250087271
test_03940,4.7128580216179526e-07
test_03941,0.02163700602063802
test_03942,9.269932231845804e-05
test_03943,0.00016440585029156704
test_03944,0.999999828688561
test_03945,0.9999992508963476
test_03946,0.9953422517369311
test_03947,0.9988715264951704
test_03948,0.9999999102255032
test_03949,0.9094910786582906
test_03950,0.9988827934753305
test_03951,9.932602419801018e-05
test_03952,0.9727759526372671
test_03953,0.9999998399688533
test_03954,0.9996507877845446
test_03955,2.664870626876681e-05
test_03956,0.0001178115239649581
test_03957,0.9942977766399542
test_03958,0.9999999324874734
test_03959,0.0035735938379753843
test_03960,7.798583474928445e-07
test_03961,0.9999998687519492
test_03962,0.9999893968267353
test_03963,0.0008793758494973523
test_03964,0.9963447005336097
test_03965,4.027842392223241e-08
test_03966,1.3249497726980828e-06
test_03967,4.127076561581709e-08
test_03968,0.999999598129727
test_03969,0.9999992578575606
test_03970,0.9963175477869487
test_03971,4.258048570027358e-07
test_03972,0.0019369253306636153
test_03973,0.9999996499033197
test_03974,0.002378580876082021
test_03975,0.9998097392346831
test_03976,0.9999968527025261
test_03977,0.9999999064620132
test_03978,0.002941979098102855
test_03979,0.9999997636772552
test_03980,0.9945081349539504
test_03981,0.9999999645266932
test_03982,0.9849524965568116
test_03983,0.9999178009966
test_03984,0.9945012927788085
test_03985,2.0264523530701786e-06
test_03986,4.4654670013540775e-06
test_03987,0.997052146094992
test_03988,0.9999999451814189
test_03989,1.9738627214331967e-07
test_03990,5.314482822137329e-06
test_03991,6.936839754224733e-08
test_03992,0.9559022155965671
test_03993,0.0005045581587358793
test_03994,5.990755206331832e-05
test_03995,0.0004951239293217615
test_03996,0.9997568591178515
test_03997,0.9999931487908549
test_03998,0.9999994930540003
test_03999,0.99999726142086
test_04000,0.9997556744289586
test_04001,0.022003517798140956
test_04002,0.9999999542798498
test_04003,0.995195490248814
test_04004,0.9928895870673918
test_04005,0.0011239505498206982
test_04006,2.6226454461882277e-06
test_04007,1.5395118271142554e-07
test_04008,0.9970925046887312
test_04009,4.7302700761606866e-05
test_04010,0.0005134949184921513
test_04011,2.535614248125785e-05
test_04012,1.3127533261385119e-07
test_04013,7.216135401894203e-07
test_04014,0.999999771807803
test_04015,0.9941806061567692
test_04016,0.9997767112758656
test_04017,0.00015975096072735182
test_04018,0.9982012230183166
test_04019,0.9999989931026445
test_04020,0.9999997591093114
test_04021,2.381614841128885e-05
test_04022,3.2899494089910505e-07
test_04023,0.16317326879630203
test_04024,5.155361255856685e-07
test_04025,8.37520899643162e-05
test_04026,0.9999850571496768
test_04027,2.57202354921978e-07
test_04028,0.0017187345243138764
test_04029,0.9961234514570708
test_04030,0.9998415870862605
test_04031,4.137656670673713e-08
test_04032,0.0005330274064472714
test_04033,0.999999576065523
test_04034,0.9999996278867668
test_04035,0.97381204905501
test_04036,0.9999990361123896
test_04037,0.9999916909873142
test_04038,0.0024527314387324433
test_04039,7.004793429615681e-07
test_04040,0.9999808387223248
test_04041,0.99864828939532
test_04042,0.9996903328018726
test_04043,0.0027590551227391984
test_04044,4.901746881943834e-07
test_04045,0.0005298907902616613
test_04046,0.00037942933283480976
test_04047,0.9996669938259733
test_04048,0.999704137951707
test_04049,0.9991367863545277
test_04050,2.961025972211327e-06
test_04051,0.999999971175613
test_04052,0.9999990109180255
test_04053,0.8378914876096738
test_04054,0.012720148568692306
test_04055,0.9999300495594031
test_04056,0.9999997754462162
test_04057,0.9999999382931555
test_04058,0.9998248761381197
test_04059,0.9981395963802365
test_04060,0.9999999289335596
test_04061,0.0016434951779269362
test_04062,1.6253451515647474e-05
test_04063,0.0006782970421089307
test_04064,0.9999648927303846
test_04065,0.9895461547534882
test_04066,0.9999998548761653
test_04067,6.202996800118539e-05
test_04068,5.436469785864737e-07
test_04069,4.2030771110125473e-07
test_04070,1.249115760233857e-07
test_04071,0.9999589227175492
test_04072,0.0007068891677168572
test_04073,4.3179586126364885e-05
test_04074,0.0211090023319061
test_04075,0.9999990088742257
test_04076,0.996954304053232
test_04077,0.9848396628592179
test_04078,0.9999827629397308
test_04079,1.6807853368335762e-06
test_04080,0.0138285035077417
test_04081,0.9999197445408013
test_04082,2.0594442476464423e-07
test_04083,0.02923993829659864
test_04084,0.9996817959780459
test_04085,1.2080585957228029e-05
test_04086,0.0013342546207649661
test_04087,0.9999989920180514
test_04088,0.999999838033272
test_04089,5.133698824152893e-07
test_04090,0.9999636018285769
test_04091,0.9995753894673334
test_04092,0.9999991805879747
test_04093,0.9999997408022917
test_04094,0.02382197438580272
test_04095,0.9287176916229366
test_04096,0.0004109184776629816
test_04097,0.8562468566920244
test_04098,5.132777551819391e-05
test_04099,0.9999243898425119
test_04100,0.999999960990261
test_04101,5.4843502091118555e-08
test_04102,0.0001042434240854475
test_04103,8.706680883897733e-05
test_04104,0.9994315272043167
test_04105,0.0006484009863843233
test_04106,0.00019371535437957596
test_04107,5.236444910863997e-06
test_04108,0.9999992960474335
test_04109,0.9999998552927435
test_04110,0.8089923802777402
test_04111,0.999780916196018
test_04112,0.0012602965955734347
test_04113,0.9997634865372893
test_04114,0.9829844110536268
test_04115,0.9993402736823999
test_04116,0.99998729384592
test_04117,0.9999999463130445
test_04118,1.3583720520803631e-06
test_04119,0.027804418594836785
test_04120,0.9999796580481548
test_04121,0.49644137298729174
test_04122,4.64500995407881e-07
test_04123,0.9998224885337014
test_04124,0.999947807797025
test_04125,4.910997723265824e-05
test_04126,6.955519534133279e-08
test_04127,1.2596312629983927e-07
test_04128,0.9999995002301421
test_04129,0.9996936484041816
test_04130,7.028073003866426e-06
test_04131,0.00012318135237848624
test_04132,0.06988949686153582
test_04133,1.0675551372741952e-07
test_04134,0.9988132826051186
test_04135,0.9999997682133062
test_04136,0.9751446933680977
test_04137,3.9533003268170423e-07
test_04138,0.009764099863711465
test_04139,0.9772292550988613
test_04140,0.9999998726669956
test_04141,0.008417442472636923
test_04142,0.9941743847012884
test_04143,0.9999829618275005
test_04144,0.999660904444673
test_04145,0.995280816220357
test_04146,9.999009070478977e-08
test_04147,9.932785862501198e-05
test_04148,0.9988761635146567
test_04149,0.9965901776695044
test_04150,0.00032988957130983845
test_04151,0.769733559471674
test_04152,0.002509841329164657
test_04153,0.9985031677315518
test_04154,0.00026452645748234303
test_04155,0.0001443144376550655
test_04156,0.9993384451330098
test_04157,0.999949585217489
test_04158,0.9990337058649689
test_04159,9.617552052761064e-06
test_04160,0.9999988018242524
test_04161,1.3207386610179112e-06
test_04162,0.999999848594016
test_04163,0.04166680679801228
test_04164,0.9952131024664055
test_04165,0.9999997199236171
test_04166,3.32674183682037e-05
test_04167,1.636222336027302e-07
test_04168,3.998546998942924e-06
test_04169,0.9999999248047949
test_04170,0.9999705332500863
test_04171,0.9999994725489809
test_04172,0.00014601242939191024
test_04173,0.9999891533476594
test_04174,1.4721035317142945e-07
test_04175,0.9999982028983411
test_04176,0.945397542846485
test_04177,2.4366997902105018e-05
test_04178,0.9998881508462576
test_04179,0.0037663083564943565
test_04180,2.6155136945541404e-07
test_04181,0.997929900838249
test_04182,0.9999993285156256
test_04183,0.9740523901143459
test_04184,0.9999994836389146
test_04185,0.999997464435084
test_04186,0.992167148743509
test_04187,0.9996431151540268
test_04188,0.00014825865084464512
test_04189,1.1868531361415658e-07
test_04190,0.9993562206560824
test_04191,0.9999385481553846
test_04192,3.741610774319659e-07
test_04193,0.0013934760165450106
test_04194,2.576688333940453e-05
test_04195,1.8682182706606493e-07
test_04196,0.9999952116737997
test_04197,3.95076304746509e-07
test_04198,0.9999997948541052
test_04199,9.347842717401821e-06
test_04200,1.8903939598014208e-06
test_04201,0.9998481101944287
test_04202,0.9996284567089931
test_04203,0.9999950665118389
test_04204,0.003538139003246994
test_04205,5.797189064896391e-08
test_04206,7.711607803030184e-08
test_04207,0.9920768277542219
test_04208,4.637673198927161e-05
test_04209,2.2294572763751555e-05
test_04210,0.99986466194555
test_04211,0.9995030141545959
test_04212,0.9976525951497119
test_04213,0.0011133413692798549
test_04214,0.9999999189684213
test_04215,1.2333399950223527e-05
test_04216,0.0004207381393490104
test_04217,0.9999983517024795
test_04218,0.0036702967463733433
test_04219,0.9999995136819435
test_04220,5.905359312899663e-07
test_04221,0.999901358355813
test_04222,0.9998710827305111
test_04223,0.9999951565676343
test_04224,0.999996810478842
test_04225,0.023756779593762933
test_04226,0.9999994951862338
test_04227,0.9997915103093068
test_04228,0.999943171178042
test_04229,0.9999047711817195
test_04230,2.3130604531555817e-06
test_04231,0.9999503343465703
test_04232,0.9999721926056159
test_04233,0.9999998669643045
test_04234,0.9999997877771842
test_04235,0.9999998330519789
test_04236,7.99470997938373e-06
test_04237,0.9998605945569478
test_04238,9.410194353869095e-08
test_04239,0.9990501353362086
test_04240,0.9999978442053615
test_04241,0.9999998366634129
test_04242,0.9973426102361574
test_04243,0.0002985175742061572
test_04244,0.9942079890845122
test_04245,0.9995440971201216
test_04246,0.9999998897984254
test_04247,0.9993175275282962
test_04248,0.9999909546185135
test_04249,0.9999999156206703
test_04250,0.9996308653137203
test_04251,0.9997940527004174
test_04252,5.5087826487094e-06
test_04253,0.0016116654091349945
test_04254,7.951917672596849e-05
test_04255,0.9991257278369535
test_04256,0.9999999222695326
test_04257,0.0010598204719675592
test_04258,5.634953683512529e-06
test_04259,0.999998362526071
test_04260,0.7315029594964468
test_04261,0.9999998443160698
test_04262,0.041980606325349654
test_04263,0.00016188145726395842
test_04264,0.9999997221954685
test_04265,0.9999995593647925
test_04266,7.592733865999204e-05
test_04267,1.7992331394088503e-07
test_04268,0.9999998829457141
test_04269,0.9999997700984364
test_04270,0.0007289640018089486
test_04271,2.048854773682712e-05
test_04272,7.803609732600316e-08
test_04273,0.059655145179407745
test_04274,0.0006311258358625767
test_04275,0.00015663696385983814
test_04276,0.9999987455632342
test_04277,1.2645444355108634e-06
test_04278,0.9802151822804122
test_04279,0.002572743382266761
test_04280,0.006605825662739709
test_04281,0.9996968080188738
test_04282,0.6576570282519043
test_04283,4.7633222988152986e-07
test_04284,3.3746028016192217e-07
test_04285,0.9996198322274252
test_04286,9.001230285824092e-05
test_04287,0.9999999468519244
test_04288,3.358750048172672e-05
test_04289,0.9999999352115818
test_04290,0.02959030484934594
test_04291,2.770071879278275e-05
test_04292,0.018723694377318474
test_04293,0.9999985789772119
test_04294,0.9772746789747413
test_04295,6.248039440197979e-08
test_04296,0.999585094026097
test_04297,0.996331179436544
test_04298,0.9999997615243474
test_04299,0.00011579617289929945
test_04300,6.988227295750473e-08
test_04301,0.9995648374137976
test_04302,0.002462345908530369
test_04303,0.9987015053135673
test_04304,0.9999918923403363
test_04305,0.8512563596981721
test_04306,3.221163082141304e-07
test_04307,0.9998472092988928
test_04308,4.3896676110294497e-07
test_04309,0.8175727952086291
test_04310,0.9999999454844434
test_04311,0.9999806033097
test_04312,0.9990334531447876
test_04313,2.0275421108876612e-05
test_04314,0.9702896618243158
test_04315,0.9999990016513675
test_04316,4.24482755817594e-08
test_04317,4.700380523355023e-07
test_04318,0.00020877625568910176
test_04319,0.00024734615210860784
test_04320,0.0005655721545510301
test_04321,0.9999991682214582
test_04322,0.9998752479896188
test_04323,3.0594817479600636e-07
test_04324,0.9999981138410365
test_04325,0.9998071217222608
test_04326,0.9659899722935731
test_04327,1.361927550762547e-05
test_04328,2.0876272107660302e-05
test_04329,0.9999997183008448
test_04330,0.9999923841090719
test_04331,0.9999579718537598
test_04332,5.419359106031049e-06
test_04333,1.3105644005148546e-07
test_04334,0.9999975581451098
test_04335,5.899254949866704e-07
test_04336,0.006625790148230641
test_04337,0.9999200207083996
test_04338,0.9999909368379862
test_04339,0.9999836080475238
test_04340,0.001278395959688126
test_04341,0.9999998664275386
test_04342,0.001096946925595248
test_04343,0.9764082275803573
test_04344,0.012721273793496364
test_04345,0.9999985460671511
test_04346,0.0007912686457440458
test_04347,0.0002936488890680112
test_04348,0.999394956320676
test_04349,0.9999992911327531
test_04350,0.9999993159822256
test_04351,0.022999994648209787
test_04352,9.47893698376819e-06
test_04353,0.9994061673779258
test_04354,5.968351720285744e-08
test_04355,0.9999994259138995
test_04356,0.001043580149680362
test_04357,0.6541637563710968
test_04358,0.00015675757059890563
test_04359,0.0024538928054248584
test_04360,0.7879042369574991
test_04361,0.00017644151386230096
test_04362,3.035846216303281e-06
test_04363,0.9992763092773349
test_04364,0.9996482622528836
test_04365,0.0031194812210695857
test_04366,6.42512481778033e-05
test_04367,1.899216885489022e-07
test_04368,8.466016890121336e-06
test_04369,0.9476853854375795
test_04370,3.22242612291681e-08
test_04371,0.9999458417912047
test_04372,0.9907770545010622
test_04373,4.411418819775679e-07
test_04374,4.903980150037633e-07
test_04375,0.999973448047115
test_04376,0.005573135358732481
test_04377,8.204818871796506e-07
test_04378,0.9999995652920985
test_04379,0.013207387292856256
test_04380,6.025554722584764e-07
test_04381,0.9999997989492881
test_04382,1.9612490336476742e-07
test_04383,0.00506171207479859
test_04384,0.9996517645261692
test_04385,0.9919277290315223
test_04386,0.00023446498625115226
test_04387,1.9742457973828616e-07
test_04388,0.0006960826642933632
test_04389,1.2468249796616926e-06
test_04390,0.9966842515730808
test_04391,0.998582118665048
test_04392,0.9999996281051751
test_04393,0.9999993017736813
test_04394,0.9999835720931054
test_04395,4.756656671923083e-07
test_04396,0.00018275804308689285
test_04397,0.997764683410006
test_04398,3.0254766484833484e-05
test_04399,1.1663276813406044e-07
test_04400,0.0003026018456837745
test_04401,0.00029986679561583746
test_04402,0.9999929124664789
test_04403,0.9707779978387794
test_04404,3.892536540349509e-05
test_04405,0.9999999658253712
test_04406,0.9999998284384767
test_04407,7.160407750558936e-07
test_04408,0.9997950294993196
test_04409,0.9999944053021051
test_04410,0.9999994469280576
test_04411,0.9999535734234322
test_04412,0.9972207660042003
test_04413,0.9999999127315605
test_04414,0.9999714307194387
test_04415,3.21672509639378e-08
test_04416,0.0018983848631377081
test_04417,3.0974571793931846e-07
test_04418,5.108844176875655e-07
test_04419,2.23129751077898e-07
test_04420,2.2829268964747008e-07
test_04421,0.9999956334509049
test_04422,3.923592970427577e-05
test_04423,4.684688185074044e-07
test_04424,0.002676190745758234
test_04425,0.9999998653135588
test_04426,2.197118554319669e-05
test_04427,0.9995060523380478
test_04428,0.00019843767570364103
test_04429,0.999999900658343
test_04430,0.9994559841521381
test_04431,0.9999715312107531
test_04432,5.8951732675645424e-08
test_04433,0.008556934905741206
test_04434,0.9999997304942487
test_04435,4.162924491734547e-06
test_04436,0.00011872932927645838
test_04437,0.9999579535805942
test_04438,0.8543390585140299
test_04439,2.499066065428442e-05
test_04440,0.9999995599484273
test_04441,0.9991464696744701
test_04442,0.999999019535779
test_04443,2.3929603890983854e-07
test_04444,0.9999300168770169
test_04445,0.9999912064422799
test_04446,6.791896555970555e-07
test_04447,0.999975975811284
test_04448,2.2151862668785167e-07
test_04449,0.9606717220978739
test_04450,0.9999824930466839
test_04451,1.8148164965801127e-05
test_04452,3.330561779434424e-07
test_04453,0.9992921899007026
test_04454,8.18537140944667e-07
test_04455,0.9997378655808962
test_04456,6.016586653836946e-07
test_04457,0.006340969756560671
test_04458,0.9999998086537538
test_04459,1.6552994536833041e-06
test_04460,2.2224361258251373e-07
test_04461,0.9740300860780053
test_04462,0.03267968072740863
test_04463,0.9947845013497988
test_04464,0.9999999050566913
test_04465,0.02831169907621321
test_04466,3.5201143736478934e-05
test_04467,0.9999845112628706
test_04468,7.978128833839622e-05
test_04469,1.7188082684585043e-06
test_04470,0.12855777727131712
test_04471,0.9876660722447117
test_04472,0.9999992507659012
test_04473,3.61250616859026e-07
test_04474,0.0001393965702143453
test_04475,3.308723304385893e-08
test_04476,3.0883508598289334e-07
test_04477,0.035891794455129834
test_04478,0.9992187790938986
test_04479,0.9555562906472523
test_04480,0.9957898894782988
test_04481,0.9836031980268793
test_04482,3.113601109704021e-05
test_04483,0.9999998700663777
test_04484,0.9978209446420888
test_04485,0.9999997327347357
test_04486,0.9999995788252374
test_04487,6.51766308671596e-05
test_04488,0.9999917478841664
test_04489,8.170276694986469e-07
test_04490,0.9888364337757499
test_04491,0.026682654477942755
test_04492,6.329341658589144e-06
test_04493,0.11571524809703217
test_04494,2.0608063721782933e-05
test_04495,0.9999987670044582
test_04496,2.7059567742854794e-07
test_04497,2.404794781132202e-07
test_04498,1.470605843362724e-06
test_04499,0.0010443781922429862
test_04500,0.9999997922776332
test_04501,4.3039452800660694e-05
test_04502,0.999917389870341
test_04503,0.0006253424395901827
test_04504,1.4558923409991126e-07
test_04505,0.014770310165420289
test_04506,0.9999997513417945
test_04507,1.275063275602327e-07
test_04508,4.947572559395707e-06
test_04509,0.00012323608323100847
test_04510,2.386546460370033e-07
test_04511,1.2738663319001307e-07
test_04512,0.9999999629155931
test_04513,2.476824750976996e-06
test_04514,0.9999599331441961
test_04515,5.044697639947777e-07
test_04516,0.9948625676727662
test_04517,0.9999999123973767
test_04518,6.716514554373138e-08
test_04519,0.0024381859796915053
test_04520,9.728844026682565e-05
test_04521,0.998723704765492
test_04522,0.9999995174264922
test_04523,5.545316290620855e-07
test_04524,0.999999671351867
test_04525,4.575875646162529e-07
test_04526,0.9999974300644728
test_04527,0.010572844733101492
test_04528,0.9996250811523975
test_04529,5.312657294337777e-08
test_04530,7.045116866360159e-07
test_04531,0.04646626913766924
test_04532,0.9996142627472271
test_04533,5.276584436814714e-07
test_04534,0.0025712487456881505
test_04535,0.9814167727117936
test_04536,3.461031810401955e-07
test_04537,0.00010722998886322497
test_04538,0.42760119671929353
test_04539,0.9865710477900512
test_04540,0.9972758265309287
test_04541,0.9999999577804546
test_04542,0.9936690495947865
test_04543,7.004769089026784e-08
test_04544,0.9675192593479175
test_04545,0.9999814863715738
test_04546,0.9999929065072288
test_04547,0.9999998011903735
test_04548,0.9999124634925537
test_04549,6.08083365090596e-06
test_04550,0.9980332639199327
test_04551,0.9999997235918441
test_04552,0.0018557934175136683
test_04553,0.0007234974232201095
test_04554,0.023214005197573044
test_04555,0.0006927864671760336
test_04556,0.3911901215521713
test_04557,0.005731113735824383
test_04558,3.126560847066463e-05
test_04559,0.00012663751749669686
test_04560,0.0021158419142274162
test_04561,4.487890367755486e-07
test_04562,0.0008090971576649542
test_04563,0.999967103294427
test_04564,1.863470365710536e-05
test_04565,0.9999624162474592
test_04566,6.522231461448328e-05
test_04567,0.9999971082417526
test_04568,2.542751833011105e-06
test_04569,0.9999991287673583
test_04570,0.00014303213536975558
test_04571,3.135491736956986e-07
test_04572,0.9999998863173738
test_04573,0.9999896992939098
test_04574,5.264087328332087e-05
test_04575,0.9998009721500919
test_04576,0.99999838241318
test_04577,0.9980974106528677
test_04578,0.9999999515749879
test_04579,1.4540578709674449e-06
test_04580,6.860232114487236e-05
test_04581,0.01452007394627339
test_04582,2.6401425671843955e-07
test_04583,0.999844833381378
test_04584,0.8772906049111567
test_04585,0.9983558682297409
test_04586,2.5737461651561703e-05
test_04587,0.9742890668530487
test_04588,0.999998516896927
test_04589,0.9988536304842938
test_04590,0.9999998029393244
test_04591,0.9999595530693605
test_04592,0.0031706875420554424
test_04593,0.9786498453689703
test_04594,0.023592308023545477
test_04595,0.9995158991742811
test_04596,1.895748515079738e-07
test_04597,3.6127297970503964e-07
test_04598,8.590651035455594e-05
test_04599,0.997695649643165
test_04600,0.0016050825834371925
test_04601,1.8094274629903826e-05
test_04602,0.45184040783882595
test_04603,0.999999894785591
test_04604,0.008076596064527077
test_04605,0.9994951730286054
test_04606,0.9589054683864081
test_04607,1.4869388048594295e-06
test_04608,8.689110120360537e-05
test_04609,0.9640901473833035
test_04610,1.368808180363752e-07
test_04611,0.9999999483613817
test_04612,0.9999999612203005
test_04613,0.9993530124550417
test_04614,0.9999999039243023
test_04615,0.9987717659711252
test_04616,0.9989472386615482
test_04617,0.00011221091575631655
test_04618,0.9999995886340081
test_04619,0.9699926451357177
test_04620,0.00017988573558451866
test_04621,0.9998746132410612
test_04622,0.9999995595871926
test_04623,0.999995137663954
test_04624,0.9981914139248231
test_04625,0.9999516887866263
test_04626,5.703711206927413e-07
test_04627,1.5319514369817618e-07
test_04628,0.9998834081070037
test_04629,0.9977227106992571
test_04630,0.9999984163889507
test_04631,0.9999998197970001
test_04632,9.403336429576722e-08
test_04633,0.002958805624941748
test_04634,0.9999998689238058
test_04635,0.9991850305532138
test_04636,0.9908424125580844
test_04637,0.9883620067754243
test_04638,0.9999952588824507
test_04639,0.9999997661347345
test_04640,0.999999539955085
test_04641,0.9999994255153682
test_04642,0.6104561907051986
test_04643,0.9784771201266885
test_04644,0.005127368190713453
test_04645,0.9999991444637827
test_04646,0.0013175014859261834
test_04647,0.9998985730670904
test_04648,0.9728865532680785
test_04649,0.9963235978611623
test_04650,7.43396418093581e-05
test_04651,0.9999998858550082
test_04652,0.0012901961639788248
test_04653,0.9898880127804818
test_04654,6.72701468919858e-07
test_04655,0.09780308414832305
test_04656,6.950544516933713e-08
test_04657,0.9999789399820214
test_04658,0.9999997037943027
test_04659,0.9823987055069933
test_04660,0.022353705099957082
test_04661,6.599008074620624e-07
test_04662,0.00011238945589723634
test_04663,0.00035650076211809166
test_04664,0.0002632729009009178
test_04665,0.9999958517297702
test_04666,1.5964714245870194e-07
test_04667,0.9999998431872995
test_04668,3.905003722790362e-05
test_04669,0.9999079090880737
test_04670,0.9999988598784395
test_04671,0.0005192627805941678
test_04672,0.0007568740980662712
test_04673,0.00774445616936569
test_04674,0.0006217631356512018
test_04675,1.664606481783884e-05
test_04676,0.0027896290484699542
test_04677,0.9999997813470914
test_04678,0.9940646897767323
test_04679,6.0377452076564824e-05
test_04680,0.9984919791381289
test_04681,0.9999953362753657
test_04682,6.684617054443085e-08
test_04683,0.0005526421895011493
test_04684,0.0011151880517470763
test_04685,0.9943705467085612
test_04686,0.9999998117383401
test_04687,0.9999991885215712
test_04688,0.15028899411631794
test_04689,0.9999518258197004
test_04690,0.9998546151572683
test_04691,2.0198886467461085e-07
test_04692,5.2110086392407054e-08
test_04693,0.9999996935582749
test_04694,0.9950399507813528
test_04695,3.223907393910427e-06
test_04696,0.9999948564990131
test_04697,2.2612350384849674e-07
test_04698,1.411502304968369e-07
test_04699,0.00015597964363865026
test_04700,0.9999508527355417
test_04701,0.0004692598354118385
test_04702,0.0048650733047429446
test_04703,0.9999998545724014
test_04704,8.268560671081123e-08
test_04705,0.0016098392234706726
test_04706,5.6955881497905404e-08
test_04707,0.9999403488428245
test_04708,4.4736247007276174e-07
test_04709,5.548587654704361e-07
test_04710,0.9982338478692746
test_04711,0.9999854825952714
test_04712,0.9999647698513661
test_04713,0.9864343843781227
test_04714,0.0028185322894202862
test_04715,0.9993826756043056
test_04716,7.695786626947903e-08
test_04717,0.0005287922106261891
test_04718,0.00031755870516166193
test_04719,0.0001292394253903586
test_04720,0.9999743242862938
test_04721,0.9999985723722677
test_04722,0.9999308467021482
test_04723,0.9999516103907041
test_04724,0.999999871661692
test_04725,0.998982114284948
test_04726,0.9864552248157499
test_04727,0.9999988891597197
test_04728,0.999994690170417
test_04729,6.380452162240938e-08
test_04730,4.345553246336304e-05
test_04731,3.2084551930395186e-05
test_04732,0.9999194037501125
test_04733,0.0043354362973980175
test_04734,0.9999916636248238
test_04735,0.9999999317106476
test_04736,0.0020870383201818782
test_04737,5.880152967018509e-07
test_04738,9.306019973682395e-07
test_04739,7.215875655940087e-07
test_04740,0.9983067434938985
test_04741,0.9999988298269251
test_04742,0.9999997218881426
test_04743,0.9601476062652865
test_04744,0.9920286963657488
test_04745,0.996544067501731
test_04746,5.780396675577683e-08
test_04747,2.986495086351085e-05
test_04748,0.08703355280115087
test_04749,0.9863563881668845
test_04750,0.9954279739203699
test_04751,0.9999997068058297
test_04752,3.7671742904238424e-05
test_04753,0.999998287336425
test_04754,8.489575187555989e-05
test_04755,4.408215508808827e-05
test_04756,6.172350900409928e-08
test_04757,2.9990309036458936e-07
test_04758,9.480318866348161e-08
test_04759,0.9999882430003167
test_04760,0.9999995762618666
test_04761,0.6313010430268828
test_04762,0.01137560699841462
test_04763,0.003914876731861982
test_04764,0.9999954303754444
test_04765,0.9999994794178707
test_04766,2.2951187969659575e-07
test_04767,0.9999999839483729
test_04768,1.339296940658684e-06
test_04769,0.9999998081191246
test_04770,0.9999993832306502
test_04771,0.00015490279403975886
test_04772,0.980691018251888
test_04773,0.9999997722576904
test_04774,7.810708486872375e-07
test_04775,0.9999502835920082
test_04776,0.9999997176808846
test_04777,2.7432489173921616e-05
test_04778,0.004407170003354434
test_04779,0.9724894873883516
test_04780,0.9999683772886315
test_04781,0.01146525086480778
test_04782,0.00027091999860789814
test_04783,0.9992771349663365
test_04784,9.252128535853285e-07
test_04785,0.9989797396279957
test_04786,4.6631649893986433e-07
test_04787,0.98766691672201
test_04788,0.0013670612164964715
test_04789,3.6993656753426416e-07
test_04790,0.9999996706794582
test_04791,0.0001985028528397799
test_04792,0.9981921173510012
test_04793,0.9999999797080035
test_04794,3.7617470520463496e-05
test_04795,0.012063069552960198
test_04796,3.35589259399545e-05
test_04797,0.9999998364440056
test_04798,0.9999994152513707
test_04799,3.622432732061346e-05
test_04800,0.999865178555942
test_04801,0.9993662299979473
test_04802,1.4906274959872811e-06
test_04803,0.9999998857016086
test_04804,0.9997209945224838
test_04805,2.536538779126166e-07
test_04806,0.999998540896923
test_04807,0.0011841576030404942
test_04808,0.999889328786373
test_04809,0.9999130904321654
test_04810,3.1292239935410974e-05
test_04811,4.194774691194108e-07
test_04812,0.9999997127157189
test_04813,0.9991125415723752
test_04814,4.856640904309094e-05
test_04815,0.999999136592496
test_04816,0.004727991309885245
test_04817,1.0782740357898426e-07
test_04818,0.0005962344038390777
test_04819,0.011350158824138878
test_04820,8.205731997700466e-07
test_04821,0.9999997658854982
test_04822,0.999997504712021
test_04823,0.9999997273510834
test_04824,6.278992654928794e-08
test_04825,0.02312885498766759
test_04826,0.9991194509305986
test_04827,9.920322598447625e-08
test_04828,0.9381173896034272
test_04829,0.9999998936484691
test_04830,9.6697401756299e-07
test_04831,0.0006137826599586149
test_04832,0.9976178534644068
test_04833,0.0025697334014602885
test_04834,2.3647050824473695e-07
test_04835,0.9999999649684806
test_04836,1.3116120245767693e-05
test_04837,0.9463931012897485
test_04838,1.74176400169043e-05
test_04839,1.8913510875358285e-07
test_04840,0.021370816737885837
test_04841,0.003914183278170042
test_04842,0.9957274748236623
test_04843,0.00033284699900417407
test_04844,2.8145990697198394e-08
test_04845,0.9999999644657115
test_04846,1.577130247186558e-06
test_04847,0.9984528139127281
test_04848,0.9999523782877172
test_04849,0.9592052310702135
test_04850,0.9999411989403463
test_04851,0.999999404911101
test_04852,0.9999997379714545
test_04853,0.004845758796566061
test_04854,0.001657842787027701
test_04855,0.9999999226255067
test_04856,3.2257814019886127e-06
test_04857,1.1171203396886533e-05
test_04858,0.9995272671714062
test_04859,1.1156683019839874e-06
test_04860,0.0109022719229301
test_04861,0.999999985122823
test_04862,0.00017324357381497693
test_04863,1.0029173679211273e-06
test_04864,0.9971662035756641
test_04865,0.0012177139876684852
test_04866,6.782402457197864e-05
test_04867,6.549518562811243e-05
test_04868,4.4048541586412013e-07
test_04869,0.03273502906479335
test_04870,0.9999998903780702
test_04871,0.9995221757318242
test_04872,0.9998184082648389
test_04873,0.9985801556272367
test_04874,1.0247154886958021e-05
test_04875,0.99999865664517
test_04876,3.4509964702429315e-07
test_04877,0.01129435100636564
test_04878,6.695724371405726e-07
test_04879,0.9950359268389342
test_04880,4.6365202337529317e-07
test_04881,2.6410277582778343e-07
test_04882,0.9713381232171657
test_04883,0.9999996655688149
test_04884,1.1298677523902625e-06
test_04885,5.062476961921835e-05
test_04886,0.9997344191079732
test_04887,9.179251240188592e-07
test_04888,1.3217970966658205e-06
test_04889,0.999971072401584
test_04890,2.39820358599905e-06
test_04891,0.9991171878358346
test_04892,0.2295845045187576
test_04893,0.9796540375229162
test_04894,2.3316358067031932e-05
test_04895,6.4911057698404e-08
test_04896,7.35179093537397e-07
test_04897,0.00011888969112039229
test_04898,6.533662592280827e-05
test_04899,0.022328975424506934
test_04900,0.9999996423499273
test_04901,0.9994866655490371
test_04902,9.988354554786368e-07
test_04903,0.9999989303034723
test_04904,0.9999995098575236
test_04905,0.02288611513114563
test_04906,0.9999997582379279
test_04907,0.9996520342259508
test_04908,0.010329243173235409
test_04909,0.9933685452009052
test_04910,0.9988211075536391
test_04911,0.9997516887124236
test_04912,0.999999353063113
test_04913,0.9999990734250256
test_04914,3.02956455366323e-07
test_04915,0.999996241307735
test_04916,1.795386526369621e-07
test_04917,0.9992138724122588
test_04918,0.9999993762016771
test_04919,0.01778441660993724
test_04920,0.6656688228290366
test_04921,0.9999741608869375
test_04922,4.003442158105576e-08
test_04923,0.0021329977618467087
test_04924,1.6700680720142328e-06
test_04925,0.9999921329936021
test_04926,0.999973524808779
test_04927,8.818662238381985e-05
test_04928,0.00010868513777640866
test_04929,0.9999436016590183
test_04930,0.00013115431920064944
test_04931,0.9982530145684115
test_04932,0.9999993897602231
test_04933,0.999999827476052
test_04934,0.015058531442360815
test_04935,4.7982145464900964e-05
test_04936,0.9999997134985622
test_04937,0.00016944784787162337
test_04938,2.7120521178019827e-05
test_04939,0.9993942365713324
test_04940,0.999908609837827
test_04941,0.999999867231682
test_04942,0.017929108552273462
test_04943,0.9999997828022965
test_04944,0.9997430761731454
test_04945,6.200360295650157e-07
test_04946,1.3017156243874171e-07
test_04947,0.9999991607275545
test_04948,0.9999999111906087
test_04949,0.9999957884203216
test_04950,1.6727762574907958e-07
test_04951,2.6678769672108754e-07
test_04952,0.9998613658627824
test_04953,3.6104576482004564e-07
test_04954,0.999998803931909
test_04955,0.9998323756532502
test_04956,0.9999997494295598
test_04957,0.9999024553221841
test_04958,3.625967234761648e-05
test_04959,2.9845408067540227e-07
test_04960,0.9996277886135814
test_04961,1.8360673782792435e-05
test_04962,0.9999994552993821
test_04963,5.241200621921042e-06
test_04964,0.02603582310378657
test_04965,0.9999999424694168
test_04966,0.9999978515377861
test_04967,0.927621501018658
test_04968,0.00019504219123184138
test_04969,0.9736573183495405
test_04970,0.9999998216634443
test_04971,0.9999999286102996
test_04972,1.0176636506218434e-07
test_04973,0.9999657078768468
test_04974,0.9999997594996947
test_04975,5.311521566243704e-05
test_04976,9.7896972225112e-05
test_04977,0.00012923084731960219
test_04978,9.64597898864043e-05
test_04979,0.0004631380938667593
test_04980,0.9999993635220575
test_04981,0.9995361486998949
test_04982,0.9999998419935684
test_04983,4.3356911639514336e-07
test_04984,0.9899726056360331
test_04985,0.9813591444336474
test_04986,2.7981444610430905e-05
test_04987,0.9999998253509349
test_04988,1.95272284111258e-05
test_04989,0.00014089829784275353
test_04990,0.9999994108556258
test_04991,0.000162045743848629
test_04992,0.001391248269553566
test_04993,0.9999930024869799
test_04994,2.685695564045231e-05
test_04995,0.9986217981092669
test_04996,0.013388304120049004
test_04997,1.0228947965017393e-06
test_04998,1.9846186618112097e-06
test_04999,4.906015597959474e-07
test_05000,0.9999990992369112
test_05001,0.9999726428601659
test_05002,0.06306452327118992
test_05003,0.9999992891796424
test_05004,1.039236884636833e-06
test_05005,0.9995211620202424
test_05006,6.356231537984544e-07
test_05007,0.9698882395156628
test_05008,0.9998654704897215
test_05009,0.9983207448887838
test_05010,7.464467607231611e-07
test_05011,0.01285428724863996
test_05012,0.9999999019088069
test_05013,0.9999997622943683
test_05014,0.9999824322263103
test_05015,0.9998514199683095
test_05016,0.028116048845306236
test_05017,0.999787211616181
test_05018,0.001538690452169843
test_05019,3.0572696729071905e-07
test_05020,0.9999998258995192
test_05021,0.0008379390980909341
test_05022,0.9998342759114746
test_05023,0.9983567019693287
test_05024,0.9999855358679516
test_05025,2.674689199211466e-07
test_05026,0.9999400916524193
test_05027,0.9966335710061696
test_05028,0.999998773228786
test_05029,0.9999987283624113
test_05030,0.9999993178822232
test_05031,3.6326843767950086e-06
test_05032,0.9999997079861747
test_05033,0.9999998579744311
test_05034,0.039361043571127685
test_05035,0.047958479798714176
test_05036,0.988166164952296
test_05037,0.9999998457643586
test_05038,2.665459484590492e-05
test_05039,0.9999989122462937
test_05040,0.00046418505184458195
test_05041,0.9985804446999045
test_05042,0.9999989097308185
test_05043,0.9999578516531034
test_05044,0.9999835357542102
test_05045,0.9999941695986415
test_05046,7.485368590488221e-08
test_05047,0.9999998122650439
test_05048,1.3644275266354313e-06
test_05049,0.9999999709979666
test_05050,0.000977041030152401
test_05051,0.005271770112812581
test_05052,0.9993225816574671
test_05053,0.9999914641339481
test_05054,9.413459819384609e-05
test_05055,3.833185614835154e-07
test_05056,0.9588901809949463
test_05057,0.9943762503681307
test_05058,0.9999943882178891
test_05059,4.7543225815977773e-07
test_05060,0.9993772759311176
test_05061,0.9999999373695211
test_05062,2.703547139121615e-07
test_05063,0.99999958488373
test_05064,0.9995660352825033
test_05065,1.3245140523006344e-06
test_05066,3.773818281901049e-05
test_05067,0.9999938230631946
test_05068,0.9999996988357164
test_05069,0.999964361354775
test_05070,0.9930227215729907
test_05071,6.2700475124020845e-06
test_05072,0.00031074923983090376
test_05073,4.91346522514443e-07
test_05074,0.0003582169347519935
test_05075,0.999999858350845
test_05076,0.9999756605100023
test_05077,6.254163182839951e-08
test_05078,0.9999091107961431
test_05079,6.389365411986713e-07
test_05080,0.9999969857568775
test_05081,3.3480572108908776e-07
test_05082,8.308845074680203e-08
test_05083,0.9799794949233904
test_05084,0.9701173043532202
test_05085,0.9999729028361526
test_05086,0.9999990473115626
test_05087,0.010456660664365017
test_05088,0.9999986481655334
test_05089,0.007417894858997765
test_05090,0.005209941822755037
test_05091,0.9999999491560804
test_05092,1.9646826751138248e-07
test_05093,3.7619882869237265e-05
test_05094,8.886364833160679e-06
test_05095,0.9999992862029686
test_05096,9.265389339550463e-07
test_05097,0.9999989537643764
test_05098,3.0023498739440633e-05
test_05099,0.999989622188252
test_05100,8.052254403341647e-07
test_05101,1.2103739803765402e-06
test_05102,5.19511421010546e-07
test_05103,0.9999966047105452
test_05104,7.357151176852529e-08
test_05105,0.9994658263877314
test_05106,0.9621895391575164
test_05107,0.000670121463685933
test_05108,0.007091123823755053
test_05109,1.3102222209878443e-07
test_05110,0.9999902131719769
test_05111,0.9999941379003751
test_05112,0.9994050565861771
test_05113,0.00020343936564003775
test_05114,0.017359631233673914
test_05115,4.056199795848846e-07
test_05116,1.5833898066735225e-06
test_05117,0.9989588273412235
test_05118,4.2857594240593744e-05
test_05119,0.9999999349568414
test_05120,0.9999986787405803
test_05121,4.773655187678749e-07
test_05122,5.402754966555101e-06
test_05123,0.007444143096999735
test_05124,0.002091274091581848
test_05125,0.999577554424783
test_05126,0.9999982146897598
test_05127,0.9999998636835518
test_05128,6.065860422867579e-05
test_05129,0.03606413859562984
test_05130,2.7407044878699684e-07
test_05131,0.017928359155482593
test_05132,3.2097146143742465e-07
test_05133,0.006917831895847237
test_05134,0.9409491820978269
test_05135,5.699824332046372e-07
test_05136,0.0014433428998723132
test_05137,0.9999995191510888
test_05138,0.9174212498319696
test_05139,0.9920389654522345
test_05140,0.9999343357597736
test_05141,0.997512291670711
test_05142,0.9999976705623339
test_05143,0.9994515980373263
test_05144,0.7273719516033738
test_05145,0.999999946675836
test_05146,0.9999638318218751
test_05147,0.9969923329952847
test_05148,0.0017401803285369839
test_05149,3.818370172035007e-05
test_05150,0.027368516670558465
test_05151,0.9999998371353934
test_05152,0.9999999212911448
test_05153,0.030019425699850253
test_05154,2.0331126055747138e-07
test_05155,0.01865615327178855
test_05156,0.9999997045772768
test_05157,8.329583556029246e-07
test_05158,0.9989826167193349
test_05159,9.229276502494507e-07
test_05160,0.9836531120816068
test_05161,0.9998709114854237
test_05162,7.816213696143199e-07
test_05163,0.00028093943000024517
test_05164,1.5584801481008526e-06
test_05165,5.4984977016829515e-05
test_05166,0.9999998721284976
test_05167,0.9520561873316802
test_05168,0.9996616369718624
test_05169,0.9999496781395417
test_05170,3.6167067978672025e-08
test_05171,0.9999998586732741
test_05172,0.9999986878432063
test_05173,0.00037258865212694037
test_05174,0.9969823063413605
test_05175,0.00011057964831548025
test_05176,4.562969103188954e-07
test_05177,0.999999871595273
test_05178,0.9843985425618917
test_05179,0.0034858661198960135
test_05180,1.4353214578208557e-06
test_05181,0.02353289619819813
test_05182,0.00023063576360888676
test_05183,2.451723730304002e-06
test_05184,0.9999965977736698
test_05185,0.9999999595239654
test_05186,0.9999657808462493
test_05187,0.9999998340679301
test_05188,0.9999997354630421
test_05189,0.0005152723903663479
test_05190,0.9999986982467394
test_05191,0.9998169689178238
test_05192,0.00017165357991359606
test_05193,8.892410981522285e-05
test_05194,0.9982315049686616
test_05195,1.0706251017668103e-06
test_05196,8.943623385827597e-05
test_05197,0.0010984555128495455
test_05198,0.9999997132863316
test_05199,0.9754704287126191
test_05200,0.9999969053780514
test_05201,0.9999999113273917
test_05202,0.998628052044264
test_05203,0.9997135120279158
test_05204,0.0010672956287568727
test_05205,0.0005118762664299704
test_05206,0.9999995907351215
test_05207,2.3482771198088866e-07
test_05208,0.9998856879475021
test_05209,0.00020184215338179306
test_05210,0.9999151937939509
test_05211,0.9993513668979608
test_05212,0.9999991951423725
test_05213,8.872464164418307e-05
test_05214,0.007536244666856022
test_05215,0.9999971250183178
test_05216,0.9913498843737322
test_05217,0.9999871020440865
test_05218,0.999999780766225
test_05219,0.0016223413579300031
test_05220,0.999997875863573
test_05221,3.294327699292823e-05
test_05222,0.001372251796915908
test_05223,0.9999365902258455
test_05224,2.9788451356518435e-07
test_05225,0.9999999580828425
test_05226,4.6561803077371574e-05
test_05227,0.9999999017005229
test_05228,0.33191153288108116
test_05229,0.02615687388544317
test_05230,0.5298929429636697
test_05231,0.0008749068672269434
test_05232,0.00011842338840778528
test_05233,0.9474700961742754
test_05234,0.00023464000643175754
test_05235,0.9999510144894295
test_05236,0.9982840952010509
test_05237,0.9940179359051521
test_05238,1.3515797899034203e-05
test_05239,0.9999997802854922
test_05240,0.9999701728042452
test_05241,1.1750899524479684e-06
test_05242,0.9994161514176177
test_05243,0.9999998987948917
test_05244,0.14766185009334368
test_05245,2.482659892265606e-07
test_05246,0.0031481692690720417
test_05247,1.082944846840135e-06
test_05248,4.9771765565085624e-05
test_05249,0.0217306888093391
test_05250,0.9988768067713505
test_05251,0.9999999765569844
test_05252,8.747464540330119e-08
test_05253,1.324393643740261e-06
test_05254,0.9999990744941524
test_05255,0.99949862322832
test_05256,2.196834545698619e-07
test_05257,0.39663213214261767
test_05258,3.815606916074884e-07
test_05259,1.0642088699337328e-07
test_05260,0.9951300153808372
test_05261,0.9999999554636747
test_05262,0.9999936525488708
test_05263,0.9999993221959409
test_05264,0.9781292006781654
test_05265,0.00017509738968603884
test_05266,0.9999996678922457
test_05267,0.9999999116604141
test_05268,0.9999874184991492
test_05269,0.9973082067852305
test_05270,0.9557431035982592
test_05271,0.9932854865754025
test_05272,0.9999993456467756
test_05273,1.2628706627851674e-07
test_05274,0.00015997355798684498
test_05275,0.0015910495978206298
test_05276,0.9999212660398963
test_05277,3.960650589860518e-05
test_05278,0.9952838865651544
test_05279,6.152858615431742e-05
test_05280,0.0007294649013477453
test_05281,0.9998065199993674
test_05282,0.0011958785085660897
test_05283,0.9999770461350729
test_05284,0.997717268964876
test_05285,0.016395114946890513
test_05286,0.9991966209297064
test_05287,1.1617292052925268e-06
test_05288,0.9676299543234124
test_05289,0.9999998683972746
test_05290,0.9999998864002781
test_05291,4.574717079908273e-08
test_05292,0.9999999783137428
test_05293,1.1321838622244455e-07
test_05294,0.9674570374223764
test_05295,0.9999997607511486
test_05296,0.0001608322757685197
test_05297,0.0018954610376749937
test_05298,0.9997590079362242
test_05299,0.9999984341600288
test_05300,0.001436183486033127
test_05301,0.0001315516548035289
test_05302,2.1199682517455577e-07
test_05303,0.9999998013390071
test_05304,3.266079934045126e-07
test_05305,0.999999911578499
test_05306,0.02631241972851822
test_05307,0.9928924482356318
test_05308,0.9999998726621593
test_05309,3.244874883806374e-05
test_05310,4.173024543510211e-07
test_05311,0.9999994502636287
test_05312,0.9999997384615404
test_05313,0.9999901055720245
test_05314,0.999045857005631
test_05315,9.083313295048567e-07
test_05316,0.9999991793138171
test_05317,0.999963785828554
test_05318,0.0008217573695723798
test_05319,0.9997996069392128
test_05320,0.9999431916606872
test_05321,0.9998216799711435
test_05322,0.33412986949594337
test_05323,0.9897326162355732
test_05324,0.9999999318259785
test_05325,0.9999817856209802
test_05326,0.9996915999505745
test_05327,0.9999916817877083
test_05328,4.72573585886493e-06
test_05329,0.9999997354502785
test_05330,1.3274969742740224e-07
test_05331,6.27712696216327e-08
test_05332,4.416362091196779e-08
test_05333,0.0016700365142914462
test_05334,5.8731251084465316e-05
test_05335,0.00010757518083503005
test_05336,0.9999954056634197
test_05337,0.9999920301720989
test_05338,0.9997785087022121
test_05339,7.312443845690474e-05
test_05340,0.9998011746888198
test_05341,0.018614904763379552
test_05342,1.5499867236745028e-07
test_05343,0.98257653797011
test_05344,2.9546787090790376e-08
test_05345,0.0013328883331856884
test_05346,0.9999903050413345
test_05347,0.00021704510526780353
test_05348,0.999807560250909
test_05349,0.040568823657091725
test_05350,5.430198737531064e-06
test_05351,0.9999995278647849
test_05352,2.23073035593205e-07
test_05353,2.4915824296443353e-05
test_05354,0.0010264672023428379
test_05355,5.869564835335401e-07
test_05356,5.920036756778083e-07
test_05357,0.9993266954974603
test_05358,1.512127737064342e-05
test_05359,2.3272629374906236e-07
test_05360,3.6420163826777835e-08
test_05361,0.9999969776250291
test_05362,0.968345410076698
test_05363,1.8952500411325188e-05
test_05364,0.9997500808419787
test_05365,0.0107570493549055
test_05366,0.013693742892228732
test_05367,5.506899535340248e-06
test_05368,0.01486574670748632
test_05369,2.3706648834486908e-07
test_05370,0.9999999161702086
test_05371,0.00014545414994971507
test_05372,0.9962901413544588
test_05373,0.9997790975906781
test_05374,0.0010228039574331745
test_05375,3.826531961062239e-05
test_05376,0.00014285108378582468
test_05377,0.9972816975870379
test_05378,0.9999984123817739
test_05379,0.999938694628679
test_05380,0.0002785083030691298
test_05381,0.9999692527853864
test_05382,0.11385016522380191
test_05383,0.999954479147243
test_05384,0.003321312914434174
test_05385,0.9984467795213787
test_05386,0.94000376969053
test_05387,0.9999996398388091
test_05388,0.9999834551891189
test_05389,1.362803241553264e-07
test_05390,0.9998822385569472
test_05391,0.9999997242719011
test_05392,0.9999905839133558
test_05393,0.9923090481828146
test_05394,0.9999886891283887
test_05395,0.9999994572100559
test_05396,0.00019386198416736144
test_05397,9.542985577714525e-07
test_05398,0.9996824191659158
test_05399,0.9968698397283399
test_05400,0.9175677673197445
test_05401,0.00015404774694623827
test_05402,0.9999923457098138
test_05403,0.9999978238393715
test_05404,0.9999997197231985
test_05405,0.0003109671289279113
test_05406,0.9998525538530427
test_05407,0.9898280265648127
test_05408,0.999999460874563
test_05409,1.1621735048325232e-07
test_05410,0.99999972046215
test_05411,0.9999413131884897
test_05412,0.9999991086250043
test_05413,1.2740198872532564e-07
test_05414,0.00011707433279789319
test_05415,0.004629435614783173
test_05416,0.992838229748616
test_05417,6.195011648422081e-07
test_05418,0.9994951681729718
test_05419,0.9999572165495303
test_05420,0.0021531708592220076
test_05421,0.9978632427477415
test_05422,0.9995618923770855
test_05423,0.00204065731081227
test_05424,2.547968845630579e-07
test_05425,0.2178486836677036
test_05426,2.29982116002869e-06
test_05427,3.970230292758508e-08
test_05428,0.9999999454571452
test_05429,0.9999943733190074
test_05430,0.9999976070195932
test_05431,0.002135859420658974
test_05432,0.9999999313287018
test_05433,0.9999775244008628
test_05434,0.9998021602094725
test_05435,0.9998886152065833
test_05436,3.55378574990671e-05
test_05437,0.9996794202425766
test_05438,0.0022867523333344342
test_05439,2.9066611085141133e-07
test_05440,9.985768913673236e-08
test_05441,0.9999999524116154
test_05442,0.9998641802564496
test_05443,1.5898738043477572e-05
test_05444,0.9999998174226976
test_05445,9.384589901999636e-06
test_05446,7.91317356277266e-05
test_05447,0.9207639710387553
test_05448,0.9999998498834527
test_05449,0.00028232719694131067
test_05450,0.9999366767210209
test_05451,0.010426159329608671
test_05452,0.9999997506825904
test_05453,0.9999999631169054
test_05454,2.3701861335060753e-06
test_05455,1.3392155875486264e-07
test_05456,8.898000680485422e-08
test_05457,4.979971540691912e-08
test_05458,0.00030571904778920627
test_05459,3.3223138717781575e-05
test_05460,0.9998275484455116
test_05461,1.6414211616362677e-06
test_05462,0.9999995440883336
test_05463,0.9999875691218261
test_05464,0.9999718789507197
test_05465,7.205291868660035e-05
test_05466,0.999999831595861
test_05467,5.945925969842775e-07
test_05468,0.9970023337332986
test_05469,0.9989535730934582
test_05470,0.004411834922058205
test_05471,0.0001539221084641369
test_05472,0.9901555327319016
test_05473,0.0003021201619198506
test_05474,0.00010931087184453199
test_05475,1.0842335366025385e-05
test_05476,3.001498993824924e-07
test_05477,0.06624594314991354
test_05478,0.022540695533294807
test_05479,0.9995279542659529
test_05480,0.00021369450167666799
test_05481,0.9999996213410013
test_05482,3.2885085407048173e-07
test_05483,0.9998885193409498
test_05484,7.371606834318663e-07
test_05485,0.00017359887722012015
test_05486,0.9568337167703953
test_05487,0.7382833062385298
test_05488,0.9999409956592341
test_05489,2.4145255428103402e-05
test_05490,1.3220023201660267e-06
test_05491,0.008953952287631881
test_05492,4.2217511488303804e-07
test_05493,0.002126244329843939
test_05494,0.9999990669024685
test_05495,0.9999998853413341
test_05496,0.9999986306537378
test_05497,2.3065891372115525e-07
test_05498,5.685370779523852e-07
test_05499,0.0004211027723843599
test_05500,0.999881478931362
test_05501,0.9999014499831977
test_05502,4.227665208343565e-08
test_05503,9.126786255949522e-07
test_05504,0.9999999191585617
test_05505,0.9999980596956364
test_05506,7.696625878074723e-05
test_05507,2.66702745109067e-07
test_05508,0.9999999846361658
test_05509,5.1592802308941345e-08
test_05510,0.999999015493994
test_05511,0.9999997345556569
test_05512,3.527081834263054e-06
test_05513,1.8656215154356102e-06
test_05514,0.0017657320088315062
test_05515,1.8887518740883688e-07
test_05516,0.0017031483413664091
test_05517,4.589375703549731e-07
test_05518,0.007558945975398129
test_05519,0.9952292047614398
test_05520,0.9996609350801317
test_05521,0.9999990201543152
test_05522,6.290616137845075e-05
test_05523,0.9998784097537752
test_05524,0.9999964583021762
test_05525,1.1014721166022291e-07
test_05526,0.0017535636471939676
test_05527,0.9660778727790544
test_05528,5.971461155629336e-06
test_05529,0.9997679132982876
test_05530,0.00011680521229189968
test_05531,1.809281571593405e-07
test_05532,0.999999872210043
test_05533,0.9999987459325552
test_05534,0.999710817132956
test_05535,0.9999974524909884
test_05536,0.9999950911744264
test_05537,0.999999936983738
test_05538,0.0005010927676213939
test_05539,0.9999999421549648
test_05540,0.9970366676349472
test_05541,0.007619854319061258
test_05542,0.999532033021485
test_05543,6.121318842269404e-05
test_05544,0.9998012553430697
test_05545,0.00720814663951028
test_05546,2.713820599050027e-06
test_05547,3.3140777106667696e-05
test_05548,0.9999996910001072
test_05549,0.053399904263939514
test_05550,0.0013766718167874561
test_05551,0.9999113318888708
test_05552,0.0036063978744635843
test_05553,0.9999995839244703
test_05554,0.9999945661539011
test_05555,0.999999552635695
test_05556,0.9999998962328197
test_05557,0.9989496420170916
test_05558,7.684042229348607e-07
test_05559,5.0017616375377495e-08
test_05560,0.9999344553309639
test_05561,1.6248940443070531e-06
test_05562,0.9999998524880411
test_05563,0.97819136109025
test_05564,0.9823946843190391
test_05565,0.9999993699845103
test_05566,2.003682443838738e-05
test_05567,0.9999999722420522
test_05568,0.9999998567917442
test_05569,0.4318022536734348
test_05570,3.063359337805137e-07
test_05571,0.9999997358486954
test_05572,0.9999578794338084
test_05573,0.9999999432704466
test_05574,0.00045109626894830054
test_05575,0.999998847862374
test_05576,0.010821334223108195
test_05577,0.9992439675536182
test_05578,0.99999030027015
test_05579,1.5100868343845444e-07
test_05580,0.1693592852513736
test_05581,7.2507764427456134e-06
test_05582,0.9999999475588576
test_05583,0.0017965536492350667
test_05584,0.9999589866799078
test_05585,9.233428862687565e-08
test_05586,0.015622715695129349
test_05587,2.696431544026179e-07
test_05588,0.9999999057077884
test_05589,1.3508847021859137e-07
test_05590,0.994846234465577
test_05591,1.347491165018576e-06
test_05592,0.0026590220833329925
test_05593,0.9999994023320583
test_05594,0.97151151188263
test_05595,0.9999998002212486
test_05596,0.9991973555090227
test_05597,1.460761731214788e-07
test_05598,0.9838441620816784
test_05599,0.012774193875938354
test_05600,0.9999996220181989
test_05601,0.9999996684332302
test_05602,9.74854892480597e-05
test_05603,0.999654460463185
test_05604,0.9999998246905205
test_05605,0.9894486087788498
test_05606,2.3408121036890924e-08
test_05607,0.0018832430707906894
test_05608,0.0006585229006946748
test_05609,0.00020942715310526364
test_05610,0.9999926507230913
test_05611,7.721170544475856e-07
test_05612,0.9992877959183677
test_05613,0.0011743672818389267
test_05614,0.0003355969065266348
test_05615,0.9999997769868068
test_05616,0.006957164251954461
test_05617,8.08291000099232e-07
test_05618,9.649406528523529e-08
test_05619,4.3174525999374974e-05
test_05620,0.024945249987386914
test_05621,0.0019543608613302576
test_05622,0.999999651833442
test_05623,1.0524826415869137e-05
test_05624,0.9989684551469826
test_05625,2.449324368136869e-05
test_05626,0.9997668177667245
test_05627,1.3443212650193473e-07
test_05628,0.9509654920521364
test_05629,0.004710196130797939
test_05630,8.392136915196547e-08
test_05631,0.0002157449670631061
test_05632,0.9999089406356355
test_05633,0.9999896974849387
test_05634,0.99999992830707
test_05635,5.315801997566547e-05
test_05636,0.9985103867850949
test_05637,0.9999997205301377
test_05638,0.06040927419311164
test_05639,0.9999820991205584
test_05640,0.9999997155105317
test_05641,0.00018041463474789059
test_05642,0.9996789270942884
test_05643,0.259235901424968
test_05644,0.00016523345692342974
test_05645,0.9996183584812481
test_05646,0.0009555584522867587
test_05647,0.00011661937596638193
test_05648,7.821884998105206e-08
test_05649,3.5204784530933037e-06
test_05650,0.9999982376029978
test_05651,6.834663882910447e-07
test_05652,0.999999759376337
test_05653,9.879508573506862e-06
test_05654,0.8745016298135609
test_05655,0.9999919946177337
test_05656,0.03047563188763588
test_05657,0.0004966368807758724
test_05658,4.099590696256397e-05
test_05659,0.9999616329470543
test_05660,0.9999998998664079
test_05661,7.050014405200566e-06
test_05662,0.9999997197349917
test_05663,0.9996591880284911
test_05664,0.9996177941914215
test_05665,4.896769023429552e-07
test_05666,8.295366390110547e-05
test_05667,0.00018476255809922202
test_05668,0.0027173755504697273
test_05669,0.9999999645337373
test_05670,0.9943138709733449
test_05671,0.9949494726780288
test_05672,0.9997385236114692
test_05673,4.997131414770007e-05
test_05674,0.015513181694246283
test_05675,0.9980215770122391
test_05676,2.4672433140069774e-07
test_05677,4.8444778852823035e-06
test_05678,7.361273503918003e-08
test_05679,0.9999998040477778
test_05680,5.882769012485229e-06
test_05681,5.697213045374346e-07
test_05682,0.9999997337224741
test_05683,9.89604457537062e-05
test_05684,1.7525326381053757e-06
test_05685,0.012969823367477647
test_05686,0.9998887263280349
test_05687,3.1558351448003995e-07
test_05688,0.028071957392212965
test_05689,0.9998446373684343
test_05690,1.036252398849667e-05
test_05691,0.999999882944615
test_05692,0.960956852755905
test_05693,0.9999966272876298
test_05694,0.9837048380024446
test_05695,1.0125630624307008e-05
test_05696,0.9999993631255882
test_05697,0.9992240970114635
test_05698,1.0713970366711816e-06
test_05699,0.9883842030373536
test_05700,0.9999992481809089
test_05701,0.99999994952658
test_05702,0.00601000151803949
test_05703,0.9999997718819148
test_05704,0.9999997485998816
test_05705,5.349679222152051e-05
test_05706,5.53773280364043e-07
test_05707,0.9997238705420841
test_05708,3.6897060513411467e-07
test_05709,0.8054909291965217
test_05710,0.9999989487098849
test_05711,1.1169658614572637e-05
test_05712,0.9999992706383154
test_05713,1.9606127748796533e-06
test_05714,0.9999978034640225
test_05715,0.17211072528432617
test_05716,0.9999983976475804
test_05717,0.9991875868586085
test_05718,0.9999970898188257
test_05719,4.596542582912123e-08
test_05720,0.00017457107702420114
test_05721,0.9999999615992731
test_05722,0.9956571073489138
test_05723,1.1042154539735858e-06
test_05724,0.9999997301886099
test_05725,0.00011573882582684771
test_05726,6.214676085339862e-08
test_05727,0.9937443465106117
test_05728,0.9999716150406255
test_05729,7.996344242314785e-05
test_05730,0.999993084310624
test_05731,0.9999998946430841
test_05732,8.270370684077136e-05
test_05733,0.9999997983755686
test_05734,0.995030943751826
test_05735,4.524427315613312e-07
test_05736,1.7677060211257456e-06
test_05737,5.493597134031827e-07
test_05738,0.001211687742858136
test_05739,1.7041463701571683e-05
test_05740,0.985177941915609
test_05741,0.00045265824755282973
test_05742,1.514032587136135e-06
test_05743,8.073837469420852e-05
test_05744,0.004497390248600894
test_05745,1.1352277931187224e-05
test_05746,0.0005539220709892895
test_05747,0.5911318836503668
test_05748,0.00867674668726157
test_05749,0.9999997906761514
test_05750,2.8260080116978637e-06
test_05751,4.1116684262882706e-08
test_05752,0.00010928838953729816
test_05753,6.232851930319416e-07
test_05754,0.9966730409902194
test_05755,0.9999989597178341
test_05756,0.9630294978160436
test_05757,0.9615165509032171
test_05758,0.00011821716880463242
test_05759,0.0011793133729820617
test_05760,0.9999994908084456
test_05761,0.9941766547668226
test_05762,0.0001285423920620879
test_05763,0.9999997640637176
test_05764,0.9992689156796026
test_05765,0.9999999301905036
test_05766,0.00039144455097897513
test_05767,0.0006304775566288286
test_05768,4.047447990756483e-07
test_05769,0.0028625586972021236
test_05770,0.9999998890505118
test_05771,0.8309205809562782
test_05772,0.9857142673559588
test_05773,0.9999998926045215
test_05774,0.9184903826681029
test_05775,0.9903943557558302
test_05776,0.0011543756049733904
test_05777,0.9836693799101928
test_05778,0.9999988563949527
test_05779,0.04346949758676285
test_05780,0.9153160573327298
test_05781,0.9996262123342481
test_05782,0.9949074837170925
test_05783,0.9999999308309021
test_05784,0.9999995605486897
test_05785,0.9999986521160622
test_05786,0.9991356318586053
test_05787,0.10525027260679895
test_05788,0.9799946992976498
test_05789,0.99992605079978
test_05790,0.9999977116005628
test_05791,3.056553529879274e-05
test_05792,0.011013198044337015
test_05793,0.9999998424780973
test_05794,0.9999994733359099
test_05795,0.9989095255104954
test_05796,0.9999996645164995
test_05797,0.9999999483443305
test_05798,0.9997362783139584
test_05799,0.9999997698190543
test_05800,0.9999996957115145
test_05801,0.0018830048496299276
test_05802,0.00018191650004095684
test_05803,0.9999997572719207
test_05804,0.999999788406217
test_05805,0.9999997475653024
test_05806,6.815889072274531e-08
test_05807,6.089907323921626e-07
test_05808,0.47085197894552844
test_05809,0.000956938655732145
test_05810,0.9995199997107271
test_05811,1.0952391249952193e-05
test_05812,0.9999038591896713
test_05813,0.9999997539695497
test_05814,0.9999997120723544
test_05815,0.993730598844356
test_05816,2.5301825963477153e-07
test_05817,0.9993032702700038
test_05818,0.9999998919869396
test_05819,0.9999757385442838
test_05820,2.3762242596083505e-05
test_05821,0.9997850160328655
test_05822,1.4402965645063923e-06
test_05823,0.00832007804362648
test_05824,1.6331325838231712e-07
test_05825,2.8857060452934177e-07
test_05826,0.9999997919612695
test_05827,0.00014513244634134427
test_05828,4.441359191840548e-06
test_05829,1.714140705234961e-07
test_05830,7.351465277416025e-05
test_05831,1.634747211698953e-07
test_05832,0.9991525776523269
test_05833,0.5091856503151133
test_05834,0.00033102297259231657
test_05835,0.9999982214608585
test_05836,0.9998095860432232
test_05837,4.9437356878371935e-05
test_05838,1.786533980703318e-07
test_05839,0.9999997573652937
test_05840,0.9999830749697844
test_05841,0.005553025169279705
test_05842,4.7852891332233846e-05
test_05843,0.9999732843263881
test_05844,0.03949664354151766
test_05845,1.0388603129791269e-05
test_05846,0.95167365519314
test_05847,0.9999997392528801
test_05848,0.0006659613019473512
test_05849,1.1107504458135874e-07
test_05850,0.004709212713287841
test_05851,5.3091058120167117e-05
test_05852,0.999847204385991
test_05853,0.9989067234407283
test_05854,0.8207248474950447
test_05855,0.9999942260571709
test_05856,0.999999973132584
test_05857,0.999999648904502
test_05858,1.7933080092409167e-06
test_05859,0.00021356268604665992
test_05860,6.898009399477403e-05
test_05861,4.7316655976745717e-07
test_05862,2.9160838412920058e-06
test_05863,3.488204933627789e-05
test_05864,0.007306800778527818
test_05865,2.1010543474291097e-05
test_05866,0.943549001634108
test_05867,0.9999997378467181
test_05868,0.9833365590414485
test_05869,0.9999998346544785
test_05870,5.099336077291074e-06
test_05871,0.9999996828196962
test_05872,0.9999906490459494
test_05873,1.91078055406256e-06
test_05874,1.2627819611581405e-06
test_05875,0.0012242904789236198
test_05876,1.702644227599981e-07
test_05877,0.9998902365436116
test_05878,0.9999999354601918
test_05879,0.9993938284531145
test_05880,0.9999996620900287
test_05881,0.9999999232879607
test_05882,0.9990153646870978
test_05883,0.999999960145252
test_05884,0.999879845383978
test_05885,0.00042091986225444397
test_05886,1.2373908819647517e-06
test_05887,7.355928730193038e-06
test_05888,2.921963638977065e-05
test_05889,1.5558162436859243e-06
test_05890,2.5595764092481033e-08
test_05891,1.9926597454515144e-05
test_05892,0.9999998865947786
test_05893,1.9158926492035078e-05
test_05894,0.9984843747245072
test_05895,2.8823924388581154e-07
test_05896,0.9999983920729167
test_05897,0.9988248484345573
test_05898,4.326325008264607e-08
test_05899,0.9999999241422419
test_05900,0.9999989582270882
test_05901,0.9275740167543932
test_05902,0.9996491245642114
test_05903,1.3946985122148284e-06
test_05904,0.025535423083398488
test_05905,0.014097988000466122
test_05906,0.007216526630611833
test_05907,0.03573759667587439
test_05908,2.650505825341744e-07
test_05909,0.0010803202796057173
test_05910,0.9999996796986499
test_05911,9.601361984671115e-07
test_05912,0.00031720892683912983
test_05913,0.00015951585934177295
test_05914,4.659540256245112e-06
test_05915,0.997147657475794
test_05916,7.445455268919524e-06
test_05917,5.129368266872496e-07
test_05918,0.010001087477112447
test_05919,0.9966140194564734
test_05920,0.004702129135049055
test_05921,0.9999988814674768
test_05922,0.9999997216769814
test_05923,0.9999971437288708
test_05924,1.2357029838310742e-05
test_05925,0.00012675141737685254
test_05926,0.0004916842873470174
test_05927,0.0004869900746004248
test_05928,0.9999999279914306
test_05929,1.0745745641142926e-06
test_05930,1.016719717426414e-06
test_05931,0.9999999049507574
test_05932,7.461433898234968e-07
test_05933,0.0007667587011722626
test_05934,2.6038519967516516e-07
test_05935,5.169292987001674e-05
test_05936,0.9998837616583407
test_05937,4.879251642638655e-07
test_05938,0.9999999844702476
test_05939,5.75708743951189e-08
test_05940,0.008394862491698404
test_05941,0.9999999788932976
test_05942,1.0920479680785886e-06
test_05943,0.9999997983190341
test_05944,0.9999998623773402
test_05945,0.000475172759866522
test_05946,0.008281714657568119
test_05947,0.9999235635036299
test_05948,0.9999724318785115
test_05949,0.999717848383987
test_05950,1.9856531981547162e-06
test_05951,4.9726059530692975e-05
test_05952,9.037785441180206e-08
test_05953,0.9999596371982523
test_05954,2.8792627005660047e-05
test_05955,0.9958896039272725
test_05956,0.09042956617670515
test_05957,6.126692642483208e-07
test_05958,9.201532746204238e-08
test_05959,0.9999953084032734
test_05960,1.0327170609969306e-05
test_05961,0.5028684941929908
test_05962,0.9999719024213739
test_05963,0.9999999690778086
test_05964,0.0015025500906179815
test_05965,0.003393977389384643
test_05966,6.584875916956057e-06
test_05967,0.7213228690734659
test_05968,0.9998809431747099
test_05969,3.4746396796536864e-07
test_05970,0.9722411955370057
test_05971,4.356434858821832e-07
test_05972,0.9992603003052942
test_05973,3.1969936269229474e-07
test_05974,0.0004343124167830854
test_05975,0.9863336850415568
test_05976,8.009516685038938e-07
test_05977,0.9994581515449582
test_05978,0.9999987051947193
test_05979,0.0010396093366910014
test_05980,0.0006113885887139999
test_05981,0.9991976491986138
test_05982,0.9999997565406109
test_05983,4.3936140702359365e-08
test_05984,0.0006125723720696024
test_05985,1.3195110847936163e-06
test_05986,0.9999974642517965
test_05987,0.9998947547838868
test_05988,0.9999999370495214
test_05989,0.9999999585365754
test_05990,0.9999999715829088
test_05991,0.9999984261616689
test_05992,0.9992506271464109
test_05993,0.9985001358443163
test_05994,2.2163077192928375e-06
test_05995,0.043655468981444255
test_05996,0.1732030503284933
test_05997,0.9999999255831338
test_05998,0.9670215551254292
test_05999,0.0005926633996633673
test_06000,0.999999881450066
test_06001,0.9998588437345015
test_06002,0.9999484376687112
test_06003,0.9999720601952594
test_06004,1.1058947402154481e-07
test_06005,0.9999993322682952
test_06006,0.9999036231809294
test_06007,2.3557342228936002e-07
test_06008,0.0003224815726527596
test_06009,2.175570871281421e-06
test_06010,0.9999985631208832
test_06011,0.9710828400587803
test_06012,0.9995771498860668
test_06013,0.9999902035598551
test_06014,0.00022386281479572085
test_06015,0.0003491140192799124
test_06016,7.838757615342511e-07
test_06017,0.0002660268257476459
test_06018,0.00034043081955414093
test_06019,0.9995825482043833
test_06020,0.0005035393143539918
test_06021,3.1507246461104955e-06
test_06022,2.586596657707174e-07
test_06023,0.0002831654235762497
test_06024,0.9994205735799337
test_06025,0.9999998153337618
test_06026,0.0002721782302828684
test_06027,0.9999998176344158
test_06028,7.503825273346846e-07
test_06029,1.1208306556595783e-06
test_06030,0.9995090142169092
test_06031,0.002536387990870215
test_06032,9.929412411831998e-08
test_06033,2.141692055742369e-07
test_06034,0.9834449612319346
test_06035,1.5433705430231595e-06
test_06036,0.9977656201660718
test_06037,5.171095869914349e-05
test_06038,0.9999997556542293
test_06039,8.671849169655845e-07
test_06040,0.08777831988294503
test_06041,0.8627755843971436
test_06042,0.9999995081601919
test_06043,2.124683936394137e-05
test_06044,0.9999999091887919
test_06045,0.9591436868826513
test_06046,1.827541522824966e-06
test_06047,0.00013589941958065064
test_06048,0.999999351527024
test_06049,4.017464570265821e-06
test_06050,4.498123748796281e-06
test_06051,2.0440485550410466e-07
test_06052,0.9999998847667919
test_06053,1.4947134177509928e-07
test_06054,0.00016594090444250754
test_06055,8.527839242311586e-08
test_06056,0.9999999434775747
test_06057,0.9999994027256239
test_06058,0.9999998670342857
test_06059,0.999999917776296
test_06060,0.9999998121338529
test_06061,3.746823813238752e-08
test_06062,0.9996096304447137
test_06063,0.9999994153773103
test_06064,0.9999959440362417
test_06065,0.003972625814372218
test_06066,0.00013423359750093487
test_06067,0.22008760634765892
test_06068,0.9999962969563339
test_06069,0.9998584490782163
test_06070,5.4804003869165594e-05
test_06071,0.0033721099995142625
test_06072,0.9999994304535422
test_06073,0.9999995600635961
test_06074,0.0008884604844446042
test_06075,4.521965306413621e-06
test_06076,0.999999677211985
test_06077,0.9949718810485759
test_06078,0.9926017041871972
test_06079,0.9999459571550595
test_06080,0.999939249112655
test_06081,0.9951188283347444
test_06082,0.948639183835824
test_06083,0.0005373521360022002
test_06084,1.2183441824505523e-05
test_06085,0.9999993318455364
test_06086,0.003348565137694296
test_06087,0.999499296925047
test_06088,0.0009621737551811732
test_06089,0.9908074241645205
test_06090,0.999999813339016
test_06091,0.9990677205024917
test_06092,1.0165175297364853e-07
test_06093,0.01601204880407359
test_06094,0.99999977458053
test_06095,0.007346892266113381
test_06096,0.9999999501405523
test_06097,2.0032547799358677e-05
test_06098,2.1935270623236714e-07
test_06099,8.008412714792385e-06
test_06100,9.700949740632905e-08
test_06101,3.8252889460917046e-07
test_06102,0.9996837587447804
test_06103,0.9999999324188901
test_06104,0.9998508281564961
test_06105,0.9999998680197507
test_06106,0.99987442843117
test_06107,0.9999816235072767
test_06108,0.48731248486615136
test_06109,6.765183902531959e-07
test_06110,0.9128772617345734
test_06111,1.8228459659978773e-05
test_06112,4.055439932934648e-06
test_06113,2.3297151057697258e-07
test_06114,2.533537501371881e-07
test_06115,0.9999999544983943
test_06116,0.999870162298276
test_06117,0.00013224672489307995
test_06118,1.7675340930661587e-06
test_06119,0.9999922226820082
test_06120,0.9819087820832094
test_06121,0.999999368391384
test_06122,0.003955397205358027
test_06123,6.948608671119894e-07
test_06124,0.0004937134962442814
test_06125,0.9999999280012933
test_06126,0.9766282896860433
test_06127,8.942356394322212e-07
test_06128,0.9902558410534437
test_06129,0.016914838061618347
test_06130,0.556131455212088
test_06131,0.0004331708369102576
test_06132,0.9999210721138693
test_06133,0.010514495998042763
test_06134,7.65409497837156e-08
test_06135,4.372404648903184e-06
test_06136,0.9999045079347205
test_06137,0.9991358999808944
test_06138,0.997619322252837
test_06139,0.9999999588737879
test_06140,0.9996711667581802
test_06141,0.9999991739956028
test_06142,0.9940800907459602
test_06143,1.0742954496608866e-06
test_06144,0.9999993795959624
test_06145,6.615258673425599e-05
test_06146,0.0003591305096846865
test_06147,0.997587168251633
test_06148,1.2599295490818854e-07
test_06149,1.2955731429529353e-07
test_06150,1.256763759510094e-06
test_06151,0.9999953738052008
test_06152,1.0804979428117159e-07
test_06153,0.9999998705960248
test_06154,0.0016670436213918345
test_06155,0.9975908257864387
test_06156,2.0169281911711587e-07
test_06157,9.183743468372777e-05
test_06158,2.9796006476099757e-06
test_06159,0.040508409847013566
test_06160,0.9995169444444097
test_06161,0.00015668164103070826
test_06162,0.9961311223732081
test_06163,0.9999994345568277
test_06164,0.9998710975683598
test_06165,3.373805175474437e-07
test_06166,3.685980280687404e-05
test_06167,0.6266468094106318
test_06168,0.002522304361625422
test_06169,0.9994001739092533
test_06170,0.9980463408798045
test_06171,5.2050258209761465e-08
test_06172,0.9999999092813976
test_06173,0.9999994893519312
test_06174,1.346591118761373e-07
test_06175,2.905905733084664e-05
test_06176,0.9572205604426569
test_06177,0.9999024193242396
test_06178,0.9993555332126509
test_06179,0.9995306109814317
test_06180,0.9997140773725117
test_06181,4.717384408848014e-06
test_06182,0.0008133502644722832
test_06183,0.9999999743112069
test_06184,0.9923045293850158
test_06185,0.0037741673619144963
test_06186,0.9999999321756713
test_06187,5.5122714384160705e-05
test_06188,0.9963479490626858
test_06189,7.973361260204081e-07
test_06190,0.99947829579245
test_06191,0.0002972088113094264
test_06192,8.749396235915662e-08
test_06193,0.9992142845859321
test_06194,0.9999899910578415
test_06195,5.518698701496499e-07
test_06196,5.5413732545902414e-08
test_06197,0.999454853574486
test_06198,0.0005825751898839256
test_06199,0.9999997523227423
test_06200,0.9999998671253191
test_06201,0.9995180199954105
test_06202,0.00019723932559999931
test_06203,1.1452146587756987e-06
test_06204,0.0036178784051648758
test_06205,0.9958001592581242
test_06206,2.2341794968510266e-07
test_06207,0.9958671189525833
test_06208,0.00037635450191037326
test_06209,1.0226770052370714e-07
test_06210,0.9999998767590282
test_06211,0.03897366507745407
test_06212,0.9999998204060846
test_06213,2.783742009414726e-07
test_06214,1.9404642693029513e-06
test_06215,0.9999990371520393
test_06216,0.9999997190806461
test_06217,0.9999999334771046
test_06218,0.9971514554656693
test_06219,0.0008228454413900935
test_06220,3.5886491699811336e-07
test_06221,5.324495376555808e-08
test_06222,3.2508491895076396e-05
test_06223,1.4605751574889396e-06
test_06224,0.7069741425058813
test_06225,0.9999992588472519
test_06226,0.9999835650481411
test_06227,4.6937770615262134e-07
test_06228,0.999999147156153
test_06229,0.00018567750054029056
test_06230,0.001028748884128942
test_06231,1.328733682389115e-06
test_06232,5.652957702780844e-07
test_06233,0.00025563948749619163
test_06234,0.9999994276354066
test_06235,6.35220109567084e-08
test_06236,2.7116326687922914e-07
test_06237,0.9922069702055454
test_06238,7.749163419120034e-07
test_06239,0.9999999109065533
test_06240,0.9991200456438056
test_06241,0.9988124383761495
test_06242,0.013808409911814938
test_06243,0.9999988773353303
test_06244,0.9899866303239723
test_06245,0.9641467507366114
test_06246,0.9999996276606221
test_06247,0.9999994711763566
test_06248,0.9999996714061951
test_06249,0.9995863896578018
test_06250,0.9999997959930021
test_06251,6.103411769325481e-07
test_06252,0.9999838885270117
test_06253,0.022718507081744915
test_06254,0.9999855496702482
test_06255,6.47165744364151e-06
test_06256,0.9999373479216694
test_06257,0.9999998438841518
test_06258,0.9999999080045381
test_06259,0.8567857615687001
test_06260,0.9972678125849018
test_06261,0.002596041272546653
test_06262,0.9996402239471671
test_06263,0.9993629113645155
test_06264,0.9817565706606335
test_06265,0.9986197552395664
test_06266,0.9999982999587913
test_06267,0.9999998120072136
test_06268,0.9999999578916421
test_06269,0.01485471168777535
test_06270,0.7865000238855215
test_06271,0.9996572403630465
test_06272,0.9999999876686515
test_06273,0.9918924800134364
test_06274,0.9999994534390367
test_06275,0.9964493961434148
test_06276,0.0035372116787624596
test_06277,0.9999991777615955
test_06278,5.929226498071952e-05
test_06279,2.617572479196549e-07
test_06280,1.0861546076885096e-05
test_06281,0.9989454755724915
test_06282,0.999999920293586
test_06283,2.6880016048849963e-05
test_06284,0.05478114262502045
test_06285,0.005166051542878121
test_06286,0.9993613625120844
test_06287,2.0186804062154812e-07
test_06288,0.9999994671061891
test_06289,8.657599322175478e-05
test_06290,3.925947742228967e-07
test_06291,5.176279918688624e-07
test_06292,0.0002688644567506556
test_06293,0.00013118187350310176
test_06294,0.989151971855927
test_06295,0.0003069290361542838
test_06296,1.260789268569226e-06
test_06297,0.9784924540226968
test_06298,0.999999969275437
test_06299,0.9997619196046154
test_06300,0.999999907033642
test_06301,0.00018768901549985267
test_06302,0.9992554555829976
test_06303,0.00011240610524674357
test_06304,0.9999976951529866
test_06305,0.0051767764011552775
test_06306,0.001820647888282043
test_06307,0.1238013505302873
test_06308,0.9979021819906687
test_06309,0.9999985121718838
test_06310,7.270299479686045e-08
test_06311,5.322575913420704e-07
test_06312,0.00031648096551643493
test_06313,0.49055635002875597
test_06314,0.0001957583119686591
test_06315,0.00010857238988150146
test_06316,0.2924732046586775
test_06317,0.9995248452907396
test_06318,0.9999999016678441
test_06319,0.025207522596358223
test_06320,0.9999358638707982
test_06321,0.0009868242504056754
test_06322,0.9999997690760085
test_06323,0.000895063213529534
test_06324,4.5978303222201535e-08
test_06325,0.9999971501004254
test_06326,0.9999919364370227
test_06327,4.942010707321957e-08
test_06328,0.9999979068885325
test_06329,0.17439666443866164
test_06330,2.7697364223468117e-08
test_06331,9.365740604113498e-07
test_06332,0.00014384065999060614
test_06333,0.0341389163462026
test_06334,1.3887640127085827e-07
test_06335,0.8664858132130128
test_06336,0.0001479429128817651
test_06337,0.00045597680346722843
test_06338,0.9996639918706954
test_06339,0.9999273186960235
test_06340,0.9999999123563651
test_06341,0.0022386653142979726
test_06342,0.9999964889581914
test_06343,0.02676741016762868
test_06344,0.0004175227849092076
test_06345,0.011275097685094576
test_06346,0.9999997415102684
test_06347,6.006473164184667e-05
test_06348,0.9999999260415086
test_06349,4.684539721121489e-07
test_06350,5.357446050722819e-05
test_06351,0.9999998751846662
test_06352,0.04087241610790737
test_06353,6.502621213650787e-05
test_06354,0.00729807724935271
test_06355,0.018562129402003122
test_06356,0.999985242411899
test_06357,0.0005198107895813045
test_06358,0.999999308884352
test_06359,0.9999998392127291
test_06360,0.9999929862104193
test_06361,0.011341318549244092
test_06362,9.674173592513385e-05
test_06363,0.9668035695233818
test_06364,0.9457482825957182
test_06365,1.3023332337503406e-07
test_06366,0.9999997258777814
test_06367,0.9958607593791207
test_06368,0.99960915199785
test_06369,0.9957789094137385
test_06370,0.9999882105772886
test_06371,0.022036994566282202
test_06372,0.994942311287159
test_06373,0.9999871272072
test_06374,0.9998240059885264
test_06375,0.005803817680024054
test_06376,1.1262510197994212e-05
test_06377,0.9999959889320753
test_06378,0.9999981776079048
test_06379,0.005174915993719761
test_06380,5.3022065885264206e-05
test_06381,0.00023806676193108473
test_06382,0.9999912820163126
test_06383,0.9998061185293123
test_06384,0.9999536677041848
test_06385,0.0013111920876531786
test_06386,0.9999999420371899
test_06387,0.9999993584833865
test_06388,0.9999995471043992
test_06389,0.002343712931268118
test_06390,0.999752803226403
test_06391,1.8921854516648905e-07
test_06392,0.006648012347866757
test_06393,1.5771369240930675e-06
test_06394,0.9378304413581123
test_06395,0.07610679001097222
test_06396,0.0029173529663097855
test_06397,5.5756653024529714e-05
test_06398,0.9995481960428635
test_06399,1.1147142596631707e-06
test_06400,2.0021390233146237e-07
test_06401,0.9894587608562304
test_06402,0.9999951849663354
test_06403,0.0005061288258033364
test_06404,0.00860963078426135
test_06405,3.2242224052592134e-08
test_06406,4.144748065661757e-08
test_06407,3.112329539565481e-07
test_06408,2.210593221271635e-07
test_06409,0.9999995656644735
test_06410,0.9999996911888688
test_06411,0.9998337329373805
test_06412,0.04058104436168936
test_06413,2.8109850780536743e-07
test_06414,0.9999976306799205
test_06415,0.003340906540364783
test_06416,0.9999452236881421
test_06417,0.9917026553476572
test_06418,0.0018203399423431983
test_06419,0.9998849898707406
test_06420,1.4550030381132872e-07
test_06421,0.9989332880830009
test_06422,0.9999441988449898
test_06423,0.9999970684693374
test_06424,0.9982568682996568
test_06425,0.019151420149257452
test_06426,7.677268740272663e-07
test_06427,2.041423653285662e-06
test_06428,0.999083181239627
test_06429,2.1413134078791706e-05
test_06430,0.004606218683594315
test_06431,0.9999983708066122
test_06432,1.7055273050282735e-07
test_06433,0.9998947199675836
test_06434,0.9999983318286488
test_06435,0.9999992177971587
test_06436,6.030959373595606e-06
test_06437,3.344361191536428e-05
test_06438,2.883628473964272e-06
test_06439,0.9886239717332774
test_06440,7.724794633827792e-07
test_06441,0.9742333616401634
test_06442,0.006209386845245901
test_06443,0.006520620559711139
test_06444,0.0011387246441415557
test_06445,0.0021303946575951522
test_06446,0.9999988003075138
test_06447,0.9923554204484125
test_06448,0.9999813795602156
test_06449,5.6158969761927405e-08
test_06450,0.9982994199374178
test_06451,0.9999479484070316
test_06452,0.9552018665709426
test_06453,0.0023817141597883788
test_06454,0.9993440982751238
test_06455,0.9999999561052061
test_06456,5.39521486341925e-05
test_06457,0.9996556961533467
test_06458,0.001810256641524009
test_06459,0.9993471273287755
test_06460,0.00018358381944496424
test_06461,3.5083417133118976e-05
test_06462,0.9999196778195066
test_06463,0.999999923576672
test_06464,2.0970693359575105e-07
test_06465,4.0499903195364514e-05
test_06466,0.0022489760218548692
test_06467,0.3580097501268102
test_06468,7.931569492339834e-06
test_06469,0.9999995046465406
test_06470,0.9902633329562155
test_06471,1.2623591420554612e-05
test_06472,1.4899501460161372e-07
test_06473,0.9999996160364357
test_06474,7.052348983558643e-06
test_06475,0.9934482007791255
test_06476,6.872515571738273e-08
test_06477,1.0354852034638216e-06
test_06478,0.9999997422424798
test_06479,0.9999140762104892
test_06480,0.9993248806889992
test_06481,4.5156010303786857e-07
test_06482,0.9999996483500257
test_06483,1.092897579960189e-05
test_06484,4.6328921046280115e-08
test_06485,0.9962371694922519
test_06486,0.9999996455307751
test_06487,3.740247310596524e-07
test_06488,0.9999997370773556
test_06489,3.5665128847318705e-08
test_06490,0.9999558945283046
test_06491,1.7954634447497604e-07
test_06492,0.9994933964293304
test_06493,3.421241940743454e-08
test_06494,0.9999976742088322
test_06495,0.00013075484837615062
test_06496,2.747532859265026e-05
test_06497,0.9999992839570393
test_06498,0.9999970582697285
test_06499,0.0009359706942044993
test_06500,0.05081340415035642
test_06501,5.3826337953550415e-05
test_06502,0.9999996425929917
test_06503,5.613373765728813e-07
test_06504,4.1191662757814895e-07
test_06505,8.088326083174713e-08
test_06506,0.9918607761532053
test_06507,0.999999942588822
test_06508,0.9999989446489104
test_06509,0.04446974269875872
test_06510,0.9995865093289416
test_06511,0.9777634311590994
test_06512,0.9867589893358862
test_06513,0.9981830847843179
test_06514,4.416402578914035e-05
test_06515,0.9999998998047965
test_06516,0.9999955624366266
test_06517,0.9895684016879075
test_06518,0.9999894742438524
test_06519,0.003171538286582304
test_06520,0.00016109989619541432
test_06521,0.9856208101290224
test_06522,0.9999125142983417
test_06523,0.9998411980028227
test_06524,1.1450892248357887e-07
test_06525,0.00010103026692371174
test_06526,0.9990751735867944
test_06527,2.9158940533328e-08
test_06528,0.9999991631012132
test_06529,0.0060600221296218245
test_06530,0.0027611606949316534
test_06531,0.9999262721893831
test_06532,0.9897822575917865
test_06533,0.99999991715644
test_06534,0.9994855389635415
test_06535,0.9999992610778603
test_06536,0.7669468701680715
test_06537,4.1597610464238594e-06
test_06538,0.9822622575849059
test_06539,0.0035278400270462697
test_06540,0.00019893779809708706
test_06541,0.018811938868350003
test_06542,3.537660951180679e-07
test_06543,0.0006308223269817318
test_06544,0.9999988926798467
test_06545,0.9999988156976581
test_06546,0.00037236926818376046
test_06547,0.9464408061155136
test_06548,0.9999441383489696
test_06549,2.632749304072247e-07
test_06550,0.9988172663479922
test_06551,1.3210815719822799e-06
test_06552,0.9995662280362244
test_06553,0.9999638060018541
test_06554,0.9999962272371737
test_06555,0.0031994459127484753
test_06556,0.999999825209409
test_06557,4.120537703161725e-06
test_06558,0.9799113136920945
test_06559,0.008707263139563258
test_06560,1.115919381614651e-05
test_06561,0.9771258429165897
test_06562,0.0002199555358450734
test_06563,3.886718520409583e-05
test_06564,0.999038682326264
test_06565,0.9999993080824041
test_06566,0.9977379633387062
test_06567,0.999959268750771
test_06568,1.279582422340017e-07
test_06569,0.0007481703497512498
test_06570,3.2960808645229287e-07
test_06571,0.00017835123238964677
test_06572,2.217869890792368e-05
test_06573,0.009792392268505765
test_06574,0.012973713601083011
test_06575,3.179218437847381e-07
test_06576,0.0044430820898948
test_06577,3.558278493057547e-08
test_06578,0.9992833655709425
test_06579,0.009688685140721387
test_06580,0.9999998396882829
test_06581,0.0018127879373715636
test_06582,0.9999984653066448
test_06583,0.007800683818718238
test_06584,0.9999516676490585
test_06585,7.430608584680383e-06
test_06586,4.6602634864084473e-07
test_06587,0.9999999522290123
test_06588,2.3328331150201384e-05
test_06589,0.998087012091119
test_06590,1.1524700011167306e-06
test_06591,1.3080331170206494e-05
test_06592,0.997868836949276
test_06593,0.9999986815189925
test_06594,0.9991248081329127
test_06595,0.036303469539370796
test_06596,0.3223204631113352
test_06597,0.03072149288042306
test_06598,3.704629763703079e-08
test_06599,1.7916376810190662e-07
test_06600,9.42963402596959e-08
test_06601,1.1705751457444034e-07
test_06602,0.0003426178111894767
test_06603,1.4979063149656338e-06
test_06604,0.004994276882253404
test_06605,2.469357540431283e-07
test_06606,0.9957013072355063
test_06607,1.1772124993785485e-07
test_06608,0.9999361571927226
test_06609,0.9761868894521127
test_06610,6.0623060738629565e-05
test_06611,0.9999995839731112
test_06612,4.787105412387214e-08
test_06613,8.392781191850593e-08
test_06614,1.6202983853416544e-07
test_06615,3.547365706370913e-06
test_06616,0.9997780317968897
test_06617,0.9998717560546886
test_06618,2.4520758867438677e-07
test_06619,0.0007886263725951134
test_06620,0.12295526793103724
test_06621,4.547859526241303e-07
test_06622,1.5470826511351692e-05
test_06623,0.00046396424019582247
test_06624,0.9999805021375733
test_06625,0.9999995362257986
test_06626,2.1485991271588835e-07
test_06627,5.502508735466615e-05
test_06628,0.9887481820324635
test_06629,1.3886539442878493e-05
test_06630,8.236476994742727e-08
test_06631,0.00041443006747374873
test_06632,5.640681504661434e-05
test_06633,8.370436324295938e-06
test_06634,0.9976283066314233
test_06635,0.002819753509075715
test_06636,2.254916948548156e-06
test_06637,2.9697263972858046e-06
test_06638,1.7574354271190026e-06
test_06639,0.9970670264547178
test_06640,0.9965212035630208
test_06641,0.0002008077572101484
test_06642,0.9974113855537683
test_06643,0.9999990918125959
test_06644,0.9996955139962763
test_06645,0.9999999522488533
test_06646,0.9999580719900234
test_06647,0.9999997472202875
test_06648,1.44286575306147e-06
test_06649,0.5363947717231422
test_06650,0.00023777320807193264
test_06651,0.00494273806747435
test_06652,6.340914310307887e-08
test_06653,0.9997291780840558
test_06654,0.0003210898313277315
test_06655,4.204010719442637e-08
test_06656,0.9999996537094105
test_06657,0.9999993744708988
test_06658,2.537134177051332e-07
test_06659,0.9999919686272614
test_06660,0.999306580818196
test_06661,0.00010148411478514061
test_06662,5.920035532141623e-05
test_06663,2.612651368587953e-07
test_06664,1.0759684939827916e-07
test_06665,0.0002215412765739228
test_06666,0.0002091781740843185
test_06667,0.9999999254220304
test_06668,0.0453257701165181
test_06669,6.19182575934259e-07
test_06670,1.4256458598823046e-06
test_06671,0.9975808326121991
test_06672,0.00031024474510644675
test_06673,1.3813521218021419e-05
test_06674,0.9999397815647767
test_06675,2.3390343741910062e-07
test_06676,0.9966721887943987
test_06677,0.9999998029468555
test_06678,0.9996841316334518
test_06679,1.372874713054246e-07
test_06680,0.0005037926121521149
test_06681,0.9999997683805678
test_06682,7.870316961932757e-08
test_06683,0.998496138175513
test_06684,8.461891394213133e-05
test_06685,0.99999939103531
test_06686,0.9998230912118296
test_06687,0.025175363235691972
test_06688,0.0885971465053341
test_06689,0.9999975294018378
test_06690,0.894671801276466
test_06691,1.0448083189947477e-07
test_06692,0.999999200072013
test_06693,0.5731536146752063
test_06694,0.9999997200683841
test_06695,1.640838272673297e-06
test_06696,0.9996443320267381
test_06697,0.9999999580619898
test_06698,0.001821960613297312
test_06699,0.45034858595202854
test_06700,0.9997710334013639
test_06701,0.999999464485568
test_06702,0.9999999438754195
test_06703,2.4435711904667855e-05
test_06704,0.9999985388497878
test_06705,0.9999999411831112
test_06706,0.03736099485120475
test_06707,7.551835406225619e-06
test_06708,0.9997794041946205
test_06709,0.9542196925178424
test_06710,0.9900240833172017
test_06711,0.9999438730896019
test_06712,0.0005197156843210381
test_06713,0.9999998959888666
test_06714,0.5113039786565792
test_06715,5.183125195630107e-07
test_06716,0.9999991817096782
test_06717,0.9999627305924527
test_06718,0.8937367624001233
test_06719,0.9997700771394457
test_06720,0.9999996816953854
test_06721,1.2044688515880518e-07
test_06722,0.9996344381383101
test_06723,0.9996658821817763
test_06724,2.49413415863686e-07
test_06725,0.07344938453865217
test_06726,0.9999995803990953
test_06727,0.9994012633106206
test_06728,9.384728379007222e-07
test_06729,0.00047019258704770214
test_06730,1.3456684079085972e-06
test_06731,0.9996843760245911
test_06732,0.3064435250447818
test_06733,0.9998951883355294
test_06734,0.00033160785470596967
test_06735,0.9995333153215653
test_06736,0.9999722651620865
test_06737,0.9999999340293656
test_06738,0.9999999143416085
test_06739,0.9999998213816749
test_06740,0.9999311753475549
test_06741,0.9976388208628345
test_06742,0.9999693075988385
test_06743,0.9999999204755324
test_06744,1.5371276809184897e-05
test_06745,4.057950468030867e-08
test_06746,0.999998850336321
test_06747,0.9999910009177994
test_06748,4.068018140485023e-06
test_06749,0.999999637598255
test_06750,0.999999334634788
test_06751,0.0007755575517675386
test_06752,2.4716133645029846e-07
test_06753,1.9943551583148494e-07
test_06754,8.607305788376924e-08
test_06755,0.9999978174872185
test_06756,3.585994945601197e-07
test_06757,0.9999998855113255
test_06758,1.310224796054248e-07
test_06759,0.005268587647921808
test_06760,6.570095390172162e-05
test_06761,0.9999975809456055
test_06762,0.9999998799922043
test_06763,0.9999128291290559
test_06764,0.9984377637162662
test_06765,0.999955492468606
test_06766,1.2324618098029752e-07
test_06767,0.00015258492992042705
test_06768,0.9999926650689983
test_06769,1.6485731272254986e-07
test_06770,1.4156564246596434e-06
test_06771,0.9999992273984212
test_06772,7.202824185903304e-07
test_06773,0.9992584058898628
test_06774,0.9973697853402814
test_06775,1.171056485424023e-06
test_06776,0.9999802449589232
test_06777,0.9999997947616538
test_06778,3.105859247313659e-06
test_06779,0.0009864307622809018
test_06780,0.9999999097000337
test_06781,0.9999996064901865
test_06782,0.9704260891109189
test_06783,0.9999824705154399
test_06784,0.00018494221647896827
test_06785,0.9999998102137373
test_06786,0.9999996192454221
test_06787,7.707132596824276e-08
test_06788,0.00026633966036397177
test_06789,0.001464566738296295
test_06790,0.9997490575740303
test_06791,0.999986519384466
test_06792,0.999999893834788
test_06793,0.000971077773585032
test_06794,0.9996473105626007
test_06795,1.0243281151426208e-07
test_06796,0.9999997507136107
test_06797,0.9999132275276288
test_06798,0.9999999210886994
test_06799,0.0012210639658951938
test_06800,3.7654157906624546e-05
test_06801,0.982638977224439
test_06802,1.2899690578426354e-07
test_06803,0.00954528738963274
test_06804,0.9996364840237554
test_06805,0.00012634323174162844
test_06806,0.9999492863969561
test_06807,0.9999999031239003
test_06808,0.9996834997459545
test_06809,0.9982673687063697
test_06810,0.9981061728529498
test_06811,0.9999996197048319
test_06812,0.004529944811165481
test_06813,0.9999928147963039
test_06814,0.9999998688831818
test_06815,0.9999998377599509
test_06816,0.9999997401780047
test_06817,5.816665099664107e-07
test_06818,0.9635133142084322
test_06819,0.9979839821325038
test_06820,0.014957334910582471
test_06821,0.9926229104863579
test_06822,0.00018253543147391413
test_06823,2.0595695828259437e-06
test_06824,0.9999899978345629
test_06825,5.555715549728496e-07
test_06826,9.594187096177846e-07
test_06827,0.0013217806295317362
test_06828,0.9999997142468843
test_06829,0.9999996228059516
test_06830,3.410172389142063e-05
test_06831,0.977289666644982
test_06832,4.0576414914517636e-08
test_06833,6.352414317500086e-07
test_06834,2.3969754407018755e-05
test_06835,1.0437939183321072e-07
test_06836,0.03669136220544665
test_06837,3.768066039249482e-07
test_06838,6.027636125622441e-08
test_06839,0.03580205537551444
test_06840,0.9999998717920371
test_06841,6.41542078053294e-06
test_06842,0.9999997420740009
test_06843,0.0001502980266629633
test_06844,1.1252151632486398e-05
test_06845,2.1141866594751094e-08
test_06846,0.9999998628249195
test_06847,0.9999993875524625
test_06848,2.72642671060466e-06
test_06849,0.9981723359445858
test_06850,0.0007253386577935553
test_06851,2.3628571866667315e-07
test_06852,0.00016003911246586654
test_06853,3.585978692354324e-07
test_06854,0.7258444615229345
test_06855,4.52133652174193e-08
test_06856,2.004435123450205e-05
test_06857,0.03449369682898381
test_06858,9.219604419740976e-07
test_06859,0.9438593174567939
test_06860,0.9752896502025227
test_06861,9.647277450659994e-06
test_06862,0.9996305049994321
test_06863,0.9910344783264368
test_06864,0.9995573900741946
test_06865,0.0001781608622125234
test_06866,0.0003292679441914494
test_06867,0.11426145625674769
test_06868,0.9993666839406592
test_06869,0.0027899347876548892
test_06870,0.99999989737427
test_06871,0.999998736218142
test_06872,0.0923419392699569
test_06873,3.190244045874062e-05
test_06874,0.9999997779643333
test_06875,2.82743096520429e-06
test_06876,1.8201351072829767e-07
test_06877,0.9998208085218443
test_06878,0.00024709421343673866
test_06879,0.9865023482186943
test_06880,1.928153080280891e-06
test_06881,0.9999925390359115
test_06882,0.0020539856842008153
test_06883,0.9999909064898996
test_06884,5.294742145076758e-06
test_06885,0.005721588642597207
test_06886,0.03477937178736117
test_06887,0.999993332913066
test_06888,0.047282694660407056
test_06889,0.9998957556345118
test_06890,0.34774828124602825
test_06891,0.00037648763562685546
test_06892,1.2935996091527395e-07
test_06893,1.98035085100151e-06
test_06894,2.0540599645184654e-07
test_06895,6.591796198050595e-08
test_06896,0.9999844528211089
test_06897,0.10252504613754597
test_06898,0.003112470002268122
test_06899,0.0004043595330108338
test_06900,0.00035783841005191156
test_06901,0.9999996433260858
test_06902,0.045055249612672696
test_06903,0.9999998767023529
test_06904,0.9997535383038639
test_06905,0.9999999334126763
test_06906,0.006242302264894139
test_06907,0.9996838455497004
test_06908,0.9999357898106563
test_06909,0.00048560158497491026
test_06910,0.9995579911142651
test_06911,0.9999999285663164
test_06912,1.7755753262737584e-05
test_06913,0.008155915566964721
test_06914,0.954945702690285
test_06915,0.09700854612105363
test_06916,0.9999992723427172
test_06917,2.405868658944063e-07
test_06918,0.978252621339449
test_06919,0.9999998421115502
test_06920,1.8614120385600907e-06
test_06921,0.999662213516507
test_06922,0.9999999467679801
test_06923,0.9168421771698096
test_06924,0.9997495026962586
test_06925,3.467684339714307e-06
test_06926,3.1370742905143286e-07
test_06927,0.00048301119928614476
test_06928,1.5852846417212574e-07
test_06929,0.9833050184806476
test_06930,3.973927390527855e-05
test_06931,0.00016065082637114892
test_06932,0.999821804981301
test_06933,0.9989266120290126
test_06934,0.00026301645850247896
test_06935,3.3301713934668106e-06
test_06936,0.9999993510377813
test_06937,0.9999702349266402
test_06938,4.40332667265564e-05
test_06939,2.3709197062346993e-05
test_06940,0.9999987703268969
test_06941,0.999996951081952
test_06942,2.744723609691669e-07
test_06943,0.0042038434898050495
test_06944,0.03651521467964331
test_06945,1.1022223013801546e-07
test_06946,0.35768107604446164
test_06947,0.9999636559723143
test_06948,0.16771730529179785
test_06949,0.9999999185592017
test_06950,0.008304666238454347
test_06951,0.0007275906541969974
test_06952,0.996814251721567
test_06953,2.1999104239032818e-07
test_06954,0.5700739615157427
test_06955,0.9999998843853108
test_06956,0.999998540971986
test_06957,0.9999918665251675
test_06958,0.999999760511359
test_06959,0.009049176772799825
test_06960,4.759300229821029e-08
test_06961,0.988476798672737
test_06962,1.5693526691620534e-07
test_06963,0.9269432869113863
test_06964,0.9999433334559521
test_06965,3.8785526691851125e-05
test_06966,4.6887594005098325e-06
test_06967,0.0003769477094389936
test_06968,1.6699248901892858e-07
test_06969,0.00011399196656816843
test_06970,0.9999999757013723
test_06971,0.9999986413275445
test_06972,2.7639887621235943e-07
test_06973,0.9999988757041361
test_06974,1.1833621022523893e-06
test_06975,0.9999997569933952
test_06976,0.9999997301925438
test_06977,0.9992893319196375
test_06978,1.1691370046343533e-07
test_06979,0.5200867952974239
test_06980,0.9999120459092904
test_06981,0.9999959314357977
test_06982,0.9999333190219749
test_06983,7.23050663571656e-06
test_06984,2.3845410155528207e-06
test_06985,2.393416159895687e-08
test_06986,0.00508040736786699
test_06987,7.126629177789626e-05
test_06988,0.00029798633909772687
test_06989,2.1560051919280843e-06
test_06990,0.9999998957600524
test_06991,0.9995813743166979
test_06992,0.0003462562086788153
test_06993,0.00018628221758059196
test_06994,3.7048371012013874e-07
test_06995,3.1408742145564576e-06
test_06996,0.00033638386855657247
test_06997,0.9999989899153992
test_06998,0.00014600420549098754
test_06999,0.9999984542634422
test_07000,1.2119305491821029e-05
test_07001,0.7396718104240737
test_07002,0.9999998898825903
test_07003,0.9997457745452819
test_07004,0.99663365595539
test_07005,0.9695361914151229
test_07006,0.0008436013451381321
test_07007,0.0023869406725879924
test_07008,0.00035142304752160645
test_07009,0.999998589484481
test_07010,0.9988891807451287
test_07011,0.9998159319248281
test_07012,0.9973273914505679
test_07013,0.0010258288357003786
test_07014,0.9999964731837854
test_07015,0.999999865425497
test_07016,0.9999992242441701
test_07017,0.00012719387093036426
test_07018,0.9999997797452144
test_07019,0.9951222467861428
test_07020,7.070157978608549e-05
test_07021,0.9999996901970778
test_07022,2.2866306715257432e-07
test_07023,0.9995171415463333
test_07024,0.009620237526623266
test_07025,0.9949177372603653
test_07026,0.9999996538706778
test_07027,4.771232405086095e-06
test_07028,0.9998313267262376
test_07029,0.9946040598181698
test_07030,0.00018201973745708081
test_07031,5.531449797368336e-08
test_07032,0.9999993619631381
test_07033,0.9999997697088967
test_07034,2.3679137437431204e-07
test_07035,0.0003370859073728619
test_07036,9.720437235435106e-08
test_07037,0.0008330924397253009
test_07038,0.9999817206180149
test_07039,2.7809715924941674e-07
test_07040,3.7174151190038088e-06
test_07041,0.999258611545379
test_07042,0.9999998494823481
test_07043,0.000238242453511466
test_07044,0.9999995399081688
test_07045,2.673537776502601e-07
test_07046,0.9999986867209777
test_07047,0.9999998530850158
test_07048,0.00015673796455717426
test_07049,0.008893441061890979
test_07050,0.997250172631379
test_07051,0.0026432147588528227
test_07052,0.9997340942316321
test_07053,1.2838094630885368e-07
test_07054,0.9918572360752644
test_07055,0.9999999660130641
test_07056,0.9999984992051791
test_07057,9.048324925068046e-06
test_07058,0.9999920803119443
test_07059,0.005263243456717664
test_07060,0.9999999454869978
test_07061,0.9999987227295511
test_07062,0.0002998215956194071
test_07063,0.001777912751839734
test_07064,2.915289306475122e-07
test_07065,0.000361814200654722
test_07066,0.01106711073816009
test_07067,0.9937368506121765
test_07068,0.999996842571373
test_07069,0.9999862086396509
test_07070,2.3554755902412148e-05
test_07071,1.4809493752295048e-07
test_07072,0.9999392960673624
test_07073,0.990545646133596
test_07074,0.9999995866811283
test_07075,0.9977142978521388
test_07076,0.9998736611238662
test_07077,0.00044490492572924807
test_07078,0.9999675801252601
test_07079,0.9999998397550703
test_07080,1.4032355832483507e-06
test_07081,0.031137482128925476
test_07082,0.9999994243321749
test_07083,5.557079381687228e-05
test_07084,0.0003268999670926797
test_07085,0.0020066757456172787
test_07086,0.9974222718234841
test_07087,7.735732288429525e-05
test_07088,0.9985165812444745
test_07089,0.03181969638127687
test_07090,0.9984981316250932
test_07091,9.015650360312788e-05
test_07092,0.9993936586276762
test_07093,0.9642813955011957
test_07094,0.9988456301878808
test_07095,9.362442976961163e-06
test_07096,0.9999992817122195
test_07097,1.1025081533605841e-06
test_07098,0.0020652869910050527
test_07099,1.3672652106209196e-05
test_07100,0.9999806941994264
test_07101,0.9999996420381196
test_07102,0.9999993463492789
test_07103,0.9999995065600601
test_07104,0.9712786586488734
test_07105,3.0518094914010315e-06
test_07106,0.970027203204991
test_07107,5.036628284139609e-07
test_07108,0.9954297100318749
test_07109,0.18659278158474552
test_07110,0.9997939519660916
test_07111,0.03870106091459489
test_07112,0.9999026144473606
test_07113,1.791927755808542e-07
test_07114,0.9996076396593275
test_07115,0.9920778738446164
test_07116,0.8387029747321352
test_07117,1.8228400593936288e-07
test_07118,2.9631061742813423e-07
test_07119,0.0026021460416194146
test_07120,0.00024651243305842555
test_07121,7.324031519953158e-05
test_07122,0.9999945134176668
test_07123,0.06422271429605728
test_07124,0.9999996700895915
test_07125,0.9999999740818566
test_07126,0.9999990340174371
test_07127,0.9994904564980637
test_07128,6.59798766970674e-05
test_07129,1.0594792282688263e-07
test_07130,0.9999889390514596
test_07131,0.9999327399755384
test_07132,0.00010115441153960619
test_07133,1.2719407032280052e-06
test_07134,0.016229174751887954
test_07135,7.891390712207838e-05
test_07136,0.9996290354197525
test_07137,0.999943568315417
test_07138,4.446719624051261e-05
test_07139,6.029598984102898e-07
test_07140,4.541313046077445e-07
test_07141,0.019320242790554085
test_07142,1.8043238058794337e-06
test_07143,5.842111830768156e-07
test_07144,5.483412027290762e-07
test_07145,1.7594202991314132e-06
test_07146,0.9999999776002458
test_07147,0.4486410610871905
test_07148,0.9999998239166544
test_07149,3.179179346364817e-08
test_07150,0.6480069473687377
test_07151,0.011591136528238235
test_07152,0.9935955110281144
test_07153,0.9993657101226183
test_07154,0.9883745826071433
test_07155,2.047764040578413e-07
test_07156,1.589061502449792e-06
test_07157,0.9988703595118275
test_07158,0.9999999048771318
test_07159,5.570678042602731e-05
test_07160,0.0003963560025408329
test_07161,1.1538590717809787e-07
test_07162,0.996475638020371
test_07163,0.9969455584186941
test_07164,0.9747163930106204
test_07165,0.010991177660462417
test_07166,0.9999998312898517
test_07167,2.2484089215454876e-07
test_07168,0.99999815024147
test_07169,8.485571893687716e-08
test_07170,0.9999999715129447
test_07171,0.9977841783401245
test_07172,0.9999986326267042
test_07173,0.9999998560082121
test_07174,0.9950548508246905
test_07175,0.9999998449729586
test_07176,7.111245992247718e-07
test_07177,3.4859299938879146e-05
test_07178,0.9999989908295756
test_07179,0.008697124550484372
test_07180,1.8616116818962312e-06
test_07181,0.00235925872947829
test_07182,0.00023107311982411064
test_07183,2.145006024675149e-06
test_07184,1.4335566000140596e-07
test_07185,0.9999833201778466
test_07186,0.9999991164292559
test_07187,1.5162175618363046e-07
test_07188,0.9837226982260625
test_07189,6.576309256930787e-08
test_07190,0.9993198443236538
test_07191,1.227645301602804e-07
test_07192,1.5402132810547664e-07
test_07193,0.0005968335887046293
test_07194,0.9637309170207248
test_07195,0.9803920600304438
test_07196,0.9999986801720757
test_07197,0.0002251690591645921
test_07198,0.0001562801997369211
test_07199,5.2289697991389385e-05
test_07200,0.999999924505187
test_07201,0.003942595808548042
test_07202,1.308018131742259e-07
test_07203,0.9997429212339224
test_07204,0.8761248502109941
test_07205,1.8315969926739586e-07
test_07206,0.00012959252125556146
test_07207,0.6948686633284445
test_07208,3.6956091467065126e-05
test_07209,0.013467901777801045
test_07210,2.721475978252193e-07
test_07211,6.243481585287677e-07
test_07212,0.986472005995189
test_07213,8.46763840368949e-05
test_07214,0.9999985360170408
test_07215,0.023295506075297834
test_07216,0.0020297857816622437
test_07217,5.132688723645738e-05
test_07218,0.01589606867434393
test_07219,0.9999754378695712
test_07220,0.0013457016403043641
test_07221,0.9999988987918521
test_07222,2.9104514305284476e-07
test_07223,9.340669161541633e-07
test_07224,0.9999991775937136
test_07225,0.0005909644591288571
test_07226,0.9927705382007811
test_07227,0.9998685105371874
test_07228,2.3919024352891796e-06
test_07229,0.0048148138859328855
test_07230,0.0005311108744058041
test_07231,7.89877874109321e-06
test_07232,0.961681041073167
test_07233,0.9999982358996472
test_07234,0.9999996042847707
test_07235,0.9902517071917937
test_07236,1.5482666231355278e-07
test_07237,0.999999902421778
test_07238,9.16971830242103e-08
test_07239,0.43133087388144564
test_07240,9.048360005703547e-05
test_07241,7.962253817686834e-08
test_07242,0.00023363938284545532
test_07243,2.1553014144637467e-07
test_07244,0.9999999142603964
test_07245,0.00046301396656583417
test_07246,0.0038904488777522536
test_07247,0.9999994509005368
test_07248,0.9999999659416405
test_07249,3.2110047721682616e-07
test_07250,0.003506721707651512
test_07251,0.040198782218163635
test_07252,0.9999937026427954
test_07253,0.0002604427675231655
test_07254,1.2412753387893733e-05
test_07255,0.8287878760192422
test_07256,0.00012700756840251242
test_07257,0.999998876357219
test_07258,0.05281196171791749
test_07259,0.9999983499497098
test_07260,0.998470490322321
test_07261,0.016197905189348952
test_07262,1.6819617153585212e-07
test_07263,0.999999927988494
test_07264,3.420861916191022e-07
test_07265,0.9999406330435987
test_07266,1.0944112922746313e-07
test_07267,3.430768931260966e-05
test_07268,0.999351780406783
test_07269,0.999989694821047
test_07270,0.9992861063463166
test_07271,0.9999996604767158
test_07272,0.353597246235521
test_07273,0.9999761116155829
test_07274,0.9975987697159969
test_07275,0.007171120035252825
test_07276,2.1139809034811815e-06
test_07277,0.9998823781734975
test_07278,0.9966342330381794
test_07279,1.1091410884916483e-06
test_07280,3.5962237337614866e-08
test_07281,4.1761717900727865e-07
test_07282,0.9988819592895224
test_07283,0.008329859871714043
test_07284,0.0006120165973157105
test_07285,0.9958880582481769
test_07286,0.020032359886936798
test_07287,0.9942650677562528
test_07288,2.423663428970696e-06
test_07289,6.26125194535143e-07
test_07290,0.00017843028626818362
test_07291,0.9993254754774107
test_07292,0.0005292524202748869
test_07293,0.0007259821720172633
test_07294,0.999998008007157
test_07295,0.02118853514010361
test_07296,0.9985783862952051
test_07297,0.9994047720023387
test_07298,0.025447091315161426
test_07299,0.9814478507743586
test_07300,0.001968109808115213
test_07301,0.9999594553854411
test_07302,1.059252223369202e-05
test_07303,0.9998025366776678
test_07304,9.244509993931066e-07
test_07305,0.0004178849999644221
test_07306,0.022725467129042897
test_07307,7.381438655453477e-08
test_07308,9.667649305010849e-05
test_07309,4.948868090475982e-05
test_07310,0.00039605383028614154
test_07311,3.3616822007578765e-06
test_07312,0.9999991405723602
test_07313,0.0014737612898638684
test_07314,0.9997471105514832
test_07315,0.005893729231827926
test_07316,0.7545525609419913
test_07317,0.9991207495517884
test_07318,8.792154530897452e-05
test_07319,0.9999978070064919
test_07320,0.9999153236964993
test_07321,0.005954941605802281
test_07322,0.021791952869122184
test_07323,0.00019570929685388646
test_07324,0.01446634073300869
test_07325,0.001775393483088599
test_07326,0.979036120691059
test_07327,0.9999977294220134
test_07328,0.9999994052648087
test_07329,0.0001755733110368053
test_07330,0.004760229772384339
test_07331,1.3918933874803277e-07
test_07332,5.030168123291061e-07
test_07333,0.002268627479024296
test_07334,0.9779989251132722
test_07335,0.9882577512298891
test_07336,0.0023409908737995378
test_07337,0.8261301874874568
test_07338,0.9999993333230807
test_07339,5.449573279458577e-07
test_07340,0.9999842092501093
test_07341,0.000742621588477071
test_07342,0.0067496756798499594
test_07343,0.9992695049653515
test_07344,0.9997211688710457
test_07345,6.403716333844033e-07
test_07346,0.00022075857656574585
test_07347,8.184169940279813e-08
test_07348,0.9972357340802676
test_07349,1.4307785406083041e-06
test_07350,0.9999999419221193
test_07351,7.299963494963839e-06
test_07352,0.9990249615812867
test_07353,0.9960523230851979
test_07354,0.9908023302816614
test_07355,0.9984548337916566
test_07356,0.999589698703817
test_07357,0.9999984536532813
test_07358,0.9999805325221544
test_07359,4.5179259555915576e-07
test_07360,0.9999846619657331
test_07361,0.9840107995076629
test_07362,0.0004289084505272867
test_07363,0.9989988587861527
test_07364,0.0009478744343008639
test_07365,0.8613136313590447
test_07366,0.9999719784375164
test_07367,0.9996639657220373
test_07368,0.001980276423966742
test_07369,0.013887813800110105
test_07370,0.9999998553621288
test_07371,5.743853667673822e-07
test_07372,4.3298371802746916e-07
test_07373,0.9999901886846007
test_07374,1.390654064913879e-06
test_07375,0.06937464668937673
test_07376,0.9921813287182115
test_07377,2.455640589779454e-07
test_07378,0.9906592543716002
test_07379,0.0016827629981157938
test_07380,0.0013946830626892991
test_07381,0.0013333340424233576
test_07382,0.9591700606947555
test_07383,0.9927460582567824
test_07384,0.9927801483932466
test_07385,4.122840464867639e-06
test_07386,0.00025076430437117713
test_07387,7.288783049136388e-06
test_07388,0.9988104052472496
test_07389,0.0019709744132747446
test_07390,4.406274435688323e-06
test_07391,0.9999999647975851
test_07392,0.9726340902651173
test_07393,0.99677552681305
test_07394,0.9998365814745807
test_07395,0.9999999365184771
test_07396,3.509473930253178e-08
test_07397,0.9999997212297529
test_07398,0.9991982033424966
test_07399,0.9998216954274628
test_07400,0.9999984629376293
test_07401,1.2058159804546052e-06
test_07402,0.9999999568327126
test_07403,0.0003053162575178201
test_07404,3.1132146867240074e-07
test_07405,0.9999998610716392
test_07406,0.00043108075994668325
test_07407,4.0375411312305245e-05
test_07408,0.000652064154535835
test_07409,0.9934192494179898
test_07410,0.9999996729346898
test_07411,0.0004644114205927802
test_07412,6.548027481050346e-07
test_07413,0.9999997783910617
test_07414,2.0457233130171974e-05
test_07415,0.999239894184088
test_07416,1.1632378284655328e-06
test_07417,3.8717236508178277e-07
test_07418,0.9998907368949782
test_07419,0.0003951633549113927
test_07420,5.123197972411976e-08
test_07421,1.7507803640593688e-05
test_07422,0.9999800084213404
test_07423,0.9999996607669569
test_07424,5.951376268588319e-05
test_07425,0.0009633428942552356
test_07426,0.1509709374636394
test_07427,0.0009577319482724682
test_07428,5.09563130914413e-07
test_07429,0.10555535589501544
test_07430,0.00025917724213756404
test_07431,0.9999990415832622
test_07432,0.00024893147693120143
test_07433,0.0011168984249884013
test_07434,3.938439102327256e-07
test_07435,4.3459847473847047e-08
test_07436,0.0007846589855051336
test_07437,0.9999978854067841
test_07438,0.9998916065146997
test_07439,0.00054887778855618
test_07440,2.777986941177043e-05
test_07441,3.1475209882064684e-06
test_07442,9.773255172670738e-07
test_07443,0.9897859972030394
test_07444,7.875304319285369e-07
test_07445,0.004510503760800624
test_07446,1.4723078980752042e-06
test_07447,4.881758363725217e-05
test_07448,0.00017653286122883038
test_07449,0.9999999099061833
test_07450,0.9999791757996587
test_07451,0.9995816354786711
test_07452,3.3330033038838566e-05
test_07453,8.83525278589445e-07
test_07454,0.9945636966351901
test_07455,0.0070198705893405
test_07456,0.9999998095081214
test_07457,0.9996028797852071
test_07458,0.9999999161234535
test_07459,0.9999990663540959
test_07460,1.364265929097542e-05
test_07461,0.9997743734450235
test_07462,0.9987664026531691
test_07463,8.974704848629805e-05
test_07464,9.10082428147951e-05
test_07465,0.9981377113082748
test_07466,0.013529308930711664
test_07467,0.9999999040202946
test_07468,0.9998602347176407
test_07469,0.014016946684565034
test_07470,0.9977705865041958
test_07471,0.15681985005776972
test_07472,0.9920873312678754
test_07473,3.7406978506443615e-07
test_07474,7.095560441517418e-07
test_07475,0.9999952169261095
test_07476,3.840332297303951e-06
test_07477,3.7545919049897655e-07
test_07478,0.9999999749731665
test_07479,0.9999676622280608
test_07480,0.0026573143265319235
test_07481,1.3392233328019764e-05
test_07482,0.006520602402428738
test_07483,0.9823989897337744
test_07484,0.0021337407134511023
test_07485,0.9999992211216018
test_07486,0.9999999095216638
test_07487,3.7747884510371813e-06
test_07488,1.8725057897768727e-07
test_07489,0.9999996722262532
test_07490,0.32154807395159785
test_07491,0.00011220685985139342
test_07492,0.00029356892565398626
test_07493,0.9840709606676976
test_07494,0.9999683179497604
test_07495,0.999982363794615
test_07496,6.096105927801279e-07
test_07497,7.92119959021454e-07
test_07498,0.03067712477908572
test_07499,1.4213796484374947e-08
test_07500,7.772110683279505e-06
test_07501,1.4134996424341107e-07
test_07502,0.999999895118698
test_07503,0.029844316807664636
test_07504,8.968796654431758e-07
test_07505,0.9999941318942889
test_07506,0.9992977442665547
test_07507,3.915658912795558e-05
test_07508,1.1813323210732231e-07
test_07509,0.9998363187440723
test_07510,0.9999410201008412
test_07511,0.9897538061899078
test_07512,0.004063161443916217
test_07513,0.999998384206686
test_07514,0.9954187727520083
test_07515,0.9999997310123219
test_07516,0.9952304940989694
test_07517,0.9999855489678562
test_07518,0.00011529674224055481
test_07519,2.0775740929897706e-06
test_07520,0.0004869658383706135
test_07521,6.949774630868988e-05
test_07522,0.9999992286813183
test_07523,1.676189285109094e-07
test_07524,0.9910456506072877
test_07525,0.9859298321201656
test_07526,0.001007413594282279
test_07527,0.05505423368699628
test_07528,0.999999911956351
test_07529,1.1830042782718588e-05
test_07530,0.9998599684823917
test_07531,0.998471239489526
test_07532,0.9999947440256276
test_07533,4.3866549430108793e-07
test_07534,0.040010976695269054
test_07535,0.9586693838339759
test_07536,0.00038246277692165946
test_07537,2.2193338076314035e-07
test_07538,0.026064955408804182
test_07539,0.9999994532623415
test_07540,1.5952684608869532e-05
test_07541,0.9999775744087587
test_07542,0.9541191372884631
test_07543,0.0009437436259432458
test_07544,0.9999995958581395
test_07545,0.04272317773240491
test_07546,0.9984933335663003
test_07547,0.9999992667503671
test_07548,0.0004134380013662436
test_07549,0.9999994655918787
test_07550,0.9999994931562783
test_07551,0.9999998010237269
test_07552,0.0002839590724030134
test_07553,0.999998647603102
test_07554,0.9999538004969443
test_07555,0.00024843447624953196
test_07556,6.197807888297719e-08
test_07557,0.9999997658221464
test_07558,0.9999967630401582
test_07559,0.989286878364347
test_07560,0.890601496253175
test_07561,3.040082003185319e-08
test_07562,0.015519049862631381
test_07563,0.9999188292124463
test_07564,0.9999996939130875
test_07565,8.508540983882672e-07
test_07566,0.04775184953454771
test_07567,0.004912165063372536
test_07568,0.006961237286592197
test_07569,0.9999763345407305
test_07570,0.9999984923153908
test_07571,2.657648703000223e-06
test_07572,0.9999999468164075
test_07573,0.999980495360731
test_07574,0.999653657141928
test_07575,2.3454774792523907e-07
test_07576,5.699593657810436e-06
test_07577,9.075274579641507e-07
test_07578,0.00027406291314481746
test_07579,0.0002213309433516842
test_07580,0.9999968603335333
test_07581,8.430506927869229e-08
test_07582,1.0481841500037405e-07
test_07583,0.9999993909496453
test_07584,0.9999986187146878
test_07585,0.9979811419709109
test_07586,0.9999999511676233
test_07587,0.004881510726674664
test_07588,0.9917217724193453
test_07589,0.9985149144861236
test_07590,0.026368890289527075
test_07591,0.9998623535905788
test_07592,2.0741495442568397e-05
test_07593,0.9999995600709651
test_07594,0.9699615764962497
test_07595,1.6209142735331577e-07
test_07596,3.00515163944399e-07
test_07597,0.9996047461779389
test_07598,0.999287497877056
test_07599,0.9999997621682398
test_07600,5.272395432536633e-08
test_07601,2.376081899097919e-07
test_07602,1.7835583608309341e-06
test_07603,0.9999999689936913
test_07604,4.7345860232057884e-05
test_07605,0.00021702700974130594
test_07606,8.493697427128506e-05
test_07607,0.013686307140984446
test_07608,0.019145378367862086
test_07609,0.9999998926013227
test_07610,1.2986767367456392e-07
test_07611,2.0480861469525422e-05
test_07612,7.736309872465392e-08
test_07613,0.0003493195742639407
test_07614,0.9999998505901476
test_07615,0.9998966335315577
test_07616,0.9987164218031306
test_07617,4.517534098137007e-06
test_07618,0.9999617422948794
test_07619,6.684228919901142e-08
test_07620,0.10982481222239847
test_07621,3.9682383525684665e-08
test_07622,0.002478390270228238
test_07623,0.9999999321034228
test_07624,4.328475949656139e-08
test_07625,2.01181658582221e-07
test_07626,0.9999999165438788
test_07627,0.9882528616305438
test_07628,0.999999713584563
test_07629,6.553917800510053e-07
test_07630,0.9999011085338565
test_07631,0.0011342657918662217
test_07632,4.820631707855237e-07
test_07633,0.0004673284838126271
test_07634,0.9999998941458118
test_07635,0.9988506643278784
test_07636,0.0003058717885313938
test_07637,0.9582013839640912
test_07638,0.9999994523300098
test_07639,1.6203833389090558e-06
test_07640,3.125520594317182e-06
test_07641,0.9964971889852283
test_07642,8.247665028080155e-07
test_07643,0.9999997412100688
test_07644,0.9999997184973426
test_07645,0.00020150261973022677
test_07646,0.9575003401751429
test_07647,0.999999882148315
test_07648,5.618237348253275e-07
test_07649,0.9999902000096523
test_07650,0.999985954734903
test_07651,0.3921452101335444
test_07652,0.9953621372507063
test_07653,0.9998506359008331
test_07654,0.9999994852973006
test_07655,0.0008001506286986304
test_07656,4.7380488822987475e-07
test_07657,0.9989651097582241
test_07658,9.665330352971024e-08
test_07659,0.9999765611146937
test_07660,0.36463059738106246
test_07661,0.9999998832705198
test_07662,8.95385623274058e-07
test_07663,0.001894444600372218
test_07664,1.0835231613384986e-06
test_07665,6.206525954945182e-08
test_07666,0.9999615713508379
test_07667,0.000320709964299602
test_07668,4.778968569709191e-07
test_07669,0.9999975920982007
test_07670,1.6843690325485872e-07
test_07671,5.8146556522668866e-05
test_07672,9.485798073692587e-07
test_07673,5.889256754001111e-05
test_07674,0.9970648380600379
test_07675,1.68554593345293e-07
test_07676,8.240419891654412e-07
test_07677,0.0004763326622396697
test_07678,0.005912183759607211
test_07679,3.173834301171842e-07
test_07680,0.9987461800169256
test_07681,3.428697026609406e-08
test_07682,2.300249032381409e-06
test_07683,0.9997472415589685
test_07684,0.9724634536090223
test_07685,3.250387939863147e-05
test_07686,1.1895751701697917e-06
test_07687,0.061747268595410965
test_07688,0.08912744068814847
test_07689,0.9996284072311993
test_07690,0.9999060688974492
test_07691,2.764889911563136e-08
test_07692,0.9999887148264814
test_07693,0.9998359703316099
test_07694,3.346933972619066e-07
test_07695,0.0015049217952894912
test_07696,3.6761978236982686e-05
test_07697,0.9999998383628016
test_07698,0.9999998928189612
test_07699,1.4609906529059722e-07
test_07700,0.9999910130736429
test_07701,9.695235866822774e-07
test_07702,1.3885263323811224e-05
test_07703,0.9997263430317183
test_07704,0.9999981326591121
test_07705,3.5914384165841923e-07
test_07706,0.9969625953550881
test_07707,0.012059245749869583
test_07708,0.999999943509377
test_07709,0.9978340134326833
test_07710,0.9999673130329186
test_07711,0.9998756813620734
test_07712,0.00010176165232001122
test_07713,7.506384324788793e-08
test_07714,4.332599893443683e-08
test_07715,0.9999440451261199
test_07716,0.9991586042660991
test_07717,0.00020320592856241492
test_07718,0.0001036602581904606
test_07719,1.3852092270659799e-05
test_07720,4.017124402291243e-07
test_07721,0.00476576539835406
test_07722,9.202450761983967e-05
test_07723,3.3286660963557787e-06
test_07724,0.9999999714287188
test_07725,0.9999955253585636
test_07726,0.2665663834101354
test_07727,0.0007103801722773344
test_07728,0.0018783365281520223
test_07729,0.9999999014993969
test_07730,0.008462673568934717
test_07731,2.1462274353959622e-07
test_07732,0.940747469708387
test_07733,0.9999836660562401
test_07734,2.774252037911452e-07
test_07735,0.00012223585459111277
test_07736,8.933699355980209e-06
test_07737,0.999566364159273
test_07738,1.0942886329571033e-05
test_07739,0.015182582826134867
test_07740,2.2217512131609646e-05
test_07741,0.00020928962411720798
test_07742,0.3933375529382928
test_07743,0.9999996453058099
test_07744,3.79811430321706e-07
test_07745,0.9570570780859512
test_07746,0.007589076899323798
test_07747,0.024696893776996583
test_07748,7.793317321940188e-05
test_07749,0.9999996620598649
test_07750,0.9999999603625727
test_07751,0.009096570302757083
test_07752,5.378409861240678e-08
test_07753,0.8837565328705953
test_07754,0.02600865268643297
test_07755,0.0013387225328614668
test_07756,0.9985379367323394
test_07757,0.00018456905990625326
test_07758,0.00015860492773259755
test_07759,0.9999864016864349
test_07760,0.009496475912950933
test_07761,0.9998444391514175
test_07762,0.9882488467040337
test_07763,0.9999997862973159
test_07764,0.9995838438630708
test_07765,0.0007670476426142484
test_07766,0.9999999708439649
test_07767,1.2390969929772615e-07
test_07768,0.0392206186990995
test_07769,3.666271593320616e-08
test_07770,0.0017202234040341595
test_07771,0.9999994169740407
test_07772,0.9999999144309013
test_07773,0.9999998308787754
test_07774,0.0008036579604096972
test_07775,0.0003053684892819513
test_07776,0.014806776838009055
test_07777,0.999999939576626
test_07778,0.999786754686844
test_07779,0.9999996904383127
test_07780,0.9969699239750163
test_07781,7.574533704542861e-05
test_07782,0.2505966501004893
test_07783,4.166851730129075e-07
test_07784,0.0008987691934739547
test_07785,4.1690417523102994e-05
test_07786,0.002826547457193443
test_07787,0.9999959377156099
test_07788,0.999999833833301
test_07789,0.9999927758313857
test_07790,1.9240976399289965e-06
test_07791,0.013045170176422696
test_07792,1.0875679811218478e-06
test_07793,2.5825560646803465e-08
test_07794,1.5900701282611916e-06
test_07795,0.9859292311091871
test_07796,0.04435448421218664
test_07797,2.039360601703935e-06
test_07798,0.998620561909704
test_07799,0.9999997319153392
test_07800,0.9999988061147177
test_07801,0.00011532803957477425
test_07802,0.9963296097032269
test_07803,0.9995811262074316
test_07804,0.9999998709379265
test_07805,0.0001470975647160475
test_07806,0.00013167925994933116
test_07807,0.001158372275979897
test_07808,4.660733497691255e-07
test_07809,2.1156810431259498e-05
test_07810,0.0005669657410516572
test_07811,0.9999994823368503
test_07812,0.004284070762797557
test_07813,0.999999838871164
test_07814,0.006473501746117667
test_07815,7.056116273020976e-08
test_07816,0.00014005942669291968
test_07817,0.9999989539474918
test_07818,1.6692063583996736e-07
test_07819,0.9939761506314414
test_07820,8.397290540443825e-08
test_07821,0.9998881296634035
test_07822,3.750555992223481e-06
test_07823,2.1463425864415893e-05
test_07824,0.999999313205756
test_07825,0.9998963914003722
test_07826,2.7155719141706075e-05
test_07827,0.9994179487785331
test_07828,5.675395704457199e-07
test_07829,0.9998316798312823
test_07830,0.001112391775644736
test_07831,0.9999998751774513
test_07832,0.9994164721801737
test_07833,0.9708113682432236
test_07834,0.999871067227752
test_07835,0.9995845937566904
test_07836,0.010639637545652055
test_07837,1.0410389016541206e-07
test_07838,0.999999932065881
test_07839,0.9997594697817626
test_07840,0.9762125490818142
test_07841,3.252434077361887e-06
test_07842,0.0002938519072116806
test_07843,7.240550748910756e-08
test_07844,0.992818022309695
test_07845,0.9999999044659154
test_07846,0.00030182619402089646
test_07847,0.99999728173635
test_07848,1.698423278152447e-06
test_07849,0.999998464801798
test_07850,0.9999999695946351
test_07851,0.004114421530599082
test_07852,0.9934776869024815
test_07853,0.00011008295731933823
test_07854,0.9999698449395481
test_07855,0.0036617591236916347
test_07856,0.00040708946813139445
test_07857,0.00022222692300370893
test_07858,1.1757168263153697e-06
test_07859,0.9999997371048462
test_07860,2.2449838055049783e-05
test_07861,1.3925890865200158e-06
test_07862,5.378382485243108e-08
test_07863,0.012411443692497408
test_07864,0.0341476707459563
test_07865,0.999999108111996
test_07866,0.9994945524511073
test_07867,1.2726301042888892e-07
test_07868,0.9999743777553077
test_07869,0.9999976625658167
test_07870,8.611196049799683e-07
test_07871,0.9998721822372475
test_07872,2.9313886634846965e-05
test_07873,1.2768750686263435e-07
test_07874,1.0573798675042736e-06
test_07875,2.7620936845750876e-08
test_07876,0.00031927481467587557
test_07877,0.0013756089850299358
test_07878,7.404819582339589e-05
test_07879,3.882883358875949e-08
test_07880,0.997468071483482
test_07881,0.9494083459202819
test_07882,0.9999960942379306
test_07883,0.959520701920782
test_07884,0.9723832956759892
test_07885,0.9999991864472648
test_07886,1.0203967607052746e-05
test_07887,0.9999999597795569
test_07888,0.02550824072928292
test_07889,0.999999777110605
test_07890,0.9884802075587312
test_07891,0.9898089048923894
test_07892,0.0012608723426247
test_07893,0.9998164407245566
test_07894,3.677681474966423e-07
test_07895,0.003970879912944159
test_07896,0.9999988360856933
test_07897,8.316533576912185e-07
test_07898,0.999999540522055
test_07899,0.9999900691955484
test_07900,0.9999894544487212
test_07901,0.9999996398082344
test_07902,4.873813796558888e-08
test_07903,0.008760624781879082
test_07904,7.976594275918613e-08
test_07905,0.02948654960795474
test_07906,0.0005315990719110273
test_07907,1.8115058625145667e-05
test_07908,1.5083102944464815e-07
test_07909,0.9509097526323843
test_07910,0.9997113503031589
test_07911,0.9999393988401201
test_07912,5.926669726684182e-08
test_07913,1.235611749279541e-07
test_07914,3.089955301049138e-05
test_07915,1.721327819048874e-07
test_07916,0.9994872880241592
test_07917,0.000185558182838047
test_07918,6.059498655966793e-05
test_07919,3.818058797623802e-07
test_07920,3.5670791732085823e-07
test_07921,0.9999998754185067
test_07922,0.24228554330190738
test_07923,0.9999223981044434
test_07924,0.0011416593490753547
test_07925,0.00015514556821232206
test_07926,0.009061992112767264
test_07927,0.9999381599806094
test_07928,1.3376227353491048e-07
test_07929,0.00021320190516434438
test_07930,1.870509974696422e-05
test_07931,8.304471261320289e-07
test_07932,0.9999996723396302
test_07933,0.9999998930465862
test_07934,0.011460983019924575
test_07935,0.09070739750094842
test_07936,3.165051181393076e-07
test_07937,0.045388910711762584
test_07938,0.9999993637649502
test_07939,5.796200897288724e-07
test_07940,0.00012294859365968616
test_07941,0.02684952564948228
test_07942,5.454874516411504e-05
test_07943,0.9995517319251492
test_07944,0.006461101038529037
test_07945,8.875104149241419e-08
test_07946,0.002481782134009448
test_07947,0.9999997685289149
test_07948,0.0010032198435415375
test_07949,0.999999486583125
test_07950,0.9999997836257635
test_07951,6.542637823180332e-05
test_07952,0.0016665458246493904
test_07953,1.0989107748083319e-06
test_07954,0.0005178076897571178
test_07955,2.0561411022004397e-07
test_07956,2.438496699350919e-06
test_07957,0.013128168270097293
test_07958,0.0068976734134845435
test_07959,0.999999164715778
test_07960,1.3252571731694985e-06
test_07961,0.9999063261494548
test_07962,1.5075980475824562e-07
test_07963,0.9999708619991284
test_07964,4.996183215654861e-05
test_07965,8.017457387126013e-08
test_07966,0.9999706134991211
test_07967,0.9998764227356166
test_07968,0.0007824232330552171
test_07969,2.7564332469593644e-06
test_07970,2.1758787090068913e-05
test_07971,0.0007308629060090925
test_07972,0.9999998423381837
test_07973,1.0648138302405554e-07
test_07974,0.9600287200091323
test_07975,3.864773736161528e-07
test_07976,0.06667202166880257
test_07977,4.805987460859574e-07
test_07978,0.9999995609462287
test_07979,3.472313234892e-06
test_07980,0.008497441081125162
test_07981,0.03480348001005953
test_07982,1.457255235380114e-07
test_07983,1.358503773878072e-07
test_07984,0.998578117714051
test_07985,0.9999998513727583
test_07986,0.00010647156458096549
test_07987,2.3918673855720943e-08
test_07988,5.273800441355643e-06
test_07989,2.5656388529055127e-05
test_07990,0.9138063947439644
test_07991,0.9999998474221705
test_07992,0.0005523898921245251
test_07993,0.9999496373085014
test_07994,0.9620030369614276
test_07995,0.9999640049682667
test_07996,0.9998163512762188
test_07997,0.9984063539264527
test_07998,0.9999979222680566
test_07999,0.9997469045280154
test_08000,0.0011992386305054805
test_08001,0.0029700040435483425
test_08002,0.00043952809052017915
test_08003,0.9997874518817856
test_08004,9.94942662499452e-05
test_08005,0.9998038707452177
test_08006,0.999993092264343
test_08007,6.20282200975189e-08
test_08008,0.9824086955806027
test_08009,1.0208646926278052e-06
test_08010,0.9999980950493912
test_08011,0.994731106381463
test_08012,0.999529816884878
test_08013,0.000496992023278922
test_08014,0.0016190122184344758
test_08015,6.039815574084214e-05
test_08016,0.9999282606759253
test_08017,0.0007958205307611983
test_08018,0.9999999730691657
test_08019,0.9999998395673939
test_08020,0.9999999511269706
test_08021,0.9373080784688016
test_08022,0.005293905074142517
test_08023,8.52596426101652e-06
test_08024,5.947061401736919e-07
test_08025,0.0825026576692398
test_08026,0.9999999332741583
test_08027,0.9997596758497171
test_08028,0.0018167363202861956
test_08029,0.9999993997958802
test_08030,0.0017644184137631652
test_08031,7.97517515177491e-08
test_08032,0.9999999400611268
test_08033,0.0011581826936929575
test_08034,0.9999998863570472
test_08035,1.4163336786451954e-07
test_08036,0.9865570968109785
test_08037,0.0003244116511704444
test_08038,0.9999947902056081
test_08039,0.9999978294583259
test_08040,0.9828662699707719
test_08041,0.99977282960423
test_08042,0.9998520618332887
test_08043,8.939926594246689e-05
test_08044,1.1185242046972012e-06
test_08045,0.025044212605821483
test_08046,7.210408353552965e-06
test_08047,4.6382745307683125e-07
test_08048,0.9774165827331297
test_08049,0.9999996788821649
test_08050,0.006662133407950073
test_08051,4.48495280732594e-05
test_08052,0.9999986638660157
test_08053,0.009543418985861007
test_08054,7.518921506000472e-07
test_08055,0.9998395727984944
test_08056,0.9999906991304568
test_08057,2.9447425339472543e-06
test_08058,6.031926920548961e-07
test_08059,1.0854946028795975e-06
test_08060,0.9989112443874704
test_08061,0.011011203234242288
test_08062,0.999919028243695
test_08063,0.03224815935396273
test_08064,0.02044540254825193
test_08065,0.9999998006882505
test_08066,9.636630830772624e-06
test_08067,0.9999995246442407
test_08068,0.7757719704356371
test_08069,0.08636891236264592
test_08070,5.687316903173716e-05
test_08071,0.9999987409719511
test_08072,7.872313284515565e-07
test_08073,0.9999545134460588
test_08074,0.009416247031045063
test_08075,0.6612130858171026
test_08076,1.2632430276345544e-07
test_08077,1.5231027650984697e-05
test_08078,0.9998230200304827
test_08079,6.557815505063563e-05
test_08080,0.9998124854813909
test_08081,7.3811203244585e-05
test_08082,2.583118703199595e-07
test_08083,0.9999999408557998
test_08084,1.4439203585806758e-06
test_08085,0.0003512352086165802
test_08086,0.0005152709971051569
test_08087,0.9999997066866818
test_08088,0.999999163628135
test_08089,0.021482944591425163
test_08090,1.554973782285204e-05
test_08091,0.999999636935074
test_08092,0.9806056884654585
test_08093,0.012897598645341195
test_08094,8.609881547127566e-05
test_08095,0.9976437388980731
test_08096,0.0002637578563755741
test_08097,0.9999973446525255
test_08098,1.397135018458628e-07
test_08099,0.0009457965382434259
test_08100,0.9999997661018724
test_08101,4.816929462173621e-05
test_08102,2.4758060296143783e-07
test_08103,0.9998845895200813
test_08104,6.392029510876351e-08
test_08105,0.9998833391845988
test_08106,0.9999621794323202
test_08107,0.9869565046900507
test_08108,0.00024651389398306934
test_08109,0.9997370463365122
test_08110,0.9998473845287938
test_08111,7.043794580607304e-05
test_08112,0.9999999423205341
test_08113,0.0005522164029868812
test_08114,1.786665193725887e-07
test_08115,2.0823755585672794e-07
test_08116,0.9973140875368371
test_08117,1.935812149469222e-07
test_08118,2.2463048277329925e-06
test_08119,0.0016387372247232003
test_08120,0.0012123456316380356
test_08121,0.0008919758172575147
test_08122,0.9999997438475333
test_08123,0.001984911817990246
test_08124,0.9997991192448273
test_08125,0.9999687373649683
test_08126,2.3601373935846273e-06
test_08127,1.3070178662561877e-07
test_08128,0.02294902207001627
test_08129,5.272271941647494e-07
test_08130,0.0026646668487329077
test_08131,0.9999998802074431
test_08132,2.3191955255524525e-05
test_08133,0.008107092380970696
test_08134,8.359623245910294e-05
test_08135,4.4811540100602813e-07
test_08136,0.9969998423435772
test_08137,1.2900225918177096e-07
test_08138,3.427973622516018e-07
test_08139,0.9999987375648017
test_08140,0.9844956998470757
test_08141,0.99962752752322
test_08142,0.9999999178112843
test_08143,0.999998183281561
test_08144,0.9996365168493208
test_08145,0.0002772066301655489
test_08146,0.9397957895942388
test_08147,0.00012190194573304277
test_08148,7.965264621872761e-07
test_08149,1.5645938758654704e-07
test_08150,0.9999919210347727
test_08151,0.9983881483267343
test_08152,0.014703648975660956
test_08153,0.23113590571474052
test_08154,3.2235383776366343e-07
test_08155,1.5216087096389554e-05
test_08156,1.1531171603927459e-05
test_08157,0.0014910776148843842
test_08158,1.6288081792356163e-05
test_08159,0.9999999640535415
test_08160,0.9999997495140996
test_08161,0.99987784480948
test_08162,6.579900944958989e-07
test_08163,0.9999998374540302
test_08164,0.005647626215980737
test_08165,4.695537786032911e-06
test_08166,3.4190023137883294e-06
test_08167,2.5860743483246723e-07
test_08168,0.9999997335366817
test_08169,0.9917140641789234
test_08170,1.359403270772761e-07
test_08171,0.9990380998814549
test_08172,0.9974692042637434
test_08173,6.075135077949417e-07
test_08174,0.0015388027824338299
test_08175,0.9999969747435975
test_08176,0.9924448043451595
test_08177,0.9997990047687654
test_08178,0.9999997920180956
test_08179,0.994149079779893
test_08180,1.1696115877878532e-05
test_08181,0.00027778835064471666
test_08182,1.461483323547446e-06
test_08183,0.999998194972516
test_08184,0.9999733562757055
test_08185,0.9998074912431251
test_08186,0.99995218712651
test_08187,0.9997382253180065
test_08188,2.1736501421048225e-07
test_08189,1.2603597854663295e-06
test_08190,1.1141899297049032e-05
test_08191,0.00016440123344693054
test_08192,0.9930169186053981
test_08193,0.9999964840746248
test_08194,9.923887127366235e-06
test_08195,3.740060574126385e-07
test_08196,3.5452845507444914e-06
test_08197,0.999994453156622
test_08198,0.9999994250690311
test_08199,7.279510923181955e-05
test_08200,0.9994727859940467
test_08201,1.8200746025962993e-06
test_08202,0.9999998709432771
test_08203,0.9999948267545393
test_08204,0.9999975381190133
test_08205,0.9983227993487774
test_08206,0.9773156416032084
test_08207,0.9999985528793226
test_08208,0.00045595367959844023
test_08209,7.276623841618325e-05
test_08210,0.004932149949688258
test_08211,1.2979327531977149e-06
test_08212,0.9999998910093088
test_08213,0.9985102784845358
test_08214,0.018128891768229488
test_08215,0.00028240386529132153
test_08216,2.1829649999310894e-06
test_08217,0.9999681617920451
test_08218,0.9999263940981935
test_08219,0.002819099843542446
test_08220,7.784403582787107e-05
test_08221,1.8302315191799898e-05
test_08222,0.9986179322595817
test_08223,5.819525282463902e-08
test_08224,0.00030459263105516723
test_08225,0.006555070992953844
test_08226,0.9948729755897046
test_08227,0.9999997298775091
test_08228,0.9999993007601631
test_08229,7.83862579015798e-05
test_08230,0.19554889547363552
test_08231,7.501667892394789e-07
test_08232,0.00010276632369954773
test_08233,1.4302405617087245e-07
test_08234,1.1872869818775366e-07
test_08235,2.636788479810276e-07
test_08236,0.018556433802659346
test_08237,0.9999108125896181
test_08238,0.9999997661582912
test_08239,0.9999995309002616
test_08240,0.9953554151545861
test_08241,0.999699298561487
test_08242,0.9704640130879766
test_08243,1.2280392313664518e-05
test_08244,0.999056592432284
test_08245,0.0032034236125969553
test_08246,0.9989498616339705
test_08247,2.4873668405466726e-06
test_08248,0.00608149531927224
test_08249,0.9998899004920636
test_08250,0.6531153817409501
test_08251,0.9992869605600903
test_08252,0.9999996747339582
test_08253,0.003939168889449945
test_08254,0.9992098290517843
test_08255,1.8051018439942764e-06
test_08256,0.01486554207298165
test_08257,4.856215153210998e-07
test_08258,0.011840525572857126
test_08259,0.9999987873764301
test_08260,0.965680833717007
test_08261,0.9999999508594462
test_08262,0.9997808078719502
test_08263,0.999230763782181
test_08264,0.9888503258219805
test_08265,0.9879235803915898
test_08266,0.9999200455193207
test_08267,2.4798021288098392e-05
test_08268,1.303655946071838e-05
test_08269,0.9999992166841264
test_08270,0.011737525878670212
test_08271,0.8784072003126705
test_08272,0.9996757922807639
test_08273,0.7251015919356606
test_08274,0.999975134391454
test_08275,8.093247682661711e-07
test_08276,0.9999455465409826
test_08277,2.831479044796252e-07
test_08278,0.0006530540051123532
test_08279,0.06683259016429619
test_08280,9.028975834116236e-07
test_08281,0.989649802424496
test_08282,0.9999072797089981
test_08283,0.9999953149824347
test_08284,0.9999947280026641
test_08285,0.9999995019274053
test_08286,0.0010750240069476993
test_08287,3.1083749120439705e-06
test_08288,4.755963819485226e-07
test_08289,0.00010144956132624357
test_08290,3.9804986129787224e-05
test_08291,0.1968292750907933
test_08292,1.4011795918951943e-07
test_08293,0.9999617242943458
test_08294,2.510317999347632e-05
test_08295,0.9995731109346829
test_08296,0.9999976679510195
test_08297,0.9999169080426522
test_08298,3.1035155396109226e-05
test_08299,4.294916745807893e-08
test_08300,0.9997988581335627
test_08301,0.9684955958856742
test_08302,0.9999709091513997
test_08303,0.9999801972020355
test_08304,0.9999978843956854
test_08305,0.0006867495360392059
test_08306,4.696876924334696e-08
test_08307,0.9999648281110822
test_08308,0.9961135550288369
test_08309,0.008101574255934186
test_08310,0.9998040892087127
test_08311,1.705256971025444e-06
test_08312,0.9984429288872488
test_08313,0.9999997286421606
test_08314,5.1705575288418264e-06
test_08315,0.9999995020631746
test_08316,0.9993339481393924
test_08317,0.9921947327360429
test_08318,2.618455427062879e-06
test_08319,0.9999723518557065
test_08320,0.998026740427846
test_08321,0.9993066274947567
test_08322,0.9998479264842494
test_08323,0.9999947826986123
test_08324,0.8952734896553081
test_08325,0.9999998220536711
test_08326,4.5636622948465603e-07
test_08327,0.004177778940138991
test_08328,6.390728397267756e-05
test_08329,0.9997843257143045
test_08330,0.9998629737663944
test_08331,0.956097437890954
test_08332,2.2928871264169807e-05
test_08333,0.000756209407122225
test_08334,0.9999994912865783
test_08335,0.02668083413218637
test_08336,0.45988391541959034
test_08337,0.9994769702858234
test_08338,0.999999930953651
test_08339,4.056192769989841e-06
test_08340,1.3688388752579288e-07
test_08341,0.9999960053154545
test_08342,1.5366927297328425e-07
test_08343,0.9999897413525678
test_08344,0.9993997348398014
test_08345,0.9999999560824347
test_08346,7.309784317103666e-06
test_08347,0.00035000021216946494
test_08348,0.9999999566524763
test_08349,1.1727927286097949e-07
test_08350,0.9999995009600603
test_08351,0.9999999480631652
test_08352,3.762624765836931e-07
test_08353,0.9996858390449981
test_08354,1.2542420876382251e-05
test_08355,0.9974310388130359
test_08356,0.07488697720706673
test_08357,0.0012801657262381297
test_08358,0.999895275928194
test_08359,0.9999992523861232
test_08360,0.9999973993412801
test_08361,0.9983077365635565
test_08362,4.534315998066812e-08
test_08363,0.9999544160062436
test_08364,0.02321544052938143
test_08365,0.0009663743419679525
test_08366,0.9976705873455676
test_08367,0.9998262771525799
test_08368,0.9998455236671753
test_08369,4.604919532849394e-05
test_08370,0.9999999510893629
test_08371,3.7505421776572224e-07
test_08372,7.1257888281115264e-06
test_08373,0.999999147561503
test_08374,0.9999997776144279
test_08375,1.9723027952820102e-07
test_08376,0.9999992215113772
test_08377,0.9936394324140814
test_08378,0.9915616524525729
test_08379,0.9988480843089688
test_08380,0.9999992398832347
test_08381,0.9999612038293038
test_08382,0.9998256687057335
test_08383,1.8916072414295826e-06
test_08384,2.8912963216216687e-06
test_08385,1.4559855729764313e-06
test_08386,5.528031713406059e-08
test_08387,0.014893638201518272
test_08388,8.405201789524486e-05
test_08389,0.9999983253178218
test_08390,0.002704798114362435
test_08391,4.5801160023679204e-06
test_08392,0.9999995220233262
test_08393,0.999999916176796
test_08394,0.00011666581063635156
test_08395,7.945138938644897e-05
test_08396,5.516349765689233e-07
test_08397,5.526753902238014e-07
test_08398,0.9986172585743572
test_08399,0.0003915051177367761
test_08400,2.2690467613255504e-07
test_08401,0.004228492771383705
test_08402,5.2608295098728685e-05
test_08403,2.5548127418308475e-06
test_08404,0.9999198579127789
test_08405,0.0005157719487925531
test_08406,6.475260597684048e-08
test_08407,0.999996330300196
test_08408,0.0033979268186287467
test_08409,2.90424974137828e-07
test_08410,0.9978404580647638
test_08411,0.9999141630678242
test_08412,0.999967413304366
test_08413,1.6066163565931018e-07
test_08414,6.243979203858399e-05
test_08415,1.6621400740038454e-07
test_08416,0.9999998037827117
test_08417,0.9999999152190956
test_08418,0.9999993225034529
test_08419,3.938225318266116e-07
test_08420,0.48451094290336755
test_08421,0.0016429756344892464
test_08422,0.9999665754945476
test_08423,0.999999831998114
test_08424,4.0943188351695245e-07
test_08425,0.002364599199881145
test_08426,1.3473296249224077e-07
test_08427,0.999999687430918
test_08428,0.9999816036010061
test_08429,7.397207191621316e-07
test_08430,0.999997724749417
test_08431,0.039654465686270096
test_08432,0.39050413788478633
test_08433,0.13888454743919904
test_08434,0.9918788348060342
test_08435,7.421247598231948e-07
test_08436,0.9999998989256151
test_08437,0.0003459268289843316
test_08438,0.9999703098214308
test_08439,2.632207100253045e-06
test_08440,0.9999926989915948
test_08441,0.010597428963752828
test_08442,0.0018949512682510637
test_08443,0.0003646146577193192
test_08444,6.368431549988169e-08
test_08445,0.9995268088943008
test_08446,3.759803207703452e-05
test_08447,1.6722922371985083e-07
test_08448,0.017999844359570364
test_08449,0.9789488287772405
test_08450,0.002415293049666574
test_08451,9.214966735971413e-07
test_08452,0.1291221001001666
test_08453,7.39187476245345e-07
test_08454,0.00011469998676387094
test_08455,0.32633821195010193
test_08456,0.9999998289597447
test_08457,0.9999984192123397
test_08458,2.0461282893636612e-07
test_08459,0.9999380420189456
test_08460,0.9999999654828328
test_08461,0.0012603331574416398
test_08462,1.2684622976982632e-07
test_08463,0.999999552015604
test_08464,0.0012481720033291719
test_08465,0.9999999360341582
test_08466,0.013562977783034735
test_08467,1.6974901972709823e-07
test_08468,0.999146886029415
test_08469,2.889454700926041e-05
test_08470,1.0372721291807143e-07
test_08471,0.00022891553751732283
test_08472,0.9999943811439981
test_08473,3.691034128508495e-08
test_08474,0.9999921165038143
test_08475,0.0002409960666852364
test_08476,0.978532698394024
test_08477,0.9998807935562322
test_08478,0.9999991065132118
test_08479,9.975668934099435e-07
test_08480,9.893601158242648e-07
test_08481,8.759053552246027e-06
test_08482,0.999998146952375
test_08483,5.992206725359441e-05
test_08484,0.9999945699931232
test_08485,0.2862297304583274
test_08486,0.018117589064174384
test_08487,0.00044451591063659687
test_08488,0.02856142840249585
test_08489,1.0653955262163443e-05
test_08490,0.9994443736855387
test_08491,0.9999998635144023
test_08492,0.9971907927782573
test_08493,0.9764894590739875
test_08494,0.007659374825490872
test_08495,4.859319138512467e-06
test_08496,1.1522487569657694e-06
test_08497,0.9999992789953245
test_08498,1.558695534243787e-07
test_08499,0.5085611009369857
test_08500,0.9990590575836182
test_08501,1.095894756558035e-07
test_08502,0.999999951176816
test_08503,0.02209874367117428
test_08504,0.9999634950211348
test_08505,0.00022895847814858366
test_08506,0.029212338364272564
test_08507,0.00010416299304953325
test_08508,0.9999998872112555
test_08509,0.9967354444922297
test_08510,0.9999998147980568
test_08511,0.37501338308875437
test_08512,0.9999915313150872
test_08513,0.9999932272717644
test_08514,1.4965341301858955e-07
test_08515,0.9999994883920167
test_08516,0.9999999707287273
test_08517,0.9999999150446722
test_08518,0.9945661033050456
test_08519,0.999999923111314
test_08520,0.00025771300224337797
test_08521,8.192099067583319e-08
test_08522,0.000354397857984295
test_08523,1.5162700782344013e-07
test_08524,3.0097545918713597e-07
test_08525,0.9998938434390502
test_08526,2.876770427153992e-07
test_08527,1.1569352419947038e-05
test_08528,0.00041648958433527464
test_08529,0.9938067983678034
test_08530,1.9596065239865644e-05
test_08531,0.8033733976522515
test_08532,0.9995784940781237
test_08533,0.0009561361548540321
test_08534,0.000990444815740772
test_08535,0.9999998713477755
test_08536,1.7890539892843796e-07
test_08537,0.9997594764528083
test_08538,0.999991589602008
test_08539,0.9995534134072005
test_08540,0.9997594831594689
test_08541,5.694841085080888e-05
test_08542,0.9984464864214826
test_08543,0.0027435510678262332
test_08544,0.9997000308778028
test_08545,0.9952944441131824
test_08546,0.9932919312919445
test_08547,0.9999655459206088
test_08548,1.2806785666231986e-06
test_08549,6.410864025895041e-07
test_08550,0.957647711375748
test_08551,0.9962104524975331
test_08552,0.965634642346377
test_08553,0.9999999844393872
test_08554,1.4436184376465713e-06
test_08555,0.9996606347252145
test_08556,5.062366411681071e-05
test_08557,0.002943091419446265
test_08558,2.983270134642644e-05
test_08559,0.9998770941668438
test_08560,0.03076716317240597
test_08561,0.9998131596806784
test_08562,0.9709970260984814
test_08563,7.97019471652113e-05
test_08564,9.506564862292163e-08
test_08565,0.9999999417446713
test_08566,0.9999989316435024
test_08567,0.0017533894815869595
test_08568,0.9990525230394083
test_08569,0.00030599031087022525
test_08570,0.0013881314931344863
test_08571,0.015714186540337603
test_08572,0.9999947940769242
test_08573,0.9998704390287363
test_08574,6.41121987413906e-07
test_08575,0.9999422219091675
test_08576,0.00015050511523493146
test_08577,0.9999998874475187
test_08578,0.002843802506947421
test_08579,0.9997404042140329
test_08580,0.9999995220356015
test_08581,0.9999999083343305
test_08582,0.07924072158905433
test_08583,1.738501200871924e-07
test_08584,5.7876832119280795e-06
test_08585,1.4249416725870917e-07
test_08586,0.9668364973034234
test_08587,0.0004137506469180935
test_08588,0.9999992877796636
test_08589,0.9850726686883204
test_08590,0.9865959731881025
test_08591,1.836860026876954e-07
test_08592,0.9996122653807081
test_08593,0.00019302307411723195
test_08594,5.891748713816187e-07
test_08595,0.9997821377422665
test_08596,0.9999993108722954
test_08597,0.9972722892469458
test_08598,0.9695134054042253
test_08599,0.027688771587812896
test_08600,0.9997089145064365
test_08601,0.9999731785521887
test_08602,0.9977561657774351
test_08603,0.9996691624373408
test_08604,0.9999996054083804
test_08605,0.033099671878520316
test_08606,0.9999976867582703
test_08607,0.9990002378422669
test_08608,0.9998568105487333
test_08609,0.00018713715801236687
test_08610,0.9999440396868978
test_08611,3.4852733725194607e-07
test_08612,0.9999997981896654
test_08613,0.33376979506172816
test_08614,0.9999605915950537
test_08615,0.002655843245255104
test_08616,0.9999994629531594
test_08617,0.007201751312831682
test_08618,7.344429379755265e-05
test_08619,0.9999787282406085
test_08620,0.9999488601799731
test_08621,0.9996971345007725
test_08622,0.9999674478142165
test_08623,1.9706462975467054e-07
test_08624,0.9589244487834553
test_08625,0.999907816316453
test_08626,6.013697961215022e-07
test_08627,3.3305699402535565e-06
test_08628,0.9999992901442561
test_08629,6.445208780751778e-07
test_08630,0.9999697896126278
test_08631,0.02334220041371352
test_08632,0.00013687740931559795
test_08633,0.9999998354831807
test_08634,0.9925704826585421
test_08635,0.011657315717578696
test_08636,0.0001441364194043003
test_08637,0.9999928467892322
test_08638,0.9999985902137765
test_08639,5.644519170780316e-06
test_08640,0.0005472527310063172
test_08641,7.933871408267856e-06
test_08642,0.9999998649936848
test_08643,0.001053846328930383
test_08644,0.9999997789815449
test_08645,0.001944058185471044
test_08646,4.129583621968126e-07
test_08647,0.00015071811458434173
test_08648,0.00016657135270574348
test_08649,0.9999962492368968
test_08650,0.9999999203852271
test_08651,0.9999745386753313
test_08652,0.9927021214846529
test_08653,0.9999099839753715
test_08654,1.832051561644747e-07
test_08655,0.9997913070087094
test_08656,7.947733413049078e-05
test_08657,0.9926461163687538
test_08658,0.9993979879208112
test_08659,1.2293593971728513e-07
test_08660,0.03392998282897842
test_08661,0.002057278488471982
test_08662,0.002094045416255386
test_08663,8.762163459864763e-08
test_08664,1.9649424715145651e-07
test_08665,0.0024511459116762484
test_08666,0.9999999083519644
test_08667,0.9999998908417368
test_08668,0.9996463293587435
test_08669,0.9972627757830029
test_08670,0.893662103543436
test_08671,0.9999792601914115
test_08672,0.9999945755529839
test_08673,0.9999999015165296
test_08674,0.999999880133318
test_08675,8.12267038144522e-06
test_08676,0.9985842368150571
test_08677,0.9988738848736222
test_08678,0.999453817168445
test_08679,0.9999994489327316
test_08680,0.999999980881971
test_08681,4.6222882806859616e-05
test_08682,3.2010752460802224e-05
test_08683,0.9293090197950709
test_08684,0.007247989585625583
test_08685,0.9999320665504903
test_08686,0.9998206303793856
test_08687,6.395641271382626e-05
test_08688,0.9992339094293853
test_08689,0.9999789977822996
test_08690,0.00028634159979913203
test_08691,0.9994005994409649
test_08692,0.9999999535831171
test_08693,1.9634641075456237e-07
test_08694,0.0003649403321496375
test_08695,0.9999884683560811
test_08696,0.000104234122718702
test_08697,7.034431166412196e-05
test_08698,0.9965354691279024
test_08699,0.9760042588237375
test_08700,0.9999992475738807
test_08701,0.9999918734157295
test_08702,1.1306216272296916e-07
test_08703,0.00018063703560492424
test_08704,2.2850578459730932e-08
test_08705,0.0010929587970853055
test_08706,0.00018691130750483643
test_08707,0.9999992180907841
test_08708,0.9999401632100896
test_08709,0.9999984231853801
test_08710,1.532314938373068e-07
test_08711,0.998844956453434
test_08712,3.042462005518672e-07
test_08713,0.9996884922255295
test_08714,0.9999010930840261
test_08715,5.428831341131609e-05
test_08716,0.9999998780663286
test_08717,0.08434253570430897
test_08718,1.2746552135929717e-06
test_08719,0.9997320009565593
test_08720,0.9999997315366772
test_08721,0.9997924099509559
test_08722,0.9994938224859802
test_08723,0.9999980055735809
test_08724,3.1938247716809054e-07
test_08725,0.9999959258045159
test_08726,0.9999882917207801
test_08727,1.6957634166751168e-06
test_08728,0.00020396857190729337
test_08729,0.9992914348676396
test_08730,0.21580941012524404
test_08731,0.9996216179994565
test_08732,0.16571151062731465
test_08733,8.297017889912457e-07
test_08734,0.9986280705612461
test_08735,2.3417334279746925e-07
test_08736,0.9999309307304828
test_08737,3.951304388106037e-07
test_08738,0.6178551156365917
test_08739,7.609825051888179e-05
test_08740,5.836113174622297e-05
test_08741,0.039277711922500465
test_08742,0.9993717189978711
test_08743,1.987724247622348e-07
test_08744,0.24653419640407065
test_08745,0.9999956242729139
test_08746,0.03841207687618944
test_08747,0.9999997406994516
test_08748,0.0025758702968887767
test_08749,0.0010985764560348733
test_08750,0.9983151604011439
test_08751,9.196649261013247e-07
test_08752,0.0071423720474044165
test_08753,0.9980856228008853
test_08754,2.4844603211651895e-07
test_08755,0.9999995231540832
test_08756,0.9973022479973451
test_08757,0.9999997982462506
test_08758,0.0002512068397684459
test_08759,8.58319845130384e-05
test_08760,7.350888188205792e-08
test_08761,0.02799271041086342
test_08762,0.999994209484087
test_08763,0.014470914199616155
test_08764,0.982402280416941
test_08765,3.300257561921048e-05
test_08766,0.9999998315092455
test_08767,1.0415333146528877e-06
test_08768,0.9999999522012698
test_08769,3.591843861016367e-06
test_08770,0.9999540410994319
test_08771,0.009184957746840415
test_08772,1.5082465761361515e-07
test_08773,6.110051157649867e-07
test_08774,0.0008472492195792357
test_08775,0.999438697493303
test_08776,0.9999998281463816
test_08777,2.263358059425313e-08
test_08778,0.9995365227020654
test_08779,0.9759863663678509
test_08780,0.001212533691948814
test_08781,0.9999443940487617
test_08782,0.005664160686144048
test_08783,0.9999820858029138
test_08784,0.9999923423291732
test_08785,0.018845228972397054
test_08786,0.0323306355534021
test_08787,0.005022217690230511
test_08788,0.007189150092193963
test_08789,0.999935753102911
test_08790,2.1566556620441124e-07
test_08791,5.430187596037145e-06
test_08792,1.1576806810456148e-07
test_08793,0.011949591053720864
test_08794,1.7832420886129237e-07
test_08795,0.9999998894334043
test_08796,0.9999998754765369
test_08797,0.9821249072160564
test_08798,0.9999381328063986
test_08799,0.9999998941544842
test_08800,0.9999981132901606
test_08801,0.9999641001868966
test_08802,0.9566390021360405
test_08803,0.9996282265636884
test_08804,2.7289517449213634e-05
test_08805,0.9999996846493922
test_08806,0.9996948095757807
test_08807,0.0021251392138373457
test_08808,0.9999993220053052
test_08809,0.9945797575954847
test_08810,0.00017209192161755848
test_08811,0.9999998897928878
test_08812,2.1929866149904157e-06
test_08813,0.9997998539097517
test_08814,7.475672911754795e-08
test_08815,7.768424145720248e-08
test_08816,0.000232545848341158
test_08817,0.9999944170920765
test_08818,0.09686301643082129
test_08819,0.999981503809144
test_08820,0.9990162108499311
test_08821,6.774126541266042e-05
test_08822,0.9999979100831936
test_08823,0.06304152734531256
test_08824,5.614678275833044e-07
test_08825,0.9994847831118002
test_08826,5.661426288670854e-07
test_08827,0.9998129545381629
test_08828,0.9999980963496943
test_08829,6.004687122186063e-06
test_08830,0.9999999356488799
test_08831,0.05884084507134433
test_08832,0.00011552297477778737
test_08833,0.9999998329988574
test_08834,0.9905794466258065
test_08835,0.9999746066506633
test_08836,0.0883287356564171
test_08837,0.9668998050966804
test_08838,0.9997142397065512
test_08839,0.9999996675954063
test_08840,0.8882573551261668
test_08841,0.9999699505447498
test_08842,2.0017317897823127e-07
test_08843,0.9999770163920056
test_08844,1.1109597872352276e-06
test_08845,1.4353256837354985e-07
test_08846,0.9999995702337727
test_08847,0.9918849726276856
test_08848,0.0006181969975098605
test_08849,0.0009674966014512405
test_08850,0.9999751132584603
test_08851,3.645113964360892e-07
test_08852,0.0023196918575829843
test_08853,0.9999976249006136
test_08854,0.9524636302679753
test_08855,0.9642133380714594
test_08856,0.9993548426378264
test_08857,0.9999908975034955
test_08858,0.9998719836091899
test_08859,2.7582245682707463e-05
test_08860,0.9993181324891235
test_08861,0.9999995591724875
test_08862,2.0028527127565269e-07
test_08863,1.785298969094269e-06
test_08864,1.0010471162976777e-05
test_08865,0.00010475213172501083
test_08866,0.999434342481994
test_08867,0.9999997904372142
test_08868,0.00012255082295811365
test_08869,0.964262364004564
test_08870,0.9999997865506702
test_08871,0.9999998624880795
test_08872,0.020043169329910283
test_08873,0.9999999099442171
test_08874,7.551518504004923e-08
test_08875,0.9999727322137749
test_08876,0.9999975219686335
test_08877,0.11447800723648509
test_08878,0.9999983176035708
test_08879,0.9988632539082491
test_08880,0.9337167053162078
test_08881,0.9999999274589321
test_08882,0.04345503837321701
test_08883,7.021912730085488e-06
test_08884,0.9992973459668154
test_08885,0.0015985031547437513
test_08886,1.8562623583373043e-07
test_08887,4.0324379402712523e-05
test_08888,1.7940104704904375e-05
test_08889,0.9999999203435642
test_08890,0.0170414251756306
test_08891,0.00680847956956947
test_08892,0.9907920406026592
test_08893,0.022877158241979903
test_08894,0.9999996790619654
test_08895,0.000190998897733882
test_08896,0.9999999431235332
test_08897,5.8565756554488774e-05
test_08898,0.9981094288879895
test_08899,1.3940913927910125e-07
test_08900,0.9999977917205438
test_08901,0.9999998112423821
test_08902,0.9999953101500889
test_08903,0.9976869456963405
test_08904,0.9999205285895992
test_08905,0.9999997031992384
test_08906,0.9999533821817391
test_08907,0.9999994874210639
test_08908,0.9999997746048497
test_08909,0.03012796256921565
test_08910,9.105463798379081e-05
test_08911,0.9999998647208342
test_08912,1.409200293295193e-06
test_08913,0.01850343733163681
test_08914,7.979210719636175e-06
test_08915,0.9304285113924032
test_08916,0.9996146195374128
test_08917,0.9999997182590373
test_08918,0.9999998651108448
test_08919,0.9842840825609707
test_08920,9.058922514260649e-06
test_08921,0.7300425463416018
test_08922,1.1128284442016515e-06
test_08923,0.9994677546897012
test_08924,0.9999999739348757
test_08925,0.9999997757846918
test_08926,0.0007633815278852608
test_08927,3.7975704225261315e-07
test_08928,1.1045243722093282e-06
test_08929,0.9999999645807086
test_08930,0.9999784671428827
test_08931,0.0005765654649457903
test_08932,0.004138173342038961
test_08933,0.9324203385192259
test_08934,0.9912468185559772
test_08935,0.9998862761177675
test_08936,0.9999500753643997
test_08937,0.997884516704651
test_08938,0.9999658603078596
test_08939,1.8959097958949342e-08
test_08940,2.445229855322925e-06
test_08941,0.020815475276330493
test_08942,0.25978818552511707
test_08943,0.9999998085910211
test_08944,0.9999913641300905
test_08945,0.999879006700406
test_08946,0.0006034312619326915
test_08947,0.9998577665726266
test_08948,0.9992952798090877
test_08949,0.0001444843228019696
test_08950,5.860273506711324e-07
test_08951,0.9999996988670284
test_08952,0.9999894282213293
test_08953,0.9999758778310212
test_08954,0.9999981812984703
test_08955,0.9998536024436475
test_08956,0.999999517322772
test_08957,0.005003018630745995
test_08958,9.946082532687715e-08
test_08959,9.284525694434012e-05
test_08960,0.9968361998887987
test_08961,2.9202557641294714e-07
test_08962,5.272899289358239e-05
test_08963,0.00016196541218405652
test_08964,2.5566043082525205e-07
test_08965,4.2543828022350247e-08
test_08966,0.999807306980347
test_08967,1.4928209853940123e-07
test_08968,0.9999989439616018
test_08969,9.840616218509457e-05
test_08970,0.9999998934121612
test_08971,1.2572582826077183e-07
test_08972,2.3457951459358974e-06
test_08973,0.9999993567816919
test_08974,0.23384383874923237
test_08975,8.922082376065962e-05
test_08976,9.219903776832342e-07
test_08977,0.9999968588393592
test_08978,0.06483611512333745
test_08979,0.9999944075610397
test_08980,0.9982217614864004
test_08981,0.9999771691364615
test_08982,0.9995187232945193
test_08983,0.9999985021945029
test_08984,1.8455539923584763e-06
test_08985,1.523092665152046e-07
test_08986,0.9997862666775147
test_08987,3.8857128688590936e-05
test_08988,0.0007653570010950971
test_08989,0.9997018882686475
test_08990,3.2200991572771297e-07
test_08991,8.344317770263442e-08
test_08992,6.245554499673456e-05
test_08993,0.6259990365158892
test_08994,0.9999998103722076
test_08995,1.5401795692889715e-08
test_08996,0.9999998929526143
test_08997,0.9999990478068531
test_08998,0.9999996248427065
test_08999,0.9994799073881474
test_09000,0.9999999171292713
test_09001,0.9999920264290451
test_09002,0.00312411965039326
test_09003,0.9630949245380386
test_09004,1.3352369418835174e-06
test_09005,0.9999381624415051
test_09006,0.9998324084163914
test_09007,0.9247685227702929
test_09008,0.001915264489517193
test_09009,0.47993142670141825
test_09010,0.9998873701621918
test_09011,5.442323379234577e-08
test_09012,0.9999997948701885
test_09013,0.9999961204327348
test_09014,0.0005997366857988918
test_09015,0.9999618560373718
test_09016,0.9993911415884198
test_09017,0.999999595426807
test_09018,0.999999923780128
test_09019,0.9999950894069045
test_09020,4.712707198611888e-07
test_09021,0.9951516608415248
test_09022,0.9999999550500467
test_09023,3.2639962258709804e-05
test_09024,0.975044676656212
test_09025,0.9999994742421783
test_09026,0.999999825598074
test_09027,0.9804399078903926
test_09028,0.04304402780765152
test_09029,1.0810672143987957e-07
test_09030,0.9999997821110636
test_09031,5.368162732008444e-05
test_09032,0.9999996241554208
test_09033,0.9945971797145423
test_09034,1.46201424586678e-07
test_09035,0.0003517740566473054
test_09036,5.379506968874759e-08
test_09037,2.3650290700733367e-08
test_09038,2.0682520827395998e-07
test_09039,1.136231498366139e-06
test_09040,0.9632293457836768
test_09041,0.005177716959248205
test_09042,0.9999997899629952
test_09043,7.087696739726348e-05
test_09044,0.8591839418950882
test_09045,3.140854785840097e-07
test_09046,0.9982833386188634
test_09047,0.969877137795151
test_09048,1.4525089278553732e-06
test_09049,0.9999728177764515
test_09050,9.561266350508633e-07
test_09051,0.9998484436332972
test_09052,0.9999998596725242
test_09053,0.9999913548102759
test_09054,0.9986954038537025
test_09055,9.171484461353622e-07
test_09056,1.5309718518008799e-07
test_09057,1.6751543239092803e-07
test_09058,0.9996601591324433
test_09059,0.003519845832101055
test_09060,0.9998038303654343
test_09061,0.0014402220165517798
test_09062,0.9991456156269068
test_09063,0.9999991626622443
test_09064,0.0010819017757991785
test_09065,0.9999717954665117
test_09066,0.10684597037396222
test_09067,0.9999997717295975
test_09068,6.277314101447647e-08
test_09069,3.756736239790454e-05
test_09070,3.677857580095737e-07
test_09071,0.9633780567259336
test_09072,0.9999315403627382
test_09073,0.9999999777553423
test_09074,0.9998823820681778
test_09075,0.9986126470807579
test_09076,0.0004679830609922329
test_09077,0.9999998882291149
test_09078,0.9999810281598952
test_09079,0.9999998323830209
test_09080,0.9574416819933977
test_09081,0.999539443067847
test_09082,2.66846709648658e-06
test_09083,0.9999993407637968
test_09084,9.983344425219666e-08
test_09085,0.999998144505149
test_09086,0.9941230852984836
test_09087,2.207545780671732e-07
test_09088,5.087060773774173e-07
test_09089,0.9999539013394834
test_09090,0.9865827337783912
test_09091,2.336202275248955e-07
test_09092,6.260656087148904e-08
test_09093,0.007640296878167721
test_09094,0.9999997429907227
test_09095,0.9998520004295587
test_09096,2.161385220790253e-07
test_09097,0.0054308727534796
test_09098,0.996674660984204
test_09099,2.581209640056941e-05
test_09100,0.9999954719907078
test_09101,0.9927980785384899
test_09102,2.1065405514572544e-07
test_09103,0.0004433773768189347
test_09104,0.9999999579060765
test_09105,1.1590158189661575e-05
test_09106,0.9841483115314204
test_09107,0.0013569012095374494
test_09108,0.987853949261848
test_09109,5.721937978450133e-08
test_09110,0.9999993907699692
test_09111,0.999999492024221
test_09112,0.9994372631894888
test_09113,0.9999997147687941
test_09114,6.92474873777898e-05
test_09115,4.84366416913141e-07
test_09116,0.9999999180498071
test_09117,6.467487868175019e-05
test_09118,0.9999997114093799
test_09119,9.88068260404721e-06
test_09120,0.9999791299345209
test_09121,0.9999990085411112
test_09122,0.9999998773565307
test_09123,9.009747499077164e-06
test_09124,0.9999408701553874
test_09125,0.9999997380671719
test_09126,0.00017787795467415058
test_09127,0.9999949747514386
test_09128,8.164258185572799e-05
test_09129,0.000851069318681729
test_09130,3.56275289077856e-08
test_09131,0.01827260552179692
test_09132,0.2815933542696694
test_09133,0.0013867885308247055
test_09134,0.0037856168736472616
test_09135,0.9999999040613038
test_09136,0.9999998665200434
test_09137,0.9999994569784894
test_09138,0.9999977703644144
test_09139,2.440268974374258e-06
test_09140,0.9999997227460362
test_09141,1.3025559949341699e-05
test_09142,1.0826044922934931e-06
test_09143,1.920811016758431e-06
test_09144,0.9999995395461765
test_09145,0.9999996263439253
test_09146,0.0002559347809109627
test_09147,0.9999981096793851
test_09148,2.954806013810734e-08
test_09149,0.9952797189746609
test_09150,0.00011811114387125614
test_09151,2.3714670361618967e-06
test_09152,8.76596709890717e-06
test_09153,0.8369151122166615
test_09154,0.9968021424812653
test_09155,0.0014263628193893457
test_09156,0.1618838707892481
test_09157,2.6932475447548454e-08
test_09158,0.9498508798242318
test_09159,9.39573749926128e-07
test_09160,0.9999883733797132
test_09161,0.9999999076038905
test_09162,4.977835664862589e-05
test_09163,0.9999997425681738
test_09164,3.2665582968687662e-06
test_09165,4.4125571204260535e-05
test_09166,0.9999620228430209
test_09167,0.00015692029507324246
test_09168,0.9999999655517594
test_09169,0.9999833634627754
test_09170,0.9922598550665712
test_09171,0.03005598589170347
test_09172,0.9999533671840471
test_09173,0.999999296939915
test_09174,0.0005258027417216792
test_09175,7.1339147576693e-08
test_09176,0.0012381826455290122
test_09177,0.7937010907266215
test_09178,0.9997424678142146
test_09179,4.1265727353390906e-07
test_09180,2.569591676416511e-05
test_09181,4.773996463935991e-05
test_09182,0.9999999447147052
test_09183,4.744229804107148e-05
test_09184,1.3036697736535834e-05
test_09185,0.008076136261827606
test_09186,0.0018869244433002016
test_09187,0.9997779060150721
test_09188,6.753869152168172e-07
test_09189,9.598753621493675e-05
test_09190,0.9999870825021491
test_09191,0.9483466917593683
test_09192,9.237861286597801e-05
test_09193,0.9999993926974067
test_09194,0.000237123822639766
test_09195,0.9999999356628958
test_09196,0.9999998938613325
test_09197,0.2095314431410223
test_09198,5.947496839288201e-07
test_09199,0.9999977563251558
test_09200,8.785924321668995e-05
test_09201,0.0005970703727277173
test_09202,6.060599522802673e-07
test_09203,0.9999999046562138
test_09204,0.9999998137266762
test_09205,0.9392326702550118
test_09206,0.9815787860177935
test_09207,4.380341983834264e-06
test_09208,0.08206168804494735
test_09209,4.762362638070163e-05
test_09210,0.04140327528372188
test_09211,0.9999959493678133
test_09212,7.914394816116462e-08
test_09213,0.99999996860833
test_09214,0.9898837698133742
test_09215,0.0035286532488173834
test_09216,9.059861531286285e-05
test_09217,0.9999780603788267
test_09218,0.9999976244991664
test_09219,0.9988751822704047
test_09220,0.9996224068766761
test_09221,0.9994560467738157
test_09222,0.0010162094852760107
test_09223,0.24810457627231125
test_09224,0.9998084054719326
test_09225,0.9999933956284166
test_09226,0.9999984534369923
test_09227,1.0226532189487735e-07
test_09228,4.1785369371062716e-08
test_09229,0.12846488636788006
test_09230,0.9993041194827783
test_09231,0.9744250421537458
test_09232,4.1896917616062506e-07
test_09233,0.0004241648455585494
test_09234,0.9999983991069268
test_09235,4.710706941236841e-06
test_09236,1.9693561292557819e-07
test_09237,0.9999904948008108
test_09238,0.9999811326317554
test_09239,0.543113359768024
test_09240,7.072897547911776e-07
test_09241,0.027709123525469476
test_09242,0.9972208238695054
test_09243,0.00014924733599097176
test_09244,0.021400669969195006
test_09245,0.9999996091706036
test_09246,0.9999991981775481
test_09247,2.5676828174221373e-06
test_09248,0.9999991942868399
test_09249,0.9999987403866092
test_09250,2.774507634412398e-07
test_09251,0.0009083169678282329
test_09252,3.0898777515464075e-06
test_09253,0.9999998927801625
test_09254,0.980829557366985
test_09255,0.994728018053785
test_09256,0.9999993974481827
test_09257,0.0007500444754702553
test_09258,0.00857744860677475
test_09259,0.9999993723387213
test_09260,9.068308162303986e-08
test_09261,0.0002393138205279107
test_09262,0.9991868679006897
test_09263,0.025608685923592465
test_09264,0.010755111614670885
test_09265,0.5849718423309752
test_09266,0.9999998834260033
test_09267,0.9999990032109375
test_09268,0.9999495501238058
test_09269,0.0006407601393517663
test_09270,1.8591442146948469e-07
test_09271,0.9937120356991554
test_09272,0.9999998251858274
test_09273,0.999999872835942
test_09274,0.0008551806860594747
test_09275,8.628018322659641e-07
test_09276,0.0019486775107785336
test_09277,0.999546419979879
test_09278,3.118995454120227e-06
test_09279,2.659252566999231e-08
test_09280,0.0005397410244442894
test_09281,0.003627894069496703
test_09282,1.8002561066182953e-07
test_09283,2.877838989811352e-07
test_09284,0.9999998298833813
test_09285,0.025340824967712894
test_09286,4.393816755901923e-07
test_09287,0.9999233972381345
test_09288,0.006019202539674006
test_09289,0.999193334517285
test_09290,1.2361019101541212e-07
test_09291,0.9999998712381272
test_09292,0.9999969504129292
test_09293,4.731289238365335e-06
test_09294,5.170160535662642e-06
test_09295,8.089536365053569e-07
test_09296,1.75493425315234e-07
test_09297,0.9637916249724722
test_09298,0.29142634559550185
test_09299,6.833130006418626e-05
test_09300,2.3891207691491235e-05
test_09301,2.788245066256314e-07
test_09302,0.024264010396375525
test_09303,0.9997075420966846
test_09304,0.03255111115556962
test_09305,0.9999948900344647
test_09306,0.00017805978731288277
test_09307,0.0010307900314742947
test_09308,3.49650317725292e-05
test_09309,0.9971289077041807
test_09310,0.9999998423728511
test_09311,0.00035517085995986653
test_09312,0.9998883723237634
test_09313,0.17514608969576106
test_09314,3.5513294921250434e-08
test_09315,9.325780579527447e-06
test_09316,0.9999841549616402
test_09317,0.9999880027237296
test_09318,0.999998003469817
test_09319,0.9949904412190437
test_09320,0.9999996049399826
test_09321,0.9995169376214217
test_09322,0.9999998232147251
test_09323,0.9999586220711226
test_09324,0.9988327813219398
test_09325,0.9999999281943
test_09326,0.04619402843495969
test_09327,8.477068283645824e-05
test_09328,0.9186668751971497
test_09329,5.6590433822519885e-06
test_09330,0.0001565006809888124
test_09331,0.9999999756866284
test_09332,1.5624425391057382e-06
test_09333,0.943198577097073
test_09334,0.9999999403247042
test_09335,0.00017706410640409644
test_09336,2.757079268258731e-07
test_09337,0.9996608393071459
test_09338,0.003243077797424756
test_09339,1.1247680650853167e-06
test_09340,0.9826311475014912
test_09341,9.367535179782809e-08
test_09342,0.9943429991614431
test_09343,1.0169302986579141e-07
test_09344,0.9995617734671681
test_09345,0.9984279423644794
test_09346,0.9874597149050854
test_09347,5.087950887300321e-08
test_09348,0.5871800207669582
test_09349,2.2952140375406546e-07
test_09350,0.999918604333999
test_09351,0.9999992350869267
test_09352,6.348869321146028e-05
test_09353,0.0008627209731331008
test_09354,0.9999997379039326
test_09355,0.9999999039793771
test_09356,0.9997536601489683
test_09357,0.999920084382002
test_09358,5.66382098980806e-05
test_09359,4.7043750774805674e-08
test_09360,0.033462037218805196
test_09361,8.431024611618718e-07
test_09362,0.00029498843172443684
test_09363,0.9999971832310529
test_09364,8.600850701483778e-08
test_09365,1.5265639025932027e-07
test_09366,0.963957292657282
test_09367,0.8537521564346926
test_09368,2.6829347430330267e-05
test_09369,0.0005553086663669291
test_09370,0.006988025359030094
test_09371,2.3128962086434318e-07
test_09372,0.9999996330284427
test_09373,7.705306964973263e-08
test_09374,0.9999999713328694
test_09375,5.005028606882134e-07
test_09376,9.32220474643517e-05
test_09377,0.9841281499271821
test_09378,0.9997616773035893
test_09379,0.9999999140737182
test_09380,2.123220060467868e-07
test_09381,0.9973812746756683
test_09382,0.999999963206041
test_09383,0.9993806730522466
test_09384,1.7532237548653852e-06
test_09385,0.9999999784823999
test_09386,0.9999990822576363
test_09387,0.9999410993948632
test_09388,0.999980805726613
test_09389,0.17881868111116567
test_09390,0.9998673903556896
test_09391,7.393702119367756e-07
test_09392,1.6992402265042263e-07
test_09393,0.07777546413034564
test_09394,0.9974013590527329
test_09395,0.9870056352651724
test_09396,0.998935727674388
test_09397,3.047031936203343e-06
test_09398,0.9915350762970666
test_09399,4.173709719133193e-07
test_09400,0.9767316360370357
test_09401,0.9999961400047255
test_09402,0.999998105539346
test_09403,4.3004958315279007e-07
test_09404,0.999928323914159
test_09405,0.00018909449689969614
test_09406,0.9999995665217685
test_09407,0.9996150275344771
test_09408,3.831080516842982e-05
test_09409,0.025596644090114654
test_09410,0.9999999510760307
test_09411,0.999999958925753
test_09412,0.9999999010162375
test_09413,0.9999792028898739
test_09414,8.747750850868934e-08
test_09415,0.9999998691998102
test_09416,0.9999997522850333
test_09417,2.399553656317863e-07
test_09418,0.999999930670071
test_09419,0.0005617912211579569
test_09420,0.9999556629990061
test_09421,5.860466201020561e-08
test_09422,3.5271381297982987e-07
test_09423,1.1300943687571278e-05
test_09424,0.9999997554728296
test_09425,7.75057008891177e-05
test_09426,0.9985233601733503
test_09427,7.145660159088617e-07
test_09428,4.171193356304632e-05
test_09429,0.9832130167841635
test_09430,0.9999823916406736
test_09431,0.9999972260257384
test_09432,2.1151801761263987e-06
test_09433,0.9892837900161713
test_09434,0.999999948196231
test_09435,0.9999964955129637
test_09436,0.010076756497573924
test_09437,5.414749990500691e-07
test_09438,0.9983668793446355
test_09439,0.00015953611813935778
test_09440,0.9993460054051603
test_09441,5.2297419555349444e-06
test_09442,1.0620171539939496e-07
test_09443,0.9999995086726929
test_09444,0.9998710571231376
test_09445,1.2888975304776706e-05
test_09446,0.08569249697797274
test_09447,0.09646046678530744
test_09448,0.9989877027277099
test_09449,0.9993228748402369
test_09450,0.999999487506406
test_09451,0.0004338147033373194
test_09452,0.9999852484736503
test_09453,0.999999188246033
test_09454,0.4460731786200929
test_09455,0.9999999379717478
test_09456,0.9999987967970061
test_09457,1.9010969928587408e-06
test_09458,0.00011644209673412594
test_09459,0.9999444790191223
test_09460,0.99989796828394
test_09461,0.9999996598826266
test_09462,5.975378839843614e-07
test_09463,0.000586286155119741
test_09464,0.0049769956213785655
test_09465,0.999991089545549
test_09466,2.8353575420456207e-07
test_09467,0.9883229604881073
test_09468,0.0013155716291039178
test_09469,0.0009248532165529727
test_09470,0.9999930806332105
test_09471,0.37297507235213073
test_09472,0.999949641763371
test_09473,0.0014391627937261659
test_09474,0.003990489913775581
test_09475,0.999976432369868
test_09476,0.9996766918624544
test_09477,0.9380556118711172
test_09478,6.20381130782777e-08
test_09479,0.9990493161791274
test_09480,0.0001337526141384153
test_09481,2.2915968008311429e-07
test_09482,4.849433451231057e-07
test_09483,0.9997933950871654
test_09484,0.007855181291609241
test_09485,0.0007640907426514751
test_09486,0.9997175681080542
test_09487,0.9999998479888286
test_09488,9.528588695447561e-05
test_09489,0.9999853626167801
test_09490,1.9094290760085507e-07
test_09491,0.0024748278257899626
test_09492,0.9999941679939587
test_09493,0.009976020251349648
test_09494,0.0006592438690865565
test_09495,6.15903208333939e-07
test_09496,0.001281907275419434
test_09497,3.1589688913607913e-07
test_09498,0.9999998640633714
test_09499,0.010621143854394326
test_09500,0.99995098554725
test_09501,0.9999582830728716
test_09502,9.949122293400236e-07
test_09503,0.999677231500924
test_09504,0.0022080455025560034
test_09505,0.9999999585767477
test_09506,0.9354492985896256
test_09507,0.9999998304568892
test_09508,0.9999998488679764
test_09509,4.5917781939067557e-07
test_09510,0.0016845428869840641
test_09511,2.0115244406618448e-05
test_09512,7.08393847515176e-08
test_09513,0.9870645268537773
test_09514,0.9999999537341812
test_09515,0.005239206874714585
test_09516,0.8505614207076767
test_09517,0.9999814068311661
test_09518,1.5864197157893633e-07
test_09519,0.9999996364623052
test_09520,0.006390317249339749
test_09521,0.9999993167830059
test_09522,0.9711446960086367
test_09523,4.4071695684751776e-08
test_09524,0.9999980614108162
test_09525,0.9999979076312988
test_09526,0.9997297024589687
test_09527,7.658318244209562e-06
test_09528,1.220876895600506e-06
test_09529,0.9992596614717163
test_09530,0.0010592656074322505
test_09531,4.283027090442521e-07
test_09532,0.000215212975920247
test_09533,0.9999997820010682
test_09534,0.9999982383087347
test_09535,3.2456551797643865e-06
test_09536,2.27515640387363e-05
test_09537,0.9999478325371579
test_09538,2.5437451882555044e-07
test_09539,0.9999942208356581
test_09540,4.2157686257058976e-07
test_09541,6.485719067810421e-06
test_09542,9.900590793432737e-06
test_09543,0.9999984919382295
test_09544,0.9999360634590967
test_09545,0.9999989635432405
test_09546,0.000340033807423546
test_09547,6.503383359051642e-07
test_09548,0.00016461696786721245
test_09549,0.9999467604223732
test_09550,1.1461814759627754e-07
test_09551,1.5535296683614991e-06
test_09552,0.9999997351483021
test_09553,1.2024396509475388e-05
test_09554,8.585612933105247e-08
test_09555,8.11832755665195e-05
test_09556,0.003976840953197287
test_09557,0.0022550245991112593
test_09558,0.0007032086779530497
test_09559,0.9999822915498771
test_09560,0.9122437506416486
test_09561,0.002525815911680805
test_09562,0.9999990680298859
test_09563,2.4145702414370693e-05
test_09564,0.9999946344120711
test_09565,0.9999978345762909
test_09566,1.2211616791376412e-06
test_09567,0.99999104716089
test_09568,0.9999999409816634
test_09569,5.2829562619610275e-05
test_09570,6.313701584760429e-07
test_09571,0.011148839429285393
test_09572,2.3156694268573163e-06
test_09573,0.9957736850376518
test_09574,0.9999056710839579
test_09575,0.034941387128425316
test_09576,2.0433825364964212e-05
test_09577,6.058926718357931e-08
test_09578,0.0009687479953148141
test_09579,0.99999989390193
test_09580,0.023664852563669656
test_09581,0.9999882832354408
test_09582,0.9994280809947476
test_09583,2.4370095125846343e-05
test_09584,0.9999942480586769
test_09585,0.9757693836534055
test_09586,0.9733066072021986
test_09587,6.885136188090402e-06
test_09588,0.9999998406463487
test_09589,0.9990022515662418
test_09590,0.9999985236540716
test_09591,0.9999997469819889
test_09592,0.9979792145897246
test_09593,1.0533603945858404e-06
test_09594,0.9999998341084204
test_09595,0.9999147013828316
test_09596,0.9999994850136024
test_09597,0.9999933551211913
test_09598,0.9282532667934861
test_09599,4.2587627980112584e-08
test_09600,0.00025179925465460104
test_09601,0.9980424801794955
test_09602,0.002612177031459488
test_09603,6.354503343873951e-07
test_09604,3.3276176106244755e-08
test_09605,0.999423514872623
test_09606,0.9241453153454229
test_09607,0.00028178934328807414
test_09608,0.0002788751705292331
test_09609,0.9999996211293566
test_09610,0.9999995712706748
test_09611,0.14163433281247242
test_09612,0.9999288271056932
test_09613,0.00023268487677155684
test_09614,6.742580710560353e-05
test_09615,0.00023232785846138485
test_09616,6.3377286255455505e-06
test_09617,0.9999998873892482
test_09618,0.0006246379784454555
test_09619,0.1885542256518678
test_09620,0.9999576646924656
test_09621,0.999702263696745
test_09622,1.5591156722777522e-07
test_09623,0.9996275846650421
test_09624,6.865880677534737e-05
test_09625,0.9999999341582745
test_09626,0.9999998277457064
test_09627,0.0006920860085284679
test_09628,5.821155578473235e-07
test_09629,0.999884727459644
test_09630,0.9999996877589399
test_09631,5.205243045799163e-08
test_09632,0.00030851750838815337
test_09633,0.9997760914014409
test_09634,0.9977975995818855
test_09635,0.6732851327278031
test_09636,2.0938372439828113e-07
test_09637,0.04108812540566063
test_09638,3.0695571216061036e-07
test_09639,0.9999996214383547
test_09640,1.5246703079797282e-06
test_09641,0.001084066989456443
test_09642,0.9987420476581377
test_09643,0.9372781279232294
test_09644,1.376384819435745e-07
test_09645,9.28059937461825e-06
test_09646,1.5604303436816492e-07
test_09647,0.011333140846999466
test_09648,0.9974620735222072
test_09649,2.8504676761042373e-06
test_09650,4.487273002422072e-05
test_09651,0.0014757903781037422
test_09652,0.018769915545283015
test_09653,0.99998775027359
test_09654,8.196710355603865e-08
test_09655,0.9999177990926488
test_09656,0.9999575336596526
test_09657,5.433494122223458e-07
test_09658,1.884425481317597e-07
test_09659,0.9999987533778012
test_09660,0.9999998876185587
test_09661,0.9999547767301362
test_09662,0.0003754377483703995
test_09663,0.9990615272052916
test_09664,0.9999997745559752
test_09665,0.03355990386542769
test_09666,0.9992952075645367
test_09667,7.040347866745851e-07
test_09668,7.036134180828119e-08
test_09669,0.9999995035832812
test_09670,1.4148236965890874e-07
test_09671,3.8648765485883416e-07
test_09672,0.9991598749569487
test_09673,0.0005934258142533709
test_09674,0.02010851740830465
test_09675,2.2829650364277984e-05
test_09676,0.9998772744702715
test_09677,0.0014484760697042257
test_09678,0.999999043474718
test_09679,0.0075087309913002016
test_09680,0.9998816305618805
test_09681,0.9824630825031392
test_09682,3.874784228909674e-06
test_09683,0.01869087008130235
test_09684,0.9985686936393185
test_09685,0.048445848975135576
test_09686,3.135317409628365e-06
test_09687,1.659198063456605e-05
test_09688,0.004968733180718357
test_09689,0.00045308900590154975
test_09690,0.9999991405064974
test_09691,0.999744578905541
test_09692,0.9985076781960495
test_09693,1.7123086531188985e-05
test_09694,0.9999570904789419
test_09695,0.00024849211537310154
test_09696,2.8954135462085236e-07
test_09697,0.9991846098810946
test_09698,0.9999997841429455
test_09699,0.0009458649453331561
test_09700,0.9762855000193014
test_09701,1.1929826772184505e-05
test_09702,0.9999637284923026
test_09703,0.9989153062315178
test_09704,0.9961166095705833
test_09705,0.9999703827306202
test_09706,0.8645185420428374
test_09707,0.9999365030400247
test_09708,0.9511969022382046
test_09709,6.470929906258462e-07
test_09710,2.9401137178705518e-06
test_09711,1.591704346313529e-06
test_09712,2.8308233851795713e-05
test_09713,0.9999955216250951
test_09714,0.9941876394832568
test_09715,0.00010525407563495814
test_09716,0.0535339386270383
test_09717,0.9999992244691357
test_09718,0.9999783976431095
test_09719,2.430990626376654e-06
test_09720,0.01477353159050057
test_09721,7.559392100717547e-07
test_09722,6.313335085118726e-05
test_09723,0.9994504243810173
test_09724,0.001229004870842246
test_09725,0.9999996484261012
test_09726,3.429686259535361e-05
test_09727,0.9997104509100101
test_09728,2.435606203018345e-07
test_09729,0.000597003604771864
test_09730,0.9993952655731235
test_09731,9.076078843076134e-06
test_09732,0.9963842471906331
test_09733,0.004911019121200636
test_09734,2.6601919282400316e-07
test_09735,4.525567820956874e-06
test_09736,1.5732848417948737e-06
test_09737,0.9999983362880557
test_09738,0.001279119274491555
test_09739,0.00018733566220267993
test_09740,0.0004890112217576937
test_09741,0.001111870822685897
test_09742,5.517563754038271e-08
test_09743,0.9999997093469913
test_09744,0.9999855455316367
test_09745,0.9999980557167824
test_09746,0.9981970845995365
test_09747,0.9999277125311913
test_09748,0.0005580285179079802
test_09749,0.999999841708701
test_09750,0.9999997814040291
test_09751,0.9958293557288667
test_09752,0.9708829045244777
test_09753,0.9772951293575858
test_09754,6.80910066350637e-08
test_09755,0.21195664822625307
test_09756,0.999999299293671
test_09757,0.9617677546263624
test_09758,0.009294326234865872
test_09759,0.9999999163789778
test_09760,3.9569177581154147e-07
test_09761,0.013908268066160405
test_09762,6.827663225131423e-07
test_09763,0.9999944828526953
test_09764,2.4562278411706883e-07
test_09765,1.2565998100124714e-07
test_09766,0.00018079285225171325
test_09767,2.1136037085938978e-07
test_09768,0.9999991732588036
test_09769,1.0427037234846556e-07
test_09770,8.66254523713445e-05
test_09771,0.11841032723847363
test_09772,0.99999967896758
test_09773,0.9999998593862127
test_09774,0.02000514135850419
test_09775,1.2130379633875503e-05
test_09776,0.9965289816119663
test_09777,0.9999978153352752
test_09778,0.00294523889319378
test_09779,0.9973686034485351
test_09780,4.5429129937123456e-06
test_09781,8.771576589905318e-07
test_09782,0.9994538289246201
test_09783,0.9999997185926867
test_09784,3.0679109667293407e-06
test_09785,0.9999994384381177
test_09786,2.9532546150274517e-07
test_09787,0.9847604960193657
test_09788,0.9998879541974288
test_09789,0.9944073403385858
test_09790,2.797038926356968e-07
test_09791,0.9998937527081044
test_09792,0.04727376673297308
test_09793,0.9999141530797407
test_09794,6.714553778025974e-05
test_09795,0.018360299184928142
test_09796,3.8377023509381775e-07
test_09797,0.025739004831598935
test_09798,0.9999998511701491
test_09799,0.9999996219244683
test_09800,0.9999984118913278
test_09801,1.4713999348429223e-05
test_09802,0.9999905911902727
test_09803,0.9984553157118374
test_09804,0.9999990927191897
test_09805,0.9998302218257159
test_09806,0.999999967734967
test_09807,0.9996930417793816
test_09808,0.9986940461988493
test_09809,1.887255409520278e-06
test_09810,0.9999996924312451
test_09811,0.0006362052295464521
test_09812,0.9562103742040224
test_09813,0.00016196786321589723
test_09814,0.9999959061485069
test_09815,3.975394556352596e-05
test_09816,0.0018756961315368164
test_09817,4.5937395797564217e-07
test_09818,0.9999999001744311
test_09819,0.9908738681053659
test_09820,0.9998145623773779
test_09821,5.032957624178976e-08
test_09822,0.999999888547584
test_09823,0.9999468842062945
test_09824,0.9999998924312961
test_09825,0.9999998466336917
test_09826,0.9999997389264945
test_09827,0.9997863544846985
test_09828,0.9999993424573712
test_09829,0.8028568767630629
test_09830,0.999999884663128
test_09831,0.9999999484539606
test_09832,0.9991207798478723
test_09833,0.9999937756374363
test_09834,0.9997777438919794
test_09835,0.0001096287918792363
test_09836,0.9974662393048898
test_09837,0.9999999433682075
test_09838,0.9999999041970585
test_09839,0.9979441477480694
test_09840,8.736390539443153e-05
test_09841,0.9999876990815338
test_09842,0.002281427352984899
test_09843,0.0010389296069945033
test_09844,1.2899393546142748e-06
test_09845,0.9995443653131352
test_09846,0.9999839100030273
test_09847,1.4802485086972875e-06
test_09848,5.081274917483952e-05
test_09849,0.9999999426754633
test_09850,0.9999519346333461
test_09851,0.9998731545309246
test_09852,0.999740190647096
test_09853,0.9825723800850102
test_09854,0.9979502575018266
test_09855,4.0774045397572385e-07
test_09856,0.00035276746431670323
test_09857,0.99999930708319
test_09858,0.0381955674676171
test_09859,8.985638429388017e-07
test_09860,0.04532645169096047
test_09861,0.9999999698020705
test_09862,0.6650977263781868
test_09863,0.9999996732764873
test_09864,0.9999995053770794
test_09865,0.000232151718483571
test_09866,0.03790662538660271
test_09867,7.260589034081156e-08
test_09868,0.9991962036610521
test_09869,0.999864741459921
test_09870,0.0029079522400312307
test_09871,1.4129896959939416e-06
test_09872,0.001276534493918436
test_09873,0.9999991797757519
test_09874,0.0023060787173399206
test_09875,0.9999998198596127
test_09876,0.9999998651897519
test_09877,0.0013244508109114064
test_09878,0.0003162521192352254
test_09879,0.00012314502973734956
test_09880,2.0935922944328564e-07
test_09881,0.9999999612204109
test_09882,5.939101658487633e-05
test_09883,0.000300472752418106
test_09884,0.9999108028222923
test_09885,0.9999613683218452
test_09886,0.9999007995126459
test_09887,0.058597540298112094
test_09888,8.120551174259183e-05
test_09889,0.9979266905538948
test_09890,0.0015116279930229082
test_09891,5.222911228227458e-06
test_09892,0.9999889095302747
test_09893,2.651506904661351e-08
test_09894,0.9927558881709343
test_09895,0.0012599292904375632
test_09896,0.0009933637282929953
test_09897,0.9999905748918688
test_09898,0.9999991299307779
test_09899,0.9991788336024586
test_09900,5.98267511461629e-08
test_09901,1.374915458533508e-06
test_09902,0.9999974982301233
test_09903,2.6161910894978564e-07
test_09904,8.825044294192188e-06
test_09905,0.9999996121557294
test_09906,0.9978776138288737
test_09907,0.9999991546893083
test_09908,2.0328320637686377e-07
test_09909,0.0017111143522214691
test_09910,0.008032241796631147
test_09911,0.9999682610795122
test_09912,0.004285463780872299
test_09913,0.20046805120929623
test_09914,0.11369016820564097
test_09915,0.00013711384141593453
test_09916,0.9851699845644524
test_09917,0.002066070673747165
test_09918,0.05873616336458244
test_09919,6.738006764986857e-06
test_09920,2.8315999508223345e-05
test_09921,0.9999997963330998
test_09922,0.005323037360705296
test_09923,0.4821941592274936
test_09924,0.9998851821970803
test_09925,0.9999999555186199
test_09926,0.9999999210985295
test_09927,0.004823692414479464
test_09928,3.644656191202847e-07
test_09929,0.999999060193626
test_09930,0.9999882033509241
test_09931,0.0020387007961243284
test_09932,0.9999451996088493
test_09933,0.01245994366789608
test_09934,3.277511732048254e-07
test_09935,0.0002688898811425342
test_09936,0.9999999650947026
test_09937,0.9999999713825777
test_09938,0.9976744008537064
test_09939,0.03872018590467222
test_09940,0.9973395116250391
test_09941,0.9999994993356172
test_09942,0.04702228489232018
test_09943,0.9995296928806242
test_09944,0.9986586689528629
test_09945,0.9999995976479503
test_09946,0.0009508677774268989
test_09947,0.9999997635123927
test_09948,0.9999911954855629
test_09949,0.00032571933742035
test_09950,8.713085364866035e-05
test_09951,0.999977018095315
test_09952,0.0004114147729836331
test_09953,0.0001099035285851765
test_09954,0.040731777411746106
test_09955,9.767325326910611e-05
test_09956,0.9999998566780902
test_09957,3.017181632494597e-06
test_09958,0.9728593873386905
test_09959,0.9991773393891521
test_09960,0.999999879348087
test_09961,0.0002980946499883315
test_09962,0.9999998556911702
test_09963,0.9977125615723375
test_09964,0.005864265583830841
test_09965,1.3329252478996888e-05
test_09966,0.9999998676965454
test_09967,0.0004964473101130882
test_09968,1.4826023861448836e-07
test_09969,0.719452242340152
test_09970,5.406048707369126e-07
test_09971,1.2354048484206466e-07
test_09972,0.9867661649471039
test_09973,0.9782016850199342
test_09974,0.9999998172142096
test_09975,2.0890197849467055e-07
test_09976,0.9999986197569063
test_09977,4.4605615624573054e-08
test_09978,0.9999955593931942
test_09979,0.9999981790618189
test_09980,6.887091204847865e-07
test_09981,0.9999996714375212
test_09982,0.9999998012897044
test_09983,0.9936654322353391
test_09984,4.661942473834686e-05
test_09985,2.1693515863901465e-07
test_09986,0.9991258910367568
test_09987,1.110702528097521e-05
test_09988,0.9999999133127591
test_09989,0.9792039990852408
test_09990,8.316019735088631e-05
test_09991,0.9999998675951112
test_09992,1.5817045128138114e-06
test_09993,1.2466951403547263e-07
test_09994,0.9999996165375444
test_09995,0.9999999580657124
test_09996,0.9999999599877194
test_09997,0.9999950124157033
test_09998,0.014845866962280477
test_09999,0.9999999485408242
test_10000,0.999986556690081
test_10001,0.9999997580227372
test_10002,0.9999406664218797
test_10003,0.999999442760893
test_10004,0.9999999722416596
test_10005,0.00011069337871090739
test_10006,0.9979806604014984
test_10007,0.9855376651866585
test_10008,0.5878214392609292
test_10009,4.522009955178392e-05
test_10010,0.9999998131346614
test_10011,0.9990761926039784
test_10012,5.250971169664661e-08
test_10013,4.297041945611479e-05
test_10014,3.036103945725067e-08
test_10015,0.0007995638608495793
test_10016,0.796626053145183
test_10017,0.9592986397650812
test_10018,0.9984824318041381
test_10019,0.00011532485531836507
test_10020,2.5934350181907804e-07
test_10021,1.0493704375931112e-06
test_10022,4.903339644516106e-07
test_10023,1.0350601273540789e-07
test_10024,0.9999994394674061
test_10025,2.8090055624893206e-07
test_10026,0.9999996647159305
test_10027,1.5672420261463798e-05
test_10028,1.3617061345242852e-07
test_10029,0.9999947744287939
test_10030,0.999890949236361
test_10031,2.1478410510453565e-05
test_10032,8.931588252674223e-08
test_10033,0.00024728401799897407
test_10034,0.019332312820446916
test_10035,0.02061857178323821
test_10036,2.9559652976756266e-07
test_10037,0.9999999666928991
test_10038,0.9999999484163182
test_10039,0.00023668984743576693
test_10040,0.9988263142479562
test_10041,0.9484844172820446
test_10042,5.6025456741597365e-06
test_10043,0.9999960141901484
test_10044,0.9998917457957136
test_10045,0.004849591919951011
test_10046,0.9999706134770511
test_10047,0.004570631550242543
test_10048,0.0001920539516735497
test_10049,0.9999993661775652
test_10050,0.9999694876530654
test_10051,0.9999968550457934
test_10052,0.999677590233462
test_10053,4.66815590626714e-07
test_10054,0.9999665933443427
test_10055,1.1597932780670551e-07
test_10056,0.9931024490485584
test_10057,0.9960056889947245
test_10058,0.3624947112263262
test_10059,0.9999997838874407
test_10060,0.9974851034936429
test_10061,6.608317380617358e-07
test_10062,2.1669144310585938e-07
test_10063,0.9999999671762623
test_10064,0.0018342706651043328
test_10065,8.304085034055964e-08
test_10066,0.9997023505771055
test_10067,0.999617000585408
test_10068,0.9979048951937471
test_10069,5.341668297580812e-07
test_10070,9.742695436165818e-06
test_10071,0.9999996834026273
test_10072,7.886774884441527e-07
test_10073,0.03838165004963854
test_10074,0.0038387615979363176
test_10075,0.9998285215003995
test_10076,8.720640471154355e-07
test_10077,0.9999234664915717
test_10078,6.846766144401868e-07
test_10079,0.997811760219529
test_10080,7.612785949290985e-05
test_10081,0.012147553023712851
test_10082,0.9999999108232778
test_10083,0.9999997490128071
test_10084,0.9556885928839247
test_10085,0.0005935623976088055
test_10086,0.9999984888727269
test_10087,0.999983708773887
test_10088,0.05520308804214796
test_10089,2.453507151045058e-06
test_10090,0.9849308792172746
test_10091,0.9999444621949024
test_10092,0.9969975263075489
test_10093,0.9864404576150325
test_10094,3.38018104987638e-07
test_10095,0.9853900779781133
test_10096,0.00013292373260099274
test_10097,0.9999999189893901
test_10098,0.001630532825903314
test_10099,8.138309447227109e-05
test_10100,0.9999913156557952
test_10101,0.9999998744544429
test_10102,6.89789731685836e-06
test_10103,1.033032000663115e-06
test_10104,0.9999060248799427
test_10105,0.9999999348023101
test_10106,1.5967028157208123e-08
test_10107,0.013663074201268522
test_10108,0.9999999041718445
test_10109,0.0002574861966449223
test_10110,1.194378330848152e-07
test_10111,3.8027395855287515e-05
test_10112,4.5660141330040287e-07
test_10113,0.9999991161620254
test_10114,0.9792016464732907
test_10115,1.701842383321909e-05
test_10116,2.606199322800072e-07
test_10117,0.0002375610144850779
test_10118,0.9985604783147681
test_10119,0.9999999667683266
test_10120,0.0008202493530399921
test_10121,0.9999166594256859
test_10122,0.00034416134481402347
test_10123,0.028465925102054597
test_10124,0.9999981098087992
test_10125,5.650978893590898e-05
test_10126,3.3307623387688224e-07
test_10127,5.34473321088641e-08
test_10128,0.04983716048025317
test_10129,0.9999995280544538
test_10130,0.025109892325825736
test_10131,1.396931629441306e-07
test_10132,0.001308268351874609
test_10133,5.5661781360855304e-08
test_10134,0.005059354296893431
test_10135,0.0007865568700536565
test_10136,0.007268400086097665
test_10137,8.000331691271951e-05
test_10138,0.9982476224834581
test_10139,0.005494390307521132
test_10140,5.51087010316132e-07
test_10141,4.086399875679952e-05
test_10142,1.545373447825963e-07
test_10143,0.0003585245264333552
test_10144,0.9998959700633631
test_10145,0.0004301257435021734
test_10146,3.5654536507000126e-07
test_10147,0.9999998176103639
test_10148,0.9999996290858456
test_10149,6.09769739048104e-07
test_10150,0.9999997244117711
test_10151,3.421162790370855e-06
test_10152,0.0004480405823250914
test_10153,0.9987532406800077
test_10154,0.9999990748397344
test_10155,0.03265602130356394
test_10156,0.9999670525129892
test_10157,0.9711834804783244
test_10158,5.641179529994649e-06
test_10159,6.858788681969372e-07
test_10160,1.2419474324152184e-07
test_10161,0.9992816451952488
test_10162,0.9999940366785799
test_10163,0.9999997348773592
test_10164,1.1710316071090197e-07
test_10165,0.001567719658649984
test_10166,0.9999999651745591
test_10167,0.9998545963979865
test_10168,0.9999996011995426
test_10169,0.999926182727078
test_10170,8.485268701551544e-08
test_10171,3.803663468498098e-07
test_10172,1.2512829870245972e-06
test_10173,0.9922161738458001
test_10174,0.9993941180378582
test_10175,0.11095956933091038
test_10176,7.980295320122058e-08
test_10177,0.00027693409226883347
test_10178,0.00032342370678488196
test_10179,6.882061114761076e-07
test_10180,0.9982172470930286
test_10181,7.69939773872175e-05
test_10182,0.9999998829083009
test_10183,3.028977982121718e-07
test_10184,0.002482902762419563
test_10185,0.9998757709115358
test_10186,2.287602550996557e-07
test_10187,0.9956317959690826
test_10188,0.9999993558710553
test_10189,0.9999642755491001
test_10190,0.999999262922228
test_10191,0.9982323986864687
test_10192,9.317291334428619e-07
test_10193,0.9887788430348287
test_10194,0.17565664755046448
test_10195,0.9700801051651533
test_10196,5.5598384866516917e-05
test_10197,0.9999997090131155
test_10198,2.744628500271974e-07
test_10199,0.00015320303718570873
test_10200,0.0004476079800579183
test_10201,5.939838339948009e-08
test_10202,0.9979251401535275
test_10203,0.9999356025558859
test_10204,0.0004939076214077011
test_10205,0.8069132451797703
test_10206,5.756802592181198e-07
test_10207,1.414594209212671e-07
test_10208,0.9994507197686301
test_10209,0.9999959791777231
test_10210,0.999997495094205
test_10211,0.000897690153996123
test_10212,0.9999999443321401
test_10213,0.0034170865719814637
test_10214,0.9983154088739595
test_10215,6.524141457410748e-07
test_10216,0.9999210838507215
test_10217,0.9998635038530942
test_10218,0.9999379947954805
test_10219,0.9954308370571416
test_10220,0.005124699908421359
test_10221,4.990796432433262e-06
test_10222,0.9999998065956867
test_10223,0.30926786105873566
test_10224,0.895832272235103
test_10225,0.0013807596744535688
test_10226,0.008707735172288896
test_10227,1.1649671190472763e-07
test_10228,4.891755970571176e-07
test_10229,0.0020520004435102147
test_10230,0.008228669731472708
test_10231,0.999992831388496
test_10232,0.9999999664809556
test_10233,0.9999072559108285
test_10234,5.776269971140364e-07
test_10235,0.0002637412267382734
test_10236,0.5892546840726396
test_10237,0.9959504297502811
test_10238,8.928707695641657e-07
test_10239,0.8909538436378185
test_10240,0.9999997406611114
test_10241,5.495590381851943e-06
test_10242,0.9997258349171458
test_10243,0.9994259911244083
test_10244,0.0005923530989260834
test_10245,0.3582236379842553
test_10246,0.9999998756979099
test_10247,0.9999988643652529
test_10248,0.9852699326545649
test_10249,0.004268360124127193
test_10250,0.024916314155919553
test_10251,0.9989397287758931
test_10252,1.4470459875912525e-05
test_10253,0.9999998079631764
test_10254,6.431666501242262e-05
test_10255,1.462398105285697e-07
test_10256,0.9970360592047972
test_10257,0.00028339606595000923
test_10258,0.9993121438517563
test_10259,0.00046245593313149684
test_10260,0.9992167343994554
test_10261,0.9999796350454728
test_10262,0.030162077110217515
test_10263,0.9996853992120751
test_10264,0.9954333027947864
test_10265,4.875701590627487e-06
test_10266,7.901621632324597e-05
test_10267,0.9999149773208073
test_10268,0.9999995802535203
test_10269,6.517378787675928e-05
test_10270,2.403601428929902e-07
test_10271,1.8108688877480074e-05
test_10272,3.4500930713044696e-07
test_10273,0.0019799855888975332
test_10274,0.978179325743624
test_10275,0.9992090485264743
test_10276,0.9999996224260468
test_10277,0.9999971746093087
test_10278,0.9980320276199081
test_10279,0.008592843294433994
test_10280,0.8551866567395903
test_10281,3.224328226695872e-07
test_10282,0.014314628372812678
test_10283,5.918745620661374e-05
test_10284,0.9999998293200278
test_10285,0.9990448928324344
test_10286,4.146650548729322e-05
test_10287,0.007596190868605343
test_10288,0.9999995325909532
test_10289,0.9894683396496962
test_10290,0.9999953618726753
test_10291,0.9999783807620647
test_10292,0.021254018597929757
test_10293,0.9982075191862397
test_10294,0.9923407392133408
test_10295,0.9999960028612085
test_10296,0.9999998516457071
test_10297,1.0195832779526098e-05
test_10298,5.227960909440269e-08
test_10299,2.020678813863307e-06
test_10300,0.016577101777455795
test_10301,0.0051307373657454355
test_10302,0.99999991350345
test_10303,0.9999435532509018
test_10304,0.9999968940195685
test_10305,0.9982785855539335
test_10306,8.717385672592635e-08
test_10307,2.364124400767207e-08
test_10308,0.0036480137413625554
test_10309,0.9941405039329855
test_10310,7.809732207227683e-06
test_10311,0.0003284597714657616
test_10312,2.0605930165159048e-07
test_10313,8.061696010159904e-05
test_10314,0.9999957920404168
test_10315,0.00022182824516463388
test_10316,0.9999999334168708
test_10317,0.00035730724887896736
test_10318,0.9999984048162107
test_10319,0.9999557997308167
test_10320,0.9999957122316205
test_10321,0.9999996543145226
test_10322,0.000868685450103423
test_10323,3.4961889904962497e-07
test_10324,1.3184822459316976e-05
test_10325,0.999913835025436
test_10326,0.9999603222318854
test_10327,0.9999998406522786
test_10328,2.861057925832143e-05
test_10329,0.9999999059467688
test_10330,6.597666587859843e-05
test_10331,0.9999993493202088
test_10332,0.9999743224462239
test_10333,0.999999733752684
test_10334,8.96356277645677e-07
test_10335,3.559171940478039e-05
test_10336,0.994856617909897
test_10337,3.424013981081975e-07
test_10338,0.9999268553823555
test_10339,0.9999999869930121
test_10340,0.9999999394924405
test_10341,1.2818023284390375e-05
test_10342,0.9999981087182408
test_10343,0.9665218786892035
test_10344,0.9997073009374254
test_10345,0.012663261959379316
test_10346,0.9999995542666307
test_10347,0.9959674202796522
test_10348,0.9999929863894814
test_10349,0.00045152003170717737
test_10350,0.029541475193015008
test_10351,0.00016327650103892174
test_10352,9.29809136010768e-05
test_10353,0.00012228041039912907
test_10354,0.9999999618723076
test_10355,0.5315687916973216
test_10356,1.0537416450473964e-07
test_10357,2.5201301268869725e-07
test_10358,0.9999990653922826
test_10359,7.713539423683808e-05
test_10360,0.00015721033271577861
test_10361,0.9999999683155639
test_10362,0.999992572692081
test_10363,0.8013404710603702
test_10364,0.9994017496624409
test_10365,0.0005067216706317124
test_10366,0.04109829999542923
test_10367,0.0005817115464724922
test_10368,0.0014124207913011717
test_10369,0.9999889413048576
test_10370,0.987386149286309
test_10371,0.9999998305273953
test_10372,7.102303501639094e-06
test_10373,0.9993882722513352
test_10374,3.7553247120320695e-07
test_10375,0.9982579402888072
test_10376,0.9999999051890284
test_10377,2.0799050448306744e-07
test_10378,3.178789517002705e-05
test_10379,7.707402497434233e-07
test_10380,0.9999764863635056
test_10381,0.99884796359216
test_10382,0.9993824476614371
test_10383,0.9999996910506839
test_10384,4.24654755402351e-05
test_10385,0.00020333882581646766
test_10386,0.9999994801485805
test_10387,0.99964435865952
test_10388,0.00013228898950660626
test_10389,0.00012071376726552838
test_10390,0.006186976635373579
test_10391,0.002644678709043834
test_10392,9.364415970068742e-07
test_10393,3.5401039792943855e-07
test_10394,2.5547931440613173e-06
test_10395,0.9992513689135849
test_10396,3.2327667536352927e-06
test_10397,0.00024159808180441913
test_10398,0.999897081051728
test_10399,8.999758483091092e-08
test_10400,0.9999999065473965
test_10401,1.6319593822534477e-05
test_10402,3.0604262875506127e-07
test_10403,1.6298775180818844e-07
test_10404,0.0002860990755336467
test_10405,0.9218282398692006
test_10406,0.9999793033083083
test_10407,0.9999993736098387
test_10408,0.999439332578853
test_10409,1.3286060985526589e-05
test_10410,2.302842620763432e-07
test_10411,0.9966818462118711
test_10412,1.604884545176694e-07
test_10413,6.205384919388543e-06
test_10414,0.004864974277925972
test_10415,0.9984091512398632
test_10416,0.0015516133298653838
test_10417,0.9999782916370652
test_10418,0.9757370552929087
test_10419,0.9971673526737765
test_10420,0.9674513486687425
test_10421,0.9999959959052415
test_10422,9.196391196365488e-07
test_10423,0.9999997102762359
test_10424,0.9999998278470946
test_10425,0.07237732826305215
test_10426,0.9999981562534138
test_10427,0.9999998878464075
test_10428,0.013808999828781322
test_10429,1.6700912968934712e-06
test_10430,3.191592546614642e-05
test_10431,0.00020675732801540242
test_10432,1.3114737237991768e-07
test_10433,0.9999998745553733
test_10434,0.9999996359181191
test_10435,5.923939433971999e-07
test_10436,0.0011939491722646085
test_10437,3.105939200486816e-07
test_10438,0.999989063665365
test_10439,0.004203880816857588
test_10440,8.223589383744008e-08
test_10441,0.003723952493396544
test_10442,0.0009142382287469588
test_10443,0.9999859530831365
test_10444,0.9911793351940322
test_10445,9.706592794296001e-05
test_10446,0.9999998910537106
test_10447,0.9999997732319709
test_10448,2.805393388801977e-05
test_10449,0.9649368794761622
test_10450,0.9999996055589765
test_10451,0.9998869002509149
test_10452,0.9985030924169179
test_10453,0.9958949262741068
test_10454,0.007443234126570675
test_10455,2.3817929953203556e-07
test_10456,1.115307109595919e-06
test_10457,0.9999978547022421
test_10458,1.812803901734201e-07
test_10459,8.431072648196936e-07
test_10460,0.9786407437024509
test_10461,0.9584994169698804
test_10462,0.02718546222937666
test_10463,0.0003567044591312225
test_10464,0.023558806893773647
test_10465,4.4720079980829683e-07
test_10466,0.9999999290420422
test_10467,0.992021478882348
test_10468,0.9999988101900213
test_10469,0.0047855563406823285
test_10470,0.9999997248676193
test_10471,0.7626625396297111
test_10472,0.999769299039981
test_10473,0.9984170786463854
test_10474,0.9999818059497431
test_10475,0.9991887792260707
test_10476,5.9729006238190544e-05
test_10477,0.9329497448635543
test_10478,2.8435772364876083e-06
test_10479,0.9999999080373416
test_10480,0.9999978553645239
test_10481,0.0009629991544075437
test_10482,1.627967197032292e-06
test_10483,0.9999993757349743
test_10484,0.9999059765048756
test_10485,2.0618910349489522e-07
test_10486,4.126647806228099e-07
test_10487,0.9999996995267596
test_10488,6.654791832623935e-08
test_10489,1.8049920949583576e-06
test_10490,0.9999999348912263
test_10491,7.374854789738683e-07
test_10492,3.81343276720019e-07
test_10493,0.9961445759822571
test_10494,0.021501657745452093
test_10495,0.9999994816621887
test_10496,0.006376998080796972
test_10497,0.0004476761990283997
test_10498,8.131361782565607e-06
test_10499,0.998085404665758
test_10500,0.9999996166039908
test_10501,0.13855089827691103
test_10502,0.00013811605427663397
test_10503,0.0066654203477095435
test_10504,0.9886773923932899
test_10505,0.9999981150593583
test_10506,0.9999818433597423
test_10507,0.0008722147754268964
test_10508,0.9992083221598006
test_10509,0.99999864471673
test_10510,0.9921601181120945
test_10511,2.8685252792486883e-07
test_10512,0.00034842513897161484
test_10513,0.999999560699508
test_10514,0.9999997871383886
test_10515,0.0005902183574760466
test_10516,0.9999983975664927
test_10517,0.9997614151023767
test_10518,0.9935948515540219
test_10519,1.574967677647794e-05
test_10520,0.9998822905517099
test_10521,0.9999928778964489
test_10522,0.9970266416493455
test_10523,0.9999895073348145
test_10524,0.9999997687265838
test_10525,0.9898995266005687
test_10526,0.9956798633584778
test_10527,0.999996043803259
test_10528,0.9999995774619916
test_10529,0.9999999430947456
test_10530,0.000572466968939244
test_10531,0.9999653302246277
test_10532,2.114470120257606e-05
test_10533,0.999999746514343
test_10534,1.3481090064360817e-06
test_10535,3.443052449350431e-05
test_10536,0.9999788709192615
test_10537,0.9999993755697669
test_10538,1.5345408716713194e-05
test_10539,0.9999993840307096
test_10540,4.969274466466183e-07
test_10541,6.076944572516652e-08
test_10542,0.9999997826798604
test_10543,0.9999075917602793
test_10544,1.7228602960605394e-07
test_10545,0.00020910260021145906
test_10546,0.9985814056713461
test_10547,0.9992588165683958
test_10548,5.1554654518659505e-08
test_10549,0.0001227861336936821
test_10550,0.9999631033002757
test_10551,0.00013837334162436328
test_10552,0.976489060825328
test_10553,0.00039081414205448874
test_10554,0.9999801746730597
test_10555,0.9992772868662683
test_10556,1.8639508850385765e-07
test_10557,0.9365997688502024
test_10558,2.0308206899587265e-07
test_10559,0.9999745040245323
test_10560,0.9999999106748076
test_10561,0.9982028103842644
test_10562,0.9996089229797784
test_10563,0.9999997308834667
test_10564,0.9998236047872151
test_10565,0.9996407650584614
test_10566,0.9999999195137868
test_10567,0.00040035167526336553
test_10568,0.9999492328441701
test_10569,0.0027294138678491814
test_10570,0.06168581813116385
test_10571,0.9978188855565256
test_10572,0.9999999774629956
test_10573,0.9999998487392554
test_10574,0.9751529130408818
test_10575,0.9999576036536502
test_10576,0.9998324930680413
test_10577,0.9999756472928515
test_10578,1.5348661387761608e-07
test_10579,0.0007932880934742512
test_10580,6.681191429981474e-05
test_10581,5.243696010356581e-06
test_10582,0.9999999276456911
test_10583,8.163610464573409e-07
test_10584,0.9999737689059162
test_10585,3.2572638716208443e-07
test_10586,1.8898939043432216e-07
test_10587,2.3776572270821072e-06
test_10588,2.468763696333924e-07
test_10589,1.0872203449738842e-06
test_10590,0.003722601361355493
test_10591,6.985408211162219e-07
test_10592,8.905652930530565e-05
test_10593,0.9999990265624427
test_10594,0.999999795165676
test_10595,7.047167509826503e-07
test_10596,0.9996296029814566
test_10597,1.360624534243277e-07
test_10598,0.9999997597291801
test_10599,0.9999992256878523
test_10600,0.0007972637033112587
test_10601,8.661857758580567e-07
test_10602,0.9999990461418568
test_10603,0.9983793254878519
test_10604,0.9998647827355482
test_10605,0.9999981292065705
test_10606,0.9999999775033629
test_10607,0.9671772671719147
test_10608,0.0001652037088605405
test_10609,0.9999977457915488
test_10610,5.764100116694363e-05
test_10611,0.9991965293191897
test_10612,2.4777414250307504e-07
test_10613,7.613143485530865e-07
test_10614,4.6880208146384404e-05
test_10615,0.9999999501770407
test_10616,0.9999437194882349
test_10617,0.9018594371404578
test_10618,0.9999999421736536
test_10619,0.9999995700527723
test_10620,0.9999996815597724
test_10621,0.983699271186922
test_10622,0.9969101362260382
test_10623,7.575342219739531e-08
test_10624,0.9988376357818065
test_10625,1.027249660469391e-06
test_10626,8.587405160244589e-05
test_10627,0.038146170416394336
test_10628,0.999998779660584
test_10629,0.6800955793710183
test_10630,0.999999611614271
test_10631,0.9950379241615729
test_10632,0.9992577193290841
test_10633,0.9999999409475352
test_10634,0.9999999160981862
test_10635,6.985700166617493e-08
test_10636,0.9999997236636049
test_10637,0.9999995530102186
test_10638,0.003600821546352855
test_10639,0.9999237844274335
test_10640,2.5833465023734033e-05
test_10641,0.9999995698024472
test_10642,0.9993184212238647
test_10643,0.9999998545239396
test_10644,0.5102157328630545
test_10645,8.531891696680678e-06
test_10646,0.005076029150138615
test_10647,8.155064154984623e-07
test_10648,0.9999931789137567
test_10649,0.9999981100079547
test_10650,0.9996240313700357
test_10651,0.9980205932790789
test_10652,0.0002737441010096056
test_10653,0.9999071232444887
test_10654,1.235569583119024e-06
test_10655,1.0539569378487862e-07
test_10656,0.9999912192274446
test_10657,2.904317611503148e-07
test_10658,0.999967499196442
test_10659,0.0029183444088213863
test_10660,0.9848723818257844
test_10661,0.9999922821573431
test_10662,2.750521242011815e-07
test_10663,0.004720721957708946
test_10664,0.9999998965320434
test_10665,0.9999995920326666
test_10666,0.9999685354468556
test_10667,4.910990722753233e-07
test_10668,0.9998261199388352
test_10669,0.9999997997375832
test_10670,3.161066073397376e-05
test_10671,0.26905360314456495
test_10672,3.281214681631308e-07
test_10673,0.01471782923875657
test_10674,0.022123484899783837
test_10675,0.001888583117834473
test_10676,0.9999445769164615
test_10677,0.999005427857973
test_10678,0.9999988426732387
test_10679,0.9996834281633741
test_10680,6.416177651386586e-07
test_10681,0.999859858378049
test_10682,0.9999999002551654
test_10683,5.5097727563063024e-05
test_10684,0.009228334799466673
test_10685,3.95202341692063e-05
test_10686,0.9999998478692227
test_10687,3.560084824225436e-06
test_10688,2.748206621426145e-05
test_10689,6.975914611723261e-08
test_10690,0.8957680056512161
test_10691,0.00010067524599011469
test_10692,0.9999390900162606
test_10693,6.051575011155656e-08
test_10694,0.9999653866268737
test_10695,0.999916128840424
test_10696,0.0011222918999744915
test_10697,1.5388849231331753e-05
test_10698,0.9997096494363583
test_10699,0.999999844428145
test_10700,4.0971202733549883e-08
test_10701,0.999224054943614
test_10702,3.917055441252975e-07
test_10703,0.0030599220049366254
test_10704,0.9692598324457997
test_10705,0.9999975033468854
test_10706,0.00016951192630364743
test_10707,0.9999998288707421
test_10708,0.999999982904089
test_10709,0.9999967531254728
test_10710,0.9989716173379237
test_10711,0.9979630760465227
test_10712,0.999997730183976
test_10713,2.3512429049208647e-07
test_10714,0.9999972952933136
test_10715,0.00033416483628641975
test_10716,0.9937653322169546
test_10717,0.9999594929200403
test_10718,0.009807517377625861
test_10719,0.9987265906296237
test_10720,0.999999955583665
test_10721,2.6836761973241052e-08
test_10722,0.9999997697747686
test_10723,1.2614725469774301e-05
test_10724,4.3736006423617244e-07
test_10725,1.5960745993661585e-07
test_10726,0.9999502984401744
test_10727,4.655009182058155e-06
test_10728,1.3404325067958585e-07
test_10729,1.4678021636665553e-07
test_10730,0.0007490873441003888
test_10731,5.8588622843588095e-05
test_10732,0.9992044885110571
test_10733,9.068391048488056e-05
test_10734,0.00010873407120999582
test_10735,0.9999027668011532
test_10736,0.00018824431655655493
test_10737,3.989423618450945e-08
test_10738,0.9999161995056738
test_10739,0.9999878932100268
test_10740,0.9999983190788235
test_10741,0.9999521653168876
test_10742,9.88960795097413e-07
test_10743,0.999999390636581
test_10744,0.01949558587911184
test_10745,1.6013856362715977e-07
test_10746,0.007733286673786582
test_10747,0.9999753490077115
test_10748,0.996393169491574
test_10749,0.9999670691202636
test_10750,0.9996603421345366
test_10751,1.9235755059196106e-07
test_10752,0.9951758084051364
test_10753,0.9998800184563119
test_10754,0.9998896875402843
test_10755,6.316584852591402e-08
test_10756,0.9998505791739435
test_10757,0.0008474153750326049
test_10758,1.8091654030236305e-07
test_10759,0.9998814509844802
test_10760,0.0032035680921858913
test_10761,1.1310706679528083e-07
test_10762,0.9999998771883882
test_10763,0.9999891198586962
test_10764,0.9999932129980768
test_10765,0.9929157022350948
test_10766,0.9999989991668943
test_10767,0.00034301368287415585
test_10768,0.9997440095983365
test_10769,1.2041865079320189e-06
test_10770,2.329944082405298e-05
test_10771,0.9979890467528829
test_10772,2.0418030539624846e-07
test_10773,0.9999997295014732
test_10774,0.9777163805556135
test_10775,0.014246540171905854
test_10776,0.14725151279583013
test_10777,1.1025112096224979e-05
test_10778,0.999990469737967
test_10779,0.9979673368972515
test_10780,0.9990473894863446
test_10781,0.9999995286229383
test_10782,2.6425865367277205e-06
test_10783,0.00011040408851444059
test_10784,2.9197081412723e-08
test_10785,0.9999989927345113
test_10786,0.9999997585175714
test_10787,0.9999995546454756
test_10788,0.0014775412539806902
test_10789,1.9502193998839883e-07
test_10790,0.0007062355453787317
test_10791,2.3921837839080256e-05
test_10792,0.9999933323728531
test_10793,0.9991316660971338
test_10794,0.9999858796206843
test_10795,0.0029353309100786933
test_10796,0.9992491689009104
test_10797,0.98817767499343
test_10798,0.9999998677892598
test_10799,9.577701354239277e-05
test_10800,0.9999985479615626
test_10801,1.118760021325762e-07
test_10802,9.05556364652723e-07
test_10803,0.9999999146682645
test_10804,0.978555213265668
test_10805,3.4369254095184574e-07
test_10806,0.9999531535581272
test_10807,0.999976296317292
test_10808,0.9999997938244821
test_10809,0.9999998431862286
test_10810,0.9998546905757071
test_10811,0.11159991510766135
test_10812,0.0001232032735076472
test_10813,1.1997141959132002e-07
test_10814,8.35937370321754e-08
test_10815,0.9999995155465395
test_10816,0.0003796802497852106
test_10817,0.9729662475318046
test_10818,0.9999999112817536
test_10819,0.9993073114984923
test_10820,6.059759007640978e-05
test_10821,5.514640219443473e-07
test_10822,0.9999595543829471
test_10823,0.22428145523271342
test_10824,7.218641851654343e-08
test_10825,0.9997956152014351
test_10826,0.9999853585836836
test_10827,0.9999992901843049
test_10828,0.9999997759889236
test_10829,0.002228701295792629
test_10830,0.9999998893340627
test_10831,0.08833759309748009
test_10832,0.03172688776913335
test_10833,0.9999971000399771
test_10834,0.9999739276331279
test_10835,0.011300271938527333
test_10836,3.997891274445581e-08
test_10837,0.016125782138673477
test_10838,7.568599540509527e-05
test_10839,3.906838967871731e-06
test_10840,0.9999933366461399
test_10841,0.00022093327275351835
test_10842,0.9999921718584823
test_10843,6.615543250790296e-08
test_10844,0.00033479458343796696
test_10845,4.4119929041396665e-08
test_10846,0.9999990212023254
test_10847,0.009045980722743992
test_10848,3.5568985975965885e-07
test_10849,0.00039976077685154553
test_10850,1.344899674137608e-07
test_10851,1.2323434401550095e-07
test_10852,3.6325177827530684e-05
test_10853,0.0011657352287698822
test_10854,0.9999942703309077
test_10855,4.2651602986228855e-05
test_10856,0.012837175595380272
test_10857,0.9999990114510249
test_10858,1.6164995740493442e-06
test_10859,0.999905286421724
test_10860,4.357313149202301e-07
test_10861,0.0059072433871656775
test_10862,0.9999958631155406
test_10863,0.9999999124758979
test_10864,0.0012723795308663603
test_10865,0.9999993081575526
test_10866,0.9982338355387614
test_10867,0.9998514340161665
test_10868,1.4508151689571034e-07
test_10869,1.0150267618105868e-06
test_10870,0.00019207887001831413
test_10871,7.078189305734551e-05
test_10872,0.9997581538795076
test_10873,0.9999991890675747
test_10874,0.08362646594179908
test_10875,0.2264128323777402
test_10876,0.0029525004454323714
test_10877,0.9996823251166145
test_10878,0.9999999217256031
test_10879,1.9239317484295262e-07
test_10880,0.16987175817322198
test_10881,0.00010040362635453506
test_10882,0.00012526600428758452
test_10883,0.11451880287433297
test_10884,0.9999999510010691
test_10885,0.003586435008421238
test_10886,0.0005530038260362506
test_10887,0.9999998126838014
test_10888,0.9999993495635918
test_10889,1.6679062503724459e-06
test_10890,4.408513251311515e-07
test_10891,9.261640528071395e-07
test_10892,0.9999993660176647
test_10893,0.008138912710040328
test_10894,0.00021761731465657448
test_10895,0.9999980309044703
test_10896,9.841027168450417e-08
test_10897,8.976731630339943e-08
test_10898,0.9298786967976101
test_10899,0.9611117176462094
test_10900,0.03718023392216272
test_10901,0.9843043572028044
test_10902,0.9999998409434145
test_10903,0.9861743542863991
test_10904,0.9999998530701937
test_10905,0.9999987661205413
test_10906,0.9999996633618996
test_10907,0.00019010814808411352
test_10908,0.9064206112942871
test_10909,0.999883886160665
test_10910,1.0125352799916986e-07
test_10911,7.725186994648636e-08
test_10912,0.9999985225439896
test_10913,6.887954391336252e-08
test_10914,0.9999995308102895
test_10915,5.916334473964614e-06
test_10916,8.324761650571258e-05
test_10917,0.21818983536875866
test_10918,9.620390731446197e-05
test_10919,0.004858071857258897
test_10920,0.9999997716951131
test_10921,0.008556438004382575
test_10922,0.9986363894973297
test_10923,0.9999168780089367
test_10924,0.9991131364384103
test_10925,0.9990282939754859
test_10926,2.9844179189979545e-06
test_10927,0.9999996296811898
test_10928,2.855978404459194e-07
test_10929,1.4595975696805829e-06
test_10930,0.9389390455663956
test_10931,0.0001581221046903188
test_10932,0.9686043486470896
test_10933,0.9999551513255553
test_10934,1.8678073884058004e-05
test_10935,1.7856004870502882e-07
test_10936,0.9999933167937968
test_10937,0.9999991817177197
test_10938,1.441575694718804e-07
test_10939,0.9526764154818692
test_10940,2.2165898704293534e-08
test_10941,3.5897843795909016e-07
test_10942,0.001111674664641386
test_10943,1.8087518467053335e-07
test_10944,0.999491005074549
test_10945,7.382713938861433e-08
test_10946,6.446434666081463e-08
test_10947,0.9999732546411755
test_10948,7.354145808693688e-05
test_10949,0.0002572514155973319
test_10950,3.218287238463098e-05
test_10951,0.9999994224644826
test_10952,3.921616148463922e-06
test_10953,0.9947127155484754
test_10954,0.9999992094154713
test_10955,0.9999781059756856
test_10956,0.0006403227070488856
test_10957,9.202491816188408e-08
test_10958,1.9460411627552628e-07
test_10959,0.0019613137419271782
test_10960,0.9998223455464939
test_10961,0.999961844550087
test_10962,0.7935625871652688
test_10963,1.7017413128857296e-05
test_10964,0.0002908761473724447
test_10965,0.0014050857100136658
test_10966,1.1352853911762672e-05
test_10967,0.9955672924228984
test_10968,1.0782218498694645e-07
test_10969,0.9999998179955891
test_10970,6.732632237154183e-05
test_10971,0.9981584951691698
test_10972,0.9999995725005164
test_10973,0.00010090228133516268
test_10974,0.014036248786103819
test_10975,0.9998643594589572
test_10976,0.9998328223502966
test_10977,0.9999911312933984
test_10978,0.9999877742640197
test_10979,8.80437476601102e-05
test_10980,0.9228664954129909
test_10981,0.9997673606229975
test_10982,0.9999997913378824
test_10983,1.8373538417292833e-07
test_10984,0.9955892361681099
test_10985,0.9998430682083292
test_10986,6.441346213179269e-08
test_10987,0.9999998683095548
test_10988,4.63504831479845e-08
test_10989,2.3259193867663735e-07
test_10990,0.0007284129070222897
test_10991,1.4530211346916663e-07
test_10992,0.9999981344482685
test_10993,0.9999997120037837
test_10994,4.4471450040112863e-07
test_10995,0.00021037636622336952
test_10996,0.9999996656100413
test_10997,0.999987920893795
test_10998,8.216616625932053e-07
test_10999,5.128807947102472e-07
test_11000,0.0004015152386481402
test_11001,0.9999987775054701
test_11002,3.3144301024280456e-07
test_11003,5.00252256587482e-07
test_11004,0.003446126380361509
test_11005,0.9991326937217788
test_11006,0.000252490874311187
test_11007,3.653755714394355e-05
test_11008,0.022293013531725286
test_11009,4.723298458513946e-07
test_11010,0.9999996920360072
test_11011,0.9835224424839863
test_11012,0.0025896445353666155
test_11013,0.08054678265237682
test_11014,0.9974048332290149
test_11015,0.032726624787009634
test_11016,0.0033723749079715122
test_11017,0.007415257667805627
test_11018,0.9986960833754752
test_11019,2.2287642426160305e-05
test_11020,0.9999189671301931
test_11021,0.9999619411774694
test_11022,0.005955001371089785
test_11023,2.048397078926562e-07
test_11024,0.9999998321189516
test_11025,0.9999019582773956
test_11026,0.999860257926124
test_11027,0.9998802822540854
test_11028,0.997066708612429
test_11029,0.996766963400501
test_11030,0.9999898039981419
test_11031,8.928506766001627e-07
test_11032,9.086187086070917e-05
test_11033,0.0002555541063459175
test_11034,0.0011669020289336355
test_11035,0.9999516659620674
test_11036,0.9999997511920298
test_11037,1.982231163133132e-06
test_11038,0.999999499406799
test_11039,0.7999135045172087
test_11040,0.9999999323110901
test_11041,5.065666778845884e-07
test_11042,1.23511921251344e-05
test_11043,0.9999993276677348
test_11044,0.9999908399393685
test_11045,0.9999996344048916
test_11046,0.9997101836830316
test_11047,0.9999996025838124
test_11048,0.9999957294637373
test_11049,0.00024940294970306935
test_11050,1.784939490508468e-05
test_11051,0.9997436145271271
test_11052,0.9999999255334977
test_11053,0.9999998387762856
test_11054,0.9985335367512772
test_11055,6.76238152674895e-05
test_11056,0.9993145451578531
test_11057,6.424090194056398e-08
test_11058,0.9994805883562979
test_11059,4.3216987879980815e-05
test_11060,0.9975842439683101
test_11061,5.8357546817816745e-05
test_11062,0.9999991153407669
test_11063,5.280390501424509e-07
test_11064,0.9995400919565278
test_11065,0.9999997320270609
test_11066,0.9999878223724662
test_11067,1.7098303224261697e-07
test_11068,3.1940611617723036e-05
test_11069,0.9999999114741841
test_11070,0.9999999059037117
test_11071,0.9999999464965956
test_11072,1.3025812353490961e-07
test_11073,1.8426410787663572e-07
test_11074,8.015852023057407e-07
test_11075,0.9999999544326016
test_11076,0.9988986485189005
test_11077,0.0006494576453557221
test_11078,0.00021819012845447725
test_11079,0.9999721307011017
test_11080,4.0555869845069414e-05
test_11081,9.230393004964032e-05
test_11082,0.0002539347998525713
test_11083,2.6804038933759423e-06
test_11084,0.9999048365170627
test_11085,0.0032471751608723655
test_11086,0.0006953094218156519
test_11087,0.99997418209751
test_11088,4.4778221294759464e-07
test_11089,0.004063657325354503
test_11090,0.9999986628506518
test_11091,0.9999999429946252
test_11092,8.988861608676947e-08
test_11093,0.9999997290628183
test_11094,0.9999851184250869
test_11095,0.9996581441767703
test_11096,8.11956943171149e-07
test_11097,0.99991665266175
test_11098,1.2680074739783555e-06
test_11099,0.9999998335514151
test_11100,0.981700245975807
test_11101,1.6631972603767225e-07
test_11102,0.6206290073249249
test_11103,0.9999993753265576
test_11104,0.004074311106571666
test_11105,2.607128163336754e-07
test_11106,0.9637410851722898
test_11107,0.9955908167870136
test_11108,0.9914866172707913
test_11109,0.999998883372783
test_11110,0.9854756578745949
test_11111,0.9974719317871966
test_11112,0.9999997872955926
test_11113,0.9914712692627525
test_11114,0.9999954062700527
test_11115,0.9999984198823489
test_11116,0.9999881225740896
test_11117,0.9997912241535085
test_11118,0.9999999515324717
test_11119,0.9999983408245854
test_11120,1.6755994487570305e-05
test_11121,0.9947912149556358
test_11122,0.9985843057746259
test_11123,0.9787593605011196
test_11124,0.9999729771063934
test_11125,0.9999531242193378
test_11126,0.999999153900893
test_11127,0.9738624225899243
test_11128,1.425425321843385e-05
test_11129,0.4873312681584562
test_11130,0.9999944314458185
test_11131,0.0011389275995378528
test_11132,0.9999569635030044
test_11133,0.00016689976392781012
test_11134,9.365653768771976e-06
test_11135,0.9679127010990612
test_11136,0.9999999768551152
test_11137,0.0009456552979453201
test_11138,0.9996723826369844
test_11139,0.02113491027947678
test_11140,0.05399735177298763
test_11141,0.9999992524023258
test_11142,0.0005199959490982055
test_11143,0.9999981577653946
test_11144,0.9997957023902901
test_11145,0.002205122059306289
test_11146,1.4506427088306469e-05
test_11147,0.9999904223526084
test_11148,1.5977638660372513e-07
test_11149,2.8783933378713065e-07
test_11150,0.9999999850137906
test_11151,5.736918899423552e-05
test_11152,0.999899946502807
test_11153,0.9999998299611645
test_11154,0.9752518664344403
test_11155,1.0171414323354308e-05
test_11156,1.5852056285748298e-06
test_11157,0.999999731377349
test_11158,1.9694296747023995e-07
test_11159,3.8846092254395046e-07
test_11160,0.0003839315808485303
test_11161,0.3829916613767612
test_11162,5.344879730269574e-08
test_11163,1.0076528911319888e-07
test_11164,0.0006798182055294991
test_11165,0.999999482576985
test_11166,0.9999705283751579
test_11167,1.0482609815559885e-07
test_11168,6.648574688347435e-07
test_11169,0.9999913684280661
test_11170,0.03471614094312765
test_11171,1.2813976548533945e-07
test_11172,0.9999981255221779
test_11173,0.9996205515555208
test_11174,1.8182102136568717e-07
test_11175,6.130424614608025e-07
test_11176,0.9393464969492438
test_11177,1.1362527889367428e-07
test_11178,6.727375397547692e-08
test_11179,2.033876450197903e-07
test_11180,0.997373531197407
test_11181,0.999963777567034
test_11182,0.00044240669705204554
test_11183,0.002765848739643017
test_11184,0.999999098646938
test_11185,0.9999977230110209
test_11186,8.66314508311972e-05
test_11187,9.469945906762185e-08
test_11188,0.9993026861843803
test_11189,2.9974999313296092e-05
test_11190,0.00030896502711803424
test_11191,0.9983733510395718
test_11192,2.5976419126899197e-06
test_11193,1.7979821203276997e-07
test_11194,0.00042112167195996954
test_11195,0.9999922170497347
test_11196,1.0220336733260475e-06
test_11197,0.9998434057530917
test_11198,0.9992198724092473
test_11199,2.802678132294221e-07
test_11200,2.86108649939317e-07
test_11201,0.0008956626421098677
test_11202,0.9999960346202583
test_11203,0.9820162973082334
test_11204,0.16424276509826918
test_11205,7.813881643908895e-05
test_11206,0.9996109855837793
test_11207,1.3980747245982602e-07
test_11208,0.9999969426989735
test_11209,5.715254992540838e-08
test_11210,0.9999994449920132
test_11211,2.9985536075325146e-07
test_11212,0.9419224116291496
test_11213,3.6611520961550203e-07
test_11214,0.0010674674736057903
test_11215,4.045802016399161e-06
test_11216,1.171001503714735e-06
test_11217,0.9999992767295784
test_11218,0.9999931949514977
test_11219,0.9991210316625119
test_11220,0.9998706449264713
test_11221,0.0002382536697361089
test_11222,5.680501435548077e-08
test_11223,0.0008697283721700335
test_11224,0.999999847417933
test_11225,2.98694078424059e-08
test_11226,0.03808803766186323
test_11227,0.9999993254862445
test_11228,0.0006931770162441328
test_11229,0.9999057139256394
test_11230,8.729581805815744e-05
test_11231,0.9999962087138906
test_11232,4.547574707005265e-08
test_11233,0.9998057397575169
test_11234,0.9999602914905786
test_11235,0.9734312688922302
test_11236,0.9985040319307029
test_11237,9.517148697075216e-06
test_11238,0.9995756223573353
test_11239,0.999998560882523
test_11240,0.9999744770620004
test_11241,0.9999980373968966
test_11242,0.9997891145555723
test_11243,0.9999909593958489
test_11244,1.505091953287218e-05
test_11245,0.006596979190221698
test_11246,0.9999994690077552
test_11247,3.8256879226692965e-07
test_11248,0.9999992186874889
test_11249,6.673759884816157e-07
test_11250,0.9999999073412927
test_11251,0.9994930208121301
test_11252,0.0008828405229286449
test_11253,0.005460760957684904
test_11254,0.9994786843366841
test_11255,0.0025833322693505404
test_11256,0.7640201065152082
test_11257,0.9999998345607531
test_11258,0.9988384989588283
test_11259,3.833040893571096e-05
test_11260,1.575132152162469e-06
test_11261,8.932490777728874e-05
test_11262,0.999999871601231
test_11263,0.8915357123956118
test_11264,0.8758761103457676
test_11265,0.034444042122219895
test_11266,2.559749719745429e-06
test_11267,1.589237518325409e-06
test_11268,0.9694628335420492
test_11269,0.8913995888649009
test_11270,0.9999999305453992
test_11271,0.9710311935707312
test_11272,2.9030844951013187e-08
test_11273,0.9966013393280628
test_11274,0.9999997254411074
test_11275,0.0005394280854637915
test_11276,0.0001313484072297128
test_11277,0.9988300358795541
test_11278,4.417579634643527e-05
test_11279,0.08367549058190352
test_11280,0.9991300588422698
test_11281,0.9669336213454435
test_11282,0.13595558670866004
test_11283,1.1007410708148775e-07
test_11284,0.7808583955642536
test_11285,6.325939202823779e-08
test_11286,0.00029310804308918395
test_11287,0.9999968735231992
test_11288,0.9999998317366982
test_11289,3.2060282183437195e-05
test_11290,0.9999998430555364
test_11291,0.9996370467526203
test_11292,0.9999999253484795
test_11293,3.121173134361796e-07
test_11294,0.9968122081812121
test_11295,0.9999998523717966
test_11296,3.7955314316161836e-08
test_11297,0.999999961714593
test_11298,3.7912703883681967e-07
test_11299,0.9758350517009152
test_11300,0.9999999443787193
test_11301,0.9999997181774148
test_11302,1.8994701558700007e-05
test_11303,0.9999312461695524
test_11304,0.9999987394607215
test_11305,2.3713199858907544e-07
test_11306,0.999964934255704
test_11307,0.9999136081472781
test_11308,0.99999973182804
test_11309,2.8466387407497076e-07
test_11310,5.449951728424975e-05
test_11311,1.3152715267072416e-07
test_11312,0.9990681281244573
test_11313,0.000166552778900557
test_11314,0.006413869292396456
test_11315,0.00027944384909672234
test_11316,0.6350605418338833
test_11317,0.9987402826790438
test_11318,0.9999968005807399
test_11319,2.1348662965743835e-07
test_11320,9.621747448574917e-05
test_11321,0.0018368323511087795
test_11322,7.39149543508604e-08
test_11323,3.21269242820425e-07
test_11324,0.00021634240775197854
test_11325,0.9990833998319391
test_11326,5.493394207086905e-08
test_11327,0.9996481869825323
test_11328,0.9999999732917972
test_11329,9.019826329110792e-07
test_11330,0.001829961589580017
test_11331,0.0038609537994841766
test_11332,0.9999534796302196
test_11333,0.9981335041241342
test_11334,1.9063630789429215e-06
test_11335,0.8672286755448025
test_11336,0.9901415087304426
test_11337,0.9998761258329949
test_11338,0.9841555178970827
test_11339,0.9504529929599247
test_11340,1.106231753663364e-05
test_11341,0.9999994824437665
test_11342,0.00027416040497186834
test_11343,0.9998677316317591
test_11344,7.172023566693032e-07
test_11345,1.2294634555036311e-06
test_11346,0.002467538614568473
test_11347,0.9944212980510295
test_11348,0.5074882102809489
test_11349,4.108831186759302e-08
test_11350,0.9953213123498188
test_11351,6.24065956694679e-08
test_11352,4.741746235179544e-05
test_11353,0.9999998771399459
test_11354,1.6170115503980833e-07
test_11355,3.9033967334193795e-07
test_11356,0.00046408713643186886
test_11357,6.554077348684643e-07
test_11358,3.0849685201752893e-07
test_11359,0.31417897718824267
test_11360,0.30434315147528396
test_11361,2.5401081511398e-06
test_11362,6.839088916517881e-05
test_11363,7.447539636817554e-05
test_11364,5.897070045264983e-06
test_11365,0.030413938728225825
test_11366,0.9986565896436443
test_11367,4.009281002025141e-07
test_11368,2.1571457678471136e-06
test_11369,0.953278256164024
test_11370,0.9719559120847636
test_11371,2.105066629500362e-06
test_11372,5.837588459959903e-07
test_11373,4.818123451743797e-06
test_11374,0.9984525892918672
test_11375,4.6602772563827594e-05
test_11376,0.00028835291943325026
test_11377,0.9999900728097426
test_11378,0.08977698217981868
test_11379,9.681140440994988e-05
test_11380,4.191281685170253e-08
test_11381,9.738214113160362e-07
test_11382,0.9974533257270893
test_11383,0.0004204326004218965
test_11384,2.773322185437122e-06
test_11385,0.9999988676265952
test_11386,0.9999318143540825
test_11387,0.999559681359234
test_11388,5.2407534482388085e-05
test_11389,9.051440045963492e-05
test_11390,0.9987353111159784
test_11391,0.9993259616401036
test_11392,0.9999996870062697
test_11393,0.9999582498321481
test_11394,0.008779161039908953
test_11395,0.9993397284865084
test_11396,0.00020751706235439386
test_11397,1.703983272484176e-07
test_11398,0.9999992858353779
test_11399,0.7606964182356226
test_11400,0.016853494786073873
test_11401,0.9999997918793067
test_11402,0.9927773085568177
test_11403,0.00017184151254343057
test_11404,0.9990922713678436
test_11405,0.00011589219616502965
test_11406,9.02449123494152e-07
test_11407,2.9650666689237225e-05
test_11408,0.16766619745346523
test_11409,0.0004559930518582189
test_11410,1.4249527288355064e-07
test_11411,0.038831604534120774
test_11412,0.9999975242094041
test_11413,1.611543658297567e-06
test_11414,0.0002982260043336009
test_11415,0.9999968817463214
test_11416,3.971320120120312e-07
test_11417,0.9999748845582234
test_11418,0.9997155976457548
test_11419,0.9999995741760898
test_11420,1.3335749320971671e-06
test_11421,0.0011844216768752264
test_11422,0.516104885463865
test_11423,1.4453654521131371e-06
test_11424,0.99999985595466
test_11425,0.0008229298891028453
test_11426,4.1519821794139327e-07
test_11427,0.9999996860691738
test_11428,1.0332890583576062e-07
test_11429,0.9999910321270424
test_11430,0.027041715642848362
test_11431,0.999996172192012
test_11432,0.9944737879288242
test_11433,1.5242823959343641e-05
test_11434,0.9999999611743178
test_11435,0.9999999620603629
test_11436,0.8442986981877166
test_11437,0.9999995666019961
test_11438,2.30595442448124e-06
test_11439,1.0250302377738858e-07
test_11440,0.00011495551579022573
test_11441,8.580222965738578e-08
test_11442,3.6488060349469634e-07
test_11443,0.9999693410612466
test_11444,0.0007457226508224811
test_11445,0.582009111938885
test_11446,1.600681768293691e-07
test_11447,0.9997918050380885
test_11448,0.02176144937827987
test_11449,0.9999742749883962
test_11450,0.9998124618098263
test_11451,0.9975557266677886
test_11452,0.8824579215069025
test_11453,1.6449076697501665e-07
test_11454,1.2963226584250157e-07
test_11455,2.93161370343117e-07
test_11456,3.5297450876119263e-07
test_11457,0.9766651704206646
test_11458,3.631811336944305e-06
test_11459,2.727763843930611e-07
test_11460,0.022519296697086324
test_11461,0.9982872311396385
test_11462,0.9996007440609265
test_11463,2.6653742064674747e-05
test_11464,0.9999555629749234
test_11465,0.9972690419736465
test_11466,0.9999901093303499
test_11467,8.024032336584488e-06
test_11468,0.9907605396956412
test_11469,0.002211455048946718
test_11470,0.0004428331117939038
test_11471,0.9999928264800644
test_11472,0.0001261666887100935
test_11473,0.013336528240994912
test_11474,0.9980731973987801
test_11475,0.0019497467489708522
test_11476,6.095925286888248e-07
test_11477,0.9999952227301789
test_11478,7.203591956732021e-06
test_11479,0.01030532902740527
test_11480,0.999987002583879
test_11481,0.000651998684564958
test_11482,0.00983917591504096
test_11483,0.999999721279381
test_11484,1.8834056946883e-07
test_11485,0.9999465462087183
test_11486,0.9999673805941172
test_11487,7.57785846597104e-06
test_11488,4.303636076118208e-07
test_11489,0.9998305201668022
test_11490,0.9999997893832422
test_11491,4.52663439455886e-07
test_11492,0.019170624740434006
test_11493,0.9999997613766013
test_11494,0.941444602300263
test_11495,1.0564832835797523e-06
test_11496,0.9999995292783206
test_11497,0.9999996351952029
test_11498,0.5454950263507218
test_11499,0.999306698160057
test_11500,0.0005808991116743796
test_11501,0.9955521629673872
test_11502,6.807977365847043e-08
test_11503,4.6630857543491e-06
test_11504,0.9999915898700121
test_11505,0.9999993756682589
test_11506,0.0003166718683349759
test_11507,4.405137861303207e-05
test_11508,4.1948977643713066e-07
test_11509,0.0002715310862204246
test_11510,1.3803048681113808e-06
test_11511,4.3839733785126674e-05
test_11512,4.7659219646634615e-07
test_11513,1.1217759622647057e-06
test_11514,0.002484918935446037
test_11515,4.995822096842707e-07
test_11516,0.0002301143678164236
test_11517,0.000533737372480052
test_11518,0.0010874322099449418
test_11519,0.9998854420728392
test_11520,0.9936359740784013
test_11521,6.969161202908266e-07
test_11522,3.899617471710832e-07
test_11523,0.9672806051388528
test_11524,7.568243962119674e-08
test_11525,0.9993516350961902
test_11526,0.9753361876386277
test_11527,0.0014880763052695757
test_11528,6.250171958123133e-06
test_11529,0.00023906965167462343
test_11530,0.9995370248629277
test_11531,0.9999899195314722
test_11532,0.9999998024407164
test_11533,0.011237061157141261
test_11534,0.9999994491032482
test_11535,0.9893323029590229
test_11536,0.9999733569012884
test_11537,0.9999998154909385
test_11538,0.04690877177397979
test_11539,0.9999889681089109
test_11540,0.999999882216969
test_11541,0.008336054584099858
test_11542,4.0664476642073835e-05
test_11543,0.9999935211033739
test_11544,2.7315374834277414e-07
test_11545,0.9997479706164648
test_11546,1.3747859530789351e-05
test_11547,0.9999998727594801
test_11548,0.00047102100315599127
test_11549,3.2585567862163526e-08
test_11550,0.9962161222554617
test_11551,0.0013655734972525281
test_11552,0.9939147196293815
test_11553,0.9995589366932945
test_11554,3.9414062898633895e-06
test_11555,0.999879417736824
test_11556,0.0032283236625955396
test_11557,0.9999991784050708
test_11558,0.9999998245125815
test_11559,0.027369060874512526
test_11560,0.00011515339227040835
test_11561,1.92547350376502e-07
test_11562,0.9999897686767255
test_11563,0.9999866464962726
test_11564,5.841962514390361e-05
test_11565,0.056187291144264094
test_11566,4.205443034911936e-05
test_11567,0.986417177791377
test_11568,3.341699948324587e-07
test_11569,0.9987736806431899
test_11570,2.0534273888618407e-07
test_11571,0.020750593097029563
test_11572,6.544761850383046e-07
test_11573,0.9765950222780482
test_11574,0.999999918664604
test_11575,0.9999994665998971
test_11576,0.9602386274476373
test_11577,0.9999448928208979
test_11578,0.00830677906070745
test_11579,0.9995476708008181
test_11580,0.9999699684179904
test_11581,0.09017398762568081
test_11582,1.4950037174778716e-07
test_11583,0.012419048183278174
test_11584,0.9999989163457826
test_11585,3.949845274978277e-07
test_11586,0.999980994084614
test_11587,0.9999997609338392
test_11588,0.00041298311960456433
test_11589,0.999202211225519
test_11590,0.9999997248439532
test_11591,0.9994902296889533
test_11592,0.9999617099881892
test_11593,0.0008177440657506663
test_11594,0.999999359380555
test_11595,2.273202690389334e-07
test_11596,0.9999681406949601
test_11597,0.999999974097439
test_11598,0.00016984311347647193
test_11599,8.352706757242372e-07
test_11600,8.110697551408163e-05
test_11601,0.9999997936477585
test_11602,0.037669810548621396
test_11603,0.9966093897304912
test_11604,0.9996062122020047
test_11605,0.9999868947675091
test_11606,1.287163964715872e-07
test_11607,0.9999648755610415
test_11608,6.419021054174144e-07
test_11609,0.9999603286294204
test_11610,3.1221571820078705e-07
test_11611,0.9999999142668359
test_11612,0.9999997720629408
test_11613,0.999672510359627
test_11614,0.0010825801749849578
test_11615,0.9998474703490482
test_11616,0.9996534248746913
test_11617,0.9999998633393601
test_11618,0.999999934091473
test_11619,0.8670433096348512
test_11620,0.000486111797947239
test_11621,4.801299850562403e-05
test_11622,0.9994395290221822
test_11623,8.157649929341544e-08
test_11624,0.999996475667372
test_11625,0.9976427875412512
test_11626,0.9999999176790549
test_11627,0.9999998179793668
test_11628,0.0005854461240669678
test_11629,0.9977154557656083
test_11630,2.2689941914249746e-06
test_11631,6.641508390859239e-08
test_11632,5.077183368966901e-07
test_11633,0.9973687015972788
test_11634,0.9702801840486451
test_11635,0.9998316954414099
test_11636,0.9999998567707665
test_11637,0.9999992853095009
test_11638,0.8932244916985773
test_11639,1.1171403656407769e-06
test_11640,0.9998431659044803
test_11641,0.9993147953995135
test_11642,0.9999998786751475
test_11643,0.9881018353839436
test_11644,0.9999609637805014
test_11645,0.00017371651612223387
test_11646,7.107962272029867e-05
test_11647,0.0011267597629912773
test_11648,0.9999998241100384
test_11649,0.02720028495307334
test_11650,0.9999997963393847
test_11651,0.00012865757816628583
test_11652,0.00021984829250158564
test_11653,0.0024266637973368722
test_11654,1.382175172217921e-07
test_11655,1.7465404618765595e-07
test_11656,0.9999995143953411
test_11657,2.4358253394624326e-07
test_11658,1.3943476014998955e-05
test_11659,2.0755074713810937e-07
test_11660,0.9999981905632336
test_11661,2.9051520260679003e-05
test_11662,0.9998714861701774
test_11663,1.1800493783914248e-05
test_11664,0.952119416917177
test_11665,2.264501870033798e-06
test_11666,0.03576493479125735
test_11667,3.273243118606991e-05
test_11668,0.9999999630482475
test_11669,0.9999994857512029
test_11670,7.247332080069667e-07
test_11671,0.03171927426133459
test_11672,0.9999223595074891
test_11673,0.02911960160990214
test_11674,0.0003543470995194286
test_11675,0.000885243309873534
test_11676,0.99908424430101
test_11677,0.9271811888432877
test_11678,9.340946304308855e-08
test_11679,0.9998853847098885
test_11680,0.00010953017344290506
test_11681,0.00028903833164719075
test_11682,0.0005666921629349012
test_11683,0.014087769632871961
test_11684,0.9999994663129012
test_11685,0.004385274267396324
test_11686,0.9999996974409419
test_11687,0.004430513443379974
test_11688,0.028875117106986425
test_11689,6.133261433083943e-07
test_11690,0.9999771659162967
test_11691,0.988006708991863
test_11692,0.00010257495849247666
test_11693,0.9854301431483953
test_11694,6.194492510795614e-05
test_11695,0.9999999151141271
test_11696,1.5015847782036755e-07
test_11697,4.772713633398613e-06
test_11698,4.575550389011633e-07
test_11699,0.24630166155981
test_11700,0.02552388836592043
test_11701,1.6612354427410102e-06
test_11702,0.00011066945894869207
test_11703,4.8367398742927063e-05
test_11704,0.9996997538393522
test_11705,0.9977894223153858
test_11706,0.9999997969300239
test_11707,0.004182465223817453
test_11708,0.9999998969466406
test_11709,0.9998283982624229
test_11710,0.9962604994444152
test_11711,0.9994280768030307
test_11712,1.38500351732467e-05
test_11713,0.9925326551980495
test_11714,0.999999896962287
test_11715,0.9999995999164935
test_11716,4.092266132135994e-06
test_11717,0.000108577273081554
test_11718,0.008422432371570008
test_11719,1.2980990916215854e-07
test_11720,0.9999998023024086
test_11721,0.9999665884217329
test_11722,0.9996671114714294
test_11723,0.9744276390894085
test_11724,3.3440814456322316e-05
test_11725,0.041326023127707515
test_11726,0.9962395394250873
test_11727,0.9999999120305092
test_11728,0.9999995131085427
test_11729,0.9999982003226874
test_11730,1.7130041095665106e-06
test_11731,7.093943479931121e-07
test_11732,0.9999996266303124
test_11733,0.9997120590649894
test_11734,1.5479680800067373e-07
test_11735,0.9994986730422626
test_11736,3.9574770357677085e-07
test_11737,0.9753773176119293
test_11738,0.9999024187898765
test_11739,0.9990531773022095
test_11740,2.133901138306378e-05
test_11741,0.023713589951382782
test_11742,0.0002409873728351109
test_11743,0.9998085441023341
test_11744,0.9999910928467366
test_11745,5.125173820650979e-08
test_11746,0.9986159604355757
test_11747,0.0006539530189225878
test_11748,1.493404237312055e-07
test_11749,0.9999994220671025
test_11750,6.396464618430075e-07
test_11751,0.9995588045252677
test_11752,0.9999604702913748
test_11753,1.980351298203527e-06
test_11754,0.9999995111076031
test_11755,0.008659438110166498
test_11756,0.9946769954299128
test_11757,0.013766162366724923
test_11758,5.879811212556441e-07
test_11759,0.9990456612663022
test_11760,0.941278236226408
test_11761,0.9840844922931121
test_11762,0.9999992742725079
test_11763,0.0013156075340229217
test_11764,0.9999999103850488
test_11765,3.8773162734508087e-07
test_11766,1.459349223316739e-05
test_11767,0.9899691907369255
test_11768,0.0003422527791442689
test_11769,0.001667805918116763
test_11770,1.298747555282756e-05
test_11771,0.9972938837523301
test_11772,0.9999997141489674
test_11773,0.007348063103461137
test_11774,0.001285020151163694
test_11775,0.9981824281819641
test_11776,0.08020940314783395
test_11777,0.9999459510433898
test_11778,0.999999941959367
test_11779,0.9999994790603024
test_11780,0.9999998100765094
test_11781,7.49241682346212e-08
test_11782,1.2672935063657165e-05
test_11783,5.677645857423887e-06
test_11784,0.9999997789046697
test_11785,4.7518890394041065e-07
test_11786,0.9995410195124729
test_11787,0.00028926599887902754
test_11788,0.004310552253448787
test_11789,1.4895577383725964e-07
test_11790,0.004304980522294246
test_11791,0.9999868186962186
test_11792,0.9999986970924359
test_11793,0.9999245783666271
test_11794,0.999999453815324
test_11795,0.9998957372874835
test_11796,7.266435588648398e-08
test_11797,0.9999987414582611
test_11798,0.00022574428231723721
test_11799,0.9999999071744743
test_11800,0.00011848159338374567
test_11801,2.5860906370206925e-05
test_11802,3.11311672745069e-05
test_11803,3.9220152823836946e-05
test_11804,0.00021226608857094083
test_11805,8.598331596006015e-07
test_11806,0.002890705913284871
test_11807,0.9999101181551304
test_11808,0.9998901333696286
test_11809,0.015871462110249222
test_11810,0.9999980382101638
test_11811,1.1683601250256215e-07
test_11812,0.00037852578675838376
test_11813,1.410580738415487e-06
test_11814,2.143132493973689e-06
test_11815,2.1410586907042698e-07
test_11816,0.9951089620138761
test_11817,1.1581900733709778e-06
test_11818,5.497471839826839e-08
test_11819,0.9999342689803835
test_11820,0.8992878436078456
test_11821,0.9999999069510954
test_11822,0.999998857919668
test_11823,0.9999995457438916
test_11824,0.9999993530864607
test_11825,0.9999868094305989
test_11826,3.015322237532365e-05
test_11827,0.9999996925532478
test_11828,1.3976062043666563e-07
test_11829,0.00018867040157181188
test_11830,0.999993006999411
test_11831,5.124574011906533e-07
test_11832,0.0004925361725423759
test_11833,8.197038072760731e-08
test_11834,0.999087577403938
test_11835,0.0053701469002101375
test_11836,0.31556837379228864
test_11837,0.9986831722895901
test_11838,0.0002670502437092567
test_11839,0.007728413158321665
test_11840,0.0012054735601022555
test_11841,0.007435715736230454
test_11842,2.389915855364471e-06
test_11843,1.2454235170059406e-07
test_11844,1.6786992798411703e-07
test_11845,0.9706071419476493
test_11846,6.951158936166858e-06
test_11847,0.9749240801877624
test_11848,0.9990080069014712
test_11849,2.1854577279382972e-05
test_11850,0.9999997330484947
test_11851,2.1319221191565492e-06
test_11852,0.004558864052359296
test_11853,0.9999999445394214
test_11854,0.0003451808122604524
test_11855,0.9956994537640481
test_11856,0.9999003644650929
test_11857,1.8245646829875191e-07
test_11858,0.9999999424023573
test_11859,0.031086531258802695
test_11860,6.578626003055593e-06
test_11861,0.0008904038464447043
test_11862,3.260144772994989e-07
test_11863,0.12286394154057186
test_11864,0.9997067470823997
test_11865,0.9999969569602103
test_11866,0.9882081306717363
test_11867,0.9999995235863532
test_11868,0.0037543448258901676
test_11869,0.9996190735187985
test_11870,0.999983379240078
test_11871,0.999969812946881
test_11872,0.999939180648866
test_11873,0.9999512650559941
test_11874,0.9815032160690459
test_11875,0.9995890986286335
test_11876,0.9999997599506459
test_11877,0.05693916054186512
test_11878,0.7405207383635706
test_11879,0.0022559643032731167
test_11880,4.378980222774464e-05
test_11881,0.9770536921447825
test_11882,0.9999998555488792
test_11883,7.914607453816634e-07
test_11884,0.9998889855102437
test_11885,0.0006831303358748834
test_11886,1.6521291233151484e-07
test_11887,0.9999998440074264
test_11888,0.0010601259115654493
test_11889,0.0002816240393720477
test_11890,0.00012334342051237545
test_11891,0.9999808173754876
test_11892,8.298301182421243e-06
test_11893,0.9999994571404722
test_11894,0.39856898472551433
test_11895,0.004840701631275727
test_11896,0.9999620220082088
test_11897,3.542532938127198e-05
test_11898,3.6666349092569243e-07
test_11899,0.9999998874162972
test_11900,0.9884774206752345
test_11901,0.9917280320243033
test_11902,0.9999896427814408
test_11903,0.9999876996219346
test_11904,0.999999929016569
test_11905,0.9999733700433465
test_11906,2.4582068238336883e-08
test_11907,0.9999994440452848
test_11908,0.0009643572059496982
test_11909,8.571006513969318e-05
test_11910,0.9998843551468855
test_11911,0.9987709166862415
test_11912,6.722594116017999e-05
test_11913,1.69681130596502e-06
test_11914,0.007865247435083007
test_11915,2.0382982035413303e-06
test_11916,2.240502861988333e-05
test_11917,0.939047410341924
test_11918,0.9999969921737185
test_11919,2.6935093151701995e-05
test_11920,0.9999991924337381
test_11921,0.013251904810266137
test_11922,6.119143315363724e-05
test_11923,0.9993671790010258
test_11924,0.9999939640825867
test_11925,0.9999997537485166
test_11926,0.9999996493064667
test_11927,0.9999996716381706
test_11928,0.0005991256676732388
test_11929,8.899508005663394e-08
test_11930,0.9999998366295835
test_11931,0.9974394212006013
test_11932,0.015193881281578451
test_11933,0.9418380194730223
test_11934,2.348944390274455e-07
test_11935,1.2742681821884713e-07
test_11936,0.9999980785823309
test_11937,0.00016337235593298307
test_11938,0.9999497230815331
test_11939,7.936965618635615e-05
test_11940,1.8241550291251498e-06
test_11941,1.2575875464685242e-07
test_11942,0.999995270671432
test_11943,7.779666143256212e-08
test_11944,7.835356081661656e-08
test_11945,0.9999997505593925
test_11946,0.9920818108973681
test_11947,7.65185486005235e-07
test_11948,3.895256569779577e-05
test_11949,0.09954733315349461
test_11950,1.6210389579890818e-07
test_11951,1.313122985459199e-07
test_11952,3.03635403341468e-08
test_11953,0.1515621383154984
test_11954,1.63319013805096e-05
test_11955,0.9999996194260617
test_11956,0.7043542636137927
test_11957,0.9998274531408218
test_11958,0.0470257419993586
test_11959,0.02924049351398769
test_11960,5.4835830589958786e-08
test_11961,7.280853283428229e-07
test_11962,0.00011068225461639236
test_11963,0.9997208605162455
test_11964,4.036375377553251e-07
test_11965,0.9813557403610751
test_11966,0.9999066673861372
test_11967,1.0945393540340053e-06
test_11968,0.9999995184463778
test_11969,1.7675764578382683e-07
test_11970,0.0002846377781009467
test_11971,0.00010924257647406054
test_11972,0.9999999159236632
test_11973,3.3203640517197366e-07
test_11974,0.9999991357319076
test_11975,0.9999999781714437
test_11976,0.0033406022401877345
test_11977,0.9983135043540823
test_11978,0.9999999399146419
test_11979,0.9999982211132558
test_11980,0.9999993112778016
test_11981,0.00024967876767393606
test_11982,0.9998836244610763
test_11983,0.9995277826911554
test_11984,0.9999727328128688
test_11985,9.920185948099798e-06
test_11986,0.9913849448566444
test_11987,0.01808218646449812
test_11988,0.9999998141714918
test_11989,0.04387955471332325
test_11990,0.9999918248513324
test_11991,0.9912461249190931
test_11992,0.00011416413866075538
test_11993,0.9998942548823359
test_11994,0.18292561658161202
test_11995,0.9879170470866036
test_11996,1.7735085082325556e-06
test_11997,0.9999945739431781
test_11998,0.00011932645292261864
test_11999,8.29483040274562e-05
test_12000,0.9999995975131136
test_12001,0.0002975320843066071
test_12002,1.6642523661472602e-06
test_12003,0.9690791435680332
test_12004,0.0028376168779981896
test_12005,6.137352466463069e-07
test_12006,6.519128694176289e-07
test_12007,0.030744375234721722
test_12008,2.145807809296893e-06
test_12009,0.011702682851923305
test_12010,9.560767011179042e-06
test_12011,0.9999865508026891
test_12012,0.9661526636249468
test_12013,1.5638532090048097e-07
test_12014,0.9999851608159417
test_12015,0.9998825947290053
test_12016,0.9581949599288997
test_12017,0.9999964493454331
test_12018,0.9994386151586422
test_12019,0.9999997848010661
test_12020,0.005500687602828942
test_12021,0.9999996242222979
test_12022,0.9994424197530778
test_12023,0.0006322270790248238
test_12024,1.145502669428014e-07
test_12025,0.9725840512513549
test_12026,5.561732491542982e-07
test_12027,0.9999993407948118
test_12028,0.005035969310262082
test_12029,0.017762117650449896
test_12030,3.3732501432286665e-05
test_12031,0.9999989125237585
test_12032,0.0006803735918896012
test_12033,0.9999323496433474
test_12034,0.9999349397640319
test_12035,0.9999581548015233
test_12036,6.470545732214824e-08
test_12037,0.9385572709326927
test_12038,4.784022593560517e-05
test_12039,1.8252817924745524e-07
test_12040,0.9999998541972003
test_12041,0.9999998499542685
test_12042,3.2873690405325647e-07
test_12043,0.9999980975425431
test_12044,5.8470854697025134e-08
test_12045,6.425591581466733e-06
test_12046,0.999999961145327
test_12047,6.788758180994209e-07
test_12048,0.999966944120541
test_12049,2.0067259145576383e-05
test_12050,0.0006552343838680688
test_12051,1.0112988647518476e-07
test_12052,0.008434756510736115
test_12053,8.657652700427723e-06
test_12054,0.9999996744987689
test_12055,0.9990410057551389
test_12056,0.9861432459987426
test_12057,0.9999986443895497
test_12058,0.9613470077772032
test_12059,0.9999998636183636
test_12060,0.9999998317900248
test_12061,7.624314648918826e-06
test_12062,0.0012815524414434903
test_12063,0.9999423319854504
test_12064,0.9995607108186153
test_12065,0.9751032344735119
test_12066,2.50573777019943e-06
test_12067,0.9999998283220267
test_12068,0.0011586217685224324
test_12069,2.3156339562719028e-07
test_12070,0.002152136088509891
test_12071,0.9996822462859093
test_12072,0.9999586714691919
test_12073,7.178682829217643e-07
test_12074,0.006000760267251352
test_12075,0.9999975350353663
test_12076,0.9898405891523707
test_12077,4.1765037949534266e-05
test_12078,0.9999998192521968
test_12079,6.917756410327206e-07
test_12080,1.3456734923259901e-05
test_12081,0.999999895201907
test_12082,7.165265171142658e-06
test_12083,0.0010130753737924846
test_12084,0.999999756563307
test_12085,0.9999720512877731
test_12086,0.9998141897584385
test_12087,0.999881661401146
test_12088,0.0010989912998430982
test_12089,1.9763160092927353e-07
test_12090,3.1911767710460965e-06
test_12091,0.9999999380482963
test_12092,0.9999906985737758
test_12093,0.999999833874878
test_12094,0.9999994542340441
test_12095,0.9999157790150639
test_12096,0.9999991922245658
test_12097,5.545526883599413e-07
test_12098,0.9999971384934981
test_12099,9.114403492358203e-08
test_12100,0.0015326972659454644
test_12101,0.9999528352480378
test_12102,1.3018009129876727e-07
test_12103,4.157513824818724e-05
test_12104,0.6538804915791393
test_12105,1.0809405716443367e-06
test_12106,0.9996739447063374
test_12107,0.9999999428484353
test_12108,0.9999998718582757
test_12109,4.948977597633213e-07
test_12110,6.616661852635634e-05
test_12111,0.9999999292340748
test_12112,0.9999998622321712
test_12113,0.9999993241584437
test_12114,0.9999999006557337
test_12115,2.1863129319433643e-07
test_12116,3.128563221537646e-08
test_12117,1.209201455247622e-06
test_12118,0.9993718061445187
test_12119,0.9986038672119921
test_12120,0.9999211596022162
test_12121,1.552910208464534e-07
test_12122,0.00769630160346911
test_12123,5.1927985837507346e-08
test_12124,0.9972073325686468
test_12125,4.448434401130892e-05
test_12126,0.9999999205708007
test_12127,0.9804326654099537
test_12128,0.9999787582351392
test_12129,0.0010688804280505186
test_12130,0.9999897114797326
test_12131,0.9999948501226074
test_12132,0.003891060024732596
test_12133,0.9999999261092946
test_12134,0.9999991306072888
test_12135,0.0003675524205304824
test_12136,0.9999987881374739
test_12137,0.9999874880536139
test_12138,9.110754413385157e-06
test_12139,0.9999966493912229
test_12140,0.9997663450044024
test_12141,4.1842179135281326e-05
test_12142,0.9999865879016345
test_12143,0.9999945176532065
test_12144,5.265556514269449e-07
test_12145,0.00019166889577158344
test_12146,0.9999796379020269
test_12147,0.0003881732165247991
test_12148,0.00016539980786292702
test_12149,0.9999999377578658
test_12150,0.00013271820609058125
test_12151,0.9999975792179585
test_12152,0.9806536654422097
test_12153,0.0013560053112016085
test_12154,0.999999801206491
test_12155,0.9900537136422769
test_12156,2.3457322378836843e-07
test_12157,0.9854965122674971
test_12158,4.115267970681536e-05
test_12159,0.9999984332931108
test_12160,0.9999997128874154
test_12161,0.9999994229822161
test_12162,0.9999837750449141
test_12163,0.9296192096245862
test_12164,0.9999996988283134
test_12165,5.819020778479134e-07
test_12166,0.9993570238803388
test_12167,0.9999157887318482
test_12168,4.188827938116227e-07
test_12169,0.996607401819496
test_12170,0.0004448135035305626
test_12171,3.762072723865435e-05
test_12172,0.9999976893075087
test_12173,0.9999999710645779
test_12174,0.9637317298558546
test_12175,0.9998542186667598
test_12176,0.01593259414262045
test_12177,0.00021764549019230527
test_12178,0.04648830061300375
test_12179,1.3236494919858078e-06
test_12180,0.999811844064386
test_12181,0.9999998139544342
test_12182,0.9742395330702835
test_12183,0.9999556491484111
test_12184,2.427713411459094e-07
test_12185,0.9999998994646683
test_12186,0.9998484478085977
test_12187,1.4683511795564575e-06
test_12188,2.1301102426082046e-07
test_12189,0.02026646331374967
test_12190,0.9999996469705245
test_12191,0.9999980201884023
test_12192,4.798059773347399e-08
test_12193,6.840233741473961e-06
test_12194,0.0007341381253372408
test_12195,3.299244324969074e-05
test_12196,9.386098598094156e-05
test_12197,0.0003572058298478605
test_12198,0.011809321342522399
test_12199,0.000802743757732322
test_12200,0.998885217261764
test_12201,9.154672956501244e-08
test_12202,0.9984368656888081
test_12203,0.9998988689294734
test_12204,0.006805628373858784
test_12205,2.2306070331294704e-07
test_12206,4.1052556416383757e-07
test_12207,1.4071845926530226e-07
test_12208,0.9999998323822376
test_12209,0.9997790196956131
test_12210,5.85416080348842e-05
test_12211,6.924236552732453e-07
test_12212,0.9999997803067476
test_12213,2.3115571452757058e-07
test_12214,0.9999290590353086
test_12215,0.9999988088340694
test_12216,0.1558408834268284
test_12217,0.026529421735691824
test_12218,0.01285102614303132
test_12219,1.9242250791703311e-07
test_12220,0.00017661602409847847
test_12221,0.008126351865247773
test_12222,0.005319899701335338
test_12223,9.277668608998068e-08
test_12224,0.8394208308963869
test_12225,0.0002918662070394447
test_12226,2.2092249602763791e-07
test_12227,0.00826906775004189
test_12228,0.9999999114350658
test_12229,1.8461082646158138e-05
test_12230,0.06500819637934474
test_12231,5.144265534332287e-05
test_12232,1.1994798907674584e-07
test_12233,4.1443125415235085e-05
test_12234,0.9997958025232843
test_12235,0.0011953020504299819
test_12236,0.00025068205062656507
test_12237,0.9999991750869773
test_12238,0.9999927539740224
test_12239,0.9999996886391652
test_12240,4.593686233549218e-06
test_12241,0.0005988532611639274
test_12242,6.699812750387108e-07
test_12243,0.9992492878649153
test_12244,2.3386382185774506e-06
test_12245,0.0007103523550339067
test_12246,0.9999999056984832
test_12247,0.0019902791423426183
test_12248,2.2994182114089342e-07
test_12249,3.624623824801394e-07
test_12250,8.303369961290014e-06
test_12251,9.965814650499753e-08
test_12252,4.3701938847460585e-06
test_12253,0.9051349907361044
test_12254,0.9925935330991913
test_12255,6.704108271989445e-05
test_12256,3.385344745418966e-06
test_12257,0.016818708786508218
test_12258,4.470140739178759e-08
test_12259,0.9999959222395224
test_12260,0.999999865537787
test_12261,0.9999998701836252
test_12262,0.006264076459795545
test_12263,0.03837790004114106
test_12264,0.00028429675004960816
test_12265,0.00026873557880726946
test_12266,0.00251074132882347
test_12267,9.20923956593998e-06
test_12268,0.00017134628324286494
test_12269,0.999970976197106
test_12270,3.420239957149809e-05
test_12271,5.020619192408267e-05
test_12272,0.9999983660248335
test_12273,0.0033754348564727214
test_12274,0.9999955298438029
test_12275,4.4314683247495025e-08
test_12276,0.9784722996068221
test_12277,0.9921356283094331
test_12278,3.221228065948652e-07
test_12279,0.9989980263054158
test_12280,0.999355707653519
test_12281,4.991465912662149e-06
test_12282,4.747530749238057e-07
test_12283,0.9547734142247947
test_12284,4.04957257387863e-07
test_12285,0.00035693657133276433
test_12286,4.108478131360729e-05
test_12287,0.9999988888351355
test_12288,0.9999999417507196
test_12289,1.0710474188504857e-07
test_12290,7.836722465553455e-07
test_12291,0.9718884822330174
test_12292,0.9955382249801421
test_12293,0.9968488374734054
test_12294,0.0019548892687737867
test_12295,0.9999987044772523
test_12296,0.9999553115770117
test_12297,0.002789055585032036
test_12298,0.006304895597114161
test_12299,0.9883065006126548
test_12300,0.006370089460730773
test_12301,0.9999860462192736
test_12302,0.0441151954996585
test_12303,0.001093996181130719
test_12304,0.9998557895872413
test_12305,3.072705124980506e-05
test_12306,0.9765789834156287
test_12307,0.993258260070361
test_12308,0.04306928911645142
test_12309,0.9999370443144862
test_12310,2.966639461027257e-07
test_12311,0.9977781033123404
test_12312,0.9953717480165298
test_12313,0.0020440463974280808
test_12314,0.9990892786854488
test_12315,1.1160820489264394e-06
test_12316,2.574291376225181e-07
test_12317,4.649569182427765e-08
test_12318,1.239191729237245e-07
test_12319,0.9981348588875968
test_12320,0.9999903085852848
test_12321,0.9999998691505179
test_12322,2.736786161604788e-07
test_12323,1.3357971908827298e-06
test_12324,2.466069169359828e-07
test_12325,0.9613772463161756
test_12326,0.9999998389330196
test_12327,0.9995125358524299
test_12328,4.343561720263821e-08
test_12329,0.9609448650451853
test_12330,0.9998880936918798
test_12331,3.851566838058123e-07
test_12332,0.9999965783709298
test_12333,1.6344765781359004e-06
test_12334,1.0117477553771622e-07
test_12335,0.9999996898697965
test_12336,0.09138097145898001
test_12337,0.21892666541499559
test_12338,0.000691051995117356
test_12339,0.99944790350656
test_12340,0.8354352181531656
test_12341,4.909864618964751e-07
test_12342,6.056310714914216e-08
test_12343,8.768595093516286e-08
test_12344,0.97748241315245
test_12345,0.9994298976134672
test_12346,0.9999227702254786
test_12347,0.9997971892694185
test_12348,0.004542039324718265
test_12349,1.4763839356601764e-06
test_12350,1.6757745526715024e-05
test_12351,3.66497502922444e-05
test_12352,0.9996399707261897
test_12353,0.9999417587164585
test_12354,0.00047698103277345487
test_12355,8.055755632802525e-06
test_12356,0.030414302711553275
test_12357,0.9999994409474521
test_12358,1.3555962623693868e-06
test_12359,0.9999283098418417
test_12360,2.7651729511571214e-07
test_12361,0.9999993526917788
test_12362,0.9999868923976247
test_12363,2.3478569755032997e-07
test_12364,1.8796924631916397e-07
test_12365,0.999798783388894
test_12366,0.018501784004879958
test_12367,0.004027341530940067
test_12368,0.9999999480484809
test_12369,0.9997550563173847
test_12370,0.0002138765358009233
test_12371,0.9999990841911262
test_12372,0.9999969785078339
test_12373,0.9999923226878539
test_12374,5.988739152964975e-07
test_12375,0.9991454484109135
test_12376,4.711865618361227e-06
test_12377,8.554808462113022e-08
test_12378,6.493883971169125e-05
test_12379,1.9850759593851434e-07
test_12380,3.8393584767153953e-07
test_12381,0.0005220902683390008
test_12382,0.0011901364553682312
test_12383,1.1514663103095423e-06
test_12384,0.9977781022676016
test_12385,1.6587671177511327e-06
test_12386,0.9994666036336072
test_12387,0.9999999778760347
test_12388,0.00579874028297455
test_12389,0.0013185480833827442
test_12390,0.9973642882557224
test_12391,0.9999999431600012
test_12392,8.750421693870804e-06
test_12393,0.0008750686140446301
test_12394,0.39439742034179515
test_12395,0.9979296271493794
test_12396,0.917201189216156
test_12397,9.665640315630782e-05
test_12398,0.0007219584375661339
test_12399,2.9005065245417606e-07
test_12400,0.9999997982111745
test_12401,1.0035059859938786e-07
test_12402,0.009126016492831122
test_12403,0.9996904398548588
test_12404,7.748956979436325e-08
test_12405,1.752368299698251e-05
test_12406,0.9999761992930811
test_12407,0.9997739843080624
test_12408,0.9997108930800574
test_12409,0.958665297327522
test_12410,0.00033399839868780435
test_12411,0.9999973890476191
test_12412,0.999957135068044
test_12413,0.007051608235534666
test_12414,3.8754177353605084e-05
test_12415,0.97479143193606
test_12416,0.9998658084624777
test_12417,0.9996599299905363
test_12418,0.9999999415394133
test_12419,0.9976032555836586
test_12420,0.9999823204174839
test_12421,1.0110955375769019e-05
test_12422,0.9999999228673635
test_12423,0.000301752795977032
test_12424,0.0007450841429194006
test_12425,0.03557123239575168
test_12426,0.9985185704440174
test_12427,0.03020606864691046
test_12428,0.9972336322313404
test_12429,0.99314335015735
test_12430,0.9999980305968051
test_12431,0.9997480187743986
test_12432,0.9997606881511255
test_12433,0.043209893166292174
test_12434,0.9999998921885734
test_12435,1.1064656216411688e-06
test_12436,8.993341132020167e-07
test_12437,1.9542035340158086e-07
test_12438,0.013449957372922167
test_12439,0.0008396135000110526
test_12440,0.9374249981000253
test_12441,0.9999995337629719
test_12442,0.9999985292974005
test_12443,2.5660669017326013e-06
test_12444,0.001320657306235796
test_12445,0.9999989820078383
test_12446,0.010597028688365408
test_12447,9.63204575376235e-08
test_12448,1.1137328498788771e-07
test_12449,0.9999399224422203
test_12450,0.9999991770661696
test_12451,0.9999981915815194
test_12452,0.9938500316873495
test_12453,0.9999890148595696
test_12454,0.999892577554307
test_12455,7.500280250765628e-07
test_12456,1.6865375208620415e-06
test_12457,1.6592943078153538e-07
test_12458,0.9997599513908001
test_12459,0.9995739791162046
test_12460,2.572733216415933e-07
test_12461,0.9999999331215292
test_12462,0.011441195558219978
test_12463,0.00789967511350391
test_12464,0.000849688859685091
test_12465,0.9999853436409581
test_12466,4.4780419210477124e-07
test_12467,0.9999998581247819
test_12468,0.0037444524456062968
test_12469,4.782069755868608e-07
test_12470,0.9999998290505855
test_12471,0.8608864356605787
test_12472,3.3581906507727894e-07
test_12473,0.9996884411321032
test_12474,4.535369487347022e-06
test_12475,0.00020863566472768672
test_12476,0.9999998336491932
test_12477,4.749919575066203e-05
test_12478,0.9999954568808219
test_12479,4.10662244667219e-08
test_12480,1.5895822321200562e-07
test_12481,1.2789533690003647e-06
test_12482,0.9999997322268603
test_12483,8.836233946944889e-08
test_12484,0.9999996806444381
test_12485,6.854344285507593e-07
test_12486,1.0410050170106133e-06
test_12487,0.027484229760441074
test_12488,1.6584510138303825e-05
test_12489,0.9999999366203169
test_12490,0.0001089975661878321
test_12491,7.027128814956189e-05
test_12492,0.9847116711110182
test_12493,0.9999994850208976
test_12494,0.9996462988626176
test_12495,0.000867580663209586
test_12496,0.005845609015673646
test_12497,0.00041822463241396074
test_12498,0.7624202558818832
test_12499,0.9704491906898232
test_12500,0.9999945416331115
test_12501,0.9995446863619198
test_12502,0.00028202050093014276
test_12503,0.9999997222273952
test_12504,0.9997417518045271
test_12505,0.007069541419799618
test_12506,0.999998736160799
test_12507,0.93283927621788
test_12508,0.999915831704176
test_12509,2.2467237075413214e-08
test_12510,0.9996547390943443
test_12511,0.0004903810659052907
test_12512,9.694431694856872e-07
test_12513,0.0033268075544295593
test_12514,0.9999996106376594
test_12515,0.04413595693446254
test_12516,0.9999997861004029
test_12517,9.876704456086922e-08
test_12518,8.781042754107912e-08
test_12519,4.7623882691460856e-07
test_12520,3.951444685012457e-05
test_12521,9.78348988761758e-07
test_12522,8.676745745323963e-05
test_12523,2.549216613348678e-05
test_12524,0.9992967719473576
test_12525,2.4966612905030617e-05
test_12526,0.9999999316896058
test_12527,3.4047553886734594e-08
test_12528,7.180900013518226e-05
test_12529,4.465193960244497e-06
test_12530,0.999999576730328
test_12531,0.0013084973522268144
test_12532,0.0027114105721233557
test_12533,0.9996429744822195
test_12534,0.999999084626317
test_12535,0.9999641963251271
test_12536,2.765450404500275e-07
test_12537,0.9999991816057948
test_12538,0.9998551447928629
test_12539,4.540606160120028e-07
test_12540,0.16787845266708154
test_12541,0.03219380314237191
test_12542,1.2609729657582622e-07
test_12543,4.004546988489668e-07
test_12544,6.460647621454695e-07
test_12545,0.9999999331833995
test_12546,3.3769299557381073e-07
test_12547,1.2452391917710603e-05
test_12548,0.983497379086185
test_12549,0.9999990229554305
test_12550,0.9942306752510053
test_12551,0.0028017012357902547
test_12552,0.9999995933339774
test_12553,0.9999918096969619
test_12554,6.006832155909516e-06
test_12555,0.9999923181498911
test_12556,2.199454445969265e-07
test_12557,0.08236998908738884
test_12558,2.423391094014811e-07
test_12559,0.9988788115881744
test_12560,0.9999998041259099
test_12561,0.9999912801405776
test_12562,2.9383957424891338e-05
test_12563,0.9999999215938499
test_12564,0.00019929064577312597
test_12565,2.266956959211695e-05
test_12566,0.9999940203506813
test_12567,0.00011273099795081026
test_12568,0.005944117155833037
test_12569,0.9998560755161738
test_12570,0.9996578636194641
test_12571,7.827297589781197e-05
test_12572,0.9999994460347781
test_12573,2.845108450595891e-07
test_12574,0.0026213651660961434
test_12575,1.7012879772267453e-05
test_12576,0.1631411518540456
test_12577,2.876530580035252e-05
test_12578,5.2562648256344135e-05
test_12579,0.9999998480524674
test_12580,0.04147471576108375
test_12581,0.9984536101131343
test_12582,4.3555503076559285e-05
test_12583,0.9999986141369791
test_12584,0.9943954142334361
test_12585,0.9999997325329291
test_12586,2.206687479124068e-06
test_12587,0.036020514005998074
test_12588,6.406393001361592e-08
test_12589,1.852527444694934e-07
test_12590,0.9997318956075222
test_12591,0.9999752448917848
test_12592,0.0039369321288514805
test_12593,0.0008555177650839656
test_12594,0.9999933235705682
test_12595,0.9999993194176384
test_12596,2.829678728718286e-07
test_12597,0.9988714514079169
test_12598,9.930883607808317e-08
test_12599,2.274920152516128e-07
test_12600,0.9999997585374122
test_12601,0.9999994597830465
test_12602,8.69998442808783e-05
test_12603,0.9999998676989235
test_12604,3.415454870345883e-07
test_12605,0.007832593479737901
test_12606,0.9998997355073678
test_12607,2.3646881518165036e-07
test_12608,0.999927555591875
test_12609,0.9627417309056469
test_12610,6.413617868852702e-07
test_12611,0.00022918453254593406
test_12612,0.0005903191562719788
test_12613,0.9995069069365167
test_12614,0.9963895486109928
test_12615,0.9986563004826966
test_12616,1.7248082940108657e-07
test_12617,8.572112113063403e-05
test_12618,3.056287094952561e-07
test_12619,0.9972080285294288
test_12620,0.9989171171513231
test_12621,9.607363751680449e-07
test_12622,2.2272832912570382e-05
test_12623,0.9988366082945747
test_12624,0.9999962050782562
test_12625,2.4435909847436067e-08
test_12626,9.174988434650007e-05
test_12627,1.4742035470237377e-07
test_12628,2.935915349395741e-07
test_12629,0.9999999482813271
test_12630,0.00017428909608745947
test_12631,0.9999615199472255
test_12632,0.011882986649292632
test_12633,0.0013396371260379258
test_12634,8.167192478938307e-06
test_12635,3.48771383522122e-07
test_12636,0.9999997077403345
test_12637,0.6353865414952643
test_12638,0.0004610236775404826
test_12639,0.9996838521728262
test_12640,0.02825878965377387
test_12641,9.397878212676362e-05
test_12642,0.005883753832426308
test_12643,0.9999999207132583
test_12644,3.2934989623347406e-07
test_12645,0.9999998357221535
test_12646,0.9999895042689072
test_12647,0.0004722498590367463
test_12648,4.1223126029164055e-05
test_12649,4.771417762015398e-05
test_12650,0.999999622186988
test_12651,0.9999714151763439
test_12652,2.2701339976081317e-08
test_12653,0.9969994454056352
test_12654,8.620148703998851e-05
test_12655,0.9999998133743082
test_12656,0.9999994709477839
test_12657,0.9999803584715854
test_12658,0.9999955394126991
test_12659,8.247801547849484e-08
test_12660,0.008473711645630485
test_12661,0.9999947971112865
test_12662,0.996593567402558
test_12663,2.1794781659128407e-05
test_12664,0.004075146553292952
test_12665,0.9997324317626309
test_12666,0.0005712653664424201
test_12667,0.9999991965734487
test_12668,4.7553912188739495e-06
test_12669,7.318722726444755e-05
test_12670,0.9999997490830265
test_12671,0.9999997601003108
test_12672,0.0002891948840957949
test_12673,1.8344169937502829e-07
test_12674,0.9899681520767326
test_12675,0.00017764026316094674
test_12676,0.999999779842203
test_12677,0.9999984050724466
test_12678,0.0002285621073035822
test_12679,0.9973162898709457
test_12680,0.9964956266836823
test_12681,0.025225655012173154
test_12682,0.9903130476921151
test_12683,8.356771754546048e-08
test_12684,0.9999998574676466
test_12685,0.0031692437742890005
test_12686,0.999999244316047
test_12687,0.9999017812921406
test_12688,0.9996332294886994
test_12689,0.002431489598577812
test_12690,0.0003802926815866625
test_12691,0.9999997738852523
test_12692,0.9920472476518889
test_12693,0.9960592221507728
test_12694,4.4676197705882663e-07
test_12695,4.06544381703879e-05
test_12696,0.5475831677329103
test_12697,0.0017210000695652209
test_12698,0.998810329792308
test_12699,0.00044509509872131173
test_12700,1.6922039273963147e-06
test_12701,0.9935744661542754
test_12702,2.3257482024336216e-07
test_12703,1.4242814352208462e-06
test_12704,0.9999995202538329
test_12705,0.9999999497708937
test_12706,0.0002122480678569493
test_12707,0.9666106881398175
test_12708,0.9991946995130466
test_12709,0.9999908489491997
test_12710,5.745086605211359e-07
test_12711,0.9993926667924855
test_12712,0.999999947624855
test_12713,0.004215784560919479
test_12714,4.7128191836027757e-07
test_12715,0.0007534811236540813
test_12716,1.896424746053376e-07
test_12717,1.3070926151615336e-06
test_12718,1.7720270540307355e-06
test_12719,0.9620749896993834
test_12720,0.9999995560995435
test_12721,0.9999994488326978
test_12722,0.9994333462442658
test_12723,7.759782268777945e-07
test_12724,0.0001529460861311199
test_12725,0.999959535100307
test_12726,0.999995742293508
test_12727,0.0014916062701433729
test_12728,0.9626027655791844
test_12729,0.9972378926118507
test_12730,1.1367884581057096e-07
test_12731,0.9999690581212035
test_12732,1.2434326757239137e-05
test_12733,0.9997398803298139
test_12734,0.9999984591534062
test_12735,0.9999991981470132
test_12736,0.9967289220707989
test_12737,0.9994298423895368
test_12738,0.00028545419844437956
test_12739,0.9999997748871903
test_12740,0.0001929443649695385
test_12741,6.729709693695176e-07
test_12742,1.748942011259188e-05
test_12743,2.2737394253891768e-07
test_12744,3.057009519855938e-07
test_12745,0.011617666770174924
test_12746,0.9922344716027477
test_12747,0.9999989107433253
test_12748,0.02398938410454109
test_12749,0.000544228124953274
test_12750,8.659836976117349e-05
test_12751,1.0774329252536597e-07
test_12752,0.9999375512343912
test_12753,4.66594815259214e-07
test_12754,2.008965740990549e-07
test_12755,0.9999984298315799
test_12756,0.9999975464507854
test_12757,0.9472664549564425
test_12758,2.9356858034562225e-06
test_12759,1.3288835318746772e-07
test_12760,0.9991701810447893
test_12761,0.999246558666567
test_12762,3.268700127452479e-07
test_12763,0.11907967516881744
test_12764,1.772277089082974e-05
test_12765,0.999999381633319
test_12766,0.002547687851770954
test_12767,2.690215289875439e-07
test_12768,0.9999999291197715
test_12769,0.9995502742045407
test_12770,5.241334369512762e-08
test_12771,0.0009260794322620878
test_12772,0.0006548980595411462
test_12773,0.9999999413838648
test_12774,0.0007510996773261219
test_12775,0.999999933378249
test_12776,2.8807415083247996e-05
test_12777,2.1383567505189323e-07
test_12778,0.9999996703633532
test_12779,2.444175026795108e-07
test_12780,0.9999948639367383
test_12781,0.999711865971477
test_12782,5.0216881613861926e-05
test_12783,0.9999999028837131
test_12784,0.31938081669643636
test_12785,0.9998909842112995
test_12786,0.005266262284684823
test_12787,0.999810295988102
test_12788,6.591258725040756e-07
test_12789,0.9982552492002571
test_12790,3.111706852211645e-07
test_12791,1.494913474655996e-06
test_12792,4.6453948880598684e-07
test_12793,0.9999992441558763
test_12794,0.04514929317228526
test_12795,0.9999208796583489
test_12796,0.998331059282262
test_12797,0.9997204041712465
test_12798,0.9963818353215484
test_12799,0.00012266888888958662
test_12800,0.7451515386772508
test_12801,3.1698813116673894e-07
test_12802,1.5363305202637233e-06
test_12803,0.9999789499164382
test_12804,0.99999992144904
test_12805,4.628726018829725e-07
test_12806,7.541089670334109e-07
test_12807,0.9999997603077878
test_12808,3.807480884729675e-07
test_12809,0.9999735825913636
test_12810,6.48477978538427e-08
test_12811,0.00014608818431885985
test_12812,0.9999993518943092
test_12813,0.9958100356973453
test_12814,0.00775943873788116
test_12815,0.0003073396948373178
test_12816,2.909228538711066e-06
test_12817,0.00017264605027911322
test_12818,3.958142542303028e-06
test_12819,7.450807848562004e-08
test_12820,0.9999919193418896
test_12821,0.0009522977273149983
test_12822,0.9986600153192933
test_12823,0.9999997797210146
test_12824,0.006862727521327543
test_12825,5.776182952461187e-05
test_12826,0.00027800413216978097
test_12827,0.003791242983201798
test_12828,0.12865769537059552
test_12829,0.995830462001353
test_12830,9.676149339696574e-05
test_12831,0.0005515494489915733
test_12832,0.9999998873162015
test_12833,5.227214941219289e-08
test_12834,0.999999959495319
test_12835,0.9999997000646366
test_12836,0.9965278843883936
test_12837,0.9999997038005124
test_12838,0.9999997473995071
test_12839,1.5893862140281145e-05
test_12840,2.9417030313631267e-05
test_12841,0.002424875820226534
test_12842,8.014100388178568e-08
test_12843,0.9999999410317758
test_12844,0.9999987277541255
test_12845,0.00021439427153538087
test_12846,2.2724632353258602e-07
test_12847,0.9976700412536155
test_12848,0.9997759071095447
test_12849,3.343261142304154e-07
test_12850,0.9999283253829483
test_12851,3.904162761268305e-05
test_12852,8.946681304510683e-05
test_12853,0.9630210496970677
test_12854,0.0016593943767943204
test_12855,9.800484803396525e-05
test_12856,0.9999169548166725
test_12857,0.9999993080834662
test_12858,6.483321255140189e-08
test_12859,0.9999926041236427
test_12860,0.9999997519462889
test_12861,0.00034223155773727403
test_12862,6.688076001770933e-07
test_12863,0.00033663780219075494
test_12864,2.367668693323402e-08
test_12865,0.999843116512422
test_12866,0.37892134049551596
test_12867,0.9999996474823233
test_12868,0.9944878757598764
test_12869,3.858013044901784e-07
test_12870,0.9999558493204382
test_12871,0.6082001412799077
test_12872,0.999976049725571
test_12873,0.9999009286795413
test_12874,0.9999999159285549
test_12875,0.0011373428844799758
test_12876,2.4523249486286827e-08
test_12877,0.0014932000091575544
test_12878,0.9999971665727082
test_12879,0.9999999182427255
test_12880,0.0008191290039630493
test_12881,9.553789934834026e-09
test_12882,0.9998786454435797
test_12883,2.155925678727417e-06
test_12884,4.164963898452459e-05
test_12885,1.9228142558244228e-05
test_12886,0.319519073282669
test_12887,0.003970387521849989
test_12888,0.005965832364628687
test_12889,9.617042650445007e-08
test_12890,0.9999918311428334
test_12891,2.684476189595241e-07
test_12892,1.7898603714247486e-06
test_12893,0.9999996139777645
test_12894,4.5642148511699404e-07
test_12895,0.9999974581295302
test_12896,0.9972696644663759
test_12897,0.9999971126311988
test_12898,0.4474222243455574
test_12899,2.279019295450444e-05
test_12900,0.9999972785787964
test_12901,0.998704019604225
test_12902,0.9999886611313813
test_12903,0.003813618765085592
test_12904,0.9968298479763755
test_12905,0.9999569226399032
test_12906,3.369412456907385e-07
test_12907,1.3370722852710371e-05
test_12908,0.9997776925003946
test_12909,0.9999996025912684
test_12910,7.518676268967031e-07
test_12911,0.9999998371497697
test_12912,0.9996944149173118
test_12913,0.0004235630809783027
test_12914,1.6738162343006774e-07
test_12915,0.9981260648675472
test_12916,0.9999794196571656
test_12917,0.9999506183668818
test_12918,0.025142148594995424
test_12919,0.9996444662270922
test_12920,0.9999883788593059
test_12921,9.642365594507038e-05
test_12922,2.1124531099754125e-07
test_12923,0.9999962680047828
test_12924,0.999999766940363
test_12925,0.9954541628663175
test_12926,0.9988522012251102
test_12927,1.4346909683946715e-05
test_12928,0.0005215882577860805
test_12929,0.9988743258310305
test_12930,0.9999998843375888
test_12931,0.00023312012214296747
test_12932,4.0174971727295294e-05
test_12933,0.9997695327925409
test_12934,0.9965840960176973
test_12935,1.2487690321562542e-06
test_12936,0.9776609399290048
test_12937,0.9931934447702978
test_12938,5.61772935013341e-05
test_12939,0.9999955332157924
test_12940,0.9999666040302406
test_12941,0.00985202111499442
test_12942,0.005010123718162362
test_12943,1.1270068768718151e-06
test_12944,0.9999997306637084
test_12945,1.0944049450187689e-05
test_12946,0.9999997241487099
test_12947,0.9999988924048682
test_12948,2.875555830866508e-07
test_12949,4.691717489678096e-08
test_12950,0.9570444104485336
test_12951,0.0022865450926298383
test_12952,0.9998936323178889
test_12953,0.999718092375008
test_12954,2.845907448007752e-07
test_12955,3.6727906447348428e-06
test_12956,0.9659774571758627
test_12957,0.9921313301144608
test_12958,0.000164891488309337
test_12959,0.077272949063649
test_12960,0.9999979109955205
test_12961,6.634494993540801e-07
test_12962,0.0010832779765348349
test_12963,0.9999124768105465
test_12964,0.0012613102778350367
test_12965,0.9958070690387832
test_12966,0.9962412130469093
test_12967,4.661566805652278e-07
test_12968,0.006181934009350552
test_12969,0.9945385133778614
test_12970,0.9356335387304483
test_12971,5.4731605639711244e-08
test_12972,0.002219151450723573
test_12973,1.0757168747982658e-07
test_12974,0.010601980856994628
test_12975,0.00014675796575542945
test_12976,8.834411845299882e-08
test_12977,2.2290236452571625e-05
test_12978,0.9724716732162717
test_12979,8.066284117358266e-05
test_12980,3.788193811151295e-07
test_12981,0.9999250971832689
test_12982,0.9999921189845214
test_12983,0.0011482894459769021
test_12984,0.40429820012050377
test_12985,0.9700919166044076
test_12986,0.9998371920551464
test_12987,0.9999998136223803
test_12988,0.00021398399274689129
test_12989,0.995620284361321
test_12990,0.999999863519422
test_12991,0.00045668405835929673
test_12992,0.0005597785325010806
test_12993,0.99999959435109
test_12994,0.006842329214494646
test_12995,0.053269229024060116
test_12996,0.9999992609898553
test_12997,1.6881421815018973e-05
test_12998,0.9999997593417906
test_12999,0.9959848504885581
test_13000,0.01647090283676382
test_13001,0.9999999457181133
test_13002,0.0006705348008806797
test_13003,0.9999999207020897
test_13004,0.0016387135481725297
test_13005,0.9782098792347932
test_13006,3.386601893915341e-06
test_13007,3.182645702956013e-05
test_13008,0.00044693712840707155
test_13009,0.9999993743158495
test_13010,2.8088918073594752e-06
test_13011,0.00802629629081893
test_13012,0.00036870225703306307
test_13013,0.9999999349310398
test_13014,6.907379999342709e-05
test_13015,0.9999999507107338
test_13016,1.4660124476404525e-07
test_13017,0.9990674841235483
test_13018,7.109570770957096e-08
test_13019,0.9929449196973532
test_13020,2.8705465662979247e-07
test_13021,0.003274375834330641
test_13022,0.0008305516874994787
test_13023,0.27777971860523926
test_13024,0.9999998902207631
test_13025,0.9999974110168395
test_13026,0.9999162363031374
test_13027,0.9999983077532819
test_13028,0.00019678614129244252
test_13029,0.9999284951013597
test_13030,0.0037433612415453186
test_13031,0.9979036479231719
test_13032,0.9981665000937253
test_13033,1.3649199823418192e-07
test_13034,0.999724907615364
test_13035,0.0009329799924427669
test_13036,0.09755847647397958
test_13037,0.9998657739730579
test_13038,0.9999914322610851
test_13039,0.9998418455077716
test_13040,0.99999977234965
test_13041,0.9990836162962653
test_13042,0.9998383686314554
test_13043,0.996598546635758
test_13044,0.9999998701936879
test_13045,9.454667112207514e-06
test_13046,0.997922414872094
test_13047,9.517813020341573e-08
test_13048,0.0008691289161125467
test_13049,0.9925708807658643
test_13050,8.011499792630226e-08
test_13051,1.0680510604726271e-06
test_13052,0.9991758963193685
test_13053,0.9999604894301501
test_13054,0.0001070894992595665
test_13055,5.147460538799373e-05
test_13056,0.9999937278747212
test_13057,1.6194768538164734e-06
test_13058,0.00018349968772871837
test_13059,0.9999996535564882
test_13060,0.9999978958886493
test_13061,0.9999872344349611
test_13062,0.9999931539284209
test_13063,0.0013462044597473152
test_13064,6.911601116542807e-08
test_13065,0.9999225941531068
test_13066,0.9972300846010056
test_13067,0.013704601056995886
test_13068,0.9671299534760136
test_13069,0.9999999708032399
test_13070,0.9963013415056852
test_13071,7.853174114852199e-07
test_13072,0.0009875077932138482
test_13073,0.9975875162111559
test_13074,0.9999961799600148
test_13075,0.9951143466717179
test_13076,0.0003075521552022453
test_13077,0.018104204129921465
test_13078,0.9999992832609531
test_13079,0.9998014214131619
test_13080,7.705043658374067e-05
test_13081,0.0006184330265860345
test_13082,0.9641570084943655
test_13083,0.9907610032105107
test_13084,0.9998961282541842
test_13085,0.9999999814474009
test_13086,0.9999993648443668
test_13087,3.3176775247919736e-07
test_13088,0.9999932865967688
test_13089,0.0036009543069991
test_13090,6.199377753411349e-07
test_13091,3.1860840228472097e-06
test_13092,0.9999997086800783
test_13093,4.862373305673241e-06
test_13094,0.9953847464307474
test_13095,0.9878876622317143
test_13096,4.586412292361309e-08
test_13097,0.0002067256118982733
test_13098,1.3453692771666815e-07
test_13099,1.7355148384017615e-06
test_13100,0.021701436129999883
test_13101,0.0001859454950115493
test_13102,4.605381873174226e-05
test_13103,4.100193515763012e-07
test_13104,2.4074850920822185e-07
test_13105,0.9999981256007255
test_13106,0.9990676196008671
test_13107,0.9994970246779807
test_13108,0.9999998510725852
test_13109,9.294367137254466e-07
test_13110,0.9999999780427591
test_13111,0.9991815261393249
test_13112,0.9869953022078359
test_13113,0.0012711408439799192
test_13114,0.002665730671270242
test_13115,0.9786107347355625
test_13116,0.9929745544572962
test_13117,7.70147469713915e-05
test_13118,0.013594583745976352
test_13119,4.446432857003769e-07
test_13120,5.874766627657822e-07
test_13121,9.055887995737369e-07
test_13122,1.0664488349254513e-07
test_13123,3.5064959543890864e-07
test_13124,0.9998273461756204
test_13125,0.9999887677226011
test_13126,0.003520740543353838
test_13127,0.9999827290815081
test_13128,0.9831120942687902
test_13129,9.61724670956752e-06
test_13130,0.9978968034854178
test_13131,0.00038099619705197373
test_13132,0.9986785727075587
test_13133,8.333766806248843e-08
test_13134,2.7076847805746146e-06
test_13135,2.6840902878331466e-07
test_13136,6.0802964303904304e-05
test_13137,0.9996937940029934
test_13138,0.99996450205854
test_13139,0.022134899937653725
test_13140,0.004204563377131623
test_13141,0.999999950835208
test_13142,2.0141126518040272e-05
test_13143,0.9999996205089353
test_13144,2.8907646228231234e-06
test_13145,0.008759314865480563
test_13146,0.9999930788870341
test_13147,0.9999811389496656
test_13148,1.4920108618959642e-07
test_13149,6.388373522810472e-07
test_13150,6.466899004189606e-07
test_13151,0.9999995086398977
test_13152,2.202454418598017e-07
test_13153,0.9999996830294008
test_13154,0.020641485194506953
test_13155,0.9999917594712692
test_13156,3.2989946588596234e-07
test_13157,0.9990832106842042
test_13158,0.9991239982403236
test_13159,0.993223534916408
test_13160,0.23434168827317875
test_13161,0.0010476478289695801
test_13162,0.9999955429619706
test_13163,0.9999998412055179
test_13164,1.246958347179826e-06
test_13165,0.05078372295431709
test_13166,0.00021100232699084847
test_13167,0.00020871655863089036
test_13168,3.720585758086544e-06
test_13169,7.327742811148624e-07
test_13170,1.1169486285690119e-05
test_13171,0.007152981459829458
test_13172,0.9999335186185007
test_13173,1.394663371396262e-05
test_13174,0.9999909239204495
test_13175,9.468734027138431e-08
test_13176,0.014370043853571917
test_13177,0.0005143854580023662
test_13178,0.0001758231056645679
test_13179,5.165882306342703e-07
test_13180,0.9985826470418708
test_13181,1.2437809601000179e-06
test_13182,0.9981138851929663
test_13183,0.9999471781545105
test_13184,1.2795129771132408e-07
test_13185,0.999973357212639
test_13186,0.9993627622558644
test_13187,0.9960010303408814
test_13188,1.5553854647744936e-07
test_13189,0.04366264727026152
test_13190,2.116491462390561e-07
test_13191,1.8617173036936085e-07
test_13192,0.999999888133226
test_13193,0.002651191328890884
test_13194,0.9999783027368783
test_13195,2.83869288933789e-06
test_13196,0.9999921707746972
test_13197,5.207356066571421e-07
test_13198,0.002036129893129025
test_13199,0.9996579970723004
test_13200,0.024656807264127525
test_13201,1.2235975847210026e-07
test_13202,0.9598978689398295
test_13203,0.9999999712033624
test_13204,0.06167123212639759
test_13205,0.0006558425140435194
test_13206,4.502471784868228e-05
test_13207,0.9994642734115587
test_13208,0.019870200310182325
test_13209,0.00020300173458489467
test_13210,0.9999740545667736
test_13211,0.9931551194284035
test_13212,0.9999998409891591
test_13213,7.441133655826084e-07
test_13214,3.8733522045137385e-07
test_13215,2.7246230207863958e-05
test_13216,0.999999856885766
test_13217,0.9999994326696114
test_13218,0.9999931862243135
test_13219,0.003275098274917657
test_13220,0.9999470613434108
test_13221,3.56283807080471e-05
test_13222,0.9999841588972963
test_13223,6.968610235410138e-06
test_13224,0.9999996277136636
test_13225,1.6010629785547985e-06
test_13226,0.9999998412647183
test_13227,0.9999997303639497
test_13228,0.0004616078626730885
test_13229,5.377273851965453e-08
test_13230,5.367034110491207e-07
test_13231,0.9999980096999539
test_13232,0.9999990106837549
test_13233,4.297978398420234e-08
test_13234,0.9999998431043373
test_13235,0.00010091839086700282
test_13236,3.5732006448175983e-07
test_13237,3.7035935040084136e-07
test_13238,0.9999647523406556
test_13239,0.9999952120316891
test_13240,7.724508563804482e-05
test_13241,4.390893596779373e-07
test_13242,4.065516384971586e-07
test_13243,0.9999852588152542
test_13244,0.9999494037463562
test_13245,0.05250489974976443
test_13246,0.9982267739689134
test_13247,0.9999994496218259
test_13248,0.9979808603024527
test_13249,0.0002156636983575406
test_13250,0.9944596409900666
test_13251,5.068078136643035e-06
test_13252,1.3492608503599208e-06
test_13253,0.00017472273380098833
test_13254,0.0014513993380777207
test_13255,0.9996421551416802
test_13256,3.203943589125386e-05
test_13257,2.600393567018085e-07
test_13258,0.9996102847572271
test_13259,0.9999990533847264
test_13260,0.0003888118004295287
test_13261,4.478921230122691e-08
test_13262,2.706573791265288e-07
test_13263,0.000740259080005582
test_13264,0.9793450016547849
test_13265,0.9999992347345162
test_13266,0.9976249888151086
test_13267,0.9610313061507693
test_13268,0.00010727067857064306
test_13269,7.396432366865958e-06
test_13270,1.9031313813561332e-06
test_13271,0.01411077579414834
test_13272,0.00025400098385021516
test_13273,0.9979287239226385
test_13274,6.374119607989451e-05
test_13275,4.355566485576053e-06
test_13276,6.449525119731113e-07
test_13277,9.529460049818566e-06
test_13278,0.004215375591133493
test_13279,0.0005884902444525192
test_13280,0.0018310870194330597
test_13281,0.9999830892314706
test_13282,4.869378051204689e-08
test_13283,0.9943596745081598
test_13284,0.9980561837541568
test_13285,3.4259975383223976e-08
test_13286,0.9999986696970087
test_13287,2.1522166013633377e-05
test_13288,0.9999999053465917
test_13289,5.56315256672203e-05
test_13290,0.9999980389204797
test_13291,0.9999999772089886
test_13292,0.9999731068533195
test_13293,0.9999276105272025
test_13294,0.01606903275822926
test_13295,0.9999998392339134
test_13296,0.9999992416280183
test_13297,4.6368388926302216e-07
test_13298,0.999999676540106
test_13299,0.9999998559886577
test_13300,0.23410022325617216
test_13301,0.9612725908567202
test_13302,0.999999359031618
test_13303,3.047396878283556e-07
test_13304,0.999999666097531
test_13305,0.0439518612390334
test_13306,7.64671386416668e-05
test_13307,2.4643600346633455e-07
test_13308,0.9999467167586633
test_13309,0.9967134542623338
test_13310,0.9999913988074677
test_13311,0.9989812765948035
test_13312,0.002599108716021546
test_13313,0.9986946074878709
test_13314,0.9999780633790087
test_13315,0.9999999286769425
test_13316,1.42112161672609e-07
test_13317,0.9999995476736897
test_13318,4.809658147383084e-07
test_13319,0.99999810155563
test_13320,5.9066601302934365e-05
test_13321,0.9997689035773833
test_13322,8.439182879403136e-05
test_13323,0.9994355399724367
test_13324,3.065681209065705e-05
test_13325,4.9751632946270655e-08
test_13326,0.028490080260013984
test_13327,0.9999999424091988
test_13328,7.154566137499018e-08
test_13329,0.0001198292046994386
test_13330,6.174028813451334e-07
test_13331,0.002495312712690712
test_13332,1.112770505969001e-05
test_13333,0.9999994547352307
test_13334,3.6490703791447223e-07
test_13335,3.289372407580135e-07
test_13336,0.0007524462358690627
test_13337,0.9973300468911841
test_13338,0.00011004026507748238
test_13339,0.9850548606165416
test_13340,1.1396897870928392e-07
test_13341,0.9999986212722234
test_13342,1.30288439978159e-06
test_13343,0.9955987434713789
test_13344,0.9999999553363725
test_13345,0.9999746728478087
test_13346,0.9339254369809118
test_13347,0.0002826149995979086
test_13348,6.2113391084751e-07
test_13349,5.680047877644741e-07
test_13350,2.8402797587938352e-06
test_13351,0.9999998653594678
test_13352,2.5166387283791e-07
test_13353,2.2475325845373163e-07
test_13354,0.9999991970616883
test_13355,0.001530204784058374
test_13356,0.998884036726664
test_13357,0.00010490156949302299
test_13358,0.9999996889157972
test_13359,0.9996243962702072
test_13360,0.9999999056326911
test_13361,3.2573432794434567e-07
test_13362,0.9999998948471251
test_13363,1.6637136899502978e-06
test_13364,0.9999984156576048
test_13365,0.9998039692105182
test_13366,0.9999998272050296
test_13367,0.9999995137564914
test_13368,0.9999996656866098
test_13369,0.03913226500471506
test_13370,0.9983533833189934
test_13371,0.9999994711436982
test_13372,0.9999999535219016
test_13373,0.9959244188947984
test_13374,0.9974829494027447
test_13375,0.999999819164929
test_13376,0.9999759885165463
test_13377,0.9999991367225148
test_13378,2.3737894413482452e-07
test_13379,5.906867269640038e-07
test_13380,0.9670028059149887
test_13381,0.0008967102925932932
test_13382,0.9999998937279824
test_13383,0.9999999128198984
test_13384,0.9999996985519777
test_13385,0.9991963960336252
test_13386,5.235689079046302e-07
test_13387,2.5391025362889992e-05
test_13388,8.281974398887924e-07
test_13389,3.4948136276411583e-07
test_13390,0.00014510325271791793
test_13391,0.9996712722233008
test_13392,8.710842704221899e-05
test_13393,0.9999850055601334
test_13394,0.999613364696491
test_13395,0.9999502016066404
test_13396,0.9999995792648855
test_13397,0.8322294679977218
test_13398,0.16522983290182972
test_13399,0.999986520712857
test_13400,0.9999998572025413
test_13401,0.028708087205712232
test_13402,0.9999698484962796
test_13403,0.9999053675543074
test_13404,0.9999991557676355
test_13405,0.9999997641303101
test_13406,0.9963181544120239
test_13407,2.4069222343726238e-05
test_13408,7.330762178341418e-05
test_13409,0.9896379169376239
test_13410,0.0008319958691614769
test_13411,0.9999993221272258
test_13412,0.9997708978688646
test_13413,0.029905161907038347
test_13414,0.0003019123240409251
test_13415,0.9998396318474634
test_13416,0.9999999351166464
test_13417,0.0018027836475091453
test_13418,6.956151360070412e-07
test_13419,0.9811684182503888
test_13420,0.9999998543073035
test_13421,1.485860795374465e-07
test_13422,8.963721992913404e-05
test_13423,1.614129849229504e-05
test_13424,0.9999958873088766
test_13425,8.590099100943094e-05
test_13426,0.0021124074543060183
test_13427,0.9999918515062409
test_13428,0.9999998388715172
test_13429,0.9999000697520998
test_13430,8.7895165116367e-05
test_13431,0.9999999361512039
test_13432,7.36654342653872e-05
test_13433,7.053402827198531e-05
test_13434,0.9999815540727397
test_13435,0.013560901214082653
test_13436,0.00044062757384469894
test_13437,3.735468955611028e-07
test_13438,0.999587311507627
test_13439,0.9999850481371299
test_13440,0.9993035943227937
test_13441,0.9997033388506408
test_13442,0.9999562323069581
test_13443,0.32178070044717094
test_13444,0.9999998567552694
test_13445,0.9999999273780513
test_13446,3.755062455645198e-07
test_13447,0.0009612295992906007
test_13448,7.632428561948491e-05
test_13449,4.5597149464102934e-07
test_13450,0.9801930522027
test_13451,0.014168860138072115
test_13452,0.9999987902937727
test_13453,0.9980183765709513
test_13454,1.1803721753323529e-07
test_13455,2.8213182918972184e-07
test_13456,0.9995006416985547
test_13457,0.909652040355752
test_13458,0.9923552025099276
test_13459,0.9999988526576827
test_13460,0.0016091431009339406
test_13461,9.632844743484706e-08
test_13462,0.999999649408447
test_13463,4.661167671423441e-07
test_13464,5.978632408537792e-08
test_13465,0.044113778149105554
test_13466,0.9999993498619656
test_13467,1.213572724275788e-05
test_13468,0.0011860946604794545
test_13469,0.9996457747196429
test_13470,0.0033758122477227062
test_13471,0.9999999639571522
test_13472,0.9999792773089807
test_13473,0.9999988744549347
test_13474,0.9635544600194478
test_13475,0.9999999375959073
test_13476,0.0076889707736968495
test_13477,0.9810727480411074
test_13478,0.9986402743464632
test_13479,0.997345403073644
test_13480,0.9998641007817586
test_13481,0.999999243735995
test_13482,0.0005656343794489574
test_13483,0.995843479001359
test_13484,4.503350882706328e-06
test_13485,0.9999940853027761
test_13486,0.03217197002795105
test_13487,0.02020616238224416
test_13488,0.0010155884589242244
test_13489,0.9999999035633143
test_13490,4.6963670109561627e-07
test_13491,0.0030088044040699445
test_13492,0.9999999639782322
test_13493,0.9999999466673104
test_13494,6.250401350784242e-08
test_13495,2.305973964032205e-05
test_13496,0.9999992538383736
test_13497,0.0006506919016655067
test_13498,0.7273524357366518
test_13499,0.009257634357448143
test_13500,0.9997556081481779
test_13501,1.3227013682718582e-07
test_13502,2.6754375644655662e-05
test_13503,0.00029630800330042814
test_13504,7.181133854572308e-08
test_13505,1.1331859987566214e-07
test_13506,0.01808352963061092
test_13507,1.3156606376330357e-07
test_13508,0.9999996858594434
test_13509,6.249787880429266e-05
test_13510,0.03344814926578128
test_13511,0.9958159718544303
test_13512,0.996994904361614
test_13513,0.0011120485538878917
test_13514,0.0002868604706594754
test_13515,2.580850533985084e-07
test_13516,3.4545742427520995e-06
test_13517,0.005038534128933737
test_13518,6.435692888491902e-06
test_13519,0.0006447589106020705
test_13520,0.00027151117921396934
test_13521,0.9999995922307887
test_13522,6.934966750464004e-05
test_13523,0.999556773644355
test_13524,0.9958541100241938
test_13525,0.999882764352433
test_13526,3.977236738049699e-05
test_13527,0.9983929518421043
test_13528,0.9999788065368674
test_13529,0.9999995361760352
test_13530,0.999999934230852
test_13531,3.247580768582206e-07
test_13532,0.0004261065076396252
test_13533,0.998467122325604
test_13534,0.00012256077113333106
test_13535,0.9999993856188243
test_13536,4.425328558857865e-05
test_13537,7.491847014162358e-06
test_13538,2.5043034650615665e-07
test_13539,0.0032116189274699353
test_13540,0.9999995486955157
test_13541,0.9998808534356184
test_13542,6.570101713023743e-05
test_13543,1.2567194393241518e-05
test_13544,0.9999992822651129
test_13545,0.9993921182201551
test_13546,0.9999997671907432
test_13547,1.79583785382975e-07
test_13548,0.9999267434597483
test_13549,0.19534879495342378
test_13550,3.2824408156921407e-06
test_13551,0.9999906785469463
test_13552,1.5891891238571026e-05
test_13553,0.9965957276323651
test_13554,0.9947263769749649
test_13555,2.1584549452271052e-07
test_13556,0.8256736105851923
test_13557,0.9999998590775886
test_13558,2.456073908138762e-07
test_13559,0.00048223227462875753
test_13560,9.34890770384554e-07
test_13561,1.3765054451500184e-07
test_13562,0.013949450047270022
test_13563,0.9999987855859516
test_13564,0.999996917633694
test_13565,0.9999999308901862
test_13566,0.9999309471470607
test_13567,0.9999999817499948
test_13568,0.9962256343963433
test_13569,0.9999995112151632
test_13570,0.9846892664175868
test_13571,0.0009196217788488321
test_13572,0.9999989065697169
test_13573,0.9995421133408431
test_13574,0.0027554573333332783
test_13575,0.9999997504262345
test_13576,1.0670271624782792e-06
test_13577,0.013397805022838149
test_13578,0.9999935940462379
test_13579,0.0017692243736324976
test_13580,1.5997951290833866e-07
test_13581,0.9999987874776428
test_13582,0.9999938931127706
test_13583,3.8230282984150735e-07
test_13584,0.9999999739573215
test_13585,0.9999999008735024
test_13586,0.9998135296393521
test_13587,0.00035617540148899876
test_13588,0.9999990492866392
test_13589,0.9998911490240511
test_13590,0.0003697238887327534
test_13591,0.0010201698486744398
test_13592,0.7900693498124224
test_13593,0.9999998134254611
test_13594,0.0007036049179475268
test_13595,6.411374308891541e-07
test_13596,7.55178264471666e-08
test_13597,0.00046493753005273327
test_13598,6.786462556792558e-07
test_13599,0.9999892253306298
test_13600,7.485944970613706e-07
test_13601,0.9998940073238239
test_13602,0.9995696934352828
test_13603,0.999999812375865
test_13604,0.9999984805641798
test_13605,2.184005839341525e-06
test_13606,0.9995492365137983
test_13607,1.4541975382618303e-06
test_13608,2.381655565172307e-07
test_13609,0.999999893253445
test_13610,0.9991343101940826
test_13611,0.9998037908895477
test_13612,0.9994803484525794
test_13613,0.9988924240334783
test_13614,0.9999964436991305
test_13615,0.9105320437433502
test_13616,1.8423953753715504e-06
test_13617,0.9846616258583895
test_13618,7.660186541232438e-05
test_13619,0.9999924878665144
test_13620,0.022465040630870726
test_13621,0.9998268416423124
test_13622,0.9999999557121064
test_13623,1.570132820301325e-05
test_13624,3.0719253192850714e-05
test_13625,0.9909127342077039
test_13626,7.017241848460624e-07
test_13627,9.570054403376025e-08
test_13628,0.9759972351047765
test_13629,7.545116100581171e-07
test_13630,1.2286813685128318e-07
test_13631,0.005206185251684079
test_13632,0.9984726243747618
test_13633,0.015113597980503695
test_13634,0.9971169204017862
test_13635,0.9984329991438033
test_13636,0.9999705621519507
test_13637,0.9999658237996181
test_13638,0.9998718905288524
test_13639,0.9984376480671211
test_13640,0.07525588134473936
test_13641,0.9992575446958576
test_13642,1.86626301112777e-06
test_13643,6.868555381287186e-05
test_13644,8.149965521528672e-07
test_13645,0.9999999442953493
test_13646,0.99999974270082
test_13647,0.9999909135925085
test_13648,0.04801656316289678
test_13649,2.4571720747409647e-05
test_13650,8.709155918149551e-08
test_13651,0.00484356754319024
test_13652,0.0010292868496904447
test_13653,0.9501469494569998
test_13654,3.875881303984894e-07
test_13655,3.307948239956827e-06
test_13656,0.01134760957624607
test_13657,0.04837844241248489
test_13658,0.9952212177368189
test_13659,0.9996692476641414
test_13660,0.00025595692242542955
test_13661,0.022034360051996445
test_13662,0.96072502097936
test_13663,6.690080002138988e-07
test_13664,0.9999857548266913
test_13665,3.827236697601597e-07
test_13666,0.9999979600743996
test_13667,5.286147577868398e-07
test_13668,1.8435835753610445e-07
test_13669,0.9936226794129065
test_13670,0.0007695957567072571
test_13671,4.056456053549456e-06
test_13672,2.2615190265347196e-07
test_13673,2.460684716903553e-07
test_13674,0.9999589370126919
test_13675,0.023710995461586202
test_13676,0.951958579211302
test_13677,1.6511933279748993e-06
test_13678,6.97427095720563e-08
test_13679,9.569087398542802e-06
test_13680,0.004212311587262097
test_13681,0.9999334545773508
test_13682,0.9998065151841381
test_13683,0.9999999460845841
test_13684,8.437441228471871e-05
test_13685,0.9899989728001314
test_13686,3.369566836375739e-07
test_13687,0.999996114615863
test_13688,0.9997329715485003
test_13689,0.9995148312214399
test_13690,0.011104308188262035
test_13691,0.999999428023085
test_13692,2.7064295491802177e-06
test_13693,0.0001950901390105495
test_13694,0.00036993476699422306
test_13695,0.9986212759741419
test_13696,0.996969524665534
test_13697,3.8175850269325874e-05
test_13698,0.9999232984986932
test_13699,0.9999997959338921
test_13700,0.9999270773101122
test_13701,5.259395316200428e-05
test_13702,0.9999101211196852
test_13703,0.00041577879981286064
test_13704,0.0007343103344727573
test_13705,0.9998959555222757
test_13706,7.350569435855749e-06
test_13707,1.1540321028638712e-05
test_13708,2.3426451312546212e-07
test_13709,0.9854978370731218
test_13710,0.00031468976310826657
test_13711,4.6702779256698034e-06
test_13712,0.988920407256213
test_13713,0.9755194273910496
test_13714,0.00020459679543720949
test_13715,0.003770067767178978
test_13716,6.668600834858038e-07
test_13717,0.9999996525233918
test_13718,0.9740762687086743
test_13719,0.06512943718069264
test_13720,0.46178925958191286
test_13721,0.9986751820870579
test_13722,0.999876646956915
test_13723,4.80755377270241e-06
test_13724,7.720045324682567e-07
test_13725,0.9999997260895181
test_13726,5.031175300214665e-05
test_13727,0.999973445355648
test_13728,3.8573654098319614e-05
test_13729,0.9999998329329333
test_13730,8.098200867500775e-07
test_13731,7.935812136836027e-08
test_13732,0.9999996304426266
test_13733,0.9986149410447267
test_13734,0.03010942049028819
test_13735,0.9997173537329558
test_13736,0.9999995185858765
test_13737,8.662823392754053e-08
test_13738,0.9999985465696418
test_13739,0.9999731309259294
test_13740,0.0014877251500001612
test_13741,4.640039556779361e-07
test_13742,5.6955985879476166e-05
test_13743,8.743903373940229e-05
test_13744,0.13138758057165842
test_13745,3.489098446904707e-07
test_13746,0.002671557142364713
test_13747,0.0001314290367812586
test_13748,1.276713368924868e-07
test_13749,0.9999793804038846
test_13750,0.0002038212383167542
test_13751,0.9999055455853896
test_13752,7.952835677330735e-07
test_13753,0.9963730438774889
test_13754,0.9999147917140202
test_13755,7.031947173539525e-07
test_13756,0.9999998966829984
test_13757,0.031835778507354445
test_13758,0.0001236302622008196
test_13759,0.9923479105615245
test_13760,3.507235968283248e-07
test_13761,2.444385813894653e-08
test_13762,3.257701906320147e-05
test_13763,0.9999999664541728
test_13764,0.9999994824941218
test_13765,0.9992955570286104
test_13766,1.965765360253906e-05
test_13767,0.0006523430019652734
test_13768,0.9999998637108415
test_13769,0.9905920554486576
test_13770,7.698087876103503e-05
test_13771,0.9994162655146608
test_13772,1.6897858627073119e-07
test_13773,0.9560241894040299
test_13774,1.5802633380321182e-05
test_13775,3.456293368847274e-08
test_13776,0.9999989827569521
test_13777,0.9999342189425762
test_13778,0.9988394573459067
test_13779,0.9588351181677901
test_13780,0.9999997917778648
test_13781,9.036881915156717e-08
test_13782,0.999979327380829
test_13783,1.4104475418461515e-06
test_13784,5.942370314741196e-07
test_13785,0.9999998367825387
test_13786,0.0007429488528535563
test_13787,0.9999918588480793
test_13788,7.760983473900858e-05
test_13789,0.9961383100372002
test_13790,9.788929287505769e-07
test_13791,1.5865292477852066e-06
test_13792,0.9999998199166686
test_13793,1.7265172711665004e-06
test_13794,3.853499102919019e-07
test_13795,0.00012333330406647203
test_13796,0.9999240912573866
test_13797,0.9999998216920702
test_13798,0.0023689301681646727
test_13799,3.147443391000664e-05
test_13800,0.9996999538141463
test_13801,0.9962126392356866
test_13802,0.0026520939959759635
test_13803,3.447840314950263e-08
test_13804,0.005151747598284305
test_13805,0.00047159583433403025
test_13806,0.9999920946179865
test_13807,5.078654907450647e-05
test_13808,0.9999990379614596
test_13809,4.6492551056859914e-06
test_13810,0.9999998473502496
test_13811,0.07348353730402785
test_13812,0.9999625054864746
test_13813,0.999999748641324
test_13814,1.0967015815588137e-07
test_13815,0.9972961040902883
test_13816,0.9999281144621462
test_13817,0.9815980627434998
test_13818,0.003358699179237846
test_13819,0.9990746839234552
test_13820,0.9696369607011481
test_13821,1.517586657391447e-07
test_13822,7.017147166182257e-07
test_13823,0.9999997953631775
test_13824,4.435019690669714e-07
test_13825,1.009363300162356e-06
test_13826,0.9999356257046201
test_13827,0.9999994732910383
test_13828,0.9999967979202928
test_13829,0.999999929317024
test_13830,3.29944559998064e-07
test_13831,0.0010274427791302453
test_13832,0.9999624591579876
test_13833,0.9999988623695791
test_13834,0.0008667045059850386
test_13835,0.9979452876810276
test_13836,0.9999999402988655
test_13837,0.0016790939872610355
test_13838,0.017899188658333974
test_13839,0.9999997918031582
test_13840,0.9998870590840955
test_13841,3.117370491904803e-08
test_13842,0.9999997868922464
test_13843,0.0013735736292079155
test_13844,2.7832030213212195e-07
test_13845,0.9996870298100587
test_13846,0.9980157707950008
test_13847,3.6421576321380453e-06
test_13848,0.9996797947926384
test_13849,0.002326768706521995
test_13850,0.9928139436296631
test_13851,0.7032972985516727
test_13852,0.0002175083118571659
test_13853,0.9995464295038908
test_13854,0.9970300422222885
test_13855,0.013845826072939747
test_13856,1.8814949727293797e-05
test_13857,0.9981699958791399
test_13858,0.9999998500851639
test_13859,0.9999743125706025
test_13860,0.0006642827609168735
test_13861,0.9997966358860113
test_13862,0.998762249049646
test_13863,0.9964024147991346
test_13864,0.00012675799490272435
test_13865,0.9999999558231922
test_13866,4.24291788470045e-08
test_13867,1.92051539807888e-06
test_13868,0.00034533896398442944
test_13869,0.9999516963497188
test_13870,0.00022736147450803647
test_13871,0.00011656030616463692
test_13872,1.606330295167553e-06
test_13873,0.9999994738138065
test_13874,0.9999999010019462
test_13875,4.599482570400767e-05
test_13876,0.9999997556548479
test_13877,3.339473802418071e-07
test_13878,0.9999267278226037
test_13879,0.0012732007340380226
test_13880,0.9999998103005199
test_13881,0.9999999619775194
test_13882,2.2389434729541536e-07
test_13883,0.9999997905310055
test_13884,1.2789715992094133e-07
test_13885,3.810854825792681e-06
test_13886,0.005095195364717438
test_13887,0.9916594129459296
test_13888,0.998950156590046
test_13889,0.0007031590206062809
test_13890,0.00010896901802133897
test_13891,0.999775854789549
test_13892,0.9999997709760724
test_13893,0.0001975385652097831
test_13894,1.2594121284441478e-05
test_13895,0.0008917905749623101
test_13896,0.9800972645404825
test_13897,9.621146521615651e-08
test_13898,0.9988108308571451
test_13899,0.9999998561715702
test_13900,0.9999993631500438
test_13901,0.00020883162049298732
test_13902,1.829942266050458e-07
test_13903,0.9999997968121781
test_13904,0.9999877238030729
test_13905,1.2581406709023603e-07
test_13906,0.9999748429832925
test_13907,0.9999996414310637
test_13908,1.0578421859948017e-06
test_13909,0.02754574991504522
test_13910,0.9999998955079432
test_13911,0.6095418964762686
test_13912,0.9997687447567435
test_13913,0.00014030368752329225
test_13914,2.0075488375767903e-05
test_13915,0.00282969578625515
test_13916,0.9999866174777985
test_13917,0.0016143385354466184
test_13918,1.539227593113077e-05
test_13919,0.998355429651213
test_13920,0.0008660176015703676
test_13921,0.9999995694220483
test_13922,0.9495658518670925
test_13923,0.999999860329895
test_13924,0.9998646851672637
test_13925,0.9998622918850852
test_13926,0.9999990426051675
test_13927,2.8407161504194265e-07
test_13928,0.9999094172957326
test_13929,0.9998937730057187
test_13930,0.9999995313933927
test_13931,0.9999989991666243
test_13932,0.9999993114607524
test_13933,0.6215033680245667
test_13934,4.0837608394990884e-07
test_13935,3.2033721303661657e-07
test_13936,0.9999563108540159
test_13937,0.9999996275193903
test_13938,0.9999991496258956
test_13939,0.999789135134567
test_13940,0.9995913611322235
test_13941,1.585539490310509e-05
test_13942,0.009463024179693719
test_13943,0.999950389707588
test_13944,0.9999999170743192
test_13945,1.1597379602919403e-07
test_13946,0.0030926968905143877
test_13947,0.9999986458122982
test_13948,0.00021930680160796274
test_13949,4.3998982031900535e-08
test_13950,4.052056285437778e-08
test_13951,0.00021593539899985139
test_13952,0.9972516866525095
test_13953,0.9915118901423859
test_13954,0.9999884399944423
test_13955,0.9998290582963953
test_13956,0.998531489882438
test_13957,1.3035016828767135e-06
test_13958,0.999996772413594
test_13959,9.975781810267572e-08
test_13960,0.9999952267392177
test_13961,0.9999118816166859
test_13962,0.9995221629675684
test_13963,0.9999974525747585
test_13964,0.9967002711074978
test_13965,0.9990975585569161
test_13966,2.10809369125004e-06
test_13967,0.9999995373237818
test_13968,0.9946215161543878
test_13969,0.0026604126786503564
test_13970,7.5994848989764705e-06
test_13971,0.9996416200098717
test_13972,3.109950546707684e-05
test_13973,0.9999998895479694
test_13974,0.9998103375200248
test_13975,0.9999998497284249
test_13976,0.9987151231255244
test_13977,0.9999996865844704
test_13978,0.9998981882729382
test_13979,1.1170199154943647e-07
test_13980,2.9402554944956843e-06
test_13981,3.461126412568116e-07
test_13982,0.0002756738770026449
test_13983,0.9996501883159452
test_13984,0.9956872352234373
test_13985,0.9999999439915834
test_13986,0.9600657636808468
test_13987,0.000621237334028877
test_13988,0.9999988115806472
test_13989,0.9999999452819638
test_13990,0.9999996599333336
test_13991,1.0184715583597058e-07
test_13992,0.9999846245849505
test_13993,0.002430976891562274
test_13994,0.00016796686999739967
test_13995,0.9981582533038316
test_13996,0.9998970144799023
test_13997,5.979993943414465e-07
test_13998,2.8083491723571524e-07
test_13999,0.9999407482355619
test_14000,7.607350092631442e-08
test_14001,8.5804157529796e-08
test_14002,1.6713417628183748e-07
test_14003,0.15922387016320158
test_14004,0.9989424559220461
test_14005,4.83473069550085e-07
test_14006,0.999997448624924
test_14007,0.9999995164516404
test_14008,0.9997853453412222
test_14009,0.9999991900581956
test_14010,9.959743151987146e-08
test_14011,0.9895503088288989
test_14012,0.9999999692971793
test_14013,0.9999948243593814
test_14014,1.650760362664217e-05
test_14015,0.9999978390891753
test_14016,0.9999998692115308
test_14017,5.108775720263798e-08
test_14018,3.0340303717545665e-05
test_14019,0.9999986460409014
test_14020,0.49071113692421137
test_14021,0.0003227326064773565
test_14022,0.9999862934675853
test_14023,6.424664116880714e-08
test_14024,2.8789226757083137e-07
test_14025,0.9991521972921632
test_14026,7.938165092764748e-07
test_14027,1.4467697139163317e-07
test_14028,0.9999923823393316
test_14029,4.070197039606526e-07
test_14030,0.9999589920433749
test_14031,0.996338628747714
test_14032,4.2993109179851723e-05
test_14033,1.8772660268990524e-06
test_14034,2.6438441059430124e-07
test_14035,0.005878895448982663
test_14036,8.136406915300762e-05
test_14037,0.001022039655781742
test_14038,9.101246109783026e-05
test_14039,0.9984303531522309
test_14040,5.233207612457564e-05
test_14041,2.5953801802745675e-07
test_14042,0.9999998899506967
test_14043,0.9972498543253079
test_14044,0.9816003628639611
test_14045,1.773164712385048e-06
test_14046,0.010682871173213397
test_14047,0.9999796193498355
test_14048,2.1622748305309384e-05
test_14049,0.000336934211349211
test_14050,3.373550728846934e-05
test_14051,5.4975267101335144e-05
test_14052,0.9998078100875432
test_14053,0.9998140422018627
test_14054,0.9998660861036499
test_14055,2.2461141404858445e-07
test_14056,1.227897562250393e-06
test_14057,0.9988126726759041
test_14058,0.9998640374178251
test_14059,0.9999994776869684
test_14060,0.01965004352532157
test_14061,0.9995736132190236
test_14062,1.8288824587798414e-07
test_14063,4.196541727127252e-05
test_14064,0.9999989206940755
test_14065,0.9999993833123434
test_14066,0.0009025382364786558
test_14067,4.8094504552820704e-05
test_14068,0.9999999068046674
test_14069,3.060078359175364e-05
test_14070,0.00037330071724870836
test_14071,1.609199529937137e-06
test_14072,0.0006680521159860059
test_14073,0.002529991702717242
test_14074,0.9999922824829153
test_14075,0.003944329895392126
test_14076,8.502577675377294e-08
test_14077,0.9999291513901949
test_14078,0.9999997934479585
test_14079,0.9999844502961428
test_14080,0.9999997297760275
test_14081,0.8156804848812022
test_14082,9.421340465143772e-06
test_14083,3.266520203945852e-07
test_14084,0.9999973313791489
test_14085,0.9994853778236518
test_14086,0.028289117042163407
test_14087,0.9999492445777605
test_14088,0.999998487143526
test_14089,0.009715291239333726
test_14090,0.0024498831635304625
test_14091,1.567150938604749e-05
test_14092,0.11272709511539555
test_14093,0.0061012701382068945
test_14094,0.9999997658500732
test_14095,0.9999883222508791
test_14096,0.9999992319442398
test_14097,0.9999148832208228
test_14098,0.9999925819730711
test_14099,6.077897804906596e-07
test_14100,1.17205575913472e-06
test_14101,0.9999996782538518
test_14102,0.0005389138539135285
test_14103,0.006119856599989834
test_14104,0.9999986902290188
test_14105,0.0004331396623449934
test_14106,0.9999248400684148
test_14107,0.9903782934942644
test_14108,4.8684122266271206e-08
test_14109,0.000698746053614882
test_14110,1.3083606898946824e-07
test_14111,0.9994591913872294
test_14112,0.004404916452769281
test_14113,0.0009550851428231256
test_14114,3.4598392083302875e-07
test_14115,6.965013785296671e-05
test_14116,0.9999999371942767
test_14117,0.9999977493990658
test_14118,0.006468059204487971
test_14119,0.9999999143968299
test_14120,2.120509771730828e-07
test_14121,5.721992110468607e-06
test_14122,0.5135957227078028
test_14123,0.9998611114553295
test_14124,1.7549854703607325e-07
test_14125,0.9999509855126136
test_14126,0.9968430283907107
test_14127,0.9880317510258712
test_14128,0.00013764763761970345
test_14129,0.9999972920562781
test_14130,0.0009619813481774026
test_14131,0.009748112372718004
test_14132,0.9999995545475872
test_14133,2.624754868426341e-07
test_14134,1.244286760238978e-07
test_14135,0.9685072525454558
test_14136,0.0010728188548539321
test_14137,1.4382859113111356e-07
test_14138,1.7991288384660303e-05
test_14139,0.004525122083479736
test_14140,0.9928741782004684
test_14141,0.9999939313302955
test_14142,1.5261308966487414e-06
test_14143,5.055755790738186e-07
test_14144,0.0003855331446506746
test_14145,0.0029977097449833223
test_14146,0.9989533895350681
test_14147,0.9998277921908129
test_14148,1.2693492191826008e-07
test_14149,0.9908948009310737
test_14150,2.712220105403333e-07
test_14151,0.9956795412829106
test_14152,0.9995904153760299
test_14153,9.32113955652701e-08
test_14154,0.9996887580769219
test_14155,0.7671784061551893
test_14156,0.0034582479463897238
test_14157,7.227123603071632e-05
test_14158,0.9999522615094933
test_14159,1.625261449409908e-06
test_14160,4.381076973235602e-07
test_14161,2.1034671074662842e-07
test_14162,0.9999998680094279
test_14163,0.9999827389041391
test_14164,1.6477631493992482e-05
test_14165,0.9999998475591146
test_14166,0.001259298661086797
test_14167,0.999235602066476
test_14168,0.00033129479040209375
test_14169,7.868364308284512e-08
test_14170,0.9999999516992107
test_14171,0.994532178775323
test_14172,2.1599937459183172e-07
test_14173,1.759729550759892e-05
test_14174,0.9870717206071992
test_14175,0.9999997606489903
test_14176,0.0017218487683829911
test_14177,5.979951044109048e-08
test_14178,0.046957122542674465
test_14179,0.9999242576784232
test_14180,0.0020318037803591944
test_14181,0.06465305358753352
test_14182,0.0011064575225958905
test_14183,0.9999856414694015
test_14184,0.007924642763581242
test_14185,0.99911789425157
test_14186,1.7539524045226492e-07
test_14187,4.1266700944565014e-07
test_14188,5.159274624758721e-05
test_14189,7.935423014684713e-07
test_14190,0.9999922410689169
test_14191,0.9998830438143279
test_14192,0.9999999659040499
test_14193,0.006503991292371826
test_14194,0.004096844420350961
test_14195,0.9999954247124402
test_14196,0.9999450693132398
test_14197,0.9999537199756876
test_14198,0.7692188113410278
test_14199,0.0007583649162754512
test_14200,0.00013174558935905427
test_14201,1.9420383471563033e-07
test_14202,3.2852758159294994e-06
test_14203,0.9991824029668122
test_14204,0.03858448600171017
test_14205,0.9793150261481035
test_14206,0.9775850695794112
test_14207,4.312806540627757e-07
test_14208,0.9999990129438578
test_14209,7.795644592320375e-08
test_14210,0.9999459561313001
test_14211,5.461083235474356e-07
test_14212,0.9999997360391513
test_14213,5.643557534822862e-05
test_14214,0.999998941186574
test_14215,0.9998495500748487
test_14216,0.04068456117549287
test_14217,1.342243081915116e-05
test_14218,1.3750830262905116e-05
test_14219,0.9992236760457063
test_14220,1.1437175177506061e-07
test_14221,0.9999660817121092
test_14222,5.902080197155783e-05
test_14223,1.9237152153709407e-05
test_14224,1.7338186258219585e-07
test_14225,0.999999906661668
test_14226,4.2244528691317344e-07
test_14227,0.9999967364044362
test_14228,8.152244920779853e-07
test_14229,0.9999998684047438
test_14230,0.9999867712880297
test_14231,0.00260825930795081
test_14232,5.531232187341603e-07
test_14233,0.9999999550223819
test_14234,0.0014306253051735193
test_14235,1.0798815277908994e-07
test_14236,0.00025018340105915205
test_14237,0.9999556599064618
test_14238,0.00024432789552128627
test_14239,0.9999960655882203
test_14240,2.0989735386148533e-05
test_14241,0.9982005534429651
test_14242,0.0005378853750289437
test_14243,0.9999998587994194
test_14244,0.9859581324687868
test_14245,0.9999963211841955
test_14246,0.9999112588798148
test_14247,0.9999987736415374
test_14248,0.9999994437276253
test_14249,2.037137417423296e-05
test_14250,0.9996699257943689
test_14251,0.9997777360999766
test_14252,0.9935593608755308
test_14253,0.9999999090899927
test_14254,0.9999989995143601
test_14255,4.709136468095531e-07
test_14256,4.737773774773252e-05
test_14257,0.9999882602291882
test_14258,0.008034459579316689
test_14259,0.9999987962941813
test_14260,6.990261189081714e-07
test_14261,0.00022732636705597941
test_14262,0.9999999407875608
test_14263,0.430437901253727
test_14264,0.9978750026171944
test_14265,5.299533087563475e-07
test_14266,1.766021592501789e-07
test_14267,0.9673908605078383
test_14268,7.809346884613684e-05
test_14269,1.1224581304632285e-05
test_14270,9.99754043710047e-05
test_14271,5.853540729262451e-05
test_14272,0.9958465340810676
test_14273,0.00010200707511383089
test_14274,0.9999807539698682
test_14275,0.00021771452102673227
test_14276,0.013305000460773953
test_14277,2.3499915990412227e-07
test_14278,0.9999998959537386
test_14279,0.9999984630031018
test_14280,0.9999994364212957
test_14281,0.9999591581802693
test_14282,0.0008948186753821573
test_14283,1.323893229953171e-07
test_14284,0.9999999370114796
test_14285,0.9960594013029261
test_14286,0.9999422605452167
test_14287,0.0007405407199395699
test_14288,0.9966207625101433
test_14289,0.9999980849848089
test_14290,8.18851498240087e-05
test_14291,0.9999861516052512
test_14292,3.4043292232960943e-06
test_14293,0.9863514581124233
test_14294,1.4044991933546698e-06
test_14295,0.999999934553668
test_14296,0.9999998988761007
test_14297,0.9978825273201151
test_14298,0.999964846856172
test_14299,0.9909229260586538
test_14300,0.0005035630700572897
test_14301,2.5288985819221205e-07
test_14302,1.8717924841862625e-07
test_14303,0.9998206909257261
test_14304,0.37995946481626747
test_14305,0.9834424712820458
test_14306,0.9999963644875609
test_14307,0.9999999507349941
test_14308,0.999970276987171
test_14309,0.0003050803068929799
test_14310,2.314042663130065e-05
test_14311,0.9996942027885959
test_14312,0.9804455050409281
test_14313,0.9999854218406952
test_14314,0.9996473552513685
test_14315,0.0004408499681700263
test_14316,1.4011538807353263e-06
test_14317,0.9971842867710665
test_14318,1.8583405999990195e-06
test_14319,0.9999981350279938
test_14320,0.0017932843985040132
test_14321,0.999746554543899
test_14322,0.9926358875187798
test_14323,4.6706758278928786e-05
test_14324,0.9999996812776691
test_14325,0.004535718429200382
test_14326,1.3253446173072388e-07
test_14327,9.990375729086686e-08
test_14328,0.9996514812083944
test_14329,0.001878587569646153
test_14330,1.0161858084576193e-05
test_14331,3.3386958255998627e-06
test_14332,0.9999999477392681
test_14333,9.822459304741993e-05
test_14334,0.999999722390364
test_14335,0.9999998744229335
test_14336,0.999999342437402
test_14337,5.955495053022685e-08
test_14338,1.9423631766984007e-07
test_14339,0.9999993190211133
test_14340,0.9995054116616549
test_14341,0.9999587383328974
test_14342,2.608425361855076e-05
test_14343,0.9998545035859627
test_14344,8.384014025270469e-07
test_14345,8.32092252966215e-05
test_14346,0.9857323179407408
test_14347,0.9999934990466315
test_14348,9.562779602711523e-07
test_14349,0.9999998340062524
test_14350,2.2197073347437634e-07
test_14351,1.7869179096856203e-07
test_14352,5.5039682425657826e-08
test_14353,0.9999998248880921
test_14354,4.345115359244647e-05
test_14355,0.9998692415314253
test_14356,0.9807028603205546
test_14357,0.00015846247212469413
test_14358,0.999887877438001
test_14359,0.9999994253599143
test_14360,0.9959685779038521
test_14361,1.2531523192069148e-06
test_14362,0.9999991145149214
test_14363,4.109004625892569e-07
test_14364,0.999956455121379
test_14365,1.495673306490996e-06
test_14366,0.9999759227690094
test_14367,0.9999925518712568
test_14368,0.9879142715565042
test_14369,0.999950352832766
test_14370,0.9999998724135785
test_14371,0.9999990488893566
test_14372,3.5731343698140063e-07
test_14373,0.0002182917156967076
test_14374,0.02145137625200312
test_14375,4.2877025981982785e-06
test_14376,2.050019953023791e-07
test_14377,2.6745379907371143e-06
test_14378,0.9843308815799698
test_14379,2.3076790135869046e-08
test_14380,0.999949374470712
test_14381,0.0033374957744271017
test_14382,0.0004737029273440005
test_14383,0.9999988377147337
test_14384,5.478065348634191e-05
test_14385,0.0010615005258659447
test_14386,0.37964567472531735
test_14387,0.9802112698317459
test_14388,1.9351903638770193e-07
test_14389,0.000575403264737612
test_14390,0.9999998950368324
test_14391,0.9726056899539222
test_14392,0.999998414854981
test_14393,0.0002506461066410797
test_14394,0.9999968458719398
test_14395,0.6102047431565756
test_14396,0.9999998807160062
test_14397,0.9999998425366122
test_14398,0.9989783831515073
test_14399,0.999998458865042
test_14400,0.9998259637413863
test_14401,2.8231966410466977e-06
test_14402,1.1611454984293911e-07
test_14403,0.9999998704856409
test_14404,0.014127934245580941
test_14405,0.9993958534942263
test_14406,0.994898754337503
test_14407,0.49218002002147065
test_14408,0.02146959626491122
test_14409,0.999999360488766
test_14410,0.9963558271934514
test_14411,0.00010421335055437946
test_14412,0.9999998098534002
test_14413,0.999999255766718
test_14414,2.0058927997682661e-07
test_14415,0.9951813696091446
test_14416,0.9999693790340017
test_14417,0.00043183295539508194
test_14418,0.00025130440291612325
test_14419,1.4789787272947822e-05
test_14420,3.4571967727365186e-05
test_14421,0.9998599037506002
test_14422,0.0030383811460697164
test_14423,0.0006182473399168088
test_14424,5.77101140319724e-08
test_14425,0.0020044103740813543
test_14426,0.0009934885201778835
test_14427,0.9999995726630834
test_14428,0.00010258237809784158
test_14429,0.9999988576293201
test_14430,0.00010920767323268196
test_14431,0.9991711269698811
test_14432,3.1614813800623946e-07
test_14433,0.9997474937299772
test_14434,0.9999996380110723
test_14435,1.2167620800593658e-06
test_14436,0.008405955247161092
test_14437,0.9998494831148529
test_14438,0.9999997582202899
test_14439,0.0004682616344608008
test_14440,0.0005051766991361241
test_14441,0.9999999694902628
test_14442,0.0016509363966877375
test_14443,0.9999996134033142
test_14444,0.9971867503190975
test_14445,3.772396473416668e-07
test_14446,2.2228588519507526e-05
test_14447,0.999999640875642
test_14448,0.00026186789169106294
test_14449,0.00017200906791319093
test_14450,0.9850966247572526
test_14451,0.9996346760348127
test_14452,6.700193729373759e-07
test_14453,0.002151946736652813
test_14454,2.822200613862622e-08
test_14455,0.999862221155449
test_14456,0.9984012454717535
test_14457,0.0029699079589501102
test_14458,0.9962063708423883
test_14459,1.9758408592557031e-07
test_14460,5.2578105998729925e-05
test_14461,5.6569973673393756e-05
test_14462,0.9999998161704042
test_14463,0.16506905492486373
test_14464,0.9999954423838598
test_14465,0.999803069179805
test_14466,0.9969285371845011
test_14467,0.0334852904842502
test_14468,0.014863243653774076
test_14469,0.00014108975943132057
test_14470,0.9999966299983238
test_14471,0.00016580748859723612
test_14472,0.00012935895596673076
test_14473,0.0023072561791272995
test_14474,0.9999517502015508
test_14475,0.004563800746275069
test_14476,0.999898120908715
test_14477,0.9988881908759749
test_14478,0.9999722398421276
test_14479,0.026533202952669973
test_14480,0.9999969048168119
test_14481,0.029926173231889203
test_14482,0.9943816624484273
test_14483,0.30110760491921884
test_14484,0.9999999475329654
test_14485,0.003918231803607512
test_14486,1.4782779886086238e-07
test_14487,0.9990452402466574
test_14488,0.9993829525031519
test_14489,1.1835812472727442e-05
test_14490,0.0024370367713349005
test_14491,0.9999994358052765
test_14492,0.028674637073352275
test_14493,0.00013049465997437467
test_14494,0.01037865224330536
test_14495,7.011474554145275e-08
test_14496,1.6224133123172049e-06
test_14497,0.9999996692401621
test_14498,0.9999997656052658
test_14499,1.4654187590679685e-07
test_14500,9.27666520855791e-08
test_14501,3.608595102231606e-07
test_14502,0.9999996870988157
test_14503,0.9824520538634233
test_14504,0.001522262011226341
test_14505,4.2827169170383326e-08
test_14506,3.8038758260520133e-07
test_14507,0.9999996748794604
test_14508,0.0002563772564130871
test_14509,3.973585610719889e-07
test_14510,0.989297723151119
test_14511,0.999872298361576
test_14512,0.9999999131696251
test_14513,0.0015312527638016856
test_14514,9.666828283716185e-06
test_14515,0.0008270524641385845
test_14516,0.9999998963679172
test_14517,3.617867675862935e-08
test_14518,0.9999990974686995
test_14519,0.9999963000081085
test_14520,0.00013829496516445141
test_14521,0.9999986946663352
test_14522,4.4969109298396514e-08
test_14523,0.9999994746124974
test_14524,0.9993012732294265
test_14525,0.9984380762588133
test_14526,1.1152630448209332e-05
test_14527,0.9955339755097025
test_14528,0.9999991728061964
test_14529,1.1148586465389053e-06
test_14530,0.9999979714820411
test_14531,0.9874196298216338
test_14532,1.6913336667826944e-06
test_14533,2.1319331520880564e-07
test_14534,0.9999997522542895
test_14535,5.613292396523906e-05
test_14536,0.9997923753703631
test_14537,0.0008179550139663738
test_14538,1.6130296482096522e-07
test_14539,3.162750171070733e-05
test_14540,0.9999782817424765
test_14541,1.4043973027805335e-05
test_14542,0.9999996505661906
test_14543,1.4877371627048222e-07
test_14544,6.765534570690416e-06
test_14545,0.9876856085864514
test_14546,0.9917033021690401
test_14547,0.9999325938719028
test_14548,0.0005025865696296816
test_14549,0.014261226849110497
test_14550,0.9998776403389255
test_14551,0.9997746133366562
test_14552,0.0034765181061411944
test_14553,0.9999998935012284
test_14554,6.657473394035723e-08
test_14555,0.00010694978168556431
test_14556,0.9527850325199833
test_14557,0.9996787137320312
test_14558,1.803093163640108e-06
test_14559,1.415475481108665e-07
test_14560,2.566761514521891e-05
test_14561,0.9999996718325344
test_14562,0.9999999474555238
test_14563,0.9999996896798934
test_14564,3.786552780133244e-07
test_14565,0.9998024444989991
test_14566,0.9154632403405152
test_14567,0.9775199003916883
test_14568,0.999999860437938
test_14569,0.016347967175851616
test_14570,0.9999946290760573
test_14571,3.8447418818867415e-07
test_14572,0.04167182623250443
test_14573,0.9999999536593202
test_14574,0.9999988104789378
test_14575,0.0002912491464825013
test_14576,0.4166815881323242
test_14577,0.9999998763381128
test_14578,0.0007061826578613153
test_14579,3.115770992233683e-07
test_14580,0.9625089006809568
test_14581,0.9999413567743598
test_14582,0.9999999255565195
test_14583,0.9999997600396701
test_14584,0.9999950934952622
test_14585,0.9999041264839299
test_14586,0.03511904598554031
test_14587,0.004012706382023312
test_14588,0.9999967966025445
test_14589,3.0474540472145936e-06
test_14590,0.9999993217785602
test_14591,0.9996532786627031
test_14592,0.9989744248320559
test_14593,0.999998180760055
test_14594,0.9999378202403314
test_14595,0.9999355591396756
test_14596,0.0003441254579039337
test_14597,0.020861565752859516
test_14598,2.725646328236883e-07
test_14599,0.9999996472612999
test_14600,0.9997838778301692
test_14601,0.9999999504792909
test_14602,0.011940033207966196
test_14603,0.0027764686219807462
test_14604,0.9825410145999349
test_14605,8.885208845660211e-06
test_14606,0.9290641134718194
test_14607,0.0003439357973524774
test_14608,0.9999997078179964
test_14609,0.9990624676365548
test_14610,0.0011575244463374443
test_14611,0.0009095580021303664
test_14612,0.00033806602875406053
test_14613,0.9999975048880924
test_14614,0.9999191463917184
test_14615,0.3459317463022958
test_14616,0.015523890914985811
test_14617,0.9999993051546318
test_14618,0.9999877636003054
test_14619,0.9996155423326433
test_14620,0.9999995320248901
test_14621,0.9999881666240238
test_14622,0.9999293983191598
test_14623,0.9999450203626769
test_14624,0.9994707175935597
test_14625,0.9999998304604812
test_14626,0.9998983396881485
test_14627,0.9990047489396396
test_14628,7.463044012872028e-05
test_14629,0.9999998060141001
test_14630,3.948564401043824e-08
test_14631,1.2020007733142808e-06
test_14632,1.3785546574676188e-07
test_14633,0.9973415708576014
test_14634,2.8446447474409782e-05
test_14635,0.9843058533223881
test_14636,0.032281006338431874
test_14637,1.8093717871886313e-06
test_14638,0.9999990492884167
test_14639,0.00029381499297134706
test_14640,2.7722844296320647e-06
test_14641,3.7086361850016154e-07
test_14642,1.6025480627525107e-07
test_14643,0.9958562360941179
test_14644,7.084958789395152e-07
test_14645,0.0010337753346126573
test_14646,0.0026600067848636
test_14647,7.289032424491506e-06
test_14648,7.212670461934975e-05
test_14649,0.99991519185685
test_14650,0.9993118333528451
test_14651,0.9995204366257779
test_14652,0.00010503443859665853
test_14653,0.9998834147244648
test_14654,0.00010135646685698734
test_14655,5.945560962365748e-06
test_14656,2.657785575968566e-07
test_14657,0.9999986819986736
test_14658,2.527239841517458e-07
test_14659,0.9983606989458689
test_14660,5.418667932637267e-05
test_14661,6.095488172428185e-07
test_14662,0.9999997401325764
test_14663,0.9974337722334162
test_14664,0.999997234314266
test_14665,9.883869476802188e-08
test_14666,0.999996673845676
test_14667,0.9993868341235408
test_14668,0.997236732886306
test_14669,6.718292553473315e-07
test_14670,0.9999998771420422
test_14671,0.000252257957699563
test_14672,0.9999162468551465
test_14673,0.9885107173026046
test_14674,0.9999813048232273
test_14675,0.9968525867512538
test_14676,0.9999992865783338
test_14677,5.602278346104182e-07
test_14678,0.9999997730211596
test_14679,0.9999401382510068
test_14680,4.7277836268213894e-07
test_14681,0.9828382185741957
test_14682,0.9999997115418214
test_14683,8.389183021119275e-07
test_14684,0.9999998664929267
test_14685,0.9999927240312754
test_14686,0.00564517222656376
test_14687,8.638455125997455e-07
test_14688,0.9999902112057585
test_14689,3.106696104245004e-07
test_14690,0.9991592943421096
test_14691,0.9999937124603407
test_14692,1.0624246383805636e-06
test_14693,0.9999991273982114
test_14694,0.045306593695728335
test_14695,0.9988670650144865
test_14696,0.9999998408798285
test_14697,0.001128151429500423
test_14698,0.999997169010199
test_14699,0.9999553550534643
test_14700,0.9999997525109596
test_14701,0.0008526152089546967
test_14702,0.9999996499516715
test_14703,1.479178084683997e-06
test_14704,0.9999998354177695
test_14705,0.772623002550839
test_14706,0.8260756681943098
test_14707,3.3188521043504607e-06
test_14708,6.786471822476028e-07
test_14709,0.9995416044201355
test_14710,0.9999997870583417
test_14711,4.434802193136655e-07
test_14712,0.00016971254373958952
test_14713,0.9999960677922324
test_14714,0.9999995337012715
test_14715,0.7282552384029627
test_14716,0.9999999086030057
test_14717,0.9960936679475659
test_14718,5.758657607191987e-05
test_14719,0.026848499588772317
test_14720,0.9999998374501657
test_14721,0.9999999059228921
test_14722,0.9999951734485019
test_14723,0.9999663224869938
test_14724,0.9999995082351274
test_14725,0.999999546722048
test_14726,0.9995485605708777
test_14727,0.999987048657414
test_14728,0.00010010764405838816
test_14729,2.2245996370643833e-05
test_14730,0.9866724292623912
test_14731,0.9999999790396379
test_14732,0.9996631598612595
test_14733,0.9998311349635371
test_14734,7.40918212534258e-05
test_14735,0.9999997806955699
test_14736,0.9909460910927954
test_14737,0.9999990654602992
test_14738,2.0841178059961783e-06
test_14739,0.9999957739637095
test_14740,0.9999191351536896
test_14741,1.1529752832538573e-07
test_14742,5.707167593545321e-07
test_14743,0.9999995452694551
test_14744,0.9999999102623723
test_14745,0.9999630889750916
test_14746,0.9989912789588522
test_14747,0.998465322630624
test_14748,1.2941998794510495e-07
test_14749,0.9330756641139782
test_14750,1.7237419273263286e-06
test_14751,0.01891029204217284
test_14752,2.1054723696459357e-07
test_14753,1.490519337620823e-07
test_14754,0.9998475182981525
test_14755,0.016506429368105906
test_14756,0.999949635424523
test_14757,0.9999993120389147
test_14758,0.9999999009130032
test_14759,0.00023991500471958886
test_14760,0.8598765236610437
test_14761,0.9586745405870981
test_14762,1.480728889558144e-07
test_14763,0.9695877971259699
test_14764,0.9993073743795159
test_14765,4.00300886721032e-06
test_14766,0.999999806410167
test_14767,0.9999998494733429
test_14768,0.9998122550628666
test_14769,0.9999998515356584
test_14770,0.9999771985287793
test_14771,0.9927488392692223
test_14772,0.0010143084963682642
test_14773,1.1135777328006088e-07
test_14774,0.999928809651006
test_14775,8.574413224502316e-08
test_14776,0.9151416127667475
test_14777,0.9951231890091982
test_14778,0.9994211156669627
test_14779,0.00025433608902280353
test_14780,0.9999975235303562
test_14781,2.9453920197975715e-06
test_14782,0.9904553879934087
test_14783,1.1425837052665987e-07
test_14784,0.9999919553365217
test_14785,0.9999499439747664
test_14786,0.0013497558027407088
test_14787,3.901436657409737e-07
test_14788,0.9999950072008651
test_14789,0.00026003545873975597
test_14790,7.291750837816439e-05
test_14791,0.9999215279806873
test_14792,0.9999987506437328
test_14793,0.9992751182258126
test_14794,8.057120070072872e-06
test_14795,0.9999970611851288
test_14796,0.999996388743502
test_14797,0.9999993683685852
test_14798,0.9999991425875063
test_14799,8.060985630913978e-05
test_14800,0.019181780128421887
test_14801,1.4229677609316095e-06
test_14802,9.874212348575077e-08
test_14803,0.042703429529715425
test_14804,0.0007525000573230838
test_14805,3.766918880575116e-05
test_14806,4.448698457162847e-08
test_14807,9.705448696459574e-07
test_14808,0.9768456405456262
test_14809,0.9999620712600636
test_14810,2.0965316738188854e-07
test_14811,0.01443546646342647
test_14812,0.9999999003700569
test_14813,0.9999996190752128
test_14814,0.9999995731371677
test_14815,0.9998916080283167
test_14816,2.26369589850027e-05
test_14817,0.8775284562451232
test_14818,0.0005811953193565608
test_14819,0.9999996144845261
test_14820,0.000812285617161393
test_14821,6.972116407419608e-07
test_14822,0.9999210431026477
test_14823,4.471046892537934e-07
test_14824,0.9739780359321779
test_14825,0.013510249975679145
test_14826,0.998821123704708
test_14827,0.999999761674371
test_14828,7.527429656101072e-08
test_14829,0.9999647589742457
test_14830,0.05048540805004353
test_14831,0.9999997498415383
test_14832,1.2430747291102252e-06
test_14833,7.921282998744164e-07
test_14834,0.999343605146642
test_14835,2.4466143259265977e-07
test_14836,0.9997225928004555
test_14837,5.174939882285635e-07
test_14838,6.296617826113062e-08
test_14839,0.9422859091215031
test_14840,3.3861423993542185e-07
test_14841,0.9994670392256342
test_14842,0.9999087083575074
test_14843,6.006292593233386e-07
test_14844,0.9999800060682176
test_14845,0.9999966863784031
test_14846,0.9999468820587112
test_14847,0.9999083626460773
test_14848,0.9998764461685513
test_14849,0.9999999793753067
test_14850,5.83843829180075e-07
test_14851,0.9994431084173399
test_14852,1.9281121396369106e-07
test_14853,0.03830126330148527
test_14854,0.0005941738409143114
test_14855,0.9999994776066568
test_14856,4.338166891516618e-06
test_14857,0.9995247973930043
test_14858,0.9872905438462338
test_14859,0.9993057251387427
test_14860,0.9994629052756946
test_14861,0.20353058994957965
test_14862,0.9997330185276432
test_14863,1.2584755888772626e-06
test_14864,1.5985491197690154e-07
test_14865,0.998653784735787
test_14866,9.477070183348475e-07
test_14867,1.3325881257009565e-07
test_14868,0.0009473049489156939
test_14869,0.9999999393565847
test_14870,2.5053192417368495e-07
test_14871,0.9999997988048611
test_14872,0.999484534655753
test_14873,0.0008098884069634694
test_14874,0.0188559874232222
test_14875,0.9999925456170227
test_14876,0.00024874346941550115
test_14877,1.5206700737936277e-07
test_14878,0.9999997879491757
test_14879,0.6218079682674396
test_14880,0.9998017129911322
test_14881,2.0686126242845544e-06
test_14882,0.00031796192522763893
test_14883,0.9999882150802919
test_14884,9.158917974946948e-06
test_14885,0.9953462621614306
test_14886,0.040881279899617366
test_14887,0.020830291912216407
test_14888,0.9984985270231431
test_14889,1.104832325733144e-05
test_14890,0.03617862560920044
test_14891,0.9970341122949645
test_14892,0.0007822096392378609
test_14893,7.516044311685299e-07
test_14894,0.9999746950919629
test_14895,0.9839070127562711
test_14896,3.190761987812997e-07
test_14897,0.03795271563670342
test_14898,0.9999997761246148
test_14899,3.244212130008349e-05
test_14900,0.0009766446454360733
test_14901,0.00034076808343540786
test_14902,0.00012353088476217417
test_14903,0.9944592469511891
test_14904,0.9999987758445867
test_14905,0.9999999629484846
test_14906,0.9999998301795128
test_14907,0.0002172508908508118
test_14908,0.00010016634598136598
test_14909,4.301128732910426e-07
test_14910,6.723155320636804e-07
test_14911,0.9999010246199839
test_14912,0.9993996743362656
test_14913,0.9999997049134779
test_14914,0.99999872656544
test_14915,2.4339690036516142e-05
test_14916,0.9994279275842284
test_14917,0.9999991883962754
test_14918,0.008246765746992006
test_14919,1.7566155754489053e-07
test_14920,2.260028641063506e-06
test_14921,0.00036415428611207413
test_14922,1.2700295386567217e-05
test_14923,1.8749238261307158e-05
test_14924,0.9995401887765114
test_14925,0.9999980652587934
test_14926,1.798010198995199e-05
test_14927,0.0001780071807267092
test_14928,0.9999998036438839
test_14929,1.0023281032223233e-07
test_14930,0.01634993947624255
test_14931,0.9998622639205119
test_14932,0.002585755021419582
test_14933,0.00017413749009327203
test_14934,2.9938577610362996e-05
test_14935,1.6220737122811717e-05
test_14936,0.9989552793449238
test_14937,0.9996159985317526
test_14938,0.08750715279495094
test_14939,3.0658390277562024e-07
test_14940,0.01558558498170757
test_14941,0.9987909907770798
test_14942,0.9919827793426176
test_14943,0.009715161529118837
test_14944,0.8912550621226941
test_14945,0.0015353688138089816
test_14946,2.7886811817907384e-07
test_14947,0.9999726695664511
test_14948,0.9963993792147688
test_14949,0.9641916937099702
test_14950,0.9999993453777458
test_14951,0.002358167393454068
test_14952,7.304911647631141e-05
test_14953,0.9999999583641013
test_14954,1.738320454372377e-08
test_14955,3.356267840559952e-07
test_14956,8.333123535412993e-07
test_14957,0.8131168973800407
test_14958,1.993678579031576e-07
test_14959,2.754708548688945e-06
test_14960,0.9987017376894067
test_14961,0.9999999293837564
test_14962,0.9999933343018408
test_14963,0.9534733208842004
test_14964,0.002476432633082203
test_14965,0.999999983610407
test_14966,0.9999995960529069
test_14967,8.88514860893238e-07
test_14968,9.6022746742677e-07
test_14969,8.727779273888842e-05
test_14970,1.0458920377100838e-07
test_14971,1.1604812470470066e-07
test_14972,0.9999990150951962
test_14973,8.036419697186292e-06
test_14974,0.9999998522996203
test_14975,0.9999528220612514
test_14976,3.232842371661448e-07
test_14977,1.8068955894973603e-07
test_14978,0.003713475386798281
test_14979,1.46603857504755e-07
test_14980,0.9997378349960896
test_14981,0.9094701974869952
test_14982,0.9883115418585956
test_14983,0.9977352562695262
test_14984,4.751166878246834e-07
test_14985,0.037481432056458236
test_14986,0.9999992279380167
test_14987,1.340495250868767e-05
test_14988,5.820239402052342e-07
test_14989,0.9999996556882762
test_14990,2.146172174040727e-06
test_14991,0.999507731046055
test_14992,0.9993410409133144
test_14993,0.999836286292486
test_14994,0.9633325558411919
test_14995,0.0033117388872954674
test_14996,0.9999606117372967
test_14997,5.1166309128776746e-05
test_14998,0.9999997152226452
test_14999,0.9994472623437692
test_15000,0.9999997268582661
test_15001,0.9999989272028846
test_15002,1.2851322421526535e-07
test_15003,1.0954984380970556e-05
test_15004,0.00035969678109253837
test_15005,1.0529793031976501e-05
test_15006,0.0005106376450647133
test_15007,0.0021621463851571486
test_15008,0.999589029268179
test_15009,0.00014336503635857718
test_15010,4.796459647386156e-05
test_15011,0.00029678992685998367
test_15012,1.544557159080744e-07
test_15013,0.9999997052338611
test_15014,0.9954532756795663
test_15015,0.9999973726901868
test_15016,9.365596807463523e-08
test_15017,0.0031325148297581887
test_15018,0.9999998766069828
test_15019,4.118859129945646e-06
test_15020,0.9994297999918581
test_15021,0.00542093257798439
test_15022,1.6989418372331783e-07
test_15023,0.9999995649131773
test_15024,0.9992017626288062
test_15025,4.973811670815617e-07
test_15026,1.8855566335458627e-05
test_15027,1.0401585899328558e-07
test_15028,0.0003698050273291959
test_15029,0.9999999095066869
test_15030,0.00011005432187377533
test_15031,6.366425896404391e-08
test_15032,6.425630518172499e-05
test_15033,6.53542328791397e-06
test_15034,0.9999998470649892
test_15035,0.99999956519266
test_15036,2.9742662163758864e-05
test_15037,7.386846245033351e-07
test_15038,0.9642719908984767
test_15039,4.795692611726503e-05
test_15040,0.9999951588779823
test_15041,2.5216177044264442e-05
test_15042,0.9999998141574221
test_15043,2.0689702564742774e-07
test_15044,0.9995245151870623
test_15045,0.01099911812580591
test_15046,1.5080356565794506e-07
test_15047,0.9999558479135959
test_15048,0.999999904542703
test_15049,0.9999980749256037
test_15050,0.999993873868128
test_15051,0.9999999138855545
test_15052,0.9802939390002441
test_15053,2.2552854003662214e-07
test_15054,1.167058568199983e-06
test_15055,6.520402798193576e-05
test_15056,0.9998394865895197
test_15057,0.9963990515036351
test_15058,0.033270941333046235
test_15059,0.9999468964173807
test_15060,0.00558198108640215
test_15061,0.9999998618217714
test_15062,0.9999734101593076
test_15063,0.9997675892637607
test_15064,4.485856535124754e-05
test_15065,0.9999995667255118
test_15066,0.004120830290121114
test_15067,0.0525100539586349
test_15068,0.6136415253537327
test_15069,3.828195653188562e-05
test_15070,0.9999986984114558
test_15071,8.238110971242969e-07
test_15072,0.9997678232430977
test_15073,0.0007245314169325163
test_15074,2.2305012421070932e-07
test_15075,4.050652784893825e-06
test_15076,0.9999996742585116
test_15077,0.9999948420473576
test_15078,0.0059012182587013205
test_15079,0.10012089280078264
test_15080,0.0006581463152388308
test_15081,0.9990955110788272
test_15082,0.9999989189002246
test_15083,0.9999999718723617
test_15084,0.9994043107890077
test_15085,0.9934492635756152
test_15086,0.003056352365549845
test_15087,0.9996232720087701
test_15088,0.9812972033268075
test_15089,9.35457842745024e-05
test_15090,0.0007100825612326698
test_15091,0.9999726966139606
test_15092,0.9999991534334071
test_15093,0.004494881740091986
test_15094,0.9999959686005665
test_15095,0.0001868825780830927
test_15096,0.0016613494328986285
test_15097,0.9999998894328892
test_15098,1.4216560498104523e-06
test_15099,0.99981649759775
test_15100,0.9996468481966554
test_15101,0.00010175665350362619
test_15102,0.9999997224492654
test_15103,4.407300557899702e-06
test_15104,0.9999982157754259
test_15105,0.9990218152258128
test_15106,0.9999995379686312
test_15107,0.00025230279329062426
test_15108,4.933896542507954e-07
test_15109,0.9018399474641048
test_15110,0.9999988263052924
test_15111,0.9999991067359245
test_15112,0.999999548717966
test_15113,0.9878019498924802
test_15114,0.9999999536059933
test_15115,0.9999996394106901
test_15116,0.9999999356787418
test_15117,0.9937165875910401
test_15118,0.9890561045261326
test_15119,1.3973525115319015e-07
test_15120,2.066343874607898e-05
test_15121,3.0292274206717185e-05
test_15122,0.004034729482592273
test_15123,0.00030412388576849116
test_15124,3.256843847740146e-05
test_15125,0.020932667216903452
test_15126,0.00014520387491201415
test_15127,0.9999487312049523
test_15128,3.0874959786833434e-05
test_15129,7.95572918857981e-06
test_15130,0.00014103845345005348
test_15131,0.054590019482886845
test_15132,8.146679273224588e-05
test_15133,0.9944861175013154
test_15134,0.9999991232970128
test_15135,0.9999998323847991
test_15136,0.9999992324328949
test_15137,0.20657889728419013
test_15138,0.9999997960829533
test_15139,8.232000059692742e-08
test_15140,9.39607111895294e-08
test_15141,0.9999999393137665
test_15142,0.9999999797974111
test_15143,0.008343402722260444
test_15144,3.074187577936523e-07
test_15145,0.9988947035394845
test_15146,0.9994275879901386
test_15147,5.076615204167248e-07
test_15148,0.007466316781956115
test_15149,0.00031626919088386063
test_15150,0.9995024254190608
test_15151,0.9999995872764065
test_15152,0.0001357669398533206
test_15153,6.977383957177651e-08
test_15154,0.9999997246785418
test_15155,7.060468799650481e-05
test_15156,0.00597542372827004
test_15157,0.9994910945214092
test_15158,0.0001464051888662354
test_15159,3.901142946354041e-06
test_15160,0.9999983683858945
test_15161,0.9992155124157581
test_15162,0.9999991574667579
test_15163,0.0001487968366527033
test_15164,0.9999995970418248
test_15165,2.623657067779642e-07
test_15166,3.7789919258838505e-06
test_15167,0.08822359230206749
test_15168,0.00028764340294777294
test_15169,3.257376874376399e-07
test_15170,0.0024525651929030367
test_15171,0.9999997001309413
test_15172,3.0966668900730206e-07
test_15173,8.687360421199028e-05
test_15174,3.538337368553895e-05
test_15175,0.9959748071532639
test_15176,0.9999995198100612
test_15177,3.3717698374812484e-05
test_15178,5.697926819567123e-07
test_15179,0.00802457432229955
test_15180,0.9999999227900369
test_15181,9.787678922369588e-08
test_15182,0.21665405588637704
test_15183,6.925161882535755e-07
test_15184,0.9933621839636768
test_15185,0.9999998792355106
test_15186,0.9999873550387893
test_15187,0.0008983703664016014
test_15188,0.9999999026431107
test_15189,0.9999675052078749
test_15190,1.7298080746703353e-05
test_15191,6.480331952775506e-07
test_15192,6.526565185154896e-07
test_15193,0.002394620701440015
test_15194,4.5921646623526885e-07
test_15195,1.6563122544790718e-05
test_15196,3.7615691604598682e-06
test_15197,0.9925349195898961
test_15198,4.720546200241069e-06
test_15199,0.00012383327016034766
test_15200,3.18855568572972e-06
test_15201,0.9998758865185176
test_15202,0.9999997340858965
test_15203,4.7184951657606745e-07
test_15204,0.9999970162298442
test_15205,0.9999929285073491
test_15206,0.9996775142345572
test_15207,0.9999713988601188
test_15208,8.63642555663802e-07
test_15209,6.960371072660036e-07
test_15210,0.0005524812658578104
test_15211,6.506884590013002e-06
test_15212,1.0031067785983713e-07
test_15213,0.9999996362890151
test_15214,0.9999992408589543
test_15215,0.9999995708822161
test_15216,0.9788050421394082
test_15217,4.935933099907359e-05
test_15218,0.9998514257227135
test_15219,0.9999993396434756
test_15220,0.0025974481375657843
test_15221,1.368511894645683e-07
test_15222,0.9999996383896022
test_15223,0.37442895849564584
test_15224,3.187921262758894e-06
test_15225,0.0007161341413382579
test_15226,0.02339321556902657
test_15227,8.452505868089363e-05
test_15228,0.999981442486027
test_15229,5.224983135074529e-07
test_15230,0.998697674773067
test_15231,0.9999685835869139
test_15232,0.0006794629044245833
test_15233,0.014341910522242408
test_15234,0.049567562264054295
test_15235,3.058202433938682e-07
test_15236,0.9994937854471259
test_15237,0.00039263851669339033
test_15238,0.9999998595641666
test_15239,0.00239319751522733
test_15240,0.9999989366988753
test_15241,0.02170350197140931
test_15242,0.00014641025342613726
test_15243,8.893043981794422e-06
test_15244,1.4151265322807632e-07
test_15245,0.9999996807274683
test_15246,6.281893326123246e-08
test_15247,0.9999997854530417
test_15248,0.9999833299350482
test_15249,0.6675530842758314
test_15250,0.9968224667828312
test_15251,0.9999998315595946
test_15252,0.999994021614813
test_15253,0.9999933244038459
test_15254,8.39124700140421e-08
test_15255,9.47742921209269e-05
test_15256,1.0113270902284724e-07
test_15257,0.9916909316658312
test_15258,8.350650224500714e-08
test_15259,0.0002688653658499
test_15260,0.9999995175809764
test_15261,0.9923008641451202
test_15262,0.9999929118550405
test_15263,0.9983179470904568
test_15264,9.414703541793401e-05
test_15265,0.0019838011323847523
test_15266,0.9999926879052813
test_15267,5.253595821038341e-07
test_15268,0.00010101235624350156
test_15269,0.999951950759693
test_15270,0.9961684667095012
test_15271,6.375493073965872e-05
test_15272,0.9999937181733185
test_15273,0.9963909808539405
test_15274,2.34700119262363e-06
test_15275,5.430025327078637e-08
test_15276,0.0011779829595909405
test_15277,6.155397806228951e-05
test_15278,0.9999698381823423
test_15279,0.9999990122054495
test_15280,0.9994364616916667
test_15281,1.007879666902193e-07
test_15282,0.9999998525739688
test_15283,0.9999104290522968
test_15284,0.25694657675175103
test_15285,2.668188954771469e-07
test_15286,0.9864128660904719
test_15287,0.9874581916795044
test_15288,0.00031868437844577923
test_15289,2.2121006758030564e-05
test_15290,0.9999721190327612
test_15291,0.00290939218755211
test_15292,0.06090917511399041
test_15293,2.7118289611177803e-05
test_15294,0.9983453307061029
test_15295,0.9941206375838718
test_15296,0.999983559246168
test_15297,0.9999961178326986
test_15298,5.379333327147914e-08
test_15299,0.0004240446659590431
test_15300,9.582688565308389e-08
test_15301,1.9777971352355332e-07
test_15302,1.4523415370347532e-06
test_15303,0.8820894639183725
test_15304,0.9988322038107709
test_15305,0.9969185238806697
test_15306,0.9999996662566178
test_15307,0.9999998422303398
test_15308,0.0012309034871295483
test_15309,0.9999999444939296
test_15310,6.786666576386457e-05
test_15311,0.00028807991123531854
test_15312,0.0003355367320719063
test_15313,3.353431235598331e-06
test_15314,0.47695468066870716
test_15315,0.999128880799642
test_15316,0.9977239378162472
test_15317,0.0013442671558835974
test_15318,1.188382933030195e-05
test_15319,5.301853490498371e-05
test_15320,0.0003651524428100439
test_15321,0.9999953808464388
test_15322,0.00038047261034623804
test_15323,0.9999986387310632
test_15324,0.9999981738327062
test_15325,0.9999999095596119
test_15326,0.9702640458810027
test_15327,0.9510309677550041
test_15328,0.018532315717639105
test_15329,0.9999789350412659
test_15330,6.281413452445407e-07
test_15331,0.9999998030895519
test_15332,0.9992586457635955
test_15333,3.503015879443941e-05
test_15334,0.9999212684884851
test_15335,5.043230877654002e-07
test_15336,0.9995006660173024
test_15337,0.9996967280404232
test_15338,6.66512128026177e-05
test_15339,0.7714659863870629
test_15340,0.999967326452937
test_15341,0.9999997825220306
test_15342,1.4875527854030674e-07
test_15343,9.311397947035651e-08
test_15344,0.999936658446927
test_15345,0.9856529591321684
test_15346,0.0009789990713954626
test_15347,0.9999990688508238
test_15348,0.010044318538995648
test_15349,0.9972096289948887
test_15350,4.3036429056746765e-07
test_15351,0.001677739246712004
test_15352,0.0006277262097424537
test_15353,0.9999996734701824
test_15354,0.9999543099973441
test_15355,0.9995731563356773
test_15356,0.00011193974173593195
test_15357,1.3058409377011983e-07
test_15358,0.03445949473713295
test_15359,0.999921697817132
test_15360,0.9999999814336614
test_15361,0.9999871970316748
test_15362,8.201777156979152e-07
test_15363,0.0005575879034167377
test_15364,0.9999997412144374
test_15365,2.2046181136323605e-06
test_15366,0.17002061105316957
test_15367,0.9999998358122161
test_15368,0.9989294750246644
test_15369,0.9994300584625379
test_15370,3.401390470748908e-06
test_15371,0.044036243722534646
test_15372,1.2064615258699593e-07
test_15373,0.0020315551771495186
test_15374,0.9999862836026634
test_15375,6.909438176953222e-07
test_15376,0.9999966418561155
test_15377,0.9999995908621397
test_15378,0.9986927408459118
test_15379,0.9999998425247877
test_15380,0.9999988833151652
test_15381,0.9999963988399995
test_15382,0.0013779763839294
test_15383,1.7066335178094548e-07
test_15384,0.001696843707104022
test_15385,0.0040184345913608956
test_15386,0.9990833310507178
test_15387,0.999999834810751
test_15388,0.9999998265215516
test_15389,0.9997128637799295
test_15390,0.0004177275611138547
test_15391,0.9998729319546668
test_15392,0.015113998279433896
test_15393,0.9997216154327769
test_15394,0.004646151006284801
test_15395,0.9999999522995795
test_15396,4.239951281916707e-05
test_15397,0.9999996996986746
test_15398,0.9998135550608698
test_15399,0.06231372053138548
test_15400,0.9999907027983675
test_15401,0.0003939190717942166
test_15402,0.9166928356578022
test_15403,0.009103465126286885
test_15404,0.02477740899218177
test_15405,0.999999032731068
test_15406,0.17786626740867442
test_15407,0.9999998799517011
test_15408,0.46828986274409773
test_15409,0.9980433626290118
test_15410,0.9938073287911631
test_15411,0.9600723622319812
test_15412,0.9991536749020672
test_15413,0.999956310738534
test_15414,0.9999999237758295
test_15415,0.997616317472999
test_15416,0.0024403574391539833
test_15417,0.9998810090804842
test_15418,0.9999875223111389
test_15419,0.9528756804984612
test_15420,0.9999988644858353
test_15421,0.9999771734328391
test_15422,0.004788794611906966
test_15423,0.003995766000540481
test_15424,0.9999994704691555
test_15425,0.9999998825233753
test_15426,0.9991606270063367
test_15427,0.9999998623268086
test_15428,0.9999963869772808
test_15429,0.9999996491049715
test_15430,0.9999993354908291
test_15431,0.9999142443865368
test_15432,9.064293990596636e-06
test_15433,0.006180593803245469
test_15434,0.998712371815869
test_15435,0.9999991397063046
test_15436,4.053470429110943e-08
test_15437,0.9995216963285388
test_15438,2.444160715431355e-06
test_15439,0.9999993438214907
test_15440,0.00011267677142992161
test_15441,0.9979657870267574
test_15442,0.0007385887868476558
test_15443,0.0019784441380379194
test_15444,1.8576984606898078e-05
test_15445,0.9999998384410101
test_15446,0.9999998383899277
test_15447,0.0005260168672641503
test_15448,0.9984672949248596
test_15449,3.453657231237372e-05
test_15450,0.9999657112356721
test_15451,3.995157643860466e-05
test_15452,0.9999995332598495
test_15453,0.9917784806593006
test_15454,0.02374489916111331
test_15455,0.9999995984402321
test_15456,0.9999989768929203
test_15457,0.005705001267352629
test_15458,1.9227256568474613e-06
test_15459,0.0012630765618719315
test_15460,0.9788960232807076
test_15461,0.9928072088259895
test_15462,0.9845458264791896
test_15463,2.835127196493691e-05
test_15464,2.2164057235019783e-07
test_15465,0.9999980968515603
test_15466,0.9996928670109695
test_15467,1.9046476146630717e-06
test_15468,0.9999998378998177
test_15469,0.005617888487596012
test_15470,0.9879321380811743
test_15471,0.00022069215666775302
test_15472,0.00012186693221973159
test_15473,7.5831754845483286e-06
test_15474,1.7500047618933788e-06
test_15475,0.012848551857631266
test_15476,0.00017519068954227737
test_15477,0.9999995860627872
test_15478,0.9999999339644031
test_15479,0.9997782958108702
test_15480,0.9934645575104543
test_15481,0.9999999135830374
test_15482,7.402663693212007e-07
test_15483,0.9991519359978253
test_15484,0.000453920877513143
test_15485,0.9999992768313651
test_15486,0.025366091149479693
test_15487,5.748193291449541e-06
test_15488,0.00877014462259017
test_15489,7.832615746379281e-07
test_15490,4.336002173531187e-07
test_15491,1.424552953039513e-07
test_15492,0.9998580673879315
test_15493,7.451600414084303e-07
test_15494,0.9990809283455504
test_15495,0.011180755301410817
test_15496,1.0736607189038998e-06
test_15497,0.9999985729757379
test_15498,0.9999795333184098
test_15499,0.9999999130487278
test_15500,2.6340941708541256e-08
test_15501,0.9997274077789853
test_15502,0.9999997770628544
test_15503,0.999998224424164
test_15504,0.9999738289972647
test_15505,0.9999967322004746
test_15506,0.9974298756544183
test_15507,0.0014688941339864447
test_15508,0.9998826011895099
test_15509,8.497022721674983e-05
test_15510,0.005004430314640476
test_15511,0.9999992297793757
test_15512,0.00029653354677058256
test_15513,0.9389574924009386
test_15514,0.9998151546780636
test_15515,0.9999991775885382
test_15516,0.99951861814092
test_15517,0.00032685752795189266
test_15518,2.6894371600490835e-07
test_15519,0.9999998086402933
test_15520,5.135413096086003e-07
test_15521,0.9999741047762966
test_15522,0.997231723843369
test_15523,2.6444733109900016e-05
test_15524,1.6353242093026003e-05
test_15525,1.320374072054354e-07
test_15526,0.9999999450756264
test_15527,0.9998424365178094
test_15528,0.00036604732401639074
test_15529,8.600205002896902e-07
test_15530,0.9990571871307559
test_15531,2.060288555971889e-05
test_15532,2.427283842459196e-06
test_15533,0.0003400019794117851
test_15534,4.262901626461987e-08
test_15535,2.349005626485925e-08
test_15536,8.975261127576959e-05
test_15537,0.999106106925752
test_15538,0.9692410750138195
test_15539,2.6009021932246613e-07
test_15540,3.212735261497771e-05
test_15541,0.9999673297629192
test_15542,1.0418983477284434e-06
test_15543,0.011146656919717583
test_15544,0.9988393640370704
test_15545,0.8064228111540179
test_15546,4.063721196968788e-07
test_15547,8.460979278342341e-08
test_15548,0.0001449979495025221
test_15549,2.3122647427627245e-06
test_15550,0.9880298081897113
test_15551,1.481005868308419e-05
test_15552,0.0004811923591816317
test_15553,0.9999993765426901
test_15554,3.992671671352113e-06
test_15555,0.9947063495685841
test_15556,0.999999236175022
test_15557,8.570310383567895e-08
test_15558,0.0001513716866426352
test_15559,0.014354530876994386
test_15560,0.9999949139419803
test_15561,0.9975284685329346
test_15562,0.9995495031571467
test_15563,0.9997431696478261
test_15564,1.235642985535613e-07
test_15565,4.78187747172644e-06
test_15566,0.9999890831964374
test_15567,9.011959305245065e-05
test_15568,0.9998531643800076
test_15569,0.00026740351209552943
test_15570,0.9986151054384352
test_15571,0.7246732273425053
test_15572,0.0007754407913407549
test_15573,0.9999901587348083
test_15574,0.9999026350692729
test_15575,2.3816861632755514e-07
test_15576,0.9999991082239604
test_15577,0.997612408919781
test_15578,0.9969734697279606
test_15579,0.9984718976691496
test_15580,0.9999920383100015
test_15581,1.2290291510872398e-05
test_15582,0.989699784494342
test_15583,6.831853289855689e-06
test_15584,3.51022443602426e-05
test_15585,0.9999999188720857
test_15586,0.9939149460554297
test_15587,0.019479371722313527
test_15588,0.9999959786993285
test_15589,0.9962022961346437
test_15590,1.1244145987614366e-07
test_15591,4.291963667537964e-05
test_15592,0.9986237279378326
test_15593,0.9999999111888097
test_15594,0.9935783966266697
test_15595,0.0037906937456589004
test_15596,0.999995090580623
test_15597,0.9965234426659196
test_15598,0.984797763076778
test_15599,0.00041592006068113754
test_15600,8.607786153821653e-06
test_15601,0.9999997814628327
test_15602,2.052670919018095e-05
test_15603,0.0010387622259041475
test_15604,0.01746976942535341
test_15605,0.0012249171207750873
test_15606,0.9880260505824792
test_15607,0.9992040764245119
test_15608,0.0004682395561958447
test_15609,0.999515745613844
test_15610,0.9001788832403415
test_15611,0.9888741434403002
test_15612,0.999999727975588
test_15613,0.9999985754432091
test_15614,0.03744236238977365
test_15615,0.21013940883382756
test_15616,1.1750072033646268e-07
test_15617,0.9999963432539817
test_15618,8.786293279355912e-07
test_15619,0.9999993989634268
test_15620,8.107226835603417e-08
test_15621,0.9999998410290154
test_15622,6.610162276971111e-05
test_15623,0.0030898022928873303
test_15624,1.1557008290851687e-06
test_15625,1.8597411774235915e-07
test_15626,0.9999868289711583
test_15627,0.9999998338344346
test_15628,0.001301226496675807
test_15629,2.633349865681885e-06
test_15630,8.384592835996376e-07
test_15631,0.9999989313914788
test_15632,0.998430786975606
test_15633,0.999094585418877
test_15634,9.497053693056831e-08
test_15635,1.3147114479583815e-05
test_15636,0.9998794103051987
test_15637,0.9999722182477322
test_15638,0.9999998846105884
test_15639,0.013638858382386045
test_15640,0.9999998223400872
test_15641,0.9965537052213743
test_15642,0.9974842150303728
test_15643,0.999999606965502
test_15644,0.0025453576711702113
test_15645,0.9999495242310277
test_15646,0.9999999514156003
test_15647,1.4892573590686734e-07
test_15648,0.2996433136486756
test_15649,0.0003789840804390259
test_15650,0.999996963799007
test_15651,0.0002005779944308973
test_15652,0.9999994507370781
test_15653,5.6589030827366975e-05
test_15654,0.9999994150985988
test_15655,0.13321525482886104
test_15656,0.994513063194996
test_15657,0.5443068860354702
test_15658,0.9999998196903145
test_15659,0.0034502199540862796
test_15660,0.008231990972596458
test_15661,3.117374426240682e-07
test_15662,0.0001925236655224123
test_15663,0.9959866782744878
test_15664,1.0194535128970654e-07
test_15665,0.9999991850974251
test_15666,0.999999928830205
test_15667,0.000302856771155921
test_15668,0.9999995622051043
test_15669,0.9999999564525196
test_15670,0.0038615725430214015
test_15671,0.9582416682150425
test_15672,0.9999703834691286
test_15673,0.00045137472295154167
test_15674,0.027983296548227562
test_15675,0.9999998744094531
test_15676,7.27085707349992e-05
test_15677,4.817938185915055e-07
test_15678,0.9999273444377271
test_15679,0.9997484439245434
test_15680,0.9984582963335058
test_15681,8.192572464110462e-05
test_15682,0.00808430975722873
test_15683,3.9555253907370765e-05
test_15684,0.9999934683877308
test_15685,1.817917357190884e-07
test_15686,0.9891534041108255
test_15687,0.9998142348549306
test_15688,0.9989623440657676
test_15689,0.002618980472256287
test_15690,0.0008073307927495372
test_15691,3.0006122985506643e-05
test_15692,3.368693502639516e-05
test_15693,0.9997862013645279
test_15694,2.229535525464221e-05
test_15695,0.0038238515447952316
test_15696,0.9999974563669233
test_15697,0.9999991464195811
test_15698,5.553104501979454e-08
test_15699,0.9989529012242475
test_15700,6.64732730633194e-08
test_15701,0.9971623028720819
test_15702,0.9998425775974751
test_15703,0.9882901735290472
test_15704,1.445702704461789e-07
test_15705,1.7394019113222305e-06
test_15706,0.9999199413810863
test_15707,0.9999998552110193
test_15708,0.006935766666688883
test_15709,0.9999996713829572
test_15710,0.9999999210320769
test_15711,0.9999999470662527
test_15712,2.1002123620024196e-07
test_15713,0.9998992900820649
test_15714,0.002762019390481582
test_15715,0.9998330887199993
test_15716,9.748871056660285e-07
test_15717,0.0019395234463102655
test_15718,0.9999531936537215
test_15719,0.0004805145955996291
test_15720,0.9999995578609574
test_15721,0.9998666660386081
test_15722,0.9999996744530407
test_15723,0.9999995240060683
test_15724,0.9999998906843779
test_15725,0.9989559383145169
test_15726,0.9999608013609551
test_15727,0.17074995892833786
test_15728,1.6758697925014573e-06
test_15729,7.607643764774207e-06
test_15730,0.0007834501064308242
test_15731,1.6555550519660123e-07
test_15732,0.9898753381947653
test_15733,0.9999375523391658
test_15734,1.8226275011391933e-07
test_15735,0.0002798999019900683
test_15736,8.779678339764143e-08
test_15737,0.9992190575417226
test_15738,1.1646335983147123e-06
test_15739,0.9992601204451271
test_15740,2.2001096825299316e-07
test_15741,0.9999487754797902
test_15742,0.9999102060519506
test_15743,0.9999996420930264
test_15744,3.7946329196285485e-05
test_15745,0.990267183920645
test_15746,0.9999998299729291
test_15747,0.9999998615666775
test_15748,0.0008535842054448998
test_15749,0.9999999101061497
test_15750,0.998879464378765
test_15751,0.9999997143724421
test_15752,0.9737661886131092
test_15753,0.9668784651820059
test_15754,6.117771566146507e-08
test_15755,0.9999996940646466
test_15756,9.051735931248093e-08
test_15757,0.9999998605133164
test_15758,0.9865005399918235
test_15759,0.0012633223836649515
test_15760,0.9998790404088799
test_15761,0.9999985434884586
test_15762,0.9828502991268254
test_15763,0.041420906769256166
test_15764,0.9999998166294047
test_15765,0.9996105072076643
test_15766,0.0013004373543359178
test_15767,0.9999967960205924
test_15768,0.0001542920676728822
test_15769,3.422356294795471e-07
test_15770,0.999998057861214
test_15771,6.508942290454984e-05
test_15772,0.9525478496566548
test_15773,3.6704644169515e-08
test_15774,0.9999990109508904
test_15775,0.9999994577161856
test_15776,6.864276235513622e-08
test_15777,5.321445066234803e-07
test_15778,0.0015186972042425236
test_15779,4.931894882469997e-08
test_15780,1.224436590002246e-06
test_15781,0.0006337205516442872
test_15782,0.9654690226462754
test_15783,0.999999812451707
test_15784,0.0028823449174717377
test_15785,0.05482069830177177
test_15786,0.998550681320952
test_15787,4.541567786693534e-05
test_15788,2.0134696994816696e-07
test_15789,3.485148967644896e-07
test_15790,0.999952938099659
test_15791,0.003849969389765906
test_15792,0.9975596628966006
test_15793,0.9987459400240725
test_15794,0.9999779577261708
test_15795,3.3359128625247176e-05
test_15796,0.0007148359006713472
test_15797,9.416920150595821e-07
test_15798,6.225907690912046e-05
test_15799,1.3133936219851066e-06
test_15800,0.9986157662137406
test_15801,0.9999994289548612
test_15802,0.008057294472973075
test_15803,1.4996523901485911e-05
test_15804,3.0842400874560836e-07
test_15805,0.9999979940519593
test_15806,0.0015419839496899309
test_15807,0.9999963114079233
test_15808,0.9696493428245291
test_15809,0.9989419330458571
test_15810,0.00010778102973560835
test_15811,0.9999988380044924
test_15812,0.0016872400478887518
test_15813,0.9999636360701712
test_15814,0.014403473223653667
test_15815,1.3720966672139872e-07
test_15816,0.9999989616197986
test_15817,3.4780753361152665e-06
test_15818,0.00046046635359110543
test_15819,0.9999995834920864
test_15820,7.880100055153593e-05
test_15821,0.9999993341477501
test_15822,0.9830335219757864
test_15823,1.3092042646741105e-05
test_15824,0.9912189161541703
test_15825,0.04197026525994345
test_15826,2.524830742577518e-06
test_15827,0.9999977863671693
test_15828,0.9999872168119488
test_15829,0.9888977153188792
test_15830,8.975810799791835e-08
test_15831,0.0005603270494792008
test_15832,0.9999999390909472
test_15833,0.9990247313996115
test_15834,0.03535136362443892
test_15835,7.719736536602032e-07
test_15836,0.9999980541693461
test_15837,0.9999995081694549
test_15838,1.3560694223279349e-07
test_15839,0.9999998702182944
test_15840,0.999999608342244
test_15841,3.0780690192922265e-05
test_15842,0.9999462885712346
test_15843,0.015094676333036261
test_15844,0.00026193484157437547
test_15845,0.9982285728525703
test_15846,0.05574721178114164
test_15847,8.480903770114354e-08
test_15848,0.002325495351764756
test_15849,0.9400191019261711
test_15850,3.5010622586240566e-07
test_15851,0.9973678528515522
test_15852,2.1677005523873675e-07
test_15853,0.9999995076073782
test_15854,0.9999965117615695
test_15855,0.9999990589388049
test_15856,0.9890729701701328
test_15857,3.1420129845101394e-05
test_15858,0.97549958794633
test_15859,0.999999894768336
test_15860,1.7263684626171657e-08
test_15861,0.9997779512114153
test_15862,0.002118216231060084
test_15863,0.9985035044508995
test_15864,0.9999996985862634
test_15865,0.9999999545678285
test_15866,0.9999998822500792
test_15867,0.9999999628627123
test_15868,0.9999818513482815
test_15869,0.013091108464173055
test_15870,0.0017517614132179123
test_15871,0.9979512689159784
test_15872,3.331230028726446e-06
test_15873,3.867503131151956e-07
test_15874,0.005229517733186305
test_15875,4.947801174548912e-08
test_15876,0.0008116941090449214
test_15877,4.4673152140606676e-08
test_15878,0.9861638192757618
test_15879,0.5650105733386491
test_15880,0.0005351919566579001
test_15881,8.439207765743571e-06
test_15882,0.9994880280293816
test_15883,0.004052792640261711
test_15884,0.9999905071543946
test_15885,0.9999017520594619
test_15886,0.00019747391634034194
test_15887,0.9999962406719701
test_15888,0.6917286091414793
test_15889,0.5767599111517034
test_15890,0.7022464793034366
test_15891,0.010201780773918563
test_15892,0.999993585716012
test_15893,7.217456293392436e-08
test_15894,3.682473131583967e-07
test_15895,0.9999769850263673
test_15896,0.9999982041927331
test_15897,0.9989525746403511
test_15898,0.9999829552588065
test_15899,4.014186638095714e-06
test_15900,0.9937657489151482
test_15901,0.9997400787864839
test_15902,7.778454692269066e-07
test_15903,0.9201790845353564
test_15904,8.266185030466476e-07
test_15905,0.9990292186831652
test_15906,9.888750236497938e-08
test_15907,0.999999862238795
test_15908,1.9618146763180836e-05
test_15909,0.9999993228142129
test_15910,0.9907540151534191
test_15911,2.8989517373920256e-07
test_15912,0.9998289204922483
test_15913,0.99999888301628
test_15914,0.999923025821339
test_15915,2.2936683079415698e-07
test_15916,5.517117744718819e-05
test_15917,0.0001892921803358832
test_15918,2.31696274283227e-07
test_15919,0.9999994648839582
test_15920,0.9736718351759825
test_15921,0.9984395739852715
test_15922,0.0007011020042393805
test_15923,0.9995614251158181
test_15924,0.002514730457590282
test_15925,3.644257926169817e-05
test_15926,0.9997059577179909
test_15927,0.9999999198601286
test_15928,0.9985099238810387
test_15929,0.9999882230702886
test_15930,2.899211015588815e-05
test_15931,6.326198711366163e-05
test_15932,0.9896012263655811
test_15933,0.9998099773100131
test_15934,0.0009259430025031335
test_15935,0.9999999491085284
test_15936,0.008662241163853338
test_15937,0.9999935568572902
test_15938,0.9999590137890843
test_15939,0.9994107109524731
test_15940,0.4517120595902452
test_15941,0.9999994696063579
test_15942,9.042480437455726e-08
test_15943,0.9999839835003947
test_15944,1.9716537329424126e-07
test_15945,0.9997367664454433
test_15946,0.0066306391253276925
test_15947,1.2156764593334217e-06
test_15948,0.9999621333714388
test_15949,0.9999996638544575
test_15950,9.325586959246334e-07
test_15951,4.337832057959512e-05
test_15952,0.9951200585828958
test_15953,0.0003458068971653653
test_15954,0.9999987066335277
test_15955,0.00027946314461235863
test_15956,1.9656032940414637e-06
test_15957,7.429084298472765e-06
test_15958,0.9867626377334857
test_15959,0.9999626473703549
test_15960,2.8641288005544344e-06
test_15961,0.9999995741062313
test_15962,0.9984284613940206
test_15963,0.11093086130288754
test_15964,0.9998678668492341
test_15965,7.182861920547328e-07
test_15966,0.9990839631511078
test_15967,0.0011418683160223854
test_15968,0.02194917739986517
test_15969,0.4672395150301001
test_15970,0.9989198005010373
test_15971,1.0936067245286113e-05
test_15972,8.321804904959992e-06
test_15973,0.007248060529162035
test_15974,0.0228426044698886
test_15975,0.00033072633854467986
test_15976,0.9942540858519869
test_15977,0.5476059854181853
test_15978,0.9958436544112818
test_15979,0.9943696183019097
test_15980,0.008611225989486554
test_15981,0.9999999814546036
test_15982,2.3749936030001807e-07
test_15983,0.999999689719934
test_15984,0.9994048899799781
test_15985,8.572330256910302e-08
test_15986,1.1827798186119523e-06
test_15987,1.79683004452267e-07
test_15988,0.9992814794056736
test_15989,4.438230857868507e-05
test_15990,0.9999991773908442
test_15991,0.9999986555259959
test_15992,1.3794659726157717e-07
test_15993,0.9997415094778982
test_15994,0.00018231339933228209
test_15995,0.9925050897670615
test_15996,0.007095415564101142
test_15997,0.002769225517875615
test_15998,4.6659834857586334e-07
test_15999,0.9999998876009588
test_16000,0.0001564641972197136
test_16001,0.00025662801928190643
test_16002,4.433711661759604e-05
test_16003,0.8475760150805396
test_16004,2.714390343673499e-05
test_16005,8.563800935404865e-07
test_16006,0.01032303690369151
test_16007,0.998820476211446
test_16008,0.0066230802734384125
test_16009,8.166516839516395e-05
test_16010,0.9999972853406098
test_16011,0.001630190319857136
test_16012,2.1438147619638377e-07
test_16013,0.9992228181117231
test_16014,2.020992636548888e-07
test_16015,6.430549013935091e-07
test_16016,0.03936043555706163
test_16017,1.8495175703941158e-06
test_16018,0.999958706314035
test_16019,1.1074953359112845e-06
test_16020,0.9999979669199236
test_16021,0.9999999423656598
test_16022,0.9999996532016423
test_16023,0.00018780540838176616
test_16024,6.250986438292425e-05
test_16025,0.0014615376131432603
test_16026,0.9998241787563563
test_16027,0.9999994732368086
test_16028,1.6184182203807907e-06
test_16029,2.2758401696724475e-07
test_16030,5.45856383458391e-07
test_16031,0.0022560568278139287
test_16032,0.9999991159607954
test_16033,3.735365738032305e-08
test_16034,0.9999999667084063
test_16035,5.337383909195836e-05
test_16036,2.984781779589689e-08
test_16037,1.93099361584059e-06
test_16038,2.246991274609593e-05
test_16039,0.008333691777074239
test_16040,2.255047604087657e-08
test_16041,0.9999999065922164
test_16042,0.9999989092578812
test_16043,0.9996719219835748
test_16044,0.9999960900118966
test_16045,0.9999988452377987
test_16046,0.0009210199658008735
test_16047,0.025193027330917696
test_16048,0.999800732236301
test_16049,0.0002474891578718801
test_16050,0.9997131462591433
test_16051,0.9994049704378062
test_16052,1.2385066674817556e-05
test_16053,0.9988464088132676
test_16054,2.4169492451343164e-05
test_16055,4.1393534070489834e-08
test_16056,0.7081655073553945
test_16057,0.9999998910159246
test_16058,0.005176800761559008
test_16059,0.9999921986140806
test_16060,0.9984718782346791
test_16061,0.9943522474311542
test_16062,4.756276153832923e-07
test_16063,0.9836507270540087
test_16064,0.999999804820776
test_16065,0.9999682075374587
test_16066,0.9995242708595642
test_16067,0.9999737408538731
test_16068,1.5523771193829055e-06
test_16069,0.00016622677208623783
test_16070,0.05845982578666335
test_16071,0.9999995610390666
test_16072,0.9999997524413569
test_16073,3.738214912330954e-08
test_16074,9.257229117808833e-06
test_16075,0.999999556368682
test_16076,0.8470890025813284
test_16077,0.9998299050149452
test_16078,0.9996361071637463
test_16079,0.9971937238915642
test_16080,0.9995598019419447
test_16081,0.9999983403138307
test_16082,0.9999986441279379
test_16083,0.010163314343383186
test_16084,2.4852097804279804e-07
test_16085,2.2935594335880317e-07
test_16086,0.9999996470836165
test_16087,0.9982979510491993
test_16088,0.9967025049663204
test_16089,0.0017970718736116003
test_16090,2.155199930220571e-06
test_16091,0.9999293120457998
test_16092,0.005243035291003842
test_16093,0.11703222240745059
test_16094,0.9999999491145227
test_16095,0.9999973509371565
test_16096,0.999971046584784
test_16097,0.0005002084465318324
test_16098,0.9874860284705133
test_16099,0.9974484851016974
test_16100,7.961950808503136e-08
test_16101,4.767956068191319e-06
test_16102,0.9999999077649097
test_16103,0.001120794198035992
test_16104,0.0641266983281215
test_16105,0.9482067802250091
test_16106,0.9999988180911903
test_16107,0.9999998923443125
test_16108,1.1661773786774129e-05
test_16109,0.9999998675016275
test_16110,2.61209584345337e-07
test_16111,0.9999985383276901
test_16112,0.9999999594840735
test_16113,0.9998171122988235
test_16114,0.9880008575910108
test_16115,8.064904112580242e-05
test_16116,8.461932462953664e-06
test_16117,0.9999999513270116
test_16118,0.9997339193632563
test_16119,0.9611649071010653
test_16120,0.0002089540936901083
test_16121,0.9992444922086031
test_16122,2.0379685368593777e-07
test_16123,0.9998008863067219
test_16124,0.9995997059280364
test_16125,0.9982071261078963
test_16126,0.00802722163473664
test_16127,0.9999133942322164
test_16128,2.0993113565175092e-06
test_16129,5.4036297354065133e-05
test_16130,0.9999993922712777
test_16131,5.879930520933051e-07
test_16132,0.9998905253043492
test_16133,0.001146111485858034
test_16134,0.9815623940268398
test_16135,0.999999928937147
test_16136,0.999999952875188
test_16137,0.999988059799784
test_16138,0.9631665873296653
test_16139,0.9973770414100228
test_16140,7.948308366241013e-05
test_16141,1.561506735973778e-07
test_16142,8.320776027830936e-05
test_16143,0.9999923872322584
test_16144,0.9877291982303095
test_16145,0.00027836771386330756
test_16146,5.977239016415418e-08
test_16147,0.0222562143259977
test_16148,0.00020029055115446473
test_16149,8.080548807965476e-05
test_16150,0.980158823360823
test_16151,0.9999992810198199
test_16152,2.2710222030472518e-07
test_16153,0.999999485465937
test_16154,9.209147532545369e-06
test_16155,0.9999795418372519
test_16156,0.9999997597760797
test_16157,0.034418623290130644
test_16158,1.8244322561135732e-07
test_16159,0.048572260267019475
test_16160,0.21207761349859947
test_16161,0.9992142572866184
test_16162,0.998930536797576
test_16163,1.4292056585929174e-05
test_16164,0.04739474095033742
test_16165,2.9303484395349563e-07
test_16166,7.515680892987684e-05
test_16167,0.03470222451239993
test_16168,1.666750887942396e-07
test_16169,0.9999619039587828
test_16170,0.9999998429178962
test_16171,0.012270773808424567
test_16172,1.245118737143286e-06
test_16173,0.9995749186086391
test_16174,0.00025661033006729814
test_16175,0.989598385193121
test_16176,0.0002627859718644883
test_16177,6.043977080542759e-07
test_16178,2.9339128162473545e-08
test_16179,1.1578644732860366e-06
test_16180,0.0026609022166772097
test_16181,0.9999999731368774
test_16182,0.00019830614942058466
test_16183,1.0598359236840355e-07
test_16184,0.9964141119920821
test_16185,0.9999995250869551
test_16186,0.01692731554928398
test_16187,1.9657421332205252e-07
test_16188,0.000999347274472126
test_16189,0.9999082257903608
test_16190,0.10229248782512121
test_16191,0.003925804594993405
test_16192,0.9995921154097679
test_16193,0.9999999595832293
test_16194,4.349437361839256e-05
test_16195,0.9999998269291677
test_16196,6.242686376449736e-07
test_16197,0.9999990388740022
test_16198,4.193041274243107e-08
test_16199,0.9997994514386592
test_16200,0.3083695427793362
test_16201,8.86209059188162e-08
test_16202,0.9999997897847202
test_16203,0.9999968289485853
test_16204,0.9999678049456079
test_16205,0.999227970406414
test_16206,0.9999999799982324
test_16207,0.9999715454449061
test_16208,0.0009499159737308833
test_16209,0.0027674486355078855
test_16210,0.9999998074102361
test_16211,0.999999951008492
test_16212,0.9999671606589027
test_16213,0.9999998149921616
test_16214,9.848492235921295e-06
test_16215,0.07774944727343161
test_16216,0.9999392493459754
test_16217,3.49224678663111e-05
test_16218,0.999999654530512
test_16219,0.9998406522094526
test_16220,0.999996733636589
test_16221,0.9988293564240263
test_16222,0.9999988667330377
test_16223,0.9493563026124202
test_16224,0.9999999365991767
test_16225,0.9636763760194395
test_16226,0.9999757548817034
test_16227,1.0065138517978633e-06
test_16228,0.004683690792586992
test_16229,0.9997047013476471
test_16230,0.9993195218194695
test_16231,0.9999727288972251
test_16232,0.0002929984810619498
test_16233,2.3013500377985995e-07
test_16234,0.99214802373032
test_16235,0.9972229073790755
test_16236,9.548739424123637e-05
test_16237,0.9999998596181743
test_16238,0.0011251793597815583
test_16239,9.398732324936917e-06
test_16240,0.9952578070457577
test_16241,0.0017269385953205185
test_16242,0.00024300823999432814
test_16243,0.9999597764846847
test_16244,0.02926067484193959
test_16245,0.9999967161870277
test_16246,0.9936331419114035
test_16247,6.138238247357628e-08
test_16248,0.9999879531246004
test_16249,5.657682299663457e-08
test_16250,0.9997476638174767
test_16251,0.9974172989416984
test_16252,0.00010896536802755347
test_16253,0.9999953327506218
test_16254,0.998669532944596
test_16255,0.019769039518805914
test_16256,0.0019532069099651014
test_16257,0.02929119073534883
test_16258,1.659270143324281e-07
test_16259,0.9999993067925985
test_16260,0.9688166659989839
test_16261,0.9999994275152397
test_16262,0.9999955588409497
test_16263,0.9845628083785097
test_16264,4.1212516428821075e-07
test_16265,0.9999995197638646
test_16266,0.9999997628143787
test_16267,0.0008224462408977502
test_16268,0.9999999732805882
test_16269,5.060202256087143e-07
test_16270,0.9981827182009624
test_16271,0.9999116756051067
test_16272,0.9999577725332836
test_16273,0.9998508706012064
test_16274,0.9999509595476961
test_16275,5.225244389818593e-08
test_16276,0.00023041046049504036
test_16277,0.9996966340578683
test_16278,0.00030001563429798094
test_16279,0.00011002064899154889
test_16280,0.9966211316629742
test_16281,0.9999998586307621
test_16282,0.9999997777029631
test_16283,9.261678184619584e-08
test_16284,0.005444027137767311
test_16285,0.9992706217286651
test_16286,0.0007372580512090066
test_16287,0.999936597201573
test_16288,9.855141999057393e-08
test_16289,0.9999046043548845
test_16290,5.307317097035303e-07
test_16291,0.9999982284545554
test_16292,0.9941324007455031
test_16293,0.9999954295250011
test_16294,6.967782228577813e-07
test_16295,0.9994995438857451
test_16296,6.0424887802596e-07
test_16297,0.999999266925454
test_16298,0.9963008912315462
test_16299,0.9976270466928353
test_16300,6.291662715151004e-07
test_16301,9.330273859641374e-08
test_16302,0.00020612018287658167
test_16303,0.999999891864139
test_16304,1.1947351085636166e-06
test_16305,0.9999992562302839
test_16306,0.9783395274873251
test_16307,0.9999997922624057
test_16308,0.9999998429295422
test_16309,0.9997925101177371
test_16310,3.588537726742165e-05
test_16311,0.9998221276892557
test_16312,2.2769192859862783e-07
test_16313,2.659913007442632e-07
test_16314,0.99999991863488
test_16315,0.004138900987840072
test_16316,0.9974715344881631
test_16317,0.9999983613991292
test_16318,0.9999996649765307
test_16319,4.059035584472711e-08
test_16320,0.99999982846984
test_16321,0.9999874768837588
test_16322,0.002658028185169343
test_16323,3.048558349321686e-07
test_16324,0.9999991953882902
test_16325,0.988360641966123
test_16326,0.9999966412325759
test_16327,6.495328434200629e-07
test_16328,1.4790676593286518e-06
test_16329,1.2513738093278595e-06
test_16330,0.9990871075059414
test_16331,9.475389701115375e-06
test_16332,0.9465991134349918
test_16333,0.003834767095552752
test_16334,0.9999998411300551
test_16335,0.9999999227115444
test_16336,3.9158737306851356e-05
test_16337,0.9860359672868425
test_16338,0.9999947928253234
test_16339,0.9992013819630706
test_16340,0.9999996687025633
test_16341,0.9999935377909792
test_16342,0.9991788629850147
test_16343,0.9904337050215831
test_16344,0.9998204345448359
test_16345,1.6873980492152882e-06
test_16346,0.9987432189741265
test_16347,9.183304030565564e-08
test_16348,0.9999503491806753
test_16349,0.9999995192455111
test_16350,0.9852840053719745
test_16351,0.1591031191477896
test_16352,1.2872655658651006e-07
test_16353,0.998516375323648
test_16354,2.4550740515032588e-05
test_16355,0.9999991323809352
test_16356,0.0257762587363977
test_16357,1.3056180473922973e-05
test_16358,0.001095852047721287
test_16359,0.9995425842396263
test_16360,3.3151158862704036e-07
test_16361,5.69608315911369e-07
test_16362,0.9997138756463623
test_16363,0.9859305175792435
test_16364,0.0010145300601805108
test_16365,0.9998404102287991
test_16366,6.545980016515793e-05
test_16367,0.9999989661780061
test_16368,2.7683604429323654e-07
test_16369,0.00017157763559732625
test_16370,4.771921688036455e-08
test_16371,0.9678637505605302
test_16372,0.9999999509346869
test_16373,0.9999976685879629
test_16374,2.006087938745458e-07
test_16375,0.9996430136253351
test_16376,0.9999982982888033
test_16377,0.9999997349575894
test_16378,0.9999373337117097
test_16379,0.0008321371264424216
test_16380,1.6853827089400884e-07
test_16381,0.0011087461815098324
test_16382,2.5168262941193703e-06
test_16383,0.9999260528036968
test_16384,0.999999917885637
test_16385,0.004546809199274926
test_16386,0.9801630249113632
test_16387,0.9999998155807495
test_16388,0.9999882884797041
test_16389,0.9999998395272611
test_16390,0.9999998290231596
test_16391,0.0011753252103697128
test_16392,0.9999995814119835
test_16393,0.000692531294835837
test_16394,0.9999987694837058
test_16395,1.0442222481496454e-06
test_16396,0.9999993446386183
test_16397,6.9835442390614e-07
test_16398,0.9999998340080329
test_16399,8.486913325956262e-07
test_16400,6.344833938739195e-07
test_16401,0.999910794624784
test_16402,0.9984271720900629
test_16403,0.9988675535595025
test_16404,0.9999118388934696
test_16405,7.657061223331283e-08
test_16406,0.0006441231928428772
test_16407,0.9998776167005505
test_16408,0.9687567615920549
test_16409,2.814466461471945e-07
test_16410,1.1112903839997566e-05
test_16411,2.438852091468407e-06
test_16412,5.877701239275644e-07
test_16413,2.999827758545588e-07
test_16414,0.9994709081123093
test_16415,0.999999894786098
test_16416,0.013144069345682331
test_16417,3.7238680570488686e-07
test_16418,7.749034249784674e-08
test_16419,4.344602050288639e-06
test_16420,1.1320654623583454e-07
test_16421,0.9990041614896277
test_16422,0.9969099932684062
test_16423,0.9999998729313223
test_16424,0.012919401089236967
test_16425,3.7538075855895526e-07
test_16426,0.012218138690236989
test_16427,0.5650427280328152
test_16428,6.997813816484514e-07
test_16429,0.9999996238965672
test_16430,0.9999999551778893
test_16431,0.9999943684438961
test_16432,0.011163209815508652
test_16433,4.095045664364954e-06
test_16434,8.240280869569251e-05
test_16435,9.466677160748523e-06
test_16436,0.00027540067022050884
test_16437,0.998628422375847
test_16438,0.9990366695586589
test_16439,0.9999783993469249
test_16440,0.9998520932668165
test_16441,1.9774584599944763e-07
test_16442,0.9999987467274771
test_16443,2.637075669210263e-07
test_16444,0.9999994558068547
test_16445,0.19738245521348655
test_16446,8.222451610087482e-05
test_16447,0.9999452314020897
test_16448,0.0028042833685747244
test_16449,0.9992427134222254
test_16450,3.6971481930328665e-06
test_16451,5.302861908354273e-06
test_16452,1.3530917453740816e-07
test_16453,0.9987488036151574
test_16454,0.000152229063048701
test_16455,0.99996543286202
test_16456,0.0033310474364365633
test_16457,0.0012201166009563065
test_16458,5.768091596691992e-05
test_16459,9.395966313356351e-05
test_16460,0.0020586307517750334
test_16461,0.9999907086013653
test_16462,0.19200699760523293
test_16463,0.9996990965525542
test_16464,0.9977674192405854
test_16465,0.9879200935968045
test_16466,0.9998951116219669
test_16467,0.9977366166275542
test_16468,0.9940113519547635
test_16469,0.9997788393150149
test_16470,0.9999997298284237
test_16471,0.001324154723348815
test_16472,7.465636275544315e-08
test_16473,0.5358792582856701
test_16474,0.9780525343530532
test_16475,1.2719816756067119e-06
test_16476,9.559528593847739e-08
test_16477,9.843527769604382e-07
test_16478,0.9999806247010374
test_16479,0.2834729476894113
test_16480,0.9997579856766438
test_16481,5.4945571084791836e-08
test_16482,0.9979794136015017
test_16483,0.0006554574113856776
test_16484,0.9893462689842186
test_16485,0.00016696423713665265
test_16486,0.9999786186610864
test_16487,0.02948292364292684
test_16488,8.1291751524258e-05
test_16489,0.00010465978143754365
test_16490,0.9780101346406892
test_16491,0.03448961477638141
test_16492,0.0002941766481375786
test_16493,0.00307161153561146
test_16494,0.003609493153045942
test_16495,0.0033509974706290484
test_16496,0.9999988692493781
test_16497,1.5526042334191634e-07
test_16498,2.929962479904982e-07
test_16499,2.565760267990021e-05
test_16500,0.00110535953982402
test_16501,0.9999856026334498
test_16502,3.185857119511893e-07
test_16503,4.7359067345958025e-05
test_16504,0.00011252815427386634
test_16505,0.9999998908591475
test_16506,3.176302875290618e-07
test_16507,0.9999976237271341
test_16508,0.9999948164427774
test_16509,8.220870906970365e-05
test_16510,0.004684096465012375
test_16511,0.9998857582151696
test_16512,0.00012733516327515545
test_16513,0.0006372650132479959
test_16514,3.7663412799935404e-05
test_16515,0.9621667550801896
test_16516,0.9999998621940452
test_16517,0.004978090759351329
test_16518,0.9998991149268897
test_16519,0.9999927553145167
test_16520,0.9896036445446712
test_16521,0.003991813464918814
test_16522,0.9999987269753566
test_16523,0.999999499074232
test_16524,0.006654016528800624
test_16525,7.430218817577188e-08
test_16526,0.9999989254582342
test_16527,8.019250993557334e-08
test_16528,7.31454690933604e-05
test_16529,0.9999229686872787
test_16530,1.4439738362418952e-07
test_16531,1.933113330549212e-06
test_16532,0.9987881516459398
test_16533,2.89263871551606e-06
test_16534,0.9999760993520745
test_16535,0.9996267073195143
test_16536,6.645363477817472e-07
test_16537,0.9969447757982699
test_16538,0.9999998408786657
test_16539,0.9999994860756246
test_16540,0.0001372148090772634
test_16541,5.578493727132767e-08
test_16542,0.9753749911144394
test_16543,0.9983684395455062
test_16544,6.77890451490003e-07
test_16545,1.200351946051281e-07
test_16546,0.9999999566302619
test_16547,0.9998100750617753
test_16548,0.005247018787038651
test_16549,1.2517075780382096e-05
test_16550,0.9999555570550115
test_16551,0.9996596715274223
test_16552,0.9999998588059276
test_16553,0.00011820733166643446
test_16554,4.239991984950251e-07
test_16555,7.050315841745265e-06
test_16556,0.9985407220517213
test_16557,0.9999999205508315
test_16558,0.9997347568040866
test_16559,0.9999998501535865
test_16560,3.2418750858226784e-05
test_16561,0.9999981514764877
test_16562,0.16771174539820946
test_16563,5.794301040171248e-07
test_16564,0.9998443504684568
test_16565,0.9787398265392072
test_16566,4.7317214575769066e-08
test_16567,0.9999998507584941
test_16568,0.9871458837938856
test_16569,5.012160869236878e-07
test_16570,0.9730457197580565
test_16571,0.9962095292131725
test_16572,0.9992061281097925
test_16573,7.419552222112537e-05
test_16574,0.0011602016808591718
test_16575,0.00015254174801210475
test_16576,2.0420757742000955e-05
test_16577,5.8912436995664305e-08
test_16578,0.9999997730062444
test_16579,0.007925188772026755
test_16580,5.979271201067583e-05
test_16581,4.813563322833231e-05
test_16582,0.9903028766119307
test_16583,0.9999999144983991
test_16584,0.9991731892323971
test_16585,2.1646989871203755e-08
test_16586,0.0009771799527075258
test_16587,0.9999678158070326
test_16588,9.70417044743457e-05
test_16589,0.9999991509309746
test_16590,5.97883370693057e-07
test_16591,0.9999887881601544
test_16592,2.9462906991672464e-07
test_16593,0.00019157089716784504
test_16594,0.0012677109317260214
test_16595,1.585797003670359e-05
test_16596,2.7403411824961772e-05
test_16597,0.9996823282242794
test_16598,0.9995821228024646
test_16599,0.02604285151743391
test_16600,0.9982448205020341
test_16601,9.519534643404345e-05
test_16602,0.9776302869036755
test_16603,0.9558051123183596
test_16604,0.9999996902628296
test_16605,6.37330016118215e-08
test_16606,0.0002957184873084207
test_16607,0.00814399200483147
test_16608,0.9999999258886142
test_16609,0.999999801162103
test_16610,3.907962100963011e-07
test_16611,0.12662602525405442
test_16612,0.0003646734371914769
test_16613,0.9999999311862365
test_16614,0.9994545949497887
test_16615,2.2864816369520273e-06
test_16616,0.003738116119089165
test_16617,0.0038545199743204644
test_16618,0.00011992382094719092
test_16619,5.658486624777332e-07
test_16620,0.9999999500043267
test_16621,0.9998188716327931
test_16622,0.9999993838779596
test_16623,0.7762964372715195
test_16624,0.9999260550807696
test_16625,6.166995322533057e-05
test_16626,0.00869060805604037
test_16627,1.3885226024705608e-07
test_16628,6.402984292743822e-08
test_16629,3.9038608491120657e-07
test_16630,2.2578886559300154e-07
test_16631,0.0005145809244147851
test_16632,0.9999990482221247
test_16633,0.0008539840585037388
test_16634,0.027969832257721785
test_16635,4.2347745743484905e-07
test_16636,0.9999966578265083
test_16637,1.2220779510248692e-06
test_16638,0.9999999264365259
test_16639,0.9997728676931765
test_16640,0.9997473982681937
test_16641,0.9506761755168044
test_16642,0.9996545187533445
test_16643,0.9999034717499311
test_16644,0.9999999293477061
test_16645,0.9999998488172595
test_16646,0.999999519036125
test_16647,0.9987898997930119
test_16648,0.02836072353705535
test_16649,0.999490352529384
test_16650,5.7663998362445e-07
test_16651,0.00021599068509102641
test_16652,0.00021140420014858512
test_16653,0.999926955514425
test_16654,0.9999996100684689
test_16655,2.0784135715826302e-05
test_16656,0.9924866427088264
test_16657,0.9999999407154772
test_16658,0.9998669424474776
test_16659,0.2518353104500379
test_16660,0.9999997496578812
test_16661,0.00018120145766856212
test_16662,0.9974876501740935
test_16663,1.9954159854848275e-06
test_16664,0.9999996626033026
test_16665,5.124355255024676e-07
test_16666,0.9999993203673698
test_16667,2.2719603626638857e-07
test_16668,0.999905885980356
test_16669,9.429826916290137e-06
test_16670,0.0008383971420366147
test_16671,0.0361095332971443
test_16672,0.9999997725080145
test_16673,2.3652080246527972e-07
test_16674,0.000603524579440463
test_16675,0.002209327699260633
test_16676,0.007489055701441075
test_16677,0.8764610991024322
test_16678,0.9934868898845416
test_16679,0.00028805670116084826
test_16680,0.008730122145644123
test_16681,7.444623335891929e-07
test_16682,0.9999629368647238
test_16683,0.0487369932514637
test_16684,0.0015193315808681217
test_16685,1.1323927477241492e-07
test_16686,0.000405383455350997
test_16687,0.9999208592118446
test_16688,0.9724485580411949
test_16689,0.9939607954117122
test_16690,0.999999923820055
test_16691,0.003298952815049731
test_16692,0.9522731040744016
test_16693,1.1170589191441917e-07
test_16694,0.9994719195740048
test_16695,0.0017811348884186715
test_16696,0.0005360990255735454
test_16697,8.345101889763486e-08
test_16698,0.9860331841599919
test_16699,5.449746233309689e-06
test_16700,0.007550552444309536
test_16701,1.4408314440133887e-07
test_16702,2.9413532798489756e-05
test_16703,0.999991220840186
test_16704,0.0001594252418655894
test_16705,0.9989143336093044
test_16706,0.9995530833134565
test_16707,0.09509089074112884
test_16708,0.9999998177808523
test_16709,0.9999999474608271
test_16710,7.71011836109224e-07
test_16711,0.999998234899789
test_16712,0.002985985894361347
test_16713,0.010940943966863632
test_16714,2.944726046125263e-07
test_16715,2.548753987625806e-07
test_16716,0.0012910113785968653
test_16717,0.006544868869503704
test_16718,3.38042754754443e-07
test_16719,0.005308602556558005
test_16720,0.0004486911786232371
test_16721,0.9999991896384667
test_16722,0.9999987699136853
test_16723,0.9992628247139116
test_16724,0.025667194675788246
test_16725,3.237608432500831e-07
test_16726,2.5849068937038103e-07
test_16727,0.9999999623223838
test_16728,2.354190080383161e-07
test_16729,0.004492012054515283
test_16730,0.9972262544501198
test_16731,0.011950169094616063
test_16732,0.008638142728975446
test_16733,2.947477043459919e-07
test_16734,0.9996480727859276
test_16735,2.9015117764086324e-06
test_16736,0.9999970782345029
test_16737,0.9999997263179304
test_16738,0.9999076017780659
test_16739,0.9997389208055922
test_16740,0.9999998693241887
test_16741,3.3870295001401283e-05
test_16742,9.703017766233412e-07
test_16743,0.0006514781469300764
test_16744,0.9999998052608134
test_16745,8.251808460715324e-08
test_16746,1.1276171133071368e-06
test_16747,0.9955937190313432
test_16748,0.9999998835717963
test_16749,0.9851730181940366
test_16750,0.00035521745608246846
test_16751,0.9999790507286268
test_16752,0.0026313185851641135
test_16753,0.999999875288611
test_16754,0.0007076679384546219
test_16755,1.6871991174047418e-07
test_16756,0.9999345852837813
test_16757,9.345490955698083e-08
test_16758,0.9999994065514561
test_16759,0.9837411219662304
test_16760,0.9987673393055458
test_16761,0.9999822008319704
test_16762,0.9991064561063367
test_16763,0.9885541347021889
test_16764,0.00012281261893232879
test_16765,0.9999327936479591
test_16766,0.9999999215990886
test_16767,0.00028528864840475434
test_16768,4.6864330084966895e-08
test_16769,0.9993629745125717
test_16770,0.9997553654800507
test_16771,0.6699787351291148
test_16772,3.596431447551066e-07
test_16773,0.9989950912995176
test_16774,0.9999990256379102
test_16775,1.3066810404905948e-05
test_16776,1.5605235126493036e-07
test_16777,0.9996782089569591
test_16778,2.7272186613006026e-05
test_16779,0.001323408993440339
test_16780,0.9999249636205768
test_16781,3.8336684183335993e-07
test_16782,0.9999999523379732
test_16783,0.9997959830551763
test_16784,0.9999997141375805
test_16785,0.9997747705714852
test_16786,5.323114193587209e-08
test_16787,0.0023747527393310204
test_16788,0.9878075317950851
test_16789,0.9999998634587839
test_16790,0.00027397106629492406
test_16791,7.014528676664216e-07
test_16792,0.9999999317433539
test_16793,4.210895514001028e-05
test_16794,0.9987730914254859
test_16795,3.111339708645627e-07
test_16796,0.999518362060653
test_16797,1.1394408459915627e-06
test_16798,0.9598429188157364
test_16799,0.9999838390336262
test_16800,0.9923059426812642
test_16801,0.9999999696841451
test_16802,0.9987347163178565
test_16803,2.5590095252065444e-06
test_16804,0.9999998625208932
test_16805,0.9986088457601137
test_16806,0.9999997150101789
test_16807,0.9999996307634182
test_16808,6.934299426654277e-08
test_16809,0.00014714761740721783
test_16810,4.296403043366127e-07
test_16811,0.9998539916080724
test_16812,0.0019783095399541215
test_16813,2.400812335604838e-07
test_16814,0.001353116864424091
test_16815,0.9999983133995469
test_16816,3.9599383232602714e-08
test_16817,0.9999690648524304
test_16818,7.831397476471469e-07
test_16819,0.9999999601899945
test_16820,0.00202511861897263
test_16821,0.9953916179593374
test_16822,0.999578267346488
test_16823,0.9999998542849994
test_16824,0.9990949974420783
test_16825,0.37534201113156485
test_16826,0.9999973966859845
test_16827,0.00035119975109395966
test_16828,0.004751712489827429
test_16829,1.1551076973778233e-06
test_16830,1.1540868454533274e-05
test_16831,0.9999767171687388
test_16832,0.999950541589892
test_16833,0.0980340957129343
test_16834,0.9981736933570304
test_16835,0.9999993946313114
test_16836,4.967944454722622e-06
test_16837,0.9999998943040119
test_16838,4.337746936528476e-07
test_16839,0.9999822667179517
test_16840,0.9999999033909706
test_16841,0.9998191142294612
test_16842,0.9942652779973057
test_16843,2.382330184983601e-05
test_16844,0.9999999482015971
test_16845,0.00020781101258409907
test_16846,4.8139133674272024e-05
test_16847,0.008946905071889204
test_16848,0.9999996646715509
test_16849,0.999999657733487
test_16850,1.2092079698984044e-06
test_16851,4.148689521688792e-05
test_16852,5.4304472829300636e-05
test_16853,0.3159804046184994
test_16854,0.00013468865767539417
test_16855,0.0003841231742493951
test_16856,0.9998956948360429
test_16857,0.9999996603572762
test_16858,0.999996387201526
test_16859,0.00038254839492156607
test_16860,0.9948618071302583
test_16861,0.1508556673235463
test_16862,2.2240403316685617e-07
test_16863,0.9999999789561309
test_16864,0.9935804233636103
test_16865,0.0005039385618145772
test_16866,1.8855573737347114e-06
test_16867,0.9761086176311498
test_16868,0.999973584133808
test_16869,0.9998904098794428
test_16870,0.9999996683655744
test_16871,0.999991758686155
test_16872,0.9999998351909446
test_16873,6.315857662836014e-07
test_16874,0.0028319710784971107
test_16875,0.0031375721799235213
test_16876,0.9999998297503218
test_16877,0.00019970711232005682
test_16878,1.773592894247078e-07
test_16879,0.9306196108226785
test_16880,0.9998235016442577
test_16881,0.0006028670761560448
test_16882,0.0013233567451258871
test_16883,0.9999999343637099
test_16884,0.9999996929927016
test_16885,0.009269082404241614
test_16886,0.9999988770155169
test_16887,0.9999421833245459
test_16888,0.9999999084523589
test_16889,0.999999819201002
test_16890,0.9999997744029678
test_16891,0.002358852181329095
test_16892,0.9999999609060042
test_16893,0.99991278076253
test_16894,0.9999994798607171
test_16895,9.632412727089189e-05
test_16896,0.9980465915738881
test_16897,0.00032630019754301386
test_16898,4.5720842746094656e-07
test_16899,0.03223696700141998
test_16900,9.574132591240247e-07
test_16901,9.79920036097942e-05
test_16902,3.1769348208672047e-06
test_16903,0.9998707701723072
test_16904,0.9999999754370094
test_16905,2.050513280221736e-05
test_16906,0.0010751670329245276
test_16907,0.9960964072728523
test_16908,9.855813484129673e-08
test_16909,0.9999684737768022
test_16910,1.5817989718338449e-06
test_16911,0.019450661087213137
test_16912,0.9991729749945094
test_16913,0.027036726396591267
test_16914,1.6490494925283143e-07
test_16915,0.9972760715615165
test_16916,0.9999977679396422
test_16917,2.6703115235804123e-05
test_16918,0.9977149341830437
test_16919,0.014737113894384304
test_16920,0.9999981123597623
test_16921,0.9996261744947833
test_16922,0.9998065141820561
test_16923,2.61682181435665e-06
test_16924,0.49114658343066037
test_16925,2.74006307837176e-06
test_16926,0.0007673658493839885
test_16927,0.0006959890044008675
test_16928,0.00120857525172615
test_16929,0.0014088840009352714
test_16930,0.000386637997517575
test_16931,0.9999995218096895
test_16932,8.442259663023706e-05
test_16933,0.9999998567755813
test_16934,0.9999996042012876
test_16935,0.9999752581671164
test_16936,0.999859056384967
test_16937,0.9740828336188863
test_16938,0.0010622185014870012
test_16939,0.9999989455031142
test_16940,0.9999998240131925
test_16941,0.9999996919637512
test_16942,0.9859356657109763
test_16943,0.9999194542190198
test_16944,4.810921346362471e-07
test_16945,9.319517874198804e-08
test_16946,0.9997228505040276
test_16947,1.2839716705372453e-06
test_16948,3.69905390792148e-06
test_16949,0.9995450676313208
test_16950,0.9999901644798659
test_16951,0.9998016155727506
test_16952,0.999998450005875
test_16953,0.9999653200761702
test_16954,4.40617419645169e-05
test_16955,0.8732836203249409
test_16956,1.183675019756774e-06
test_16957,0.0004300394293787608
test_16958,0.9999999247417447
test_16959,0.04709898543647426
test_16960,0.999999951169103
test_16961,3.6257773989893665e-07
test_16962,2.171176971894546e-07
test_16963,0.9999991107532512
test_16964,3.850187227391717e-05
test_16965,0.9999989223512586
test_16966,2.5162654812257806e-07
test_16967,0.0550887643656086
test_16968,1.4045461651092186e-07
test_16969,0.9998139365421211
test_16970,1.6139968709022166e-05
test_16971,0.9999234826617753
test_16972,2.4887713101066732e-05
test_16973,0.9999995051240398
test_16974,0.98382366051469
test_16975,8.945840180784506e-05
test_16976,6.264774448446106e-07
test_16977,0.044814022171652604
test_16978,0.9999994583932619
test_16979,0.008404869121920571
test_16980,0.9997993665841021
test_16981,0.9997427170328583
test_16982,2.213997000955165e-07
test_16983,0.9999998047569804
test_16984,1.7621771299358244e-07
test_16985,4.1346777455235126e-06
test_16986,0.00012510775368742495
test_16987,1.561444154404563e-07
test_16988,0.0010621426641481615
test_16989,7.442912420063485e-07
test_16990,2.766201519990659e-07
test_16991,0.00036701933321136513
test_16992,0.9893874913121699
test_16993,0.00012542884489741575
test_16994,0.00010937947379858359
test_16995,0.962138153250249
test_16996,0.9532437554086044
test_16997,0.9972531494389704
test_16998,3.1636061733121373e-07
test_16999,0.9982951882996003
test_17000,0.9950162249514348
test_17001,0.9935185358035126
test_17002,0.9999997178430574
test_17003,5.595593509598154e-08
test_17004,0.9998284991593522
test_17005,0.00015025829679542584
test_17006,0.9933971828509658
test_17007,0.9976358130321693
test_17008,0.9990851601040518
test_17009,0.0002294603710670912
test_17010,6.465675371072361e-08
test_17011,0.5139127511271905
test_17012,0.9899553834784325
test_17013,0.9824670227096525
test_17014,2.4720489177336686e-05
test_17015,0.003489196596474263
test_17016,0.9997193340936062
test_17017,0.9237883005996457
test_17018,1.3952801762803006e-05
test_17019,1.0668062773671912e-07
test_17020,0.9999347313816709
test_17021,0.9999998698875061
test_17022,1.490207381403919e-07
test_17023,0.00017712146236673683
test_17024,0.9997857744842406
test_17025,1.681700480044836e-07
test_17026,0.00015383211921015698
test_17027,0.999999899068386
test_17028,0.9998049652209021
test_17029,0.004105971164560527
test_17030,0.9999999732127907
test_17031,0.0039046923030333475
test_17032,0.9989476216268339
test_17033,0.9978607324054267
test_17034,0.0006160626456914069
test_17035,0.941011101528552
test_17036,0.9999999759511212
test_17037,1.67015278779017e-05
test_17038,0.002368142052827474
test_17039,4.0113262073737566e-07
test_17040,0.03071183619437759
test_17041,0.018508891225772955
test_17042,0.0005869927146955527
test_17043,4.86104176397218e-07
test_17044,0.004667964638387962
test_17045,7.970301141727997e-07
test_17046,0.999405306632943
test_17047,0.9999731469616518
test_17048,0.8408570934970037
test_17049,0.9999978927949543
test_17050,0.0032356665045005983
test_17051,0.9854614464107871
test_17052,4.1204026720132944e-08
test_17053,0.9995977738858657
test_17054,0.999999793380545
test_17055,7.182446859626683e-08
test_17056,0.9999711636742232
test_17057,0.9999896555274795
test_17058,1.3661664327931217e-07
test_17059,5.943007007072204e-05
test_17060,0.060254713730266786
test_17061,3.934519553508364e-06
test_17062,0.9990867861046928
test_17063,0.9949947968374506
test_17064,4.850407649005711e-06
test_17065,0.999989530654126
test_17066,0.0002585190839562607
test_17067,0.9999951181972803
test_17068,1.6720709668167516e-05
test_17069,0.9998477216153498
test_17070,9.370888475242324e-08
test_17071,0.9726259077997782
test_17072,0.9998254538822781
test_17073,1.403150100622955e-05
test_17074,0.9999998088431378
test_17075,0.9997521466126247
test_17076,8.678265664288245e-05
test_17077,0.9976116880029458
test_17078,8.507584794518223e-06
test_17079,0.9998106420892198
test_17080,0.9985813747961951
test_17081,7.158031740856922e-08
test_17082,0.9999412181331446
test_17083,0.9359307443197187
test_17084,0.0040481898092392075
test_17085,1.3069394817648713e-05
test_17086,0.9999856415382657
test_17087,0.7726560925198444
test_17088,0.9999249500635017
test_17089,4.712622238334705e-05
test_17090,0.009223773433903182
test_17091,9.616149018503745e-07
test_17092,1.0069378489097474e-06
test_17093,0.021884472990119946
test_17094,0.0002944118703568696
test_17095,0.9999996838620551
test_17096,0.003801797198152143
test_17097,0.9999396898267933
test_17098,0.0008946161074856075
test_17099,0.9999442235971636
test_17100,1.4020298632651575e-07
test_17101,0.06767930416988652
test_17102,0.9999458076344262
test_17103,1.87904659037881e-07
test_17104,0.9908513292095301
test_17105,0.9999998112736349
test_17106,0.9999998128280805
test_17107,3.336788852062267e-07
test_17108,0.0016109562250595762
test_17109,0.9997664790325043
test_17110,0.9999992509120534
test_17111,0.21000250858814343
test_17112,0.9999995591810142
test_17113,0.9997765509316179
test_17114,0.9990804234376658
test_17115,0.0001379286875486154
test_17116,0.9882041011160683
test_17117,0.00012067368584331312
test_17118,0.9999996755614684
test_17119,0.9999998403826148
test_17120,0.1656451824499171
test_17121,0.9995390343612869
test_17122,0.9999957440700229
test_17123,4.0433532433595154e-07
test_17124,1.6840646189465202e-06
test_17125,0.9999993799581989
test_17126,0.9996977591527336
test_17127,1.3243840623647137e-06
test_17128,0.016220635743555895
test_17129,0.9999998620706861
test_17130,0.9999992967148726
test_17131,7.112575967659933e-06
test_17132,0.970211265721376
test_17133,4.1222612443803774e-07
test_17134,9.469984573514704e-08
test_17135,0.009577429409701686
test_17136,0.999926171961255
test_17137,0.11443325052254193
test_17138,0.9999781382013991
test_17139,2.1816363174075033e-07
test_17140,3.071786071203113e-06
test_17141,0.6596420372881929
test_17142,0.9999966629551885
test_17143,0.9996532956975784
test_17144,0.002508859972257617
test_17145,7.373937895380347e-05
test_17146,0.999999958058426
test_17147,0.999999949151538
test_17148,3.6252274971163755e-07
test_17149,0.0043654811500895545
test_17150,2.9575961645319596e-07
test_17151,0.9989999882276878
test_17152,0.0002511126647469046
test_17153,1.229662563778363e-07
test_17154,9.035386951888057e-08
test_17155,2.9859504524639565e-07
test_17156,2.7627023194270826e-05
test_17157,0.999989687011244
test_17158,0.9843893931770038
test_17159,4.3533605646048054e-05
test_17160,0.999908698061634
test_17161,0.9997152922973674
test_17162,1.7973493068776214e-07
test_17163,0.998912381651666
test_17164,0.9999993217714581
test_17165,0.9999067736179598
test_17166,5.117280812616694e-08
test_17167,1.4732949373876643e-05
test_17168,0.9999996331382424
test_17169,0.9997905436816552
test_17170,0.0011015715933068476
test_17171,9.9413925131168e-08
test_17172,0.9911959844368881
test_17173,0.9733581884934075
test_17174,0.998089346954922
test_17175,0.002799090212282034
test_17176,0.03527831414151078
test_17177,0.9999997168395423
test_17178,0.998523279536856
test_17179,0.9996099251449628
test_17180,0.9985849515512958
test_17181,0.9997225486089645
test_17182,0.00037809672251674036
test_17183,0.9877867669288731
test_17184,0.02181959460027005
test_17185,0.9999922594043348
test_17186,0.9989585364554657
test_17187,0.9990318939907606
test_17188,6.213755861319985e-05
test_17189,0.0016881242990217347
test_17190,1.0058500772130514e-07
test_17191,3.7241083965806047e-06
test_17192,0.0006621356989061712
test_17193,6.601778662884605e-07
test_17194,0.9999984201547066
test_17195,1.371735033990131e-07
test_17196,0.0013531309789660904
test_17197,0.00015382823570350322
test_17198,2.6243835215863948e-05
test_17199,1.73584841194125e-07
test_17200,0.9998232052429117
test_17201,0.008103449994432714
test_17202,0.0010550194683289
test_17203,0.9999999535517147
test_17204,0.9997021183393114
test_17205,8.161061447590722e-05
test_17206,0.9999962718484757
test_17207,3.572823182748744e-05
test_17208,0.9999998707819577
test_17209,0.04972767284521976
test_17210,9.441679694256978e-06
test_17211,1.3855320845623302e-06
test_17212,0.999999533042381
test_17213,0.02802908872772781
test_17214,0.9999996024044593
test_17215,0.9999999684766269
test_17216,2.2359586005126054e-05
test_17217,0.0030909604710751726
test_17218,1.4425064693611892e-07
test_17219,5.273031936914753e-07
test_17220,6.39538646143024e-05
test_17221,9.285008196259183e-05
test_17222,0.9999997859958635
test_17223,1.0098956959621807e-07
test_17224,8.738353383298375e-08
test_17225,0.003906105808464852
test_17226,1.1543006216886678e-06
test_17227,0.9958425835299667
test_17228,0.9999997273543202
test_17229,0.9989494693337304
test_17230,0.9999992639327433
test_17231,0.9992227896546196
test_17232,9.151171593311471e-08
test_17233,4.610542114081624e-07
test_17234,0.02118647164987947
test_17235,0.9999995480913785
test_17236,2.0685115220934636e-07
test_17237,0.999985326587155
test_17238,0.011784399619175144
test_17239,0.9999956462003793
test_17240,3.319459266504151e-05
test_17241,9.302536394861067e-05
test_17242,0.9999832961552403
test_17243,0.00034646376845753885
test_17244,0.9999905516080813
test_17245,0.0003309040948365377
test_17246,0.005971035526666917
test_17247,0.0004996344695904951
test_17248,2.119001957775499e-06
test_17249,0.9998976360001585
test_17250,6.323161795914228e-05
test_17251,0.9999997463077694
test_17252,0.9562702706588386
test_17253,0.9678350238423564
test_17254,5.920377106743469e-07
test_17255,0.999988744131145
test_17256,1.2341347956579397e-06
test_17257,0.00018565956524166957
test_17258,0.4017960796406827
test_17259,0.9999993973341087
test_17260,4.2687803171598983e-07
test_17261,0.9998800989244554
test_17262,1.2383138057760832e-06
test_17263,0.9828691465071772
test_17264,0.9999998495161841
test_17265,0.9999760684532418
test_17266,2.407877499554589e-07
test_17267,1.1566865492636856e-05
test_17268,0.00014375490098418847
test_17269,6.948518766576277e-07
test_17270,0.9999991783067211
test_17271,7.186997669333508e-05
test_17272,0.998065036499024
test_17273,0.9989143286997756
test_17274,0.9958253425594141
test_17275,0.13718065385537395
test_17276,0.9999995732390969
test_17277,0.9810718425890701
test_17278,6.327523800972583e-07
test_17279,4.78814885461013e-07
test_17280,0.974136406016845
test_17281,3.4470222701107876e-07
test_17282,0.975668926393475
test_17283,1.1796616865203737e-05
test_17284,0.9999991733926494
test_17285,0.9999999242513797
test_17286,0.999999915162871
test_17287,5.049163440673768e-08
test_17288,0.9909253946309088
test_17289,0.0003837969961840513
test_17290,4.6560796009318443e-07
test_17291,0.9903847300362077
test_17292,0.9999778784932114
test_17293,3.543009022617675e-07
test_17294,0.9999957650884226
test_17295,0.001614159554832497
test_17296,0.9899558356215611
test_17297,0.9999996655377825
test_17298,0.0029879469901828016
test_17299,0.9999971789334635
test_17300,5.643450550251155e-07
test_17301,0.9998785940256956
test_17302,2.4452908853376366e-06
test_17303,4.2620229001382854e-05
test_17304,0.005309604870932598
test_17305,0.9950473546932601
test_17306,0.9999987521793402
test_17307,0.999125579553978
test_17308,0.9999842816855966
test_17309,1.9077513052272226e-05
test_17310,0.9999991241990646
test_17311,0.00031365673704470835
test_17312,0.9999982911216395
test_17313,0.9988370583969488
test_17314,0.9999998641763079
test_17315,0.008796480450945518
test_17316,4.88192157535337e-07
test_17317,0.9994593387488966
test_17318,0.9999161376016273
test_17319,0.9999999169462201
test_17320,0.9999961237880726
test_17321,0.9999999424567345
test_17322,0.00055948339421347
test_17323,0.9983370368982801
test_17324,0.00011372093147214547
test_17325,0.00020477566504825554
test_17326,0.9998948922755654
test_17327,1.5472953362887137e-06
test_17328,0.9900550971848652
test_17329,2.3937540971914984e-05
test_17330,7.184451617466438e-07
test_17331,0.31708743733735406
test_17332,0.9999993563018752
test_17333,0.9999846059061603
test_17334,4.048501231007712e-07
test_17335,0.9999999487297064
test_17336,0.019397999236750785
test_17337,0.00011297163900933671
test_17338,0.9999998860506459
test_17339,1.3102035518094196e-06
test_17340,0.0002867168678661485
test_17341,7.375457017457275e-08
test_17342,4.790762482918572e-06
test_17343,0.0005020932203611398
test_17344,0.9999839520846141
test_17345,0.9999987122150488
test_17346,0.9999957655562961
test_17347,9.09495356717918e-07
test_17348,0.9992282487893681
test_17349,0.00014641671786867874
test_17350,0.0020803551250261503
test_17351,0.9999973494621329
test_17352,0.9999871775803258
test_17353,0.9999997652509696
test_17354,0.9999994849903234
test_17355,2.3970083023193245e-07
test_17356,0.0046441719047340055
test_17357,0.9997876806781646
test_17358,0.0003150489005845528
test_17359,0.9999998524783595
test_17360,0.9999925773636456
test_17361,0.9997608912089313
test_17362,0.0001134682767348057
test_17363,0.003006421936748396
test_17364,3.397181770522519e-06
test_17365,1.2945454303905907e-07
test_17366,1.9718818375454843e-06
test_17367,0.99999949624698
test_17368,3.3551533893815154e-08
test_17369,0.9967851230587099
test_17370,0.9999983337339298
test_17371,0.9999995706267825
test_17372,0.998608059051236
test_17373,0.04656111154782426
test_17374,0.9992399444311514
test_17375,0.0005397135825000721
test_17376,0.999943523695844
test_17377,2.897463309997705e-07
test_17378,0.0009206874497742128
test_17379,0.9999998578787725
test_17380,0.9955333146777949
test_17381,8.074598712295989e-08
test_17382,0.9999972446366342
test_17383,0.9639395252119621
test_17384,0.0021695699304057304
test_17385,0.00016861870527428056
test_17386,5.66017458918171e-05
test_17387,0.9979175879996747
test_17388,3.87820343337861e-08
test_17389,4.626654203100162e-05
test_17390,1.351847911187922e-06
test_17391,0.0018471792245452808
test_17392,0.0001565087424586795
test_17393,0.033006743444831274
test_17394,4.1062713064578433e-08
test_17395,0.00014811138328892778
test_17396,0.9999957400728421
test_17397,0.00015764329839429387
test_17398,0.9998430004008739
test_17399,0.9816168701366772
test_17400,9.521206066113108e-05
test_17401,0.9999998356249146
test_17402,0.9999870203674921
test_17403,0.99831599650685
test_17404,0.9999990645141202
test_17405,0.9999996256234429
test_17406,0.00046389117098503274
test_17407,0.9954861245698319
test_17408,2.3495630597334694e-06
test_17409,0.9953963788192648
test_17410,0.9987766804513751
test_17411,0.999999791458223
test_17412,0.02344071753118584
test_17413,0.9999187234940337
test_17414,0.002085622860257436
test_17415,0.00021233210253734144
test_17416,0.9999973047935984
test_17417,0.9991357829147237
test_17418,0.0002504259870047737
test_17419,0.0012335862552579904
test_17420,0.9998585669238043
test_17421,0.9940119025068638
test_17422,0.9997717095412673
test_17423,0.9999974797282141
test_17424,0.9990967673618176
test_17425,0.3032215397905393
test_17426,0.9998866886226212
test_17427,0.9999997517454892
test_17428,0.03187796574479503
test_17429,1.8663077324166727e-05
test_17430,0.9999993637194363
test_17431,8.799817465338385e-07
test_17432,0.0058101204191960375
test_17433,0.0002790611251477963
test_17434,0.8998263816882147
test_17435,0.9654867756004074
test_17436,4.220237316600216e-08
test_17437,0.999330947282532
test_17438,0.9999993158038742
test_17439,1.24268375009358e-07
test_17440,0.00010693436143668854
test_17441,0.9999998172886108
test_17442,2.3452259714778621e-07
test_17443,0.9999637682143085
test_17444,0.000980420858343687
test_17445,2.2761137509458025e-07
test_17446,0.9969616100407301
test_17447,7.324744726733325e-06
test_17448,0.9858531345844629
test_17449,0.9999992512172142
test_17450,0.9999998042566868
test_17451,0.0016713417002423105
test_17452,1.273951492857695e-07
test_17453,0.9999998780032118
test_17454,0.9999569265372623
test_17455,4.97049433709217e-07
test_17456,3.531991211042556e-06
test_17457,0.999995693479797
test_17458,0.0013337474558769776
test_17459,0.006079067853044148
test_17460,1.000410730485888e-05
test_17461,0.9909179163422913
test_17462,0.0002405010634427054
test_17463,5.746736757073803e-06
test_17464,6.275087338870902e-05
test_17465,3.937418903764425e-08
test_17466,0.021369204713040366
test_17467,0.9999832332304389
test_17468,0.9999998744874972
test_17469,0.0010579568335804198
test_17470,0.00610540386210167
test_17471,0.9616691485423192
test_17472,0.9999994626410399
test_17473,0.9999999116679787
test_17474,0.9999948712339582
test_17475,7.343893404763636e-07
test_17476,0.9997054787523864
test_17477,0.001410701940393566
test_17478,1.5628082327172432e-07
test_17479,0.000727013389019044
test_17480,0.9999998878247548
test_17481,0.9786605646263268
test_17482,0.9999977383479145
test_17483,5.079377706758585e-07
test_17484,9.940318601844075e-08
test_17485,0.9999489655757183
test_17486,9.56200766636441e-07
test_17487,0.009543171795047484
test_17488,1.644411497033636e-05
test_17489,0.9999972130518779
test_17490,0.004362609171062865
test_17491,0.9996669884519599
test_17492,1.2273107834266838e-07
test_17493,0.9999999416613184
test_17494,0.24018261185162304
test_17495,0.0007080592894126838
test_17496,0.01538948211940198
test_17497,1.5251780338766737e-05
test_17498,0.016422734027820247
test_17499,0.9999983378936018
test_17500,2.8017927997666583e-08
test_17501,0.96369716585061
test_17502,1.619993916373073e-06
test_17503,0.9999999343544689
test_17504,7.485894234352775e-07
test_17505,1.068033168288204e-05
test_17506,1.6396156147447772e-05
test_17507,0.9999780431339869
test_17508,0.9999999019678681
test_17509,0.999999766430277
test_17510,0.00011789621990008121
test_17511,0.9999478919886235
test_17512,0.4539782985389988
test_17513,0.9808369737635476
test_17514,0.9999176662762957
test_17515,0.9999991723043474
test_17516,1.3140904802458214e-07
test_17517,0.9724107046758473
test_17518,0.001716020469024622
test_17519,1.876629405643471e-07
test_17520,0.3903466607523447
test_17521,0.9999997708723071
test_17522,0.9982768587498524
test_17523,0.00027703587511812593
test_17524,0.6742146647046356
test_17525,0.988653546834785
test_17526,0.9999998419731871
test_17527,3.092897502356411e-06
test_17528,0.9998087179347834
test_17529,0.0002867693259210048
test_17530,0.9999998620188665
test_17531,0.00021032822970790195
test_17532,0.0002148439789177155
test_17533,0.9999999319926378
test_17534,0.99936500605825
test_17535,0.9999997713326533
test_17536,0.9999300419327078
test_17537,0.6565089211731379
test_17538,0.9999996944392259
test_17539,5.721707191891783e-05
test_17540,0.0006443986916955314
test_17541,0.9999994350145632
test_17542,0.9998294473502974
test_17543,0.9833020952326802
test_17544,6.465753356522591e-06
test_17545,0.9964926961874169
test_17546,0.9999994122772421
test_17547,9.508085478526998e-06
test_17548,0.9961723562054963
test_17549,3.184056104993837e-05
test_17550,0.9809974801158556
test_17551,1.0051658148019104e-07
test_17552,0.9999999202916768
test_17553,0.0010487375114736752
test_17554,0.9999992286757743
test_17555,1.5528795659226995e-07
test_17556,4.0813524108891384e-07
test_17557,0.9999996607736255
test_17558,0.9999929473227849
test_17559,0.999999908099237
test_17560,0.0018859624955617907
test_17561,0.000164121100535601
test_17562,3.477041354228465e-08
test_17563,0.0002078161702679401
test_17564,0.011433794468295183
test_17565,5.052127497870183e-07
test_17566,6.549692759104092e-07
test_17567,0.9999987594380724
test_17568,0.9998209979604986
test_17569,0.00013918489972708576
test_17570,0.8823445417198477
test_17571,0.002062597255299951
test_17572,0.9998995542137908
test_17573,0.9999471741976951
test_17574,0.003008650373594364
test_17575,4.495430922974466e-05
test_17576,0.9980087947151597
test_17577,0.9998992532087375
test_17578,4.500920920710085e-08
test_17579,0.007680764214358007
test_17580,0.001737492845050831
test_17581,3.305669347682544e-07
test_17582,0.9999993907536086
test_17583,0.0005875328703726562
test_17584,0.9984852115036704
test_17585,0.9985603594992584
test_17586,2.466061788443287e-08
test_17587,2.2487149354742688e-07
test_17588,0.013165700825293503
test_17589,0.9997370280524395
test_17590,1.2026750804835306e-06
test_17591,0.9991685771196066
test_17592,0.3463950993406997
test_17593,0.996614899580196
test_17594,3.218426187642898e-05
test_17595,0.999997889552612
test_17596,0.9998212025331135
test_17597,0.9999989639015273
test_17598,6.953744040017638e-05
test_17599,0.9999991543556473
test_17600,6.0153914887188684e-05
test_17601,0.7778133555035736
test_17602,0.9887250477468598
test_17603,0.00957145801177775
test_17604,2.220743332710314e-05
test_17605,9.415837702188624e-07
test_17606,2.20961043332045e-07
test_17607,5.938193402362044e-07
test_17608,0.000606692279018715
test_17609,0.9999995751629682
test_17610,0.976236155871266
test_17611,0.9996895410350177
test_17612,0.016374530722804818
test_17613,7.665380706106175e-06
test_17614,0.9995345578489078
test_17615,2.9581617280953183e-07
test_17616,0.9999995415896102
test_17617,0.00029041871208903154
test_17618,5.760968011978907e-05
test_17619,0.9999989444908307
test_17620,0.995767305839939
test_17621,0.0003374688142832461
test_17622,4.261762978708761e-07
test_17623,0.9999963309747911
test_17624,0.9986163515113177
test_17625,0.9999514566579772
test_17626,1.274756780851931e-05
test_17627,0.0006125117318024791
test_17628,0.9999856620975469
test_17629,0.9867412668855987
test_17630,0.9991152064113669
test_17631,0.9978562131391413
test_17632,1.166810121599758e-06
test_17633,0.999979887485912
test_17634,1.1167775227975838e-07
test_17635,0.9982684959012431
test_17636,0.008316320974610082
test_17637,0.00011647242940101527
test_17638,0.9914098294443922
test_17639,0.7937173677694536
test_17640,0.999999355919971
test_17641,1.0146059018927653e-05
test_17642,0.9999980058781702
test_17643,9.299147070220832e-05
test_17644,0.9799554731327096
test_17645,0.9997689918326526
test_17646,0.9817447726901453
test_17647,4.2870533318045176e-08
test_17648,0.9570992075860999
test_17649,9.900961911593872e-05
test_17650,2.43677093405922e-07
test_17651,0.992472674392936
test_17652,8.029797340469923e-07
test_17653,0.0007115453550659935
test_17654,1.0339646813682852e-05
test_17655,0.006606612981643359
test_17656,0.9998113745081024
test_17657,0.9998599328377987
test_17658,0.006188436846192399
test_17659,1.1583457509225425e-06
test_17660,0.9999826544062138
test_17661,0.9657963105682232
test_17662,0.0003384554148091451
test_17663,0.9999999684014752
test_17664,9.430551476771686e-08
test_17665,4.759596125732927e-07
test_17666,2.256390126419105e-06
test_17667,0.9998426418957661
test_17668,1.9162608640427047e-07
test_17669,0.8702167784975732
test_17670,1.3999597886696685e-08
test_17671,6.37727578940784e-05
test_17672,0.9999999633871417
test_17673,9.948965213974267e-08
test_17674,1.0378673598351807e-06
test_17675,0.9999902634715706
test_17676,0.9999997970558413
test_17677,0.9999994720731031
test_17678,5.704554956914755e-07
test_17679,0.9991793888317005
test_17680,3.4661043673179205e-07
test_17681,0.8066363340784356
test_17682,0.9945766344027206
test_17683,0.9995939172769259
test_17684,0.9999999061987671
test_17685,0.9999629703229793
test_17686,0.0010126865929837912
test_17687,2.976126390127505e-06
test_17688,5.507456650377388e-08
test_17689,0.9999582128086583
test_17690,1.613048116228441e-07
test_17691,0.0003744820013816635
test_17692,0.9994089385889656
test_17693,0.9917305416794993
test_17694,0.9945375345716859
test_17695,0.999995592609487
test_17696,0.9996192695870242
test_17697,0.9999998664855697
test_17698,4.17987282548379e-07
test_17699,8.153428205928079e-07
test_17700,2.1932074804964763e-05
test_17701,0.9999992262767761
test_17702,2.450261333520546e-07
test_17703,1.0052695371149602e-06
test_17704,3.6063799760323055e-08
test_17705,4.142035941894521e-05
test_17706,0.9944734467272
test_17707,0.01637803187198949
test_17708,0.9999960309686128
test_17709,2.703143082656564e-07
test_17710,0.9950314992354723
test_17711,4.096573559186751e-05
test_17712,0.005230253573224615
test_17713,9.547364509712748e-05
test_17714,1.302375517442562e-07
test_17715,0.0035945002724427962
test_17716,0.0002252572681568297
test_17717,0.9999832223062308
test_17718,0.0014542546493597982
test_17719,0.00012137412825492692
test_17720,0.0023045124502451488
test_17721,0.5591722092781682
test_17722,0.004026801032353753
test_17723,0.8771492597749115
test_17724,0.9999690906364856
test_17725,2.4750058352979625e-07
test_17726,0.999883603390791
test_17727,0.9999991004992326
test_17728,0.9999990401680818
test_17729,0.9985526001343031
test_17730,0.9999997626356533
test_17731,0.0014262395491313512
test_17732,0.99999966216008
test_17733,0.9999999583054908
test_17734,5.26754384005185e-07
test_17735,0.9999987677168121
test_17736,0.9999000195262712
test_17737,0.0007211349075039521
test_17738,5.576980368060903e-05
test_17739,0.998505888283101
test_17740,4.425093264716368e-05
test_17741,0.9999998916862665
test_17742,2.277235018084052e-07
test_17743,0.9999638628116665
test_17744,0.9999998453522957
test_17745,5.807157306453477e-08
test_17746,5.495112430873701e-07
test_17747,5.868144926742494e-06
test_17748,0.9889747696517676
test_17749,0.9998376995741846
test_17750,1.0873607238476704e-07
test_17751,0.0028211775990727
test_17752,3.4241968939990956e-07
test_17753,0.9999162849322478
test_17754,0.0372632257115565
test_17755,0.9999996210003577
test_17756,0.018944404792509622
test_17757,0.9999986186624522
test_17758,1.9547084198170816e-07
test_17759,0.9999998763152622
test_17760,0.04344285099531987
test_17761,0.1104496295911527
test_17762,1.3662797832873478e-07
test_17763,8.555190674808675e-08
test_17764,5.330032378873787e-07
test_17765,0.9999999552350609
test_17766,0.005267245293258819
test_17767,4.978339849808613e-05
test_17768,0.9999902406254523
test_17769,3.614819880019963e-07
test_17770,0.999938768179535
test_17771,0.012154773449996001
test_17772,0.9598742858621596
test_17773,0.00015771450478272258
test_17774,0.00011688339534662463
test_17775,3.315704755326496e-05
test_17776,0.9999996363234568
test_17777,5.575339965913797e-05
test_17778,0.00299183275056307
test_17779,2.965667300822245e-08
test_17780,0.9999998963379734
test_17781,2.5705946640459426e-07
test_17782,0.9998639095470229
test_17783,5.4146367418818866e-05
test_17784,0.998926242247972
test_17785,0.9999600429193406
test_17786,0.9505792546019315
test_17787,0.9991851511575991
test_17788,0.9988188234199764
test_17789,0.0007937235339765819
test_17790,1.998743944454107e-07
test_17791,0.9999997992911437
test_17792,3.614284352241551e-06
test_17793,0.0011648908735288736
test_17794,7.178023730644423e-07
test_17795,0.007215816524235999
test_17796,1.2891448123094713e-06
test_17797,0.999999573080113
test_17798,0.00016222492259537673
test_17799,0.0024631620163663055
test_17800,0.9820729132341581
test_17801,4.763124503858944e-05
test_17802,0.05030310626801966
test_17803,0.002808587674959987
test_17804,0.9982719689187912
test_17805,0.989815863351298
test_17806,0.9999657777364876
test_17807,8.999202238174808e-08
test_17808,0.0013892881406922127
test_17809,0.003965643939877313
test_17810,0.0020186887703088126
test_17811,0.015187287247509198
test_17812,0.0036010881389498986
test_17813,0.010808887890321563
test_17814,0.9682755406313635
test_17815,0.9969277748548377
test_17816,0.9991703746952049
test_17817,0.9880805495887459
test_17818,0.07427747252308807
test_17819,0.9999998234567072
test_17820,0.0013513195766791586
test_17821,0.9999585205834521
test_17822,6.846001553143258e-05
test_17823,2.2656274471375237e-08
test_17824,0.9999841448045762
test_17825,0.0006572702307763607
test_17826,0.9999924145323891
test_17827,0.039365421446863724
test_17828,0.9999998281183762
test_17829,0.999998467094997
test_17830,0.9999997670397137
test_17831,1.4675323380879745e-07
test_17832,1.328042334322147e-07
test_17833,0.9956288136032939
test_17834,7.053782176496684e-06
test_17835,0.9999253833995644
test_17836,0.9984852617364003
test_17837,0.9982789296651281
test_17838,0.999999742143839
test_17839,0.9982611702049026
test_17840,0.9988135795857376
test_17841,0.9995677860066965
test_17842,0.9999046902784487
test_17843,0.0001315293419909065
test_17844,0.011023597895631287
test_17845,0.9999964878819521
test_17846,9.473460241064963e-05
test_17847,0.9999993782957756
test_17848,0.9999951839637888
test_17849,3.043424163152881e-07
test_17850,0.00023209320251579458
test_17851,0.01785916698800443
test_17852,0.9999983278584249
test_17853,0.999984864240757
test_17854,2.431084211584529e-07
test_17855,1.6375066344638903e-07
test_17856,0.9999999383278193
test_17857,0.0002604237808093364
test_17858,0.9999403481975685
test_17859,0.9976350380451463
test_17860,2.3567065248448014e-07
test_17861,0.999991217947035
test_17862,0.9999999537812935
test_17863,2.0854955941817144e-07
test_17864,0.037693691421769655
test_17865,0.9776803465438871
test_17866,1.1615540900689544e-07
test_17867,0.01155878155511082
test_17868,0.02808317468523425
test_17869,6.916044204476853e-06
test_17870,0.9994387400312115
test_17871,0.9810498815206591
test_17872,0.015496035349421799
test_17873,0.9999999362657818
test_17874,0.00010311212476103634
test_17875,0.999996481746305
test_17876,0.001180952977642587
test_17877,3.4758952494129207e-07
test_17878,0.004754157129722169
test_17879,0.9999881057190309
test_17880,8.12183721100946e-05
test_17881,0.7120267229048814
test_17882,0.0018166204314476217
test_17883,0.9555096627988022
test_17884,0.9999998011154969
test_17885,0.9939213179915302
test_17886,1.9207146511129764e-05
test_17887,0.9999999471811224
test_17888,0.0004153834098644112
test_17889,0.9999179200999849
test_17890,0.9999998949338215
test_17891,0.9997581088804892
test_17892,0.9999912232269097
test_17893,0.9999999169746718
test_17894,0.999998556236876
test_17895,0.6319596162756038
test_17896,0.9997929392988636
test_17897,0.00018924676983986166
test_17898,0.999999487445413
test_17899,1.375190126276286e-06
test_17900,0.9995440546710007
test_17901,5.261162942088966e-06
test_17902,0.04654094860415191
test_17903,0.9999698208036971
test_17904,0.999999235513128
test_17905,0.0018119620918389562
test_17906,0.9991671304240393
test_17907,0.9999953517838842
test_17908,0.9847824343573385
test_17909,0.9996107932217012
test_17910,8.526943536466889e-05
test_17911,4.958907496741748e-06
test_17912,0.9999998512422995
test_17913,0.9988808878653137
test_17914,0.43918141487561735
test_17915,0.9999990787972937
test_17916,0.00019101642559067673
test_17917,1.3827269205197252e-07
test_17918,5.291814061630116e-05
test_17919,5.699138226058596e-07
test_17920,9.495727609176712e-05
test_17921,0.9993104958917829
test_17922,0.9989253262614929
test_17923,0.9999988658376193
test_17924,1.3747347347033124e-06
test_17925,2.449226692229754e-07
test_17926,3.5074797519780575e-07
test_17927,0.0014598359859265872
test_17928,0.9998239754955025
test_17929,0.013060200606146129
test_17930,0.9999999019540559
test_17931,0.999632145787988
test_17932,0.005569494444183238
test_17933,0.9999996655140588
test_17934,0.0001464892373623679
test_17935,0.024748336755806736
test_17936,0.9999735998378296
test_17937,0.0007243509528062286
test_17938,9.858365799536973e-05
test_17939,0.9999996621148131
test_17940,0.9999999547490841
test_17941,0.14989634098887766
test_17942,0.9999999184491306
test_17943,0.9999979186179403
test_17944,0.9999999613412159
test_17945,1.9772248584339212e-07
test_17946,0.9999881359539916
test_17947,0.12926110413183653
test_17948,0.00014930239427772576
test_17949,0.0002855881699754563
test_17950,0.9996320139915815
test_17951,0.005262823462525001
test_17952,0.00016599085681980312
test_17953,0.9999998446655637
test_17954,0.0003158246894278898
test_17955,1.151104102214852e-05
test_17956,0.9999996308320946
test_17957,1.4582422819115377e-07
test_17958,0.0005271557293287461
test_17959,0.0005393276181953864
test_17960,3.5657080265656305e-06
test_17961,0.014101014468415652
test_17962,1.341333468896207e-07
test_17963,0.9999998931226465
test_17964,0.9999006445120865
test_17965,0.9999998351399969
test_17966,0.99999802453719
test_17967,0.002751196465826466
test_17968,0.00019881793624795132
test_17969,0.0007874657345238885
test_17970,8.315040440852047e-08
test_17971,0.9999895229760919
test_17972,0.00043383440838814233
test_17973,0.9986354751642815
test_17974,0.0003750875521130198
test_17975,4.042204479065729e-05
test_17976,0.9931863873292748
test_17977,2.1631487828562685e-05
test_17978,0.9999991228512684
test_17979,0.9998301951731692
test_17980,0.04307254246648114
test_17981,0.9570968076304227
test_17982,0.9999999167612308
test_17983,0.9997579032179358
test_17984,1.1591196068764303e-07
test_17985,7.815698974529348e-06
test_17986,0.0001482323862063861
test_17987,0.997603386202708
test_17988,0.9999959448361002
test_17989,0.9997994122361722
test_17990,0.0026680156157220455
test_17991,0.9999800835087953
test_17992,0.9996338037653122
test_17993,2.0542474884940657e-05
test_17994,0.17708733407116878
test_17995,0.0006251060946423315
test_17996,0.999977714577696
test_17997,1.537832034648475e-07
test_17998,0.0008330643622190823
test_17999,0.9977427268765166
test_18000,0.7469812657689896
test_18001,0.003977465682608289
test_18002,0.9999894690157705
test_18003,0.9888717052205488
test_18004,0.0021820333931342065
test_18005,0.9725513477607273
test_18006,0.9947094561037481
test_18007,0.9999403637169798
test_18008,0.9989487231079691
test_18009,0.9997519576194561
test_18010,0.004214077930554841
test_18011,0.9999997909625742
test_18012,0.0009622161307002572
test_18013,0.9934240360276404
test_18014,6.33141870170162e-07
test_18015,1.2791458165556019e-06
test_18016,0.0010489798367856933
test_18017,8.097208867207542e-05
test_18018,5.181572701462565e-07
test_18019,7.058990349692907e-05
test_18020,0.9567337517472018
test_18021,0.9695824900965395
test_18022,0.9999606498648931
test_18023,0.9999979435135874
test_18024,1.0662072681352652e-06
test_18025,9.41935778324175e-05
test_18026,0.9984037839029607
test_18027,1.6352827314498782e-06
test_18028,0.9999997122114239
test_18029,0.001984997674340581
test_18030,0.9999988542949773
test_18031,0.9999994387025091
test_18032,0.0012438051271454285
test_18033,0.9997556568999358
test_18034,0.999999745865338
test_18035,7.385763160116606e-07
test_18036,0.9999998720845985
test_18037,0.00022159671279705848
test_18038,0.6810703689886111
test_18039,0.9999317154752975
test_18040,0.9999999884325373
test_18041,0.9999144224823443
test_18042,0.9999999722326899
test_18043,2.143687648285443e-07
test_18044,0.9999993600704774
test_18045,1.317477688474726e-07
test_18046,0.9945195132918453
test_18047,2.905833632782269e-06
test_18048,0.00013749774705059203
test_18049,0.9999999480973998
test_18050,0.999996352642554
test_18051,6.277957060420762e-08
test_18052,1.8683534302342332e-06
test_18053,1.3725401748483105e-06
test_18054,0.0007762701059274825
test_18055,0.9995027906536296
test_18056,1.0086864738839777e-06
test_18057,0.012646614204801641
test_18058,0.9998405239237236
test_18059,0.015501137944008625
test_18060,0.9967538597398737
test_18061,0.9686185863140239
test_18062,0.9999998914860138
test_18063,0.0011738792133030981
test_18064,0.9979178568043231
test_18065,0.9999994253126249
test_18066,1.1249705804747744e-07
test_18067,0.9988139946332444
test_18068,0.9984685424143303
test_18069,0.9978870793334276
test_18070,0.9999998739975547
test_18071,4.3115646192883894e-08
test_18072,0.9871793142827034
test_18073,0.0010174402748793763
test_18074,1.4269432630892283e-06
test_18075,0.9999143987675843
test_18076,0.999999619778464
test_18077,2.588651497651654e-08
test_18078,0.999061936433864
test_18079,0.9999992437057486
test_18080,0.999999851902452
test_18081,0.999931863961282
test_18082,0.9999993645337194
test_18083,0.9986770474625494
test_18084,0.9999988953318076
test_18085,0.060174764998405086
test_18086,0.9999999822495643
test_18087,0.01802950856488628
test_18088,0.9999563930041306
test_18089,2.0450140290282035e-07
test_18090,3.786716791030897e-07
test_18091,0.9994009449241588
test_18092,0.9999997435905301
test_18093,0.9990493393064604
test_18094,2.3178885155732743e-06
test_18095,0.8646770133218373
test_18096,0.9999982910289467
test_18097,0.9993919674281027
test_18098,0.9999460384320267
test_18099,0.9998270028375409
test_18100,0.0004027983605375788
test_18101,5.843155433092394e-05
test_18102,0.9999998400948147
test_18103,0.001941841799736155
test_18104,0.9999868417133797
test_18105,0.9995747419525632
test_18106,0.2701666751964414
test_18107,0.9897299962501672
test_18108,7.774832004808016e-07
test_18109,4.174103382403757e-05
test_18110,0.9999978808241342
test_18111,4.77250058684758e-05
test_18112,0.07598718400213886
test_18113,0.332934186434635
test_18114,0.9991517635962847
test_18115,0.9999995282866168
test_18116,0.9999997941862124
test_18117,1.5132341515656387e-06
test_18118,3.457010143418608e-07
test_18119,4.5653539422766354e-05
test_18120,3.963296322355693e-07
test_18121,0.9938513379798175
test_18122,0.0011289869370290214
test_18123,0.9913926639567645
test_18124,0.00029030723864809153
test_18125,0.9999998453131513
test_18126,0.9973683144510975
test_18127,0.0002987246139515118
test_18128,4.368958971403383e-07
test_18129,4.141835118307615e-07
test_18130,5.244956863536391e-08
test_18131,0.9995158470678277
test_18132,1.1013621268696671e-07
test_18133,0.00011805185625425673
test_18134,0.00021052716938159397
test_18135,0.005384807887344803
test_18136,1.3655966942535017e-05
test_18137,8.687743324145e-08
test_18138,0.500261654637957
test_18139,3.3700694596930035e-05
test_18140,1.782027076899644e-05
test_18141,0.000868326026823332
test_18142,1.0523560850738512e-05
test_18143,0.9997508788275831
test_18144,2.0136515532178333e-07
test_18145,0.9999822817144174
test_18146,0.9999993194021004
test_18147,0.00013335312364518928
test_18148,0.0007567966524911119
test_18149,0.9999886505982122
test_18150,0.9999933062532785
test_18151,0.9999989005849764
test_18152,0.9999997876104367
test_18153,9.30205165840999e-05
test_18154,0.9602792019861305
test_18155,0.9998646656252271
test_18156,1.4676906235117575e-06
test_18157,0.0017162076464668974
test_18158,0.9991756600179235
test_18159,0.9999736272031079
test_18160,0.9999997072451974
test_18161,0.9936741248284073
test_18162,0.0012360317108709676
test_18163,7.50133576765108e-06
test_18164,0.9999998890988239
test_18165,0.0002553340771036518
test_18166,0.0006811307548479697
test_18167,0.9999998771894161
test_18168,0.9999998624373512
test_18169,0.9855423831696037
test_18170,0.9999367676781782
test_18171,0.9723954785978491
test_18172,0.9992786745544104
test_18173,0.9999999517621835
test_18174,0.9999604236353921
test_18175,0.0108988566071883
test_18176,0.9999999353543909
test_18177,0.9999998938771345
test_18178,0.9809044418037881
test_18179,0.9999995678401061
test_18180,2.753664638711542e-06
test_18181,0.06594458738626674
test_18182,0.9999999177527602
test_18183,0.9999998498342818
test_18184,0.99920163262206
test_18185,0.9989724609310331
test_18186,0.0002596907325140021
test_18187,1.2422085652663143e-05
test_18188,0.3132339582962813
test_18189,8.992587375717015e-05
test_18190,0.9999999629524248
test_18191,0.996257931591655
test_18192,0.9988076464360633
test_18193,0.9999641575445501
test_18194,1.9676564366703526e-06
test_18195,0.9999997778541014
test_18196,0.9981455209742596
test_18197,0.9993642000426601
test_18198,0.04324679352386206
test_18199,0.9998972637666904
test_18200,7.592898560580685e-07
test_18201,0.9998429486701507
test_18202,0.9999842550903938
test_18203,0.9692080649519291
test_18204,0.9993296587799112
test_18205,0.9955927502937019
test_18206,0.014399775073481917
test_18207,0.9996277511876857
test_18208,0.01531825883172696
test_18209,0.9999999602406673
test_18210,0.9999990455944382
test_18211,0.0004383303539111945
test_18212,1.649907984241726e-05
test_18213,0.0010465384934440639
test_18214,5.020382207939121e-07
test_18215,0.05357849860466236
test_18216,2.4248771643739603e-05
test_18217,4.8141967200959824e-05
test_18218,0.9999995955317793
test_18219,0.0015255080502453568
test_18220,0.9985166867403477
test_18221,2.557374078624287e-06
test_18222,2.6845606324326074e-07
test_18223,6.023193363882533e-08
test_18224,0.9998635338478126
test_18225,0.9997188380251015
test_18226,0.9997978669748916
test_18227,0.9999687115145846
test_18228,0.9999997143941773
test_18229,0.0014510025060846966
test_18230,0.9999998899889634
test_18231,0.9729395238976806
test_18232,1.883886709931595e-05
test_18233,0.9997894690831247
test_18234,2.4999759863232287e-06
test_18235,0.9999995506685863
test_18236,4.823772764815042e-06
test_18237,3.351148129518686e-07
test_18238,0.9964610068663067
test_18239,0.9680347012233936
test_18240,0.02668820773137325
test_18241,0.5017504634524733
test_18242,0.0008684202812325408
test_18243,1.3993121501697456e-07
test_18244,0.9999995069443965
test_18245,0.9996561897252578
test_18246,0.9999957246922336
test_18247,5.0198705898965735e-05
test_18248,0.9998763294716789
test_18249,0.09934238666949968
test_18250,9.322353331621043e-06
test_18251,0.03334377066777416
test_18252,0.9999604213245805
test_18253,0.9996420125353231
test_18254,4.907631704880507e-06
test_18255,4.3664077501082895e-06
test_18256,3.85151835253936e-05
test_18257,0.0002137768286597561
test_18258,0.9948604704438178
test_18259,8.756526875605355e-07
test_18260,0.9999979035574383
test_18261,0.9999829762932633
test_18262,0.0009356629093670814
test_18263,0.9996008655602332
test_18264,6.943080488111021e-05
test_18265,6.396229470139673e-06
test_18266,1.1201449111092731e-07
test_18267,0.9990944481185002
test_18268,0.9999990585955171
test_18269,5.4691127496410475e-08
test_18270,0.9999980845917147
test_18271,7.860994824010509e-06
test_18272,4.5531532299385907e-07
test_18273,0.0002749904513879454
test_18274,1.7883645480930832e-06
test_18275,0.00021576760692033686
test_18276,0.0001867324733354768
test_18277,3.168517333909135e-06
test_18278,7.976618736062481e-08
test_18279,0.9999921251941688
test_18280,0.9999998415495917
test_18281,6.523872590465938e-08
test_18282,0.9974938135385463
test_18283,0.003603180391343094
test_18284,0.9869450710149738
test_18285,0.999999801035269
test_18286,3.513240361418771e-07
test_18287,0.0022407040124137554
test_18288,2.0173244887725378e-05
test_18289,0.9998488886169479
test_18290,0.9999998953821024
test_18291,1.5834760941330639e-07
test_18292,0.005431901863018977
test_18293,0.9999986515374986
test_18294,0.9866402243264882
test_18295,0.9999998051657282
test_18296,5.81803871840537e-06
test_18297,3.245512880916706e-07
test_18298,0.9940366365946715
test_18299,7.765636690096336e-08
test_18300,0.9410295373963139
test_18301,0.021698733009783398
test_18302,0.007945908612062832
test_18303,0.00025183091291124744
test_18304,6.337944491190176e-08
test_18305,0.9999995128849201
test_18306,0.007591394483394697
test_18307,8.496732094083026e-08
test_18308,0.00024527195321020134
test_18309,0.9998886856038977
test_18310,0.9773255524915401
test_18311,0.0001202368862278179
test_18312,7.795524354202713e-07
test_18313,0.9999998967629993
test_18314,1.4760898824016273e-05
test_18315,8.716646914837369e-05
test_18316,0.9559224717574204
test_18317,0.0011722194149932715
test_18318,0.9999982874103277
test_18319,0.0006096767260888841
test_18320,0.012295090313696145
test_18321,1.3447709061563363e-07
test_18322,0.9999801595986517
test_18323,0.9794694461267411
test_18324,0.9999360458368457
test_18325,0.14403554044517902
test_18326,0.9871107565738568
test_18327,7.219923379251794e-05
test_18328,1.6111460074776665e-06
test_18329,0.999943024099698
test_18330,0.0007348424535054577
test_18331,0.9999999263989657
test_18332,0.0006749134195473842
test_18333,0.0001068385234424187
test_18334,0.9999774757467538
test_18335,7.622853895665566e-05
test_18336,1.3679730999269986e-07
test_18337,0.9999510459448916
test_18338,0.9993863704906084
test_18339,2.93865010092672e-07
test_18340,0.9999998670589504
test_18341,3.4801019499950467e-07
test_18342,0.00015802925895374835
test_18343,0.9999415124124288
test_18344,0.9999991295761808
test_18345,0.008331634125727109
test_18346,1.7842586287338465e-06
test_18347,0.9999977737647799
test_18348,0.00013592906141640911
test_18349,6.1494757496581964e-06
test_18350,0.9999994305639804
test_18351,1.7770982493439803e-06
test_18352,0.0014893722001884475
test_18353,4.135175945338313e-05
test_18354,0.9857399764592272
test_18355,0.9999989029355997
test_18356,0.0005130860795021723
test_18357,0.9999999255587266
test_18358,3.6132176475765414e-07
test_18359,2.2641165781443915e-07
test_18360,0.9999997867853706
test_18361,0.9999137584212012
test_18362,0.01157398717543771
test_18363,0.9999999385373193
test_18364,1.9903044365380716e-06
test_18365,0.9997660777189222
test_18366,0.9999990599224173
test_18367,0.0001202241410995316
test_18368,0.9999884477803275
test_18369,0.9999995785265963
test_18370,0.9999997155106827
test_18371,0.02110498332682111
test_18372,0.9999977410385356
test_18373,0.011875169154287572
test_18374,0.9990112514309887
test_18375,0.9999997850235998
test_18376,4.0201513526087326e-07
test_18377,0.9999875316794729
test_18378,0.010777835968130253
test_18379,0.9999988939175837
test_18380,2.7081662814603287e-06
test_18381,0.9999996916859955
test_18382,0.01647252630830527
test_18383,0.9999996410145077
test_18384,0.00012123686018602013
test_18385,0.9999986039591504
test_18386,0.998265363870128
test_18387,0.001137890065457618
test_18388,0.99994917608808
test_18389,0.9999846680544582
test_18390,0.9999998777043112
test_18391,2.5020739605392534e-07
test_18392,0.9117358893889698
test_18393,0.9999931891749106
test_18394,9.401211191975738e-05
test_18395,1.3458514463150923e-07
test_18396,0.0014071837225797777
test_18397,0.9994482070193041
test_18398,0.9604414004541418
test_18399,0.9999995436070459
test_18400,1.0543218321901577e-05
test_18401,0.9973921800068326
test_18402,0.9999998522765533
test_18403,0.9999995180803882
test_18404,0.9967241355051611
test_18405,0.00034977865780622016
test_18406,0.9756774247558103
test_18407,0.9507764208488579
test_18408,0.9999999205700941
test_18409,1.928505813909363e-06
test_18410,0.9998258789870416
test_18411,0.9783927519762379
test_18412,0.9989564826545768
test_18413,0.9997906715593625
test_18414,3.643247208623999e-07
test_18415,1.0846329567220345e-07
test_18416,0.9998021122672119
test_18417,4.1006009001200217e-05
test_18418,0.9999256422803734
test_18419,0.9999998403106234
test_18420,0.02365949957202461
test_18421,0.03413376412817471
test_18422,0.9999976285557941
test_18423,0.9998675670346968
test_18424,0.9999999169771152
test_18425,7.034780201103142e-07
test_18426,0.9999889605222008
test_18427,0.9854772830199469
test_18428,4.3679061083852684e-05
test_18429,4.014677052287975e-07
test_18430,0.9999945588996714
test_18431,0.9999997359051234
test_18432,5.08558159096075e-07
test_18433,0.9999998739610371
test_18434,0.9927864896861647
test_18435,0.9997731774717062
test_18436,0.9999542007553681
test_18437,0.026543801819121148
test_18438,0.0001275917546668862
test_18439,0.9999997989220872
test_18440,4.682531403196855e-05
test_18441,0.9591243168855953
test_18442,0.9999006447996136
test_18443,0.007656680045310256
test_18444,1.0724042880497749e-07
test_18445,0.9999779991161074
test_18446,0.9922895886796984
test_18447,7.276184999098051e-07
test_18448,0.0004031911554912108
test_18449,1.2720582008848862e-07
test_18450,0.9126534350378469
test_18451,1.2639601720957376e-07
test_18452,2.1738133429357784e-06
test_18453,0.9999990051897651
test_18454,3.432370717470131e-06
test_18455,0.9999997309953863
test_18456,0.9999938987102761
test_18457,0.002845188335930833
test_18458,0.9999998551450272
test_18459,0.9999628050127424
test_18460,0.9999991125285048
test_18461,0.9999995345436016
test_18462,0.9999991517596675
test_18463,0.9998794651249674
test_18464,0.9999985090038215
test_18465,1.241750606641057e-07
test_18466,0.9999995740929137
test_18467,2.5126422790582615e-06
test_18468,0.00026140959326406325
test_18469,8.573269034008506e-05
test_18470,0.9868720362500982
test_18471,0.9999993937485648
test_18472,0.005183417160561376
test_18473,0.9999709845253802
test_18474,9.248069102061708e-06
test_18475,6.775916978946495e-07
test_18476,0.9999144544422103
test_18477,0.022637593638146467
test_18478,0.0003434460830685157
test_18479,0.9999997265264802
test_18480,0.9995921811390099
test_18481,0.17900864514592332
test_18482,0.0016905763068927597
test_18483,0.9998753856380918
test_18484,0.9943802719885455
test_18485,0.9999992551420179
test_18486,0.001286811493941294
test_18487,0.003248903394272004
test_18488,0.9999956372935398
test_18489,0.023027760701640376
test_18490,0.9999998987380736
test_18491,0.00016018055397598412
test_18492,0.0012343563060037556
test_18493,0.004457751028992314
test_18494,0.00012010897391350106
test_18495,0.9999997899212507
test_18496,0.9897595114830905
test_18497,0.9998507688431245
test_18498,0.999999936654117
test_18499,0.0002579508824011692
test_18500,0.018261560763741268
test_18501,0.9991480699345668
test_18502,0.999999748781536
test_18503,8.784782277218471e-05
test_18504,0.9553741019377749
test_18505,5.882070924512403e-07
test_18506,0.9999999308662696
test_18507,0.9999964394014362
test_18508,0.0002840673071996147
test_18509,0.9937942227805042
test_18510,0.9927397686767022
test_18511,2.4391464657456887e-05
test_18512,0.9999794495361826
test_18513,0.0006424840797364375
test_18514,0.9990076236994022
test_18515,0.00017191724033279604
test_18516,0.999991307712195
test_18517,0.9979853900454525
test_18518,0.7449730612078461
test_18519,0.999999946407816
test_18520,7.89510732739701e-06
test_18521,0.0015680326868598748
test_18522,5.863415822387852e-06
test_18523,0.997154654304682
test_18524,0.0019292613659868886
test_18525,0.021503141684257494
test_18526,0.9998560101920223
test_18527,0.002427587981902749
test_18528,3.1715868210242534e-07
test_18529,0.9999915357272235
test_18530,0.9999995426160133
test_18531,0.9999999176788815
test_18532,8.996163342536328e-08
test_18533,0.9961799520387655
test_18534,2.1146457803167758e-07
test_18535,8.479326193765313e-08
test_18536,0.9999998266418629
test_18537,0.9999779076924903
test_18538,0.9999997875291743
test_18539,3.3773735370612434e-07
test_18540,0.6226481042711166
test_18541,0.999966818195193
test_18542,1.2063380147972904e-05
test_18543,0.9999992134478135
test_18544,5.97780282294265e-06
test_18545,0.9999999136831449
test_18546,0.9999874735401187
test_18547,0.9999678540041508
test_18548,0.9999998517439777
test_18549,0.8278354964549324
test_18550,0.9997224972420352
test_18551,0.9998287343622152
test_18552,0.006200152291882482
test_18553,6.2659038682561805e-06
test_18554,0.9999997177394389
test_18555,0.9998931234738209
test_18556,0.995184748214711
test_18557,0.0010948534061437326
test_18558,0.9996359759671486
test_18559,0.9999995165644769
test_18560,2.5267499469127282e-05
test_18561,0.02947207505019196
test_18562,0.9999997863083
test_18563,0.9984927983149164
test_18564,3.942195191230934e-05
test_18565,0.9999996797920301
test_18566,0.06565255971941478
test_18567,0.9998105155258524
test_18568,0.9999981596691996
test_18569,0.9999980158242446
test_18570,0.000578833113679969
test_18571,0.00016657949651308776
test_18572,2.4531418151967286e-07
test_18573,0.9999961552971105
test_18574,0.9999998351665526
test_18575,2.0015923225583262e-07
test_18576,0.0021844378147725975
test_18577,3.5895352894774586e-07
test_18578,0.9993330284095944
test_18579,0.9999998840036183
test_18580,1.9956719457918507e-05
test_18581,1.553650225012093e-06
test_18582,0.9999999093906411
test_18583,2.716291379210203e-07
test_18584,0.0001390547301664652
test_18585,0.0027901015370754975
test_18586,0.9930956385470167
test_18587,0.9999892167005124
test_18588,0.9998883076002448
test_18589,0.0003217321195714308
test_18590,0.9999992846875859
test_18591,3.9657041716313906e-07
test_18592,8.739693846405254e-05
test_18593,6.110797016647521e-08
test_18594,6.899918527488081e-05
test_18595,0.9992482161394827
test_18596,0.9999996980693046
test_18597,0.9999994642127106
test_18598,0.9999997729216257
test_18599,0.9959511048797123
test_18600,0.9999995325348052
test_18601,0.9999979313392434
test_18602,0.9999999244817811
test_18603,0.9999998438675153
test_18604,0.0018368394391739089
test_18605,0.00016923063639557809
test_18606,0.9999996307404184
test_18607,0.9999992585261162
test_18608,1.1130584957178055e-06
test_18609,0.001870382048697485
test_18610,0.04566451874144421
test_18611,0.9999954619653854
test_18612,0.9998237938708158
test_18613,0.8725299002622541
test_18614,3.560467099626662e-05
test_18615,0.9998274769535827
test_18616,2.0063263478152187e-07
test_18617,0.9998843735727752
test_18618,0.00027952797104052854
test_18619,0.9999996149501466
test_18620,0.9999999686681121
test_18621,0.9999976168192642
test_18622,7.694314972439821e-07
test_18623,0.9999998080641843
test_18624,0.0033901590932977283
test_18625,0.9999997653712129
test_18626,0.0006507576291128114
test_18627,0.9254217092919155
test_18628,4.6972931043225925e-05
test_18629,0.00458844625252395
test_18630,0.9999991722160957
test_18631,4.330502727829428e-06
test_18632,0.009003208885874461
test_18633,0.00026686383947837445
test_18634,0.9999946663294313
test_18635,0.9996921003321664
test_18636,5.022103523536203e-06
test_18637,0.9999991214908088
test_18638,3.763396950282684e-07
test_18639,0.9999999773327805
test_18640,0.9999999376670364
test_18641,0.05267996574609036
test_18642,6.504574969220366e-06
test_18643,3.7025438161654817e-07
test_18644,5.571640213703319e-05
test_18645,2.1373433465016695e-07
test_18646,0.9298268123776197
test_18647,0.011976541406243792
test_18648,0.9981648793420939
test_18649,0.000773702355200764
test_18650,4.334053077021575e-05
test_18651,0.9999966360593217
test_18652,0.00010162451691550435
test_18653,1.474093043763518e-07
test_18654,6.412010706588693e-06
test_18655,0.9965065278841291
test_18656,0.06035608362840522
test_18657,1.4894751199966981e-06
test_18658,0.00016197357422501006
test_18659,0.9996026271609966
test_18660,0.9994365923093008
test_18661,8.087044586314695e-08
test_18662,0.0011420769218654374
test_18663,0.384744975657652
test_18664,0.9999999420272496
test_18665,2.4906778171995725e-05
test_18666,0.0052631264315961355
test_18667,0.9969234450627334
test_18668,0.9999998801307307
test_18669,0.9999994305001921
test_18670,5.6063592234799906e-05
test_18671,8.070070335177581e-05
test_18672,8.23074591514869e-06
test_18673,0.9999348099383241
test_18674,3.153958729450816e-05
test_18675,0.0019246779144884007
test_18676,0.9999948408165192
test_18677,1.983954001139382e-07
test_18678,5.350618096472899e-08
test_18679,0.9999995540434271
test_18680,0.9998474963906426
test_18681,0.9999981742916381
test_18682,0.9999989386341676
test_18683,0.9999994448960033
test_18684,0.9999932033086246
test_18685,0.9999919704033319
test_18686,0.9896860716270661
test_18687,0.9999996239607682
test_18688,0.00016899956023734116
test_18689,0.9999951878364137
test_18690,0.992740838597126
test_18691,0.9999375056575918
test_18692,1.2136246923626134e-05
test_18693,0.9999996879219907
test_18694,0.037221788024580045
test_18695,0.9999634326507378
test_18696,0.999999958609571
test_18697,1.997114673976911e-07
test_18698,3.1503502891960134e-07
test_18699,0.00033466171716469464
test_18700,0.9844710291453865
test_18701,0.8435133487827369
test_18702,0.0013659012553830724
test_18703,3.728731588278538e-08
test_18704,0.9999983363142256
test_18705,0.2881654042743147
test_18706,0.9993237823676752
test_18707,1.4592061912093766e-07
test_18708,0.0001304658086069924
test_18709,0.9999999710796554
test_18710,0.9999998549927344
test_18711,0.9999997722202131
test_18712,2.6469184673211217e-07
test_18713,0.9999998227301093
test_18714,0.004071551117378996
test_18715,0.9999651536340701
test_18716,0.9999976381987684
test_18717,0.004183816251896906
test_18718,0.2184479076282772
test_18719,0.9989396202246307
test_18720,4.881071655712259e-05
test_18721,0.9988901749121533
test_18722,0.7031546931035291
test_18723,2.580380857851622e-07
test_18724,0.9999998057194162
test_18725,0.9736588770278017
test_18726,0.995598083074829
test_18727,0.9999322142289189
test_18728,0.998195373835603
test_18729,0.9999878055067482
test_18730,2.646708124779268e-05
test_18731,0.9999999271132416
test_18732,4.1672551801845895e-08
test_18733,0.9999999574585536
test_18734,0.9603877501944328
test_18735,2.022095968242219e-05
test_18736,0.9999998479686107
test_18737,0.9996651683060649
test_18738,7.6463543671485e-08
test_18739,0.9974356633327937
test_18740,2.7761589235374002e-05
test_18741,0.008083119049534343
test_18742,1.2609747943717108e-06
test_18743,0.9999763722254251
test_18744,0.9954627456978755
test_18745,0.9999999674191096
test_18746,0.9999895126670266
test_18747,1.4470226621978258e-07
test_18748,0.99983636077026
test_18749,0.9994792781183688
test_18750,1.2438277502994936e-06
test_18751,0.0020060808970010216
test_18752,7.969499778793378e-05
test_18753,0.9999992092616727
test_18754,0.9999970713241744
test_18755,0.9990412933322677
test_18756,0.036726863793021584
test_18757,0.0009809024746315553
test_18758,3.12906749165808e-05
test_18759,0.9999997593438967
test_18760,0.04248586303312853
test_18761,0.9991857163126261
test_18762,0.9994456636653999
test_18763,0.9999995190482248
test_18764,0.999737392947376
test_18765,1.0231617745442794e-07
test_18766,5.963576599267882e-08
test_18767,0.9999997480180025
test_18768,2.5743467153779218e-06
test_18769,7.119345326080095e-07
test_18770,0.9991258778075878
test_18771,0.00012241450967667104
test_18772,1.3897079818268332e-06
test_18773,0.9632717152795699
test_18774,8.255845730482494e-07
test_18775,9.058426270740626e-06
test_18776,0.00013407525008628612
test_18777,2.5712767294796714e-07
test_18778,0.9991843742699726
test_18779,0.008620864709711521
test_18780,0.6969901187398649
test_18781,0.00046326426957104703
test_18782,0.9999998615726821
test_18783,1.7310414677483013e-06
test_18784,3.337819377382072e-06
test_18785,0.9254460002064452
test_18786,0.00012056250487640337
test_18787,0.9999999507208923
test_18788,0.9999996183798849
test_18789,5.316915427106843e-05
test_18790,4.3739486251734886e-07
test_18791,1.6312498863378508e-07
test_18792,0.999997508888657
test_18793,5.073809672748959e-06
test_18794,0.9999962625050568
test_18795,1.985914165491008e-07
test_18796,0.9999923931635364
test_18797,0.9999996867683054
test_18798,2.2123805042294987e-07
test_18799,0.9993611482908663
test_18800,0.38964637860059514
test_18801,0.9874803779492222
test_18802,0.999998209873842
test_18803,0.022282378578851538
test_18804,5.161545403128274e-05
test_18805,1.898982757586234e-06
test_18806,0.9992292849494425
test_18807,0.012174730044577635
test_18808,0.0005609197695204507
test_18809,1.6135721802584253e-07
test_18810,1.4631747389518809e-06
test_18811,0.9252977949788516
test_18812,0.0001792982440468618
test_18813,0.9999991740564574
test_18814,0.9960221090869548
test_18815,0.00010580708290114467
test_18816,0.9999991862006764
test_18817,2.4183582245227884e-07
test_18818,1.9810173777588564e-06
test_18819,0.9999987582514948
test_18820,0.9999631899964342
test_18821,0.9999998227220911
test_18822,0.9959920950226152
test_18823,0.9999998618363091
test_18824,2.2938467916841422e-05
test_18825,0.9920195256072979
test_18826,3.2491983647194247e-07
test_18827,4.677255451755222e-05
test_18828,3.192262492419041e-05
test_18829,2.8293655441152892e-05
test_18830,1.1420341184879854e-07
test_18831,0.9995302249515272
test_18832,2.176093284468765e-07
test_18833,0.0006566733132050571
test_18834,0.999522710968124
test_18835,0.999999425431753
test_18836,0.982337171742468
test_18837,0.9999989566420046
test_18838,5.192494224344391e-05
test_18839,0.9999988265397254
test_18840,0.9999301335189378
test_18841,0.00034817987528430966
test_18842,1.6134516052222955e-07
test_18843,0.99999986702526
test_18844,8.782900157974244e-07
test_18845,0.9900810406009376
test_18846,0.9999998231444676
test_18847,0.00239150792089945
test_18848,0.9945232122022432
test_18849,0.9805388700711481
test_18850,0.002155929407009219
test_18851,0.9999997281243302
test_18852,1.8167031419963895e-07
test_18853,0.00424257369051067
test_18854,0.009326200026907826
test_18855,2.1804699284722243e-05
test_18856,0.0001697372644564441
test_18857,0.0001976000285921817
test_18858,0.9997400889010185
test_18859,2.3638678447616243e-06
test_18860,0.9999272267004203
test_18861,0.00100211123541071
test_18862,0.00019840366780727846
test_18863,5.332510910067107e-07
test_18864,0.9998894434888882
test_18865,4.7048089218595176e-07
test_18866,0.0009824752222318217
test_18867,0.9999910607489351
test_18868,1.6537620599782523e-07
test_18869,0.9820828450748719
test_18870,0.9998581143477091
test_18871,2.2545403518298524e-07
test_18872,0.9998592407567938
test_18873,0.021327268742765228
test_18874,0.10993061239364342
test_18875,0.9971355911176355
test_18876,0.999999761323853
test_18877,0.003943863403280313
test_18878,0.9999996496168635
test_18879,6.433775621737816e-05
test_18880,0.9999995422958344
test_18881,0.9999999452625911
test_18882,2.0426647281958397e-05
test_18883,1.8426543707715744e-05
test_18884,0.00024132441076593403
test_18885,0.000968715894262728
test_18886,0.910786160685325
test_18887,0.9843998602104785
test_18888,9.791600094705452e-07
test_18889,3.680290808603396e-08
test_18890,8.223469525388342e-07
test_18891,4.783739117178548e-07
test_18892,0.9999826325693499
test_18893,0.9911634074368735
test_18894,0.9999357804395961
test_18895,0.9798871987206552
test_18896,0.9999893452766815
test_18897,0.999930561910446
test_18898,0.999587046450487
test_18899,0.0001239984628655935
test_18900,1.7655853757877807e-06
test_18901,0.9996941838597977
test_18902,0.9979820136306776
test_18903,0.00045061953505563286
test_18904,0.733648444916347
test_18905,0.11925132858884253
test_18906,1.575733244433531e-05
test_18907,2.6540710004942484e-05
test_18908,0.977472818597244
test_18909,0.9999997614767078
test_18910,2.3393662176908846e-07
test_18911,6.559289851545307e-05
test_18912,0.9999984012016379
test_18913,0.0003184552397023789
test_18914,5.338275203234116e-07
test_18915,0.0005827498874625681
test_18916,0.004517648061857837
test_18917,6.646470533184846e-05
test_18918,0.9999999730229251
test_18919,0.9975464741988664
test_18920,0.0015050415551307145
test_18921,0.9999997790433626
test_18922,1.812871932090613e-07
test_18923,0.9999994603445775
test_18924,4.98324171183387e-07
test_18925,2.0372257751913995e-06
test_18926,1.235144280988359e-07
test_18927,0.8177537359767455
test_18928,2.0686825586565525e-07
test_18929,0.002442378543547182
test_18930,0.9999998780876749
test_18931,0.9738217341025578
test_18932,1.4544848919093247e-07
test_18933,0.0065078631226409295
test_18934,0.9999998201415027
test_18935,0.014834776370562285
test_18936,0.00015129800407856118
test_18937,0.9999998843084122
test_18938,1.1632297741178466e-05
test_18939,0.0008519921161020545
test_18940,4.775363420474823e-08
test_18941,0.9993050446950326
test_18942,8.39231397143398e-06
test_18943,5.798156289731057e-05
test_18944,1.0644815529790101e-06
test_18945,0.9999999178788012
test_18946,1.5246766439397216e-07
test_18947,0.9999999183930783
test_18948,0.22400792297654673
test_18949,0.9999948736617409
test_18950,0.0007173420986204062
test_18951,1.1585310085485409e-05
test_18952,0.9999994220580001
test_18953,0.9342886267538273
test_18954,0.9999999034337137
test_18955,5.235548009886198e-07
test_18956,6.327813228165511e-07
test_18957,0.9999999407111422
test_18958,0.9999103449355414
test_18959,4.7726308724891426e-05
test_18960,0.013350558997241972
test_18961,0.8777518290302491
test_18962,2.1631385459102421e-07
test_18963,0.00032447257114133265
test_18964,2.073539534315721e-06
test_18965,0.03438164029899756
test_18966,0.9999920403475334
test_18967,0.9999343819014764
test_18968,0.9989225999177344
test_18969,0.9999998053103342
test_18970,0.0014353263602963657
test_18971,0.9998351734016486
test_18972,0.00028326637864369003
test_18973,0.999733299529856
test_18974,0.9999834555512472
test_18975,0.9999996440004821
test_18976,0.9999343943254123
test_18977,0.999998439784648
test_18978,0.9999987668126966
test_18979,0.999999393344834
test_18980,0.9999974550233331
test_18981,6.893849323472677e-07
test_18982,2.373262870564045e-07
test_18983,0.9998136775483892
test_18984,0.9999940776403536
test_18985,0.00785129751077458
test_18986,0.5124703634798613
test_18987,0.9999910706693563
test_18988,0.006285668744312919
test_18989,0.9999994792137604
test_18990,0.9999803853781977
test_18991,0.9999559309825562
test_18992,5.436082488858827e-06
test_18993,0.9999999083973778
test_18994,0.9809774617126198
test_18995,0.9995762850469553
test_18996,0.00019088179675941922
test_18997,1.5706759872312302e-07
test_18998,0.9999989544336852
test_18999,0.002462383557648872
test_19000,0.9999995284170061
test_19001,0.0004988092609079138
test_19002,1.7697730066133708e-07
test_19003,1.4041266461395788e-07
test_19004,0.9939162891800156
test_19005,0.0010217848536025814
test_19006,0.9999186962314148
test_19007,0.0017603533889470695
test_19008,0.0001218402884158134
test_19009,4.705025813474907e-05
test_19010,0.9999987304214741
test_19011,0.9999999213802138
test_19012,0.00014013472158335376
test_19013,0.0004037994546752968
test_19014,0.9999998517440991
test_19015,1.5978027744360577e-06
test_19016,0.9999996043641861
test_19017,0.00017628539455946814
test_19018,0.00013548636457598378
test_19019,0.9959576745925163
test_19020,0.0003261948492190399
test_19021,1.5395543525347296e-05
test_19022,0.015730259214353563
test_19023,1.8390546364731414e-07
test_19024,0.8144420406403639
test_19025,0.9999992565396828
test_19026,0.999998887942393
test_19027,0.00671956639357536
test_19028,0.012046405884007058
test_19029,0.9996459127101525
test_19030,3.092842474498452e-07
test_19031,0.9999999367859971
test_19032,3.565498383514569e-05
test_19033,0.9999670835590349
test_19034,0.917672512266246
test_19035,2.3773341714226954e-07
test_19036,0.000507646422713416
test_19037,0.9999998085655155
test_19038,9.703395974824797e-08
test_19039,0.009572303721667515
test_19040,0.9997366307689417
test_19041,0.999043004803488
test_19042,0.9999999482369775
test_19043,0.9999990507699241
test_19044,1.2942161779205488e-05
test_19045,6.600603693447351e-05
test_19046,0.9955851098638667
test_19047,0.9968613262207451
test_19048,0.9969505642424401
test_19049,0.9998667114798035
test_19050,0.9999996021158435
test_19051,7.320767587770682e-06
test_19052,0.016668039471819267
test_19053,0.9907238970132832
test_19054,8.080490156954495e-06
test_19055,0.9999790719534434
test_19056,0.04107888944143795
test_19057,0.9999943625330174
test_19058,5.20885281400229e-07
test_19059,1.643195543832051e-07
test_19060,6.88969251407483e-08
test_19061,0.9634338546478777
test_19062,0.03544850568844087
test_19063,0.9999991426713428
test_19064,2.286582952690725e-06
test_19065,5.097093702829493e-07
test_19066,4.0725293826570577e-08
test_19067,0.9999626778586638
test_19068,0.9999978724464292
test_19069,1.4275296633141672e-07
test_19070,0.6403444192455635
test_19071,0.09808777551566251
test_19072,0.00060473685334441
test_19073,0.9999352429890396
test_19074,0.9999997618933393
test_19075,0.9999997841819035
test_19076,0.999999969879815
test_19077,6.754048973544973e-07
test_19078,0.018965516678914378
test_19079,0.7828268987276119
test_19080,5.408484538986883e-07
test_19081,0.9997418433913516
test_19082,0.9694961118764253
test_19083,0.9822884903730169
test_19084,0.9999993736332085
test_19085,0.002583825570540886
test_19086,2.0563222746416556e-05
test_19087,5.5442837941502584e-05
test_19088,7.666013206932696e-07
test_19089,0.9995689069849187
test_19090,2.0423176993636325e-08
test_19091,0.9999998883694503
test_19092,0.999976840964888
test_19093,2.5271634308437864e-07
test_19094,2.1457946287654759e-07
test_19095,9.788091371178981e-08
test_19096,0.9999998549006013
test_19097,7.771839554299334e-05
test_19098,0.9923184823088681
test_19099,0.9998793910986605
test_19100,2.9674735542908306e-07
test_19101,0.9997198031701903
test_19102,1.1557631501884869e-07
test_19103,6.472249898117784e-07
test_19104,3.3686358529142593e-06
test_19105,0.9999994974890449
test_19106,0.0001300424902047965
test_19107,0.9999998122241529
test_19108,0.0015780714784037631
test_19109,4.5615666554496964e-05
test_19110,0.00027930328404503717
test_19111,0.0013982884233717525
test_19112,0.9999998111013363
test_19113,0.036752265861583
test_19114,4.045376476062184e-05
test_19115,1.105723222634716e-06
test_19116,0.9998551188518678
test_19117,0.00039555581729633387
test_19118,1.268181664861594e-07
test_19119,0.9964042337336882
test_19120,1.925476930631904e-05
test_19121,0.9999992771428201
test_19122,0.9999992822686647
test_19123,0.999995198142352
test_19124,3.815763320026536e-08
test_19125,0.9986776169032007
test_19126,0.9998397565612961
test_19127,0.0026837290199332973
test_19128,0.6257473273541587
test_19129,0.0008163582401316249
test_19130,0.9999415861364118
test_19131,0.9999566573638458
test_19132,4.1148122863975344e-06
test_19133,1.8010498324361392e-05
test_19134,0.9991881059992779
test_19135,2.081156660760417e-07
test_19136,0.9999984562614771
test_19137,0.999999727126797
test_19138,1.195197566215955e-07
test_19139,0.00010144963825759264
test_19140,0.9999994696206413
test_19141,0.0005078066566242789
test_19142,0.9999997290694275
test_19143,2.788933680782018e-07
test_19144,0.9999825080434455
test_19145,0.9997573551180169
test_19146,0.9996985541478819
test_19147,0.9999999205085647
test_19148,0.9999944845835215
test_19149,0.9999997063175502
test_19150,0.0002675122150627005
test_19151,0.001973124855469853
test_19152,0.9999980141325379
test_19153,0.9974162799084398
test_19154,0.002250222642871455
test_19155,0.9999261238864658
test_19156,0.033007821348339385
test_19157,0.9999996589606772
test_19158,0.993417466807112
test_19159,0.9998333206957617
test_19160,1.1576703499967976e-07
test_19161,3.662957751549956e-07
test_19162,0.0010941980205749244
test_19163,0.9999812215406213
test_19164,0.00019339229329275886
test_19165,6.8149009868026e-07
test_19166,0.9963435291798239
test_19167,0.9503951405651153
test_19168,0.9997117606716494
test_19169,3.4129700993945376e-06
test_19170,0.9999831957112914
test_19171,0.9999999425308603
test_19172,0.9999990225076631
test_19173,0.9999997054557567
test_19174,0.009317978945930581
test_19175,0.06787016984724578
test_19176,0.001925515953810703
test_19177,0.9999995752177656
test_19178,0.999960272797053
test_19179,0.006148970737883851
test_19180,6.315056062907601e-07
test_19181,0.1972919509101463
test_19182,4.728476864283007e-08
test_19183,0.9888934737054652
test_19184,0.9956975934894066
test_19185,0.04153970004593294
test_19186,0.763506108605755
test_19187,0.9999998322305244
test_19188,0.9705308592524016
test_19189,0.999998939533225
test_19190,0.999999791175021
test_19191,3.879089997206111e-08
test_19192,0.9999997035877363
test_19193,1.5329628508405562e-06
test_19194,8.249744038842094e-07
test_19195,0.0035671851292195505
test_19196,0.9999576661199945
test_19197,5.927230527938437e-07
test_19198,0.9985627067969969
test_19199,0.00011214629125028858
test_19200,0.999994413399886
test_19201,0.9999981509146444
test_19202,0.9999852171729036
test_19203,0.9999779929769528
test_19204,0.9999895257651633
test_19205,0.14890426348803465
test_19206,0.9965494867737855
test_19207,0.00017897788271575954
test_19208,0.9999876276625967
test_19209,0.9997040310997127
test_19210,6.404740461121772e-07
test_19211,5.189612535576229e-08
test_19212,0.9995357867719016
test_19213,0.9873702338242194
test_19214,1.3574606040719969e-05
test_19215,4.0996791163406875e-07
test_19216,1.0098369529276045e-06
test_19217,0.9999982320109612
test_19218,8.891538886603192e-07
test_19219,1.5803326588643616e-06
test_19220,0.03335005793744165
test_19221,0.01854438700951599
test_19222,0.9999594025840395
test_19223,0.9998747754196802
test_19224,4.7847416839747926e-08
test_19225,4.961387509879202e-05
test_19226,0.9999936438278912
test_19227,0.00829295039496461
test_19228,0.999999745153311
test_19229,0.00345709931025299
test_19230,0.04864724089874943
test_19231,0.9999990712582533
test_19232,0.9999568035480815
test_19233,0.9999750747869622
test_19234,2.4517166351012642e-05
test_19235,4.546752673520827e-07
test_19236,8.086804843552984e-05
test_19237,5.854980447283621e-08
test_19238,5.906472349222246e-06
test_19239,0.0023864861140568323
test_19240,0.9999999064313777
test_19241,0.9282888414777938
test_19242,0.0372046107999726
test_19243,0.9836565320495296
test_19244,0.999946041222897
test_19245,0.9999998475692627
test_19246,0.9999992258771124
test_19247,9.17062386765156e-07
test_19248,0.9999999104847246
test_19249,1.0011839340865939e-07
test_19250,0.9999994353965168
test_19251,0.9802222291853275
test_19252,2.545289214736418e-08
test_19253,2.3246003700829256e-05
test_19254,0.9998389948534796
test_19255,0.9999997657958715
test_19256,0.8869659308859978
test_19257,2.2887123628877264e-07
test_19258,4.998358598121441e-07
test_19259,8.773250427490854e-08
test_19260,0.06672466041297138
test_19261,0.8989974056441727
test_19262,0.9995199128569612
test_19263,2.8647495797087013e-06
test_19264,0.013493170578266885
test_19265,0.9946360568558952
test_19266,1.1967530804490467e-06
test_19267,0.9999993663952014
test_19268,0.99933773414872
test_19269,1.9683516372758135e-07
test_19270,4.2287711306096344e-07
test_19271,8.066731475378483e-08
test_19272,0.999999787773969
test_19273,0.9999704930503119
test_19274,0.00025802685955326175
test_19275,0.9987721916372018
test_19276,0.9997907036609242
test_19277,1.3305864511151632e-07
test_19278,0.007086138428818927
test_19279,0.999284329438515
test_19280,0.980368320787531
test_19281,0.9945395973425022
test_19282,9.189644958041428e-08
test_19283,0.00027666226359797206
test_19284,0.9870133757944565
test_19285,0.99994433013842
test_19286,1.2854335148849218e-07
test_19287,0.9999998257201088
test_19288,0.011437953821519836
test_19289,8.82542198918778e-08
test_19290,0.9999999861590791
test_19291,3.2959104724760993e-07
test_19292,0.0007839954845689403
test_19293,7.77480976218119e-06
test_19294,0.9998477115526155
test_19295,0.9999994565424948
test_19296,0.9999995714593592
test_19297,1.0655234781095964e-08
test_19298,0.9999996333033959
test_19299,0.016664374908854265
test_19300,0.00010054780354970617
test_19301,0.9720202734413953
test_19302,0.01347452686249522
test_19303,0.9999998571876871
test_19304,0.999959513541316
test_19305,0.0001642502032567171
test_19306,0.9999999366794132
test_19307,0.999999873545125
test_19308,0.9999997375435323
test_19309,2.063132846877676e-05
test_19310,5.430237267758983e-05
test_19311,2.794645262058807e-08
test_19312,4.594890780844514e-06
test_19313,1.3088915571341775e-06
test_19314,0.0018052511780012952
test_19315,0.9999998688846311
test_19316,0.9999987768968363
test_19317,0.000152644918436843
test_19318,0.9999856113599674
test_19319,2.4339209456553837e-07
test_19320,0.9999998201997699
test_19321,3.1268277246511894e-07
test_19322,7.574726590368534e-07
test_19323,0.9999998161983639
test_19324,0.0002791582859227867
test_19325,0.0005174243474885643
test_19326,1.2924113354101511e-05
test_19327,0.997536215732174
test_19328,6.61902495627401e-07
test_19329,0.7635952202640979
test_19330,0.09333771380457105
test_19331,3.004304697609698e-07
test_19332,0.9998800231646838
test_19333,0.00019833663127346757
test_19334,9.383616054560192e-07
test_19335,0.03238366273738157
test_19336,2.2161209338089868e-07
test_19337,1.2348200757202864e-06
test_19338,0.9999997354417032
test_19339,1.3732674187290114e-06
test_19340,0.9997151819024374
test_19341,0.0035655794737689942
test_19342,0.9999978721003588
test_19343,0.9999998851574946
test_19344,4.563493133732982e-07
test_19345,0.9999863564114077
test_19346,0.0026162132519773882
test_19347,1.1725983394247924e-07
test_19348,3.8143528660434986e-07
test_19349,8.605165381756157e-08
test_19350,1.1995676104730917e-07
test_19351,0.0002985719585420471
test_19352,0.991468654481269
test_19353,0.0002640320737137181
test_19354,0.9999999626368977
test_19355,2.2378785927479182e-05
test_19356,0.05519514978324674
test_19357,0.999832066088137
test_19358,0.9968978932810163
test_19359,0.9999998331748498
test_19360,0.0009394818254322158
test_19361,0.00016487583589001919
test_19362,3.3063821833967847e-07
test_19363,0.00015910192630875117
test_19364,0.999996639631975
test_19365,5.988059602815872e-06
test_19366,0.03552863794353137
test_19367,0.9627979216675581
test_19368,0.9999996877113475
test_19369,0.9758773959983563
test_19370,0.04675985085747002
test_19371,2.7628755557374446e-07
test_19372,0.027763671569852735
test_19373,0.9228519173974328
test_19374,0.9999981403119284
test_19375,0.040025427331090484
test_19376,0.9999998486736434
test_19377,0.9999999632165095
test_19378,0.985990855867124
test_19379,6.798136067375192e-07
test_19380,0.9993452835033213
test_19381,0.9909901554804679
test_19382,9.127357222905659e-06
test_19383,0.9997408654934693
test_19384,0.9999998181284182
test_19385,0.9999999315207184
test_19386,0.9958651243121468
test_19387,0.0009059776394705871
test_19388,0.9967070421034652
test_19389,0.14616319343009662
test_19390,0.9999963880102359
test_19391,0.999997501761188
test_19392,6.479205082240142e-07
test_19393,0.9546879770731249
test_19394,0.9999999640901451
test_19395,2.1456832591260823e-07
test_19396,0.9996280698640881
test_19397,7.363923833864682e-06
test_19398,0.995339876132426
test_19399,0.00012863059258891706
test_19400,0.010763506471639511
test_19401,0.9987584696844876
test_19402,4.6764303963544394e-07
test_19403,0.0027046602905422728
test_19404,0.0003404832874982024
test_19405,0.9999998223339637
test_19406,0.9999998705666463
test_19407,0.012406393826262624
test_19408,0.8385419442072144
test_19409,8.953097859395993e-05
test_19410,2.8199044991526078e-05
test_19411,5.149295503630008e-05
test_19412,0.0035169370831167135
test_19413,0.9999992997952178
test_19414,0.007005925961158056
test_19415,0.008462819845050415
test_19416,0.9998752395826324
test_19417,0.02219085679815777
test_19418,6.573049053796239e-05
test_19419,0.9999843529207525
test_19420,8.907587708273603e-05
test_19421,0.9999996191945428
test_19422,0.9906892151694139
test_19423,0.9992105401840254
test_19424,0.022284402756594674
test_19425,0.0002329473366709846
test_19426,2.3170749023389326e-06
test_19427,5.211704701405477e-06
test_19428,0.9999997347419836
test_19429,0.9625234806246922
test_19430,0.9545329052649588
test_19431,0.9999999487661699
test_19432,0.9999996113455617
test_19433,1.9086951948418184e-07
test_19434,0.9999954668063972
test_19435,0.9999999710807475
test_19436,0.9999995535241519
test_19437,0.9999996116662029
test_19438,1.8986692516842796e-07
test_19439,0.995710721812421
test_19440,9.333058710442714e-05
test_19441,0.999998470053741
test_19442,0.9058299446162794
test_19443,1.4637480625278395e-06
test_19444,4.4684065150225324e-07
test_19445,8.312815037474251e-07
test_19446,0.9995680955358769
test_19447,2.560000633172166e-07
test_19448,0.9999998137448298
test_19449,0.9999999718115987
test_19450,0.9997413882245781
test_19451,0.9863319702172239
test_19452,0.9999999782849927
test_19453,0.9867166318731588
test_19454,0.9999861258374777
test_19455,0.0004322611031848662
test_19456,4.7441448253393604e-08
test_19457,0.9999959554429285
test_19458,0.9993944506047704
test_19459,0.9999472768649468
test_19460,5.700347750010962e-05
test_19461,2.1900023004562035e-07
test_19462,0.9995742863097544
test_19463,1.2234747174241476e-05
test_19464,0.0007773182996235899
test_19465,0.0010863191230193257
test_19466,0.9645934950035558
test_19467,0.9998476342883819
test_19468,0.9999990765752521
test_19469,0.9999480680983291
test_19470,8.959180886013314e-08
test_19471,3.329521947762629e-05
test_19472,0.9998374158378355
test_19473,0.9999999062097532
test_19474,0.9999973803994866
test_19475,0.9999918967583541
test_19476,0.9997036339792671
test_19477,9.731086614351897e-07
test_19478,0.0006213404224348507
test_19479,0.9999998896134945
test_19480,0.9999665660813923
test_19481,0.997827297542887
test_19482,9.697770333744767e-08
test_19483,0.9999995952607077
test_19484,0.9999974904758816
test_19485,0.9971179141226814
test_19486,2.1183395982412616e-06
test_19487,0.9070258940546088
test_19488,0.9999993665912452
test_19489,0.9017439418948843
test_19490,0.00029085099271832274
test_19491,0.051392213477689894
test_19492,3.697293104881972e-07
test_19493,0.9996372241828776
test_19494,0.9838564480140182
test_19495,0.9999997816088766
test_19496,0.9835096692724966
test_19497,0.0015672524463301919
test_19498,0.9919089770931175
test_19499,0.9961717358941549
test_19500,3.238330350785759e-06
test_19501,0.7060999429103548
test_19502,8.11361720174144e-07
test_19503,0.7072816602332415
test_19504,6.622348419722999e-07
test_19505,0.9999998929235113
test_19506,0.862200886105877
test_19507,0.99000613673786
test_19508,0.9999997181062725
test_19509,0.9999997385164767
test_19510,0.9985763945425375
test_19511,0.9947490388405367
test_19512,0.9881736825555991
test_19513,0.9564443579926971
test_19514,0.999999874611893
test_19515,4.153577316179972e-07
test_19516,0.9999984747987577
test_19517,0.004606477755793481
test_19518,0.9999329433893688
test_19519,0.9999999273282891
test_19520,0.00043832276389039164
test_19521,0.9889984968232034
test_19522,1.6407158610335604e-06
test_19523,0.9878107075916385
test_19524,6.1295141780657585e-06
test_19525,5.544395018344196e-05
test_19526,6.874345572510849e-07
test_19527,0.9890229495696402
test_19528,3.5002779388260156e-07
test_19529,0.002089466429467742
test_19530,0.01704180325362065
test_19531,0.007037906225885712
test_19532,0.985151951955357
test_19533,4.404437554193289e-05
test_19534,0.999999940122493
test_19535,0.0006264311451212243
test_19536,0.9627644640886138
test_19537,0.8518027505378094
test_19538,0.9999878436290546
test_19539,0.9999976618629184
test_19540,0.006633291853515511
test_19541,0.9999982468007078
test_19542,0.9816068046736095
test_19543,4.270309612025588e-07
test_19544,0.9998832020192838
test_19545,0.9999995163301444
test_19546,0.999550886153331
test_19547,9.423756082997886e-05
test_19548,0.9999999128857631
test_19549,1.6598890925381378e-05
test_19550,3.8868591375546266e-08
test_19551,0.8570200489801563
test_19552,0.9999998201593189
test_19553,6.858014162622595e-07
test_19554,3.8338727642760517e-07
test_19555,0.9999989723554463
test_19556,2.2249142221200663e-06
test_19557,0.00019713496706532543
test_19558,1.393634403618672e-07
test_19559,0.0001813869349082441
test_19560,0.9996964736656914
test_19561,0.9999997923063236
test_19562,0.9992785930779821
test_19563,0.9996844227661495
test_19564,2.4193279972438807e-07
test_19565,0.005159389908342441
test_19566,1.7158373943260476e-06
test_19567,0.8665155996954993
test_19568,0.00044970534356105965
test_19569,0.34239374868504585
test_19570,0.9999970662727856
test_19571,0.9940535791856792
test_19572,0.9979954455253085
test_19573,0.9999989791400611
test_19574,5.13218748170157e-07
test_19575,1.385391121810226e-06
test_19576,0.9997315955061686
test_19577,0.9999997832257909
test_19578,0.9999970041052905
test_19579,9.083474624725215e-05
test_19580,1.8230987452283494e-07
test_19581,0.9634656928036238
test_19582,0.9999985992042484
test_19583,2.607364510882144e-05
test_19584,0.00029153865812233315
test_19585,0.9999998284662727
test_19586,0.9999879532905968
test_19587,4.881725690931887e-06
test_19588,0.9999999624063415
test_19589,5.592211086803386e-06
test_19590,0.9963859873386884
test_19591,0.9999998084568875
test_19592,0.9999412050059776
test_19593,0.9999251679466977
test_19594,1.437502368468431e-07
test_19595,0.00033806734969096493
test_19596,0.9999932788817719
test_19597,1.2323607089197836e-07
test_19598,3.3260282207518005e-05
test_19599,0.9995540559173489
test_19600,3.98929556194307e-08
test_19601,1.5547670916399663e-07
test_19602,1.2219212173168617e-07
test_19603,0.9999984593206181
test_19604,0.9984337611986513
test_19605,1.963964126595619e-06
test_19606,0.9999999447630569
test_19607,1.5246946793048934e-07
test_19608,8.552892718427046e-06
test_19609,0.049293821249990856
test_19610,0.9653906164755561
test_19611,0.9999923118766453
test_19612,0.8465476883530758
test_19613,0.9999999157120425
test_19614,0.025184917646551924
test_19615,0.9999996285808331
test_19616,8.541308276586781e-08
test_19617,0.0020315199405335988
test_19618,0.9873125302005387
test_19619,0.9999924869534059
test_19620,0.024227241259325644
test_19621,5.3470546943173235e-08
test_19622,3.7863402897127846e-06
test_19623,3.4912894969456326e-07
test_19624,0.005954054359363059
test_19625,0.9999999485411666
test_19626,0.0002164893335204202
test_19627,1.2132159173894695e-06
test_19628,0.9998348237320154
test_19629,0.0001299070908813219
test_19630,0.999999399700866
test_19631,0.9998678644607243
test_19632,0.9999989282658663
test_19633,0.9999996356282888
test_19634,0.9999820619825993
test_19635,0.999993557522792
test_19636,0.9764808096289519
test_19637,0.00417220226053459
test_19638,0.9921288719179538
test_19639,0.006713634415547163
test_19640,7.285571511290267e-05
test_19641,0.07099582384732879
test_19642,8.328848241962782e-07
test_19643,0.00020712017627680862
test_19644,1.970962506196359e-07
test_19645,0.011561510789225429
test_19646,5.196649814670691e-06
test_19647,0.9999982770667821
test_19648,0.0002831518619901476
test_19649,0.9713979318172465
test_19650,1.7427400640693494e-07
test_19651,0.00023549702952455076
test_19652,0.0004375627626428991
test_19653,0.0008489310179135652
test_19654,1.0847941083283859e-07
test_19655,0.014691280439544659
test_19656,1.1351901398853314e-06
test_19657,0.008846414463011657
test_19658,0.015546335859413793
test_19659,0.9999982481653265
test_19660,0.9999971331542584
test_19661,4.8172645676276435e-05
test_19662,0.9991671484819515
test_19663,1.138315518062877e-06
test_19664,0.9995040853351111
test_19665,0.9998872317484739
test_19666,0.9599373580793381
test_19667,0.9999849429339582
test_19668,4.7900338736387546e-06
test_19669,0.013229247324308874
test_19670,0.9999988114250465
test_19671,0.026810730552607145
test_19672,0.9999994480646788
test_19673,1.2197633032267189e-06
test_19674,0.03587680097116142
test_19675,0.8615769707409408
test_19676,0.9998846644004891
test_19677,0.9993119774370082
test_19678,1.6607241218460405e-07
test_19679,0.9995462479001402
test_19680,0.9999280489097746
test_19681,0.029958494441221097
test_19682,0.0006424850591535526
test_19683,0.9999633746123985
test_19684,8.496057796701185e-07
test_19685,0.9999996269519643
test_19686,0.9999978407134831
test_19687,1.882160408059244e-07
test_19688,0.9939881716541494
test_19689,0.9999995149226576
test_19690,8.173686980292953e-05
test_19691,0.999999726506366
test_19692,0.9999766158723019
test_19693,0.9467632483081154
test_19694,0.999687597840262
test_19695,0.9926977401580134
test_19696,0.9998948399222373
test_19697,0.006892558429994286
test_19698,0.993262146752319
test_19699,0.9999999504197001
test_19700,0.04184170081807329
test_19701,1.4822832309558728e-05
test_19702,9.23728609001815e-06
test_19703,1.3198510893446795e-08
test_19704,0.9994590429262652
test_19705,0.000334567650306705
test_19706,0.008487923342396383
test_19707,0.9995401155395357
test_19708,0.588708772524983
test_19709,0.00012005188044953455
test_19710,0.9995963925731257
test_19711,2.9401504694102953e-07
test_19712,0.9998799326359525
test_19713,0.9999999595136736
test_19714,0.0007592894274051626
test_19715,2.2532910528536921e-07
test_19716,5.863438771642155e-07
test_19717,0.9999297304766658
test_19718,0.9999994671939215
test_19719,0.9999998431059778
test_19720,0.9999478347919384
test_19721,0.9984012839853603
test_19722,0.00015628009014002862
test_19723,0.9999994833736465
test_19724,2.4588417548489675e-07
test_19725,0.9999998865386948
test_19726,0.9999999209524097
test_19727,6.909918348354745e-07
test_19728,0.999527537455438
test_19729,3.564719934214272e-07
test_19730,0.0002574182789039992
test_19731,1.7652998665902248e-06
test_19732,0.9999998862914994
test_19733,0.0005118631573361514
test_19734,0.9999977826939082
test_19735,0.9999983123253519
test_19736,0.9999992289242815
test_19737,0.001660279390953776
test_19738,0.9922505477453001
test_19739,0.0001646364995049173
test_19740,0.9999850548680697
test_19741,0.9999845853242508
test_19742,3.293052573519463e-07
test_19743,2.0611659201785685e-07
test_19744,0.999316600982283
test_19745,0.9990312549085468
test_19746,3.55520045973608e-05
test_19747,0.018265920133661656
test_19748,1.792459049902413e-06
test_19749,0.0006180209473716217
test_19750,0.9998105257078662
test_19751,8.396723357416482e-06
test_19752,0.9999932383519196
test_19753,8.310823738045489e-08
test_19754,3.3997956825056026e-07
test_19755,0.9998395332609609
test_19756,0.9999978480493762
test_19757,0.999984187640943
test_19758,9.47221693802525e-06
test_19759,0.9999983297987178
test_19760,0.9999921583715353
test_19761,5.98276824822391e-07
test_19762,4.055083515056945e-08
test_19763,0.033191897985070475
test_19764,0.036920259524388044
test_19765,0.9999495415599366
test_19766,0.00024187289469876206
test_19767,2.0042985639709835e-06
test_19768,5.878160189093242e-07
test_19769,0.003066646433823151
test_19770,1.3526693548900588e-07
test_19771,0.9969786072472624
test_19772,0.9999998650779223
test_19773,2.4590394140340595e-07
test_19774,0.00031259239690377373
test_19775,0.00023665363531824303
test_19776,0.9999074215862177
test_19777,0.0002804269513343132
test_19778,0.9997925836639698
test_19779,0.9911215314929418
test_19780,0.9998160379065779
test_19781,1.8606324645218648e-07
test_19782,0.9916024381563148
test_19783,1.3104125723681913e-07
test_19784,0.9999018825703909
test_19785,0.9998238300349737
test_19786,0.999989385309107
test_19787,0.0005470923511362695
test_19788,0.9999997830893406
test_19789,0.983146801507691
test_19790,0.9934754082383168
test_19791,0.000809430898810088
test_19792,0.9990860096838069
test_19793,0.0027688466664679903
test_19794,9.738121109318492e-06
test_19795,0.005049454844354564
test_19796,4.1858425534451647e-07
test_19797,0.9957576536079503
test_19798,2.6743615091995383e-07
test_19799,0.9829281910277401
test_19800,1.5050665479150305e-05
test_19801,0.00021097353142972243
test_19802,6.119740825538916e-05
test_19803,0.9999997509999277
test_19804,0.9995522602086709
test_19805,7.283309002874562e-08
test_19806,0.0022704834352553598
test_19807,0.99999916522343
test_19808,1.2870280443254784e-07
test_19809,0.0013737643046424146
test_19810,0.999927818713618
test_19811,0.9999954747095158
test_19812,0.002303857870386732
test_19813,0.010583550303190936
test_19814,0.9999998958585272
test_19815,1.652100554724002e-07
test_19816,4.4215979027248744e-07
test_19817,0.999870793963463
test_19818,4.033242822471464e-07
test_19819,0.9729216204884836
test_19820,0.017814072850130296
test_19821,0.9997236471266954
test_19822,0.9999496799987446
test_19823,0.999999323770003
test_19824,0.999592445566979
test_19825,0.9976207126814354
test_19826,0.00013398912771364318
test_19827,0.9999997409365561
test_19828,2.3807466297607292e-07
test_19829,2.5365679826652055e-07
test_19830,0.9998493512052105
test_19831,0.00014188425001197214
test_19832,0.9959161415158413
test_19833,2.3573750123199476e-05
test_19834,0.6075223167630343
test_19835,0.04731552360140716
test_19836,0.000113017431390246
test_19837,0.9997586003278575
test_19838,0.9999998576579705
test_19839,0.013888005488133754
test_19840,0.9999853891601845
test_19841,1.3262469366399053e-06
test_19842,2.9317014645974516e-07
test_19843,1.2687202651828386e-07
test_19844,0.0001616197528380037
test_19845,7.767122977318889e-06
test_19846,0.974038834807259
test_19847,0.9992290345680118
test_19848,3.220536964603568e-06
test_19849,1.7796342694992927e-06
test_19850,0.9999967040208049
test_19851,0.008056380959876533
test_19852,0.001390093175938958
test_19853,7.21047954667132e-05
test_19854,0.9996603378033317
test_19855,0.19286125882437338
test_19856,0.9999995926232511
test_19857,5.971665580319867e-07
test_19858,0.9999929650245766
test_19859,0.999992065113207
test_19860,9.424596048486356e-08
test_19861,0.00021501108309247664
test_19862,0.00031584337213674314
test_19863,0.9989744662059598
test_19864,0.00036896284544811177
test_19865,0.9820462736405194
test_19866,3.143273601758148e-05
test_19867,0.9999998211703951
test_19868,0.9999958739067102
test_19869,0.0006280161874877306
test_19870,5.767552050433773e-05
test_19871,0.9999999670717397
test_19872,0.9999994387964876
test_19873,0.9999367289512198
test_19874,6.463816934897993e-08
test_19875,1.700669249725293e-05
test_19876,3.760207824670381e-07
test_19877,0.9999819256072013
test_19878,0.9989747186224796
test_19879,0.9998294189280332
test_19880,0.002985114128669502
test_19881,2.2095421327083548e-08
test_19882,0.999977105855163
test_19883,0.9798895874565546
test_19884,1.0808387528350767e-07
test_19885,0.9991330877577619
test_19886,0.9999992527073083
test_19887,0.9999999740609249
test_19888,2.5445789606504303e-07
test_19889,0.9999996411952206
test_19890,0.9990275021553783
test_19891,0.015491704422158466
test_19892,0.9999914087807095
test_19893,0.9999759626797913
test_19894,3.33200919947552e-07
test_19895,0.9999994565623727
test_19896,0.00024833502387787643
test_19897,0.0010883178910968668
test_19898,1.7366779430216136e-07
test_19899,5.693472751616624e-05
test_19900,0.9999952900415545
test_19901,6.745671799983066e-07
test_19902,0.9999976162442725
test_19903,0.9999959651226122
test_19904,0.9999998495951219
test_19905,4.950355849514921e-06
test_19906,0.03234095252634706
test_19907,0.006147121369477609
test_19908,5.3123736839339475e-06
test_19909,1.9621443030378809e-07
test_19910,4.6816283825896915e-05
test_19911,0.0008091637686006838
test_19912,0.011818248656612402
test_19913,0.9999721638635418
test_19914,1.622553799041703e-07
test_19915,4.297130727813368e-07
test_19916,1.7902614941039434e-05
test_19917,3.8170587699333975e-07
test_19918,0.002012823833488469
test_19919,1.0590274103387608e-05
test_19920,0.018141164476336076
test_19921,0.9988955579075072
test_19922,0.9997539016249222
test_19923,0.999851144388584
test_19924,0.0008794610188417892
test_19925,0.9999988815471702
test_19926,2.7504530686855676e-05
test_19927,0.9704404247626988
test_19928,0.0005267258092830174
test_19929,0.9999619613692644
test_19930,0.10270068897387204
test_19931,0.9997018072537158
test_19932,0.999884914672135
test_19933,3.73118069070399e-05
test_19934,0.9995652162506927
test_19935,4.768098513571627e-08
test_19936,0.9999997847652461
test_19937,0.9999998755702727
test_19938,0.9999308142863621
test_19939,0.23759302807505833
test_19940,2.9136522461432933e-06
test_19941,0.0032986446574414423
test_19942,0.0003302742343613317
test_19943,0.9539508548228742
test_19944,0.9999998978288096
test_19945,8.931352960086797e-07
test_19946,0.00010260743561568995
test_19947,8.788780068707385e-08
test_19948,0.9999998842186292
test_19949,3.2383991114741583e-07
test_19950,0.007057186898031828
test_19951,0.9999998249199651
test_19952,0.9984678981244677
test_19953,2.0898499376705267e-07
test_19954,0.0003076904924097694
test_19955,0.001753402079327673
test_19956,8.616794750802818e-08
test_19957,9.6822650799721e-07
test_19958,0.23646067383586983
test_19959,0.9999519063965849
test_19960,0.43094978339068085
test_19961,0.99973052590672
test_19962,7.872869890909188e-08
test_19963,2.068771833241757e-07
test_19964,0.9482275454164251
test_19965,6.82367484831255e-07
test_19966,0.99999997665935
test_19967,0.6629835448600344
test_19968,0.9999902543019403
test_19969,0.005112888891742166
test_19970,2.5359022250234093e-07
test_19971,8.263409811757279e-05
test_19972,2.5296594828340165e-06
test_19973,0.9999998025757698
test_19974,0.9999963212522086
test_19975,0.00044599437039386983
test_19976,0.9989935325514722
test_19977,7.924502492065943e-07
test_19978,0.00238560473062005
test_19979,1.5563596411858243e-06
test_19980,0.9949225003665518
test_19981,0.9999998621420413
test_19982,0.9994806648062655
test_19983,0.9999922577664319
test_19984,0.9597066147886956
test_19985,1.4520613121877152e-07
test_19986,5.768836765076008e-06
test_19987,0.9999994485137019
test_19988,0.9993675147933889
test_19989,2.117561962437724e-07
test_19990,0.9922700707477986
test_19991,0.9999956651637428
test_19992,3.406207011799524e-07
test_19993,0.00012305017306974778
test_19994,0.06489153850943094
test_19995,0.9717315153849282
test_19996,9.82037437674007e-07
test_19997,1.5720253881674538e-07
test_19998,6.094639336270454e-08
test_19999,0.001324726699551507
