image_id,s_x,s_rot,len_x,len_rot,text_x,text_rot
calib_00000,0.3845709264278412,0.387046217918396,4,1,Ute.,0
calib_00001,0.7233467102050781,0.6605933308601379,1,1,P,d
calib_00002,0.20523914694786072,0.0,1,0,T,
calib_00003,0.8171524405479431,0.0,7,0,SAERBET,
calib_00004,0.5147602558135986,0.25458794832229614,1,3,A,Srl
calib_00005,0.3291189968585968,0.7152963280677795,1,3,A,4AN
calib_00006,0.6918012499809265,0.36909982562065125,5,1,Dutig,0
calib_00007,0.0,0.0,0,0,,
calib_00008,0.5336017608642578,0.8405001759529114,5,6,OOCUW,49.200
calib_00009,0.0,0.0,0,0,,
calib_00010,0.4065173864364624,0.24126863479614258,4,3,Yate,DoU
calib_00011,0.521513044834137,0.7552835941314697,3,5,(SI,1515)
calib_00012,0.48902398347854614,0.7366319894790649,2,2,73,F4
calib_00013,0.9962338209152222,0.8971104621887207,2,2,98,B6
calib_00014,0.16214895248413086,0.7465663552284241,1,1,D,4
calib_00015,0.0,0.9678741097450256,0,4,,etc.
calib_00016,0.6181075572967529,0.34171873331069946,8,5,Komiooos,10000
calib_00017,0.5201594829559326,0.3294660747051239,4,4,YADH,NCAN
calib_00018,0.9994017481803894,0.41216614842414856,10,2,Supplement,ca
calib_00019,0.7466259598731995,0.8324446678161621,8,9,01-0-601,Tag-a-Tot
calib_00020,0.9700347781181335,0.859043300151825,3,3,Guy,Ang
calib_00021,0.4329158663749695,0.5311814546585083,4,4,dnhe,Pyuo
calib_00022,0.25399529933929443,0.39463871717453003,2,2,AC,DB
calib_00023,0.4216820001602173,0.9596257209777832,3,6,SIL,GRATIS
calib_00024,0.0,0.0,0,0,,
calib_00025,0.4581145942211151,0.3971833884716034,3,5,UVr,egtin
calib_00026,0.36472663283348083,0.83453768491745,1,5,o,Comps
calib_00027,0.37066054344177246,0.5262934565544128,3,4,S06,2495
calib_00028,0.43183884024620056,0.8161407113075256,7,8,aunoaIN,Nicotine
calib_00029,0.5731880068778992,0.5208536982536316,4,2,2aia,22
calib_00030,0.46808671951293945,0.22278274595737457,3,1,Pun,A
calib_00031,0.5536739826202393,0.3199011981487274,8,4,farnlavd,pwen
calib_00032,0.4500391185283661,0.40873682498931885,4,4,RONE,FNON
calib_00033,0.25509196519851685,0.5909735560417175,1,1,2,2
calib_00034,0.7949146032333374,0.0,5,0,Sulla,
calib_00035,0.0,0.19241181015968323,0,2,,21
calib_00036,0.5288082957267761,0.42745649814605713,3,1,gre,D
calib_00037,0.16446170210838318,0.0,1,0,6,
calib_00038,0.0,0.9489220380783081,0,5,,1/3.4
calib_00039,0.11002101004123688,0.09554444998502731,1,1,0,W
calib_00040,0.4824492037296295,0.9123327136039734,6,5,CNIVMY,AWARD
calib_00041,0.0,0.42013055086135864,0,5,,ph lr
calib_00042,0.28611549735069275,0.8734128475189209,1,1,9,4
calib_00043,0.1990087628364563,0.4056919515132904,2,3,M7,utn
calib_00044,0.0,0.0,0,0,,
calib_00045,0.9379172921180725,0.348431259393692,7,3,Holywel,WAO
calib_00046,0.32771003246307373,0.5713630318641663,1,2,V,TA
calib_00047,0.24070942401885986,0.7036464810371399,2,4,ou,myo+
calib_00048,0.5306217670440674,0.4825643301010132,2,2,Au,np
calib_00049,0.17793045938014984,0.44248223304748535,1,1,8,R
calib_00050,0.7474632859230042,0.538425624370575,6,6,MeOvay,AONOPW
calib_00051,0.0,0.0,0,0,,
calib_00052,0.0,0.9747159481048584,0,25,,http:cheyou360.taobao.com
calib_00053,0.9080953598022461,0.0,9,0,Décor & A,
calib_00054,0.5417320132255554,0.3030718266963959,8,6,VARINETE,BLGONN
calib_00055,0.6501164436340332,0.32096031308174133,6,6,FALLST,FSTTYR
calib_00056,0.8746838569641113,0.6646554470062256,2,2,OL,10
calib_00057,0.0,0.9683104157447815,0,13,,I.A.Eifenmann
calib_00058,0.994559645652771,0.6752254962921143,5,4,SONAR,UNOS
calib_00059,0.4009733498096466,0.2817705571651459,3,1,NHE,W
calib_00060,0.4463992714881897,0.2459264099597931,5,4,1A122,P0V1
calib_00061,0.9985483288764954,0.5439971685409546,22,2,xiaomeng168.taobao.com,..
calib_00062,0.8716739416122437,0.3998512625694275,4,2,MENT,LN
calib_00063,0.0,0.0,0,0,,
calib_00064,0.5408918261528015,0.0,2,0,36,
calib_00065,0.3812820017337799,0.6407642364501953,1,2,W,RA
calib_00066,0.4737235903739929,0.6359038949012756,2,3,en,yta
calib_00067,0.6753400564193726,0.5707388520240784,2,2,MU,mu
calib_00068,0.29024362564086914,0.736566424369812,5,10,e рon,xhibited o
calib_00069,0.573855459690094,0.5164079666137695,5,5,GA21O,OLRNS
calib_00070,0.646866500377655,0.5003448128700256,2,1,TE,1
calib_00071,0.15569350123405457,0.10347915440797806,1,1,.,6
calib_00072,0.789951741695404,0.5256847143173218,18,16,WOUTSEAPCOADWISORS,S80SIAONCETESTEN
calib_00073,0.6691829562187195,0.458883136510849,3,3,HAD,JWI
calib_00074,0.4688195586204529,0.9580476880073547,1,1,7,E
calib_00075,0.45847368240356445,0.4473673403263092,2,1,La,T
calib_00076,0.6044743061065674,0.40699148178100586,2,3,11,111
calib_00077,0.9445847272872925,0.4696105122566223,2,2,17,t1
calib_00078,0.7016052007675171,0.9955652356147766,4,4,SI8d,PRIS
calib_00079,0.22861425578594208,0.18445107340812683,1,1,6,n
calib_00080,0.6940305829048157,0.32936421036720276,6,2,Curens,1n
calib_00081,0.4521864056587219,0.9447193145751953,2,6,dd,appean
calib_00082,0.7686875462532043,0.7254230976104736,3,3,irg,Ban
calib_00083,0.6403148770332336,0.8732033371925354,10,11,saldeepuos,Sondelapies
calib_00084,0.0,0.0,0,0,,
calib_00085,0.16181625425815582,0.18491941690444946,1,1,.,7
calib_00086,0.4385363459587097,0.3329581618309021,7,2,Jhe D S,--
calib_00087,0.4453659951686859,0.4416764974594116,5,3,SNIIN,NWS
calib_00088,0.3459356725215912,0.9705295562744141,5,6,85641,5/1958
calib_00089,0.5518253445625305,0.8258864283561707,3,3,0L8,810
calib_00090,0.23828046023845673,0.265936017036438,3,3,PEO,abB
calib_00091,0.6210314631462097,0.9476996660232544,1,2,8,18
calib_00092,0.3691960871219635,0.7040333151817322,3,3,009,500
calib_00093,0.7838406562805176,0.9199869632720947,3,2,NO.,ON
calib_00094,0.976395308971405,0.5183822512626648,3,3,ICT,101
calib_00095,0.31467321515083313,0.38750600814819336,1,2,O,ah
calib_00096,0.35800960659980774,0.9688830375671387,3,4,Ла2,2 AV
calib_00097,0.5156562328338623,0.4617631137371063,3,3,233,CO2
calib_00098,0.0,0.0,0,0,,
calib_00099,0.0,0.0,0,0,,
calib_00100,0.3878821134567261,0.44615602493286133,2,2,20,C3
calib_00101,0.22545011341571808,0.37254467606544495,1,1,N,K
calib_00102,0.5764951109886169,0.16218747198581696,4,2,DREA,CU
calib_00103,0.9997358322143555,0.3893839418888092,2,2,20,00
calib_00104,0.45752739906311035,0.16657127439975739,2,1,Co,w
calib_00105,0.8389975428581238,0.5310471057891846,5,4,CWlor,OTMD
calib_00106,0.32438212633132935,0.9952162504196167,2,2,4P,th
calib_00107,0.932965874671936,0.21603141725063324,5,1,TELLA,A
calib_00108,0.5508705973625183,0.7695752382278442,7,14,SOOM-ET,LEE RO-WAMDDS.
calib_00109,0.6348711848258972,0.6321375966072083,1,2,e,al
calib_00110,0.5341060161590576,0.8023453950881958,1,1,9,6
calib_00111,0.918880820274353,0.47417494654655457,2,2,Co,o0
calib_00112,0.3648226261138916,0.761986255645752,2,5,SO,LoOKS
calib_00113,0.5668128132820129,0.20946680009365082,4,1,feft,W
calib_00114,0.9451025724411011,0.28144702315330505,7,5,BW400CN,NOOM8
calib_00115,0.9873226284980774,0.0,5,0,Proc.,
calib_00116,0.4223746955394745,0.16825143992900848,1,1,3,O
calib_00117,0.0,0.0,0,0,,
calib_00118,0.2555924654006958,0.4604892432689667,1,1,I,I
calib_00119,0.42312854528427124,0.6284096240997314,7,8,HTStECh,432-2518
calib_00120,0.2437278926372528,0.3761625587940216,1,2,0,EE
calib_00121,0.8568333983421326,0.6008606553077698,1,1,8,8
calib_00122,0.13880927860736847,0.13354642689228058,1,1,E,B
calib_00123,0.9743724465370178,0.4791533052921295,2,1,be,X
calib_00124,0.7504763603210449,0.9010462164878845,3,6,He^,valtli
calib_00125,0.32117605209350586,0.47495025396347046,4,4,0166,Sete
calib_00126,0.6784334182739258,0.3080442249774933,2,2,de,YT
calib_00127,0.17142951488494873,0.1938159316778183,1,1,5,S
calib_00128,0.0,0.0,0,0,,
calib_00129,0.5696769952774048,0.08923428505659103,1,1,J,s
calib_00130,0.0,0.0,0,0,,
calib_00131,0.5897903442382812,0.7036619782447815,3,3,880,088
calib_00132,0.24653512239456177,0.9235648512840271,4,7,МНEН,MICHELN
calib_00133,0.26537448167800903,0.0,1,0,2,
calib_00134,0.9962047934532166,0.3045670688152313,7,1,sistemi,(
calib_00135,0.6240843534469604,0.5075234770774841,1,2,b,Eg
calib_00136,0.0,0.10916470736265182,0,1,,X
calib_00137,0.3671497106552124,0.2607572674751282,4,4,door,Joey
calib_00138,0.0,0.36137154698371887,0,2,,13
calib_00139,0.6104854345321655,0.6141093373298645,8,6,bhrcthmp,dupoia
calib_00140,0.40038999915122986,0.16768424212932587,1,1,d,W
calib_00141,0.0,0.0,0,0,,
calib_00142,0.4161652624607086,0.7861242294311523,5,7,ATONT,LINGILE
calib_00143,0.8633455634117126,0.0,14,0,FIRST REPUBLIC,
calib_00144,0.12234536558389664,0.9299094080924988,1,6,N,ITALIA
calib_00145,0.3848770260810852,0.3721793591976166,2,3,0E,307
calib_00146,0.3766002357006073,0.7748678922653198,4,4,1LR2,2271
calib_00147,0.30995598435401917,0.31965357065200806,1,2,l,IO
calib_00148,0.0,0.33507779240608215,0,1,,H
calib_00149,0.46007177233695984,0.5736501216888428,2,2,0o,00
calib_00150,0.0,0.7946428060531616,0,7,,CENAKUN
calib_00151,0.3310285806655884,0.3786066770553589,2,1,to,0
calib_00152,0.8526347875595093,0.7792044878005981,1,1,H,H
calib_00153,0.0,0.4763386845588684,0,3,,OUR
calib_00154,0.3134450316429138,0.6542459726333618,6,5,CYOIwa,(MIGA
calib_00155,0.24099525809288025,0.4977337718009949,1,1,※,※
calib_00156,0.2467326819896698,0.26483777165412903,1,1,A,S
calib_00157,0.5449853539466858,0.16567683219909668,6,1,FREENC,2
calib_00158,0.7397552728652954,0.42909517884254456,1,2,s,s.
calib_00159,0.6971569061279297,0.3913051187992096,4,3,2011,tor
calib_00160,0.4333612024784088,0.4056907892227173,2,2,1o,oY
calib_00161,0.0,0.25297775864601135,0,1,,m
calib_00162,0.3772113025188446,0.9321457743644714,2,4,dd,PP.t
calib_00163,0.9626932144165039,0.28323525190353394,3,2,KAL,HC
calib_00164,0.8203283548355103,0.31025704741477966,16,1,MMOBILTENZENTRUM,N
calib_00165,0.37620532512664795,0.19487525522708893,1,1,2,E
calib_00166,0.8716158866882324,0.28209182620048523,7,2,Boudlle,og
calib_00167,0.4215053915977478,0.7399917244911194,7,15,mgemmos,capensit Blain:
calib_00168,0.14736683666706085,0.167400524020195,1,2,9,40
calib_00169,0.6972278356552124,0.7468408346176147,5,4,TROIS,SIOL
calib_00170,0.8546121120452881,0.5925551652908325,4,4,Kill,II!X
calib_00171,0.4180290400981903,0.2073434591293335,1,1,0,0
calib_00172,0.44829192757606506,0.9007307291030884,3,5,HOW,TAMO!
calib_00173,0.2354733943939209,0.5389435291290283,2,3,1T,MAT
calib_00174,0.8222574591636658,0.9645597338676453,2,2,S1,IS
calib_00175,0.7756258249282837,0.7721951007843018,13,3,$1.59........,651
calib_00176,0.08867544680833817,0.36919528245925903,1,1,1,+
calib_00177,0.6937366724014282,0.6881604790687561,4,3,Glid,PID
calib_00178,0.8305338025093079,0.28247371315956116,7,1,OORRITT,L
calib_00179,0.974366307258606,0.774812638759613,5,5,AOCFM,WSOOY
calib_00180,0.9910799860954285,0.6648764610290527,3,3,New,MaN
calib_00181,0.9777750372886658,0.2849539518356323,6,1,Prvebe,d
calib_00182,0.6164072751998901,0.947370707988739,7,8,soupIrw,Malditos
calib_00183,0.8802676200866699,0.22620722651481628,18,2,LABELRUMTEOULACINN,0O
calib_00184,0.8278342485427856,0.2361389547586441,5,1,AECOD,C
calib_00185,0.5497657060623169,0.5279817581176758,2,5,ap,Drdne
calib_00186,0.9518922567367554,0.525300145149231,5,5,WATER,HEAVM
calib_00187,0.9694203734397888,0.4653517007827759,3,2,tem,wo
calib_00188,0.5463690757751465,0.972930908203125,8,12,opouun.y,Ayuntamiento
calib_00189,0.0,0.0,0,0,,
calib_00190,0.453008770942688,0.5319809913635254,1,2,T,BH
calib_00191,0.4751189947128296,0.44430384039878845,2,3,LC,K64
calib_00192,0.0,0.0,0,0,,
calib_00193,0.7632551193237305,0.7531740069389343,3,3,12w,mer
calib_00194,0.37687045335769653,0.416036993265152,2,1,82,m
calib_00195,0.36314210295677185,0.2932451665401459,4,3,LONO,DAO
calib_00196,0.36003726720809937,0.5430141687393188,1,1,1,—
calib_00197,0.8939142823219299,0.5113006234169006,1,1,1,T
calib_00198,0.33177903294563293,0.2560282051563263,4,3,N40s,601
calib_00199,0.7715387344360352,0.0,5,0,PROL:,
calib_00200,0.0,0.0,0,0,,
calib_00201,0.6674371957778931,0.0,8,0,Bogalloe,
calib_00202,0.0,0.0,0,0,,
calib_00203,0.5292243361473083,0.264456182718277,1,1,d,0
calib_00204,0.0,0.6471706032752991,0,6,,ulence
calib_00205,0.2765846848487854,0.11109122633934021,1,1,3,X
calib_00206,0.312516450881958,0.0,1,0,A,
calib_00207,0.37402042746543884,0.6053286790847778,4,4,30VK,SADE
calib_00208,0.8449870944023132,0.5904732942581177,6,6,CENTHO,DHINGD
calib_00209,0.10609927773475647,0.38856419920921326,2,5,BH,NALAN
calib_00210,0.22833207249641418,0.0,2,0,Ce,
calib_00211,0.9371867179870605,0.8607500195503235,5,6,00:61,119:00
calib_00212,0.5806725025177002,0.201481431722641,3,2,625,g0
calib_00213,0.2408195286989212,0.3451630175113678,3,4,EON,FVet
calib_00214,0.9785243272781372,0.40280985832214355,5,4,AWARD,CIVY
calib_00215,0.3803226947784424,0.0,3,0,0ST,
calib_00216,0.9975957870483398,0.29180797934532166,9,1,residente,s
calib_00217,0.9662010669708252,0.5043400526046753,2,2,VI,IΔ
calib_00218,0.19476306438446045,0.33567216992378235,1,1,2,-
calib_00219,0.8092882037162781,0.5685024857521057,5,4,(Pror,4OLD
calib_00220,0.22796405851840973,0.5769348740577698,4,5,UO2A,M2012
calib_00221,0.8470465540885925,0.21514229476451874,5,2,ALICE,EE
calib_00222,0.7228872179985046,0.2258472740650177,1,1,X,2
calib_00223,0.9405184388160706,0.7654677033424377,3,3,100,001
calib_00224,0.6351854205131531,0.6285344958305359,7,5,AEIBALL,TYEIY
calib_00225,0.7276417016983032,0.2920740246772766,8,2,vitamess,Fu
calib_00226,0.8154358863830566,0.5006397366523743,4,6,TRAM,SO RVE
calib_00227,0.47441986203193665,0.855013906955719,6,4,AYN3ET,JEWY
calib_00228,0.6500776410102844,0.0,4,0,rite,
calib_00229,0.9318661689758301,0.9552832841873169,2,2,du,np
calib_00230,0.26373639702796936,0.280952125787735,1,1,3,8
calib_00231,0.0,0.15966619551181793,0,1,,4
calib_00232,0.8553194999694824,0.0,7,0,Coltins,
calib_00233,0.0,0.1156589686870575,0,1,,T
calib_00234,0.5705763101577759,0.7052911520004272,2,2,9:,:6
calib_00235,0.6581137180328369,0.8845607042312622,2,2,00,00
calib_00236,0.9881445169448853,0.0,4,0,GRAD,
calib_00237,0.9946982860565186,0.0,16,0,aussiebeader.com,
calib_00238,0.7320389747619629,0.0,3,0,ECE,
calib_00239,0.0,0.3336501717567444,0,1,,2
calib_00240,0.5454511046409607,0.2801579535007477,6,4,Soiwez,10N5
calib_00241,0.9697297215461731,0.2783452272415161,7,1,IBARRAN,A
calib_00242,0.1057022213935852,0.17346666753292084,1,1,4,T
calib_00243,0.30803823471069336,0.7350317239761353,4,4,HE8E,3333
calib_00244,0.47525328397750854,0.8609200119972229,2,3,do,Gij
calib_00245,0.47074878215789795,0.6694286465644836,3,3,"""op",Co.
calib_00246,0.565376341342926,0.1890137642621994,9,1,CaOBFVEAR,V
calib_00247,0.5340816378593445,0.3926437199115753,1,1,o,o
calib_00248,0.2710414230823517,0.08052361756563187,1,1,W,T
calib_00249,0.2785992920398712,0.33514249324798584,5,4,P1XX7,LK10
calib_00250,0.0,0.0,0,0,,
calib_00251,0.426860511302948,0.5122585296630859,2,2,5P,45
calib_00252,0.9839017391204834,0.3751748204231262,4,2,Velh,ua
calib_00253,0.8378017544746399,0.7429514527320862,4,4,FNNI,JNNE
calib_00254,0.9898347854614258,0.6659042239189148,6,5,PURPLE,adund
calib_00255,0.0,0.2894349694252014,0,5,,PHucy
calib_00256,0.4282861649990082,0.5993160605430603,2,2,qe,ao
calib_00257,0.35870978236198425,0.5769599676132202,3,2,D0A,Y0
calib_00258,0.49204137921333313,0.3253534436225891,3,4,N0-,4-91
calib_00259,0.29291585087776184,0.8858451247215271,2,3,ZH,RAZ
calib_00260,0.5049635171890259,0.6414919495582581,7,8,p000/20,0z/00.ml
calib_00261,0.7473217844963074,0.0,4,0,Quic,
calib_00262,0.5500785708427429,0.5778568983078003,6,5,KZNROT,JORNN
calib_00263,0.43918320536613464,0.7648885846138,7,7,NOLLIOS,COITION
calib_00264,0.20259222388267517,0.0,2,0,14,
calib_00265,0.42541539669036865,0.0,1,0,…,
calib_00266,0.7495400309562683,0.9647971987724304,2,2,10,OL
calib_00267,0.0,0.0,0,0,,
calib_00268,0.8173103928565979,0.27590084075927734,1,2,d,ap
calib_00269,0.38849306106567383,0.47916266322135925,1,3,O,fa0
calib_00270,0.0,0.0,0,0,,
calib_00271,0.32551276683807373,0.9087362289428711,2,4,1S,ESTO
calib_00272,0.13574644923210144,0.3192708492279053,1,4,0,"B0,8"
calib_00273,0.40756291151046753,0.21590173244476318,2,1,F.,4
calib_00274,0.4230489730834961,0.4253546893596649,4,3,Ends,049
calib_00275,0.0,0.0,0,0,,
calib_00276,0.9643005132675171,0.42439407110214233,4,4,dose,osoe
calib_00277,0.4174133539199829,0.923866868019104,2,2,61,la
calib_00278,0.33568134903907776,0.41347724199295044,2,4,no,NCUL
calib_00279,0.5404253005981445,0.47115558385849,2,5,ay,Helta
calib_00280,0.3616096079349518,0.0,2,0,4X,
calib_00281,0.9962114095687866,0.0,8,0,Platform,
calib_00282,0.46071210503578186,0.5641098022460938,4,4,onou,noko
calib_00283,0.0,0.9990732669830322,0,15,,Vertragshandler
calib_00284,0.8769201636314392,0.3235936164855957,6,4,Cortee,OLDO
calib_00285,0.9837367534637451,0.9718899726867676,2,2,de,op
calib_00286,0.0,0.2707412540912628,0,2,,H0
calib_00287,0.8143233060836792,0.6083590984344482,1,1,8,8
calib_00288,0.1037445217370987,0.2901366651058197,1,1,X,4
calib_00289,0.23951473832130432,0.90565025806427,1,1,n,L
calib_00290,0.0,0.2662285268306732,0,1,,1
calib_00291,0.5338073372840881,0.13846801221370697,3,2,Ers,HM
calib_00292,0.9482788443565369,0.3785504698753357,4,4,HALE,41VH
calib_00293,0.8392781615257263,0.4667416512966156,9,5,Cassattes,UeSSe
calib_00294,0.1741136908531189,0.4390755295753479,1,1,S,S
calib_00295,0.48105117678642273,0.0,1,0,C,
calib_00296,0.8404841423034668,0.2896759510040283,4,4,J520,oasr
calib_00297,0.5913156270980835,0.8777691721916199,3,3,StI,Its
calib_00298,0.9076658487319946,0.0,5,0,Ohiol,
calib_00299,0.17133291065692902,0.15798798203468323,1,1,3,.
calib_00300,0.0,0.9102449417114258,0,12,,Lil. Dagover
calib_00301,0.1305045634508133,0.13369330763816833,1,1,2,2
calib_00302,0.2256706804037094,0.5394524335861206,3,1,oey,A
calib_00303,0.25505146384239197,0.14277951419353485,1,1,A,1
calib_00304,0.595407247543335,0.29479044675827026,1,1,S,S
calib_00305,0.9990596771240234,0.3408570885658264,3,2,tax,xu
calib_00306,0.0,0.5192886590957642,0,1,,D
calib_00307,0.3125377893447876,0.3611340820789337,1,1,3,E
calib_00308,0.0,0.6329131722450256,0,6,,NIKORS
calib_00309,0.0,0.1567978411912918,0,1,,3
calib_00310,0.0,0.17082558572292328,0,1,,0
calib_00311,0.37360405921936035,0.3074384331703186,7,7,ONTOCOs,O0R8UU0
calib_00312,0.0,0.0,0,0,,
calib_00313,0.7267013788223267,0.8958500027656555,10,10,NOISIATTTL,TELEVISION
calib_00314,0.7085333466529846,0.2298193722963333,3,3,hat,HEL
calib_00315,0.8398409485816956,0.4052478075027466,8,8,TR.AASTA,415U7.81
calib_00316,0.9662975072860718,0.2350015491247177,5,3,MODEL,3OH
calib_00317,0.0,0.9436612129211426,0,4,,GAKE
calib_00318,0.8207224011421204,0.39937010407447815,3,3,you,TOΛ
calib_00319,0.9968644380569458,0.28579217195510864,9,1,PUGNANTES,S
calib_00320,0.7110298871994019,0.7845971584320068,4,5,pand,Drupd
calib_00321,0.3518979549407959,0.5499348640441895,6,4,IOATOP,doba
calib_00322,0.6992271542549133,0.975887656211853,2,2,ve,as
calib_00323,0.3241133391857147,0.9937489628791809,5,9,noung,Guangzhou
calib_00324,0.7517338395118713,0.4529000222682953,5,5,NOEIE,2E3ON
calib_00325,0.8098847270011902,0.38189077377319336,1,2,G,12
calib_00326,0.0,0.9675437211990356,0,8,,CHICAGO.
calib_00327,0.6033783555030823,0.8235812187194824,3,3,UOl,ion
calib_00328,0.16779227554798126,0.22457356750965118,1,1,R,2
calib_00329,0.0,0.9996213912963867,0,10,,conscience
calib_00330,0.16009029746055603,0.09703076630830765,2,1,EL,B
calib_00331,0.3575645685195923,0.3130412697792053,2,1,00,0
calib_00332,0.6471017599105835,0.4306698143482208,4,3,Evov,M01
calib_00333,0.0,0.24002951383590698,0,2,,46
calib_00334,0.917794406414032,0.0,6,0,DEEDER,
calib_00335,0.7632634043693542,0.8229537010192871,3,3,TEL,TEL
calib_00336,0.9974437952041626,0.24137647449970245,7,1,STAPLES,S
calib_00337,0.49539634585380554,0.6838332414627075,4,1,Ooue,m
calib_00338,0.6240077018737793,0.9957369565963745,5,5,punoa,Found
calib_00339,0.34562811255455017,0.6474035978317261,1,1,2,2
calib_00340,0.0,0.9744846224784851,0,24,,LCDGLASS SCREENPROTECTOR
calib_00341,0.9966761469841003,0.0,7,0,Federal,
calib_00342,0.4316164553165436,0.35541170835494995,2,2,12,21
calib_00343,0.9516187906265259,0.8540052175521851,2,2,UD,an
calib_00344,0.3073609173297882,0.46086740493774414,2,3,12,200
calib_00345,0.0,0.0,0,0,,
calib_00346,0.22162330150604248,0.27418646216392517,1,1,H,H
calib_00347,0.18240246176719666,0.2479240894317627,1,1,=,-
calib_00348,0.5089266300201416,0.49768534302711487,2,1,HE,1
calib_00349,0.5097652077674866,0.5422593951225281,3,3,I'R,a.m
calib_00350,0.9870372414588928,0.6098693013191223,4,4,RING,ONIS
calib_00351,0.5287947058677673,0.9610088467597961,3,3,S31,155
calib_00352,0.6935068964958191,0.5861827731132507,3,3,010,010
calib_00353,0.2547019422054291,0.2801187038421631,5,4,U1ACA,WOVI
calib_00354,0.3311600089073181,0.7078487873077393,7,8,STONKON,NUANBENE
calib_00355,0.185847207903862,0.6609387993812561,1,7,a,brockve
calib_00356,0.3523047864437103,0.662123441696167,3,3,aoS,see
calib_00357,0.986906111240387,0.661797046661377,7,7,seduced,poonpop
calib_00358,0.142424076795578,0.22218596935272217,1,1,1,1
calib_00359,0.9766747355461121,0.0,18,0,Strumpfbandnatter.,
calib_00360,0.8358318209648132,0.5383249521255493,1,1,n,U
calib_00361,0.8001016974449158,0.33291900157928467,3,2,IRE,J8
calib_00362,0.9610280394554138,0.0,15,0,Coypetesetulosa,
calib_00363,0.3907150626182556,0.4080960750579834,1,1,2,G
calib_00364,0.8537853956222534,0.4639875888824463,4,4,2 Av,AY=Z
calib_00365,0.39521360397338867,0.6263988614082336,1,5,5,NAILS
calib_00366,0.16328829526901245,0.37384337186813354,1,1,T,1
calib_00367,0.6480118632316589,0.5608652830123901,3,3,617,L19
calib_00368,0.7357592582702637,0.551436185836792,2,2,no,OU
calib_00369,0.5447022914886475,0.513310968875885,2,2,If,Il
calib_00370,0.5793545842170715,0.7338172793388367,3,3,SYA,VAP
calib_00371,0.39673078060150146,0.8342471122741699,4,8,3aVp,WILGUARE
calib_00372,0.0,0.0,0,0,,
calib_00373,0.0,0.539528489112854,0,5,,mwus.
calib_00374,0.25687175989151,0.5361627340316772,1,1,5,M
calib_00375,0.6553152203559875,0.2873404026031494,2,2,3=,mf
calib_00376,0.1795332431793213,0.13226158916950226,1,1,5,W
calib_00377,0.3175521492958069,0.9237045049667358,5,5,*2NVQ,DANCE
calib_00378,0.2884078621864319,0.9726508259773254,1,9,N,OSUPERMAN
calib_00379,0.5149204134941101,0.5520017743110657,3,3,MOY,A0%
calib_00380,0.8189330101013184,0.0,4,0,Isla,
calib_00381,0.7223603129386902,0.9940668940544128,12,13,suogesIuetio,organisations
calib_00382,0.29329895973205566,0.9994376301765442,1,1,ε,3
calib_00383,0.8165037035942078,0.3749975562095642,1,2,7,at
calib_00384,0.4518263339996338,0.29136863350868225,3,2,127,47
calib_00385,0.3889418840408325,0.8625619411468506,4,4,vraw,MBIA
calib_00386,0.23215875029563904,0.4065260887145996,1,1,M,V
calib_00387,0.26796382665634155,0.2017592340707779,4,1,SYVC,3
calib_00388,0.32261350750923157,0.9366582036018372,1,10,p,des_Kalten
calib_00389,0.6046547889709473,0.9716143608093262,5,6,(212),(2130)
calib_00390,0.42945006489753723,0.4923211634159088,1,1,X,X
calib_00391,0.30391547083854675,0.17014215886592865,3,2,poe,mo
calib_00392,0.3411194980144501,0.48876431584358215,1,1,O,O
calib_00393,0.0,0.0,0,0,,
calib_00394,0.0,0.27328768372535706,0,1,,1
calib_00395,0.8751054406166077,0.536060631275177,2,2,Je,of
calib_00396,0.5410208106040955,0.3005521297454834,3,2,lfe,Cf
calib_00397,0.0,0.0,0,0,,
calib_00398,0.7344189882278442,0.6125175952911377,2,2,Or,1O
calib_00399,0.33153098821640015,0.4409804344177246,2,2,S0,05
calib_00400,0.7337155938148499,0.3926013708114624,3,3,aou,no0
calib_00401,0.5485392212867737,0.7955946922302246,4,2,9301,10
calib_00402,0.8959963917732239,0.3897918462753296,8,6,Oronung.,Sunueo
calib_00403,0.8242737650871277,0.6940096616744995,2,1,ID,0
calib_00404,0.23425322771072388,0.27590420842170715,1,1,E,a
calib_00405,0.6229677796363831,0.44174647331237793,3,3,MNN,www
calib_00406,0.14057521522045135,0.2098037302494049,1,1,4,4
calib_00407,0.0,0.8079924583435059,0,5,,WA.se
calib_00408,0.5763787627220154,0.15419691801071167,3,1,MNN,M
calib_00409,0.41348156332969666,0.930099368095398,7,9,nspajog,bolischen
calib_00410,0.0,0.0,0,0,,
calib_00411,0.8804804682731628,0.21501290798187256,5,3,Darry,hVG
calib_00412,0.0,0.25233396887779236,0,1,,1
calib_00413,0.7226002216339111,0.11537580192089081,1,1,4,N
calib_00414,0.5754079222679138,0.577368438243866,3,3,SON,NOS
calib_00415,0.4333701431751251,0.5527472496032715,3,4,Awr,JUAV
calib_00416,0.3304263651371002,0.4644370377063751,4,4,ECTN,MUOC
calib_00417,0.9975980520248413,0.3340848982334137,5,2,Milla,!W
calib_00418,0.46497011184692383,0.6047361493110657,6,5,KAVICE,DEAWS
calib_00419,0.7275049090385437,0.0,6,0,A.Murr,
calib_00420,0.13578075170516968,0.2821904420852661,1,2,R,S3
calib_00421,0.0,0.2576058804988861,0,1,,E
calib_00422,0.802176833152771,0.0,14,0,RinexSaxatives,
calib_00423,0.9959255456924438,0.17791497707366943,4,1,R301,E
calib_00424,0.22948092222213745,0.9623014330863953,2,5,aa,evler
calib_00425,0.42688459157943726,0.968009352684021,4,4,SOYG,2423
calib_00426,0.951384425163269,0.36413225531578064,7,7,RICHARO,OWWHOIN
calib_00427,0.8184048533439636,0.8647952675819397,3,4,aid,Pret
calib_00428,0.643619179725647,0.32497575879096985,9,4,sleopwesr,DMdO
calib_00429,0.9979701042175293,0.0,12,0,Proceedings:,
calib_00430,0.18907177448272705,0.20829427242279053,4,2,WAAE,FE
calib_00431,0.12067966908216476,0.9462805986404419,1,1,X,&
calib_00432,0.0,0.0,0,0,,
calib_00433,0.817566454410553,0.5105268359184265,4,4,CSU2,ensa
calib_00434,0.2838279902935028,0.0,1,0,V,
calib_00435,0.0,0.3363689184188843,0,3,,Sre
calib_00436,0.5237501263618469,0.4269270598888397,2,3,0A,-0V
calib_00437,0.3020460307598114,0.38988393545150757,3,2,152,E1
calib_00438,0.4613884389400482,0.24383722245693207,2,1,hl,P
calib_00439,0.6979449391365051,0.7675362229347229,3,2,LUE,an
calib_00440,0.836211621761322,0.6022466421127319,1,1,8,8
calib_00441,0.9840579628944397,0.3719916045665741,1,2,M,AN
calib_00442,0.4463404417037964,0.0,2,0,42,
calib_00443,0.20925556123256683,0.1256033480167389,3,2,DRE,BO
calib_00444,0.27889373898506165,0.9985426068305969,6,12,6poou6,tegenwoordig
calib_00445,0.862725555896759,0.39023730158805847,12,5,contemporary,Laodu
calib_00446,0.9997168183326721,0.9962900280952454,4,4,1968,8961
calib_00447,0.5426474213600159,0.7824131846427917,6,8,ANAUOH,HOEDENNI
calib_00448,0.3266850411891937,0.35331663489341736,6,5,1R1NE2,CENTA
calib_00449,0.5304079055786133,0.7294421792030334,1,1,/,/
calib_00450,0.7709221839904785,0.5666891932487488,4,3,TIES,SEL
calib_00451,0.0,0.999589741230011,0,7,,Answer:
calib_00452,0.6604139804840088,0.2899254262447357,1,1,2,2
calib_00453,0.12432758510112762,0.30347588658332825,1,1,7,4
calib_00454,0.8209511041641235,0.8240349888801575,8,8,SHOPWINO,CINWdOHS
calib_00455,0.6632863283157349,0.5694371461868286,4,4,saon,Lote
calib_00456,0.20694683492183685,0.5537109375,1,2,9,40
calib_00457,0.0,0.257598340511322,0,1,,A
calib_00458,0.9264487624168396,0.28327542543411255,15,2,"th,avok,alk,kph",.e
calib_00459,0.4888399839401245,0.637297511100769,4,5,3swe,SUNSE
calib_00460,0.4944581389427185,0.29654431343078613,2,2,11,21
calib_00461,0.752051591873169,0.2507333755493164,3,4,RAN,IANV
calib_00462,0.5904949307441711,0.25389909744262695,3,3,SPA,Vdy
calib_00463,0.22617679834365845,0.3357282876968384,1,2,8,89
calib_00464,0.2881101369857788,0.48850518465042114,3,4,GA1,TOLS
calib_00465,0.19789248704910278,0.7606006264686584,1,1,0,C
calib_00466,0.7124407291412354,0.7093096375465393,3,3,TIH,HIU
calib_00467,0.0,0.0,0,0,,
calib_00468,0.6129857897758484,0.5476149916648865,3,4,32D,arec
calib_00469,0.2526876926422119,0.0,2,0,O0,
calib_00470,0.5211178660392761,0.14919185638427734,1,1,2,A
calib_00471,0.3531898856163025,0.5475600957870483,2,2,92,D6
calib_00472,0.3257067799568176,0.4611697793006897,2,2,CA,ED
calib_00473,0.7727052569389343,0.6492955684661865,1,1,L,1
calib_00474,0.2867811322212219,0.20265167951583862,1,1,3,&
calib_00475,0.20791205763816833,0.8374111652374268,1,31,C,CHINA ECONOMICAD SOCIAL COUNCHL
calib_00476,0.5972583293914795,0.7447019219398499,2,2,'n,U.
calib_00477,0.931799054145813,0.556658148765564,4,5,1944,72.61
calib_00478,0.6058098077774048,0.8510206937789917,1,1,&,4
calib_00479,0.8526121377944946,0.29026854038238525,4,2,thar,24
calib_00480,0.3544257879257202,0.5253699421882629,4,6,12U7,ctcnat
calib_00481,0.5013149380683899,0.4476436674594879,3,2,250,S0
calib_00482,0.15745221078395844,0.0,1,0,1,
calib_00483,0.9851940870285034,0.40990516543388367,20,9,WWW.MEJIAPERALTA.COM,WOIVVIMMM
calib_00484,0.24780189990997314,0.5777324438095093,1,2,n,JU
calib_00485,0.35402554273605347,0.1964280605316162,1,1,2,E
calib_00486,0.6218900680541992,0.7078020572662354,2,2,S5,S5
calib_00487,0.2738040089607239,0.9218635559082031,1,1,2,2
calib_00488,0.41639962792396545,0.6446237564086914,3,4,NwU,JUAN
calib_00489,0.2649286091327667,0.08933330327272415,1,1,A,2
calib_00490,0.0,0.0,0,0,,
calib_00491,0.897199809551239,0.6731131672859192,6,3,Voli's,0%6
calib_00492,0.9786940813064575,0.0,9,0,gleichen.,
calib_00493,0.44596922397613525,0.6243391633033752,0,17,,Rononturance Walk
calib_00494,0.49718451499938965,0.800998866558075,8,9,SOZHROHS,SHORLTERS
calib_00495,0.9371446371078491,0.2903662323951721,5,3,reulp,lns
calib_00496,0.398200124502182,0.5692459940910339,3,3,MUL,UNW
calib_00497,0.585598349571228,0.5092016458511353,5,2,nar h,nu
calib_00498,0.3401859700679779,0.9021759033203125,1,9,S,TUBLICANS
calib_00499,0.71658855676651,0.23541678488254547,1,1,3,8
calib_00500,0.5059215426445007,0.46446824073791504,3,3,500,905
calib_00501,0.0,0.0,0,0,,
calib_00502,0.32695722579956055,0.23097674548625946,1,3,-,n-o
calib_00503,0.20413795113563538,0.3079405128955841,1,2,t,24
calib_00504,0.208407923579216,0.28274157643318176,4,3,HARD,dau
calib_00505,0.7159009575843811,0.0,4,0,PWER,
calib_00506,0.9234901666641235,0.0,7,0,CCEMUSA,
calib_00507,0.4896080791950226,0.26336532831192017,2,2,Ео,оы
calib_00508,0.9643503427505493,0.0,4,0,Feld,
calib_00509,0.0,0.0,0,0,,
calib_00510,0.9993996620178223,0.4405745565891266,8,3,visitors,SS!
calib_00511,0.6243274807929993,0.8815752863883972,3,3,EIG,013
calib_00512,0.23593537509441376,0.4821862280368805,2,3,3P,cce
calib_00513,0.2772864103317261,0.20222598314285278,2,1,AY,1
calib_00514,0.0,0.7837806344032288,0,7,,TELG5M9
calib_00515,0.0,0.0,0,0,,
calib_00516,0.9111669063568115,0.8589794635772705,4,4,67.6,9'29
calib_00517,0.5252566337585449,0.0,1,0,1,
calib_00518,0.43686848878860474,0.41260457038879395,5,4,ProeL,Tauu
calib_00519,0.6970192790031433,0.47513896226882935,6,2,tanned,pa
calib_00520,0.630634605884552,0.3777267634868622,6,6,wboosl,100000
calib_00521,0.7830685973167419,0.2247316539287567,20,5,strongwomensthovgnts,310M0
calib_00522,0.22401587665081024,0.23478002846240997,2,1,e2,1
calib_00523,0.5485012531280518,0.4204542338848114,1,1,5,S
calib_00524,0.0,0.12411664426326752,0,1,,3
calib_00525,0.3387486934661865,0.2927298843860626,1,1,a,8
calib_00526,0.51015305519104,0.2354060560464859,2,1,La,R
calib_00527,0.9660378694534302,0.3646807074546814,1,2,2,22
calib_00528,0.5520607233047485,0.35146307945251465,3,3,PNI,UNC
calib_00529,0.5144820213317871,0.9911385178565979,1,4,I,NIKE
calib_00530,0.3500605821609497,0.8334237933158875,4,5,1a07,PLOPL
calib_00531,0.4851943850517273,0.14367718994617462,1,1,5,5
calib_00532,0.8811241388320923,0.6052968502044678,2,2,TM,WI
calib_00533,0.8284330368041992,0.4286370873451233,2,2,22,22
calib_00534,0.507744312286377,0.7932432889938354,5,5,CAAWN,NAV#2
calib_00535,0.0,0.9228663444519043,0,5,,IRELL
calib_00536,0.12407496571540833,0.19819533824920654,1,1,8,3
calib_00537,0.0,0.0,0,0,,
calib_00538,0.3997214138507843,0.5460131168365479,1,1,H,E
calib_00539,0.379658579826355,0.6674864888191223,5,7,HOURT,lerenon
calib_00540,0.3807234466075897,0.18891409039497375,3,2,Dia,Ph
calib_00541,0.9685338139533997,0.7693889141082764,5,4,VICES,SOLA
calib_00542,0.6383896470069885,0.8600500822067261,8,10,ENNONNEE,GLENNORINE
calib_00543,0.2960283160209656,0.8605239987373352,4,10,sano,Toluamuies
calib_00544,0.5475038290023804,0.9633253216743469,5,5,ELVIO,01473
calib_00545,0.8780711889266968,0.8894433975219727,4,5,suen,grans
calib_00546,0.33674725890159607,0.3133239150047302,3,3,MAE,2YU
calib_00547,0.0,0.6286011934280396,0,21,,PORLE APIANE ROU NINA
calib_00548,0.8293355107307434,0.5699491500854492,5,4,20110,OIOR
calib_00549,0.8531813025474548,0.0,6,0,Coffce,
calib_00550,0.4812452793121338,0.6609642505645752,4,6,SEOU,niohts
calib_00551,0.5346983671188354,0.9728871583938599,4,4,IXVI,TAXI
calib_00552,0.5252484083175659,0.6261870861053467,4,4,0000,1000
calib_00553,0.9759801030158997,0.41688334941864014,6,4,Kirche,aqny
calib_00554,0.24562165141105652,0.3530046045780182,1,1,9,o
calib_00555,0.32019203901290894,0.9542709589004517,2,2,10,of
calib_00556,0.37390974164009094,0.15631330013275146,2,1,8%,0
calib_00557,0.0,0.252055823802948,0,1,,1
calib_00558,0.17160683870315552,0.4478156864643097,4,1,COPe,a
calib_00559,0.0,0.9947559833526611,0,6,,FULTON
calib_00560,0.6030368208885193,0.9444583654403687,3,10,saa,Schecfiges
calib_00561,0.9997861981391907,0.33132678270339966,5,1,Third,p
calib_00562,0.892524778842926,0.8107778429985046,4,4,UEFA,vvan
calib_00563,0.2534199059009552,0.0729985386133194,1,1,S,m
calib_00564,0.4274117052555084,0.3387065827846527,4,1,1809,0
calib_00565,0.4533007740974426,0.6941344141960144,4,5,SRER,TELRS
calib_00566,0.7238421440124512,0.4056147038936615,3,3,121,128
calib_00567,0.34299007058143616,0.5334084033966064,3,4,S2E,1835
calib_00568,0.0,0.4018826484680176,0,8,,Recnutmn
calib_00569,0.5340844392776489,0.402339369058609,2,2,1U,0R
calib_00570,0.30467090010643005,0.9846749305725098,3,7,sop,doesn't
calib_00571,0.24452079832553864,0.3388504683971405,1,2,1,22
calib_00572,0.9784178733825684,0.559723973274231,2,2,UT,1n
calib_00573,0.36371245980262756,0.2912788689136505,1,2,M,EN
calib_00574,0.5867301225662231,0.6489946842193604,5,5,ARLTS,SKhEN
calib_00575,0.31621086597442627,0.7639047503471375,3,4,nug,fume
calib_00576,0.6312667727470398,0.3629421889781952,1,1,M,A
calib_00577,0.7553502321243286,0.3444259464740753,1,2,H,38
calib_00578,0.6234280467033386,0.9565389156341553,2,4,00,"1,00"
calib_00579,0.7149388790130615,0.7712630033493042,1,1,m,E
calib_00580,0.16531768441200256,0.0,1,0,1,
calib_00581,0.6150554418563843,0.6408273577690125,2,4,38,TOFE
calib_00582,0.3849875032901764,0.438777357339859,3,5,mpg,UfRir
calib_00583,0.0945999026298523,0.13666759431362152,1,1,D,O
calib_00584,0.14300277829170227,0.286782830953598,1,1,8,0
calib_00585,0.9998660087585449,0.4268653988838196,3,2,the,34
calib_00586,0.14066311717033386,0.2664979100227356,1,1,H,F
calib_00587,0.7287817597389221,0.8456157445907593,4,5,phiL,7 149
calib_00588,0.4634424149990082,0.5662658214569092,1,1,M,W
calib_00589,0.38903433084487915,0.8346514701843262,2,8,SS,STIUENTS
calib_00590,0.6745156049728394,0.5326071381568909,4,4,T6F0,0471
calib_00591,0.0,0.9842250347137451,0,35,,HIGH END BEAUTIFUL HAVE TEMPERAMENT
calib_00592,0.775947093963623,0.5261274576187134,5,5,netro,OWDOW
calib_00593,0.5777536034584045,0.7309073805809021,1,1,H,H
calib_00594,0.9249090552330017,0.2359214425086975,11,4,Instruzioni,onsu
calib_00595,0.8562248945236206,0.3388547897338867,5,3,13.25,a26
calib_00596,0.633953332901001,0.21104228496551514,5,4,AIGOE,NgSr
calib_00597,0.28642308712005615,0.2948715388774872,1,4,0,Popd
calib_00598,0.8437036871910095,0.3882410526275635,6,4,OCTANE,aND0
calib_00599,0.5270432233810425,0.9400035738945007,2,3,00,Det
calib_00600,0.609279990196228,0.9971875548362732,8,7,ISeL/SIA,Visitas
calib_00601,0.1207222267985344,0.46510329842567444,1,3,1,hoa
calib_00602,0.16631613671779633,0.0,1,0,p,
calib_00603,0.5199512243270874,0.42586609721183777,3,1,KOR,O
calib_00604,0.2976789176464081,0.5043518543243408,6,9,LHOLEO,Cos TICHT
calib_00605,0.8273200988769531,0.31220364570617676,1,1,5,S
calib_00606,0.0,0.9918262362480164,0,5,,Carol
calib_00607,0.0,0.0,0,0,,
calib_00608,0.6529017090797424,0.8718010187149048,1,1,5,2
calib_00609,0.3835911750793457,0.40113767981529236,3,5,BRN,AUAE2
calib_00610,0.6835203766822815,0.4805395305156708,5,4,PEPLE,3100
calib_00611,0.0,0.0,0,0,,
calib_00612,0.0,0.23526304960250854,0,1,,3
calib_00613,0.8659383654594421,0.7338919043540955,4,4,IVAN,NVA'
calib_00614,0.826795756816864,0.6179324388504028,6,7,PICING,ONINDId
calib_00615,0.8435056209564209,0.413614958524704,4,4,1850,0001
calib_00616,0.8836023807525635,0.15678440034389496,1,1,F,V
calib_00617,0.6697561740875244,0.5406492352485657,1,2,0,OC
calib_00618,0.4338783025741577,0.25937700271606445,4,2,UFUR,Mn
calib_00619,0.42288628220558167,0.5499467253684998,3,6,ang,"Jaung,"
calib_00620,0.26854208111763,0.84917151927948,2,5,do,SACUR
calib_00621,0.5367708802223206,0.9128495454788208,6,5,130'0+,+0.05
calib_00622,0.9725433588027954,0.70390784740448,2,2,g9,66
calib_00623,0.538730263710022,0.3197866976261139,2,1,KM,M
calib_00624,0.8111602663993835,0.3640505373477936,6,5,Hywall,12WEH
calib_00625,0.748851478099823,0.2552877962589264,9,1,MARDESLEA,S
calib_00626,0.7088215351104736,0.617972195148468,6,3,True'S,san
calib_00627,0.9748467206954956,0.0,4,0,AGKE,
calib_00628,0.7988775968551636,0.904403030872345,2,2,IV,Al
calib_00629,0.493518590927124,0.5973927974700928,0,19,,Sasty Hene oenty Fa
calib_00630,0.36937782168388367,0.0,1,0,o,
calib_00631,0.0,0.9620710015296936,0,11,,Schizofreni
calib_00632,0.48782119154930115,0.2225685715675354,3,2,PIC,0H
calib_00633,0.2277446687221527,0.17294174432754517,1,1,O,O
calib_00634,0.9986773729324341,0.0,13,0,Computerspiel,
calib_00635,0.3274284303188324,0.1940094530582428,1,1,7,4
calib_00636,0.15097570419311523,0.18323032557964325,1,1,2,L
calib_00637,0.4681180417537689,0.36080798506736755,4,3,STDY,AIS
calib_00638,0.5700595378875732,0.0,2,0,29,
calib_00639,0.48930203914642334,0.21745409071445465,1,1,2,G
calib_00640,0.48968857526779175,0.2227998971939087,1,1,l,4
calib_00641,0.7708063721656799,0.7301018238067627,1,1,Y,A
calib_00642,0.890011191368103,0.5657225847244263,4,5,FENI,KIN33
calib_00643,0.26096001267433167,0.28332027792930603,2,2,Ar,yo
calib_00644,0.4186961054801941,0.18671183288097382,1,1,N,2
calib_00645,0.776246964931488,0.6617233753204346,4,2,DIX.,XO
calib_00646,0.8116594552993774,0.4365726709365845,4,4,1964,FN61
calib_00647,0.1581427901983261,0.23332296311855316,1,2,D,1@
calib_00648,0.9739080667495728,0.0,10,0,RECORDS LP,
calib_00649,0.5982967019081116,0.5676472783088684,1,1,9,6
calib_00650,0.42886582016944885,0.24264509975910187,1,1,0,0
calib_00651,0.4051395356655121,0.9837434887886047,1,1,8,R
calib_00652,0.19862154126167297,0.6583278775215149,2,3,11,121
calib_00653,0.33424174785614014,0.3482179343700409,1,1,C,3
calib_00654,0.3404279053211212,0.18496690690517426,1,1,S,A
calib_00655,0.3646491765975952,0.5542148947715759,3,3,aoy,600
calib_00656,0.33760106563568115,0.9404253363609314,3,4,TuH,HTAL
calib_00657,0.2746221721172333,0.729813277721405,3,6,SST,IERSTY
calib_00658,0.0,0.8977900743484497,0,10,,Plainville
calib_00659,0.77496737241745,0.9218777418136597,2,4,mh,year
calib_00660,0.5881283283233643,0.46456894278526306,3,3,601,109
calib_00661,0.6816548109054565,0.12920397520065308,2,1,16,9
calib_00662,0.32211700081825256,0.25090163946151733,1,2,5,35
calib_00663,0.11059151589870453,0.2462194263935089,1,1,W,K
calib_00664,0.0,0.0,0,0,,
calib_00665,0.122410349547863,0.2260410189628601,1,1,a,S
calib_00666,0.9573059678077698,0.43312034010887146,7,1,627-REY,-
calib_00667,0.9025084376335144,0.0,9,0,HCOMITAGE,
calib_00668,0.78078293800354,0.42910510301589966,1,1,e,o
calib_00669,0.5317373275756836,0.2759263515472412,4,4,WECT,UOEA
calib_00670,0.33065423369407654,0.9937541484832764,3,9,220,DmeCG8422
calib_00671,0.23161987960338593,0.38049444556236267,1,1,8,S
calib_00672,0.946169912815094,0.0,4,0,DRIN,
calib_00673,0.4344130754470825,0.9997152090072632,4,4,6295,5529
calib_00674,0.4233607351779938,0.9596186280250549,2,23,uq,iber fruit enzyme drink
calib_00675,0.3545645475387573,0.8032262921333313,3,6,3WH,THEARE
calib_00676,0.0,0.0,0,0,,
calib_00677,0.37547752261161804,0.9612346887588501,6,11,hybory,Photography
calib_00678,0.3172934353351593,0.526685357093811,1,3,2,Sho
calib_00679,0.4894210696220398,0.9541374444961548,7,10,apjumog,Botaniring
calib_00680,0.4838421940803528,0.8499007821083069,1,1,A,V
calib_00681,0.27001953125,0.5657581090927124,2,2,XO,ok
calib_00682,0.2874474823474884,0.351845383644104,3,2,amn,LU
calib_00683,0.9021729826927185,0.6618493795394897,7,8,BARAMAS,SPANVHNS
calib_00684,0.7258836627006531,0.9962353706359863,6,6,sixe-^,Y-axis
calib_00685,0.0,0.9890062808990479,0,8,,befought
calib_00686,0.0,0.0,0,0,,
calib_00687,0.30239567160606384,0.35809051990509033,3,2,NCC,HO
calib_00688,0.7039302587509155,0.7313444018363953,5,6,ihong,Bruoy?
calib_00689,0.24797925353050232,0.43163159489631653,4,4,1Ti9,BLL0
calib_00690,0.08587463200092316,0.4314810037612915,1,1,©,8
calib_00691,0.5237637758255005,0.7070194482803345,2,1,oK,X
calib_00692,0.36521169543266296,0.9578830003738403,5,7,2460H,Height:
calib_00693,0.7098428010940552,0.0,2,0,10,
calib_00694,0.8580800890922546,0.5103382468223572,11,11,SANOTROOPER,W3400U10UNS
calib_00695,0.6730732321739197,0.35196051001548767,4,4,T48G,S101
calib_00696,0.3839462399482727,0.1669992357492447,1,1,D,a
calib_00697,0.19275596737861633,0.6337376236915588,1,2,I,II
calib_00698,0.8438140153884888,0.0,5,0,PTRDU,
calib_00699,0.9822857975959778,0.0,10,0,Commission,
calib_00700,0.0,0.0,0,0,,
calib_00701,0.8181567192077637,0.7302443981170654,3,3,ser,Uas
calib_00702,0.8727201223373413,0.3707234859466553,5,1,Drehe,o
calib_00703,0.49511563777923584,0.0,2,0,",4",
calib_00704,0.6957129836082458,0.42310476303100586,6,4,GCSS!P,diss
calib_00705,0.4575669467449188,0.0,3,0,KAN,
calib_00706,0.29002538323402405,0.17990119755268097,2,2,RE,TE
calib_00707,0.9979631900787354,0.0,8,0,Woolwich,
calib_00708,0.16829197108745575,0.3570552468299866,1,1,1,E
calib_00709,0.0,0.3893313705921173,0,1,,S
calib_00710,0.9167886972427368,0.2784646153450012,5,1,DLCE&,D
calib_00711,0.9960423707962036,0.3866916596889496,5,4,UNITE,LINN
calib_00712,0.46081945300102234,0.8552437424659729,6,7,BOHOSH,CHSCHOE
calib_00713,0.40442320704460144,0.4120267331600189,4,3,nant,pae
calib_00714,0.5729474425315857,0.44924113154411316,7,4,OBuions,Sang
calib_00715,0.8849913477897644,0.25000855326652527,6,4,PROTON,1O60
calib_00716,0.9995104074478149,0.0,7,0,Compart,
calib_00717,0.6038028597831726,0.258019357919693,7,1,CIPPERS,S
calib_00718,0.18388231098651886,0.5888846516609192,1,5,Y,toith
calib_00719,0.15769661962985992,0.23205111920833588,1,1,8,8
calib_00720,0.3723861575126648,0.2379421889781952,1,1,3,6
calib_00721,0.7814599871635437,0.34228143095970154,5,5,1.6km,WN9'1
calib_00722,0.0,0.46204397082328796,0,9,,sorformac
calib_00723,0.9229921698570251,0.37396255135536194,3,3,Lor,101
calib_00724,0.8250205516815186,0.3192163109779358,9,2,(Werbespr,oq
calib_00725,0.22247843444347382,0.2763490080833435,1,1,0,O
calib_00726,0.458903968334198,0.8086256384849548,4,4,FO4B,8h24
calib_00727,0.2914727032184601,0.614968478679657,1,1,9,6
calib_00728,0.39680421352386475,0.5232353806495667,2,3,p4,Pod
calib_00729,0.11008645594120026,0.0,1,0,3,
calib_00730,0.8586193919181824,0.37047460675239563,10,4,Ribollgvin,MADO
calib_00731,0.9220176339149475,0.5513609051704407,6,5,HANDLE,STONH
calib_00732,0.12499234080314636,0.0,1,0,e,
calib_00733,0.8302520513534546,0.3469201326370239,2,1,li,""""
calib_00734,0.7422422766685486,0.2387298345565796,4,3,gats,epd
calib_00735,0.2519962191581726,0.48103663325309753,3,8,aRp,Goudhite
calib_00736,0.6943700313568115,0.29863327741622925,11,2,Lieflaerica,OL
calib_00737,0.30751514434814453,0.6131075024604797,2,3,SS,455
calib_00738,0.2536865472793579,0.1070202887058258,1,1,A,1
calib_00739,0.4504927098751068,0.7039021849632263,3,3,gus,sna
calib_00740,0.8710812330245972,0.30447763204574585,4,4,TUAL,TvOU
calib_00741,0.23101705312728882,0.7369554042816162,1,10,C,WUASTETERO
calib_00742,0.0,0.709979236125946,0,7,,Disateh
calib_00743,0.8531999588012695,0.5403987169265747,2,2,of,JO
calib_00744,0.8367936015129089,0.744768500328064,8,8,05/08/06,90/90/90
calib_00745,0.9634305238723755,0.0,9,0,Cristiano,
calib_00746,0.9923206567764282,0.3764066994190216,30,3,http://shop62109122.taoba0.com,..2
calib_00747,0.830822765827179,0.37516069412231445,3,3,DAL,TNO
calib_00748,0.2805178165435791,0.1573413908481598,1,1,N,8
calib_00749,0.24680665135383606,0.9819512963294983,2,7,00,mercial
calib_00750,0.7234897613525391,0.7178052663803101,3,4,Ape,atty
calib_00751,0.6409339904785156,0.9687578082084656,1,11,.,GZsuose.com
calib_00752,0.589642345905304,0.6722936034202576,4,5,SNSn,DUSNS
calib_00753,0.4628681540489197,0.8473419547080994,2,1,SX,3
calib_00754,0.0,0.9994105100631714,0,4,,Axel
calib_00755,0.0,0.0,0,0,,
calib_00756,0.34680017828941345,0.9531317949295044,9,14,umeg-papa,Vendredi-Saint
calib_00757,0.4117697775363922,0.9933786392211914,3,5,onu,nuova
calib_00758,0.0,0.0,0,0,,
calib_00759,0.9991300702095032,0.8020269870758057,1,1,5,G
calib_00760,0.6621876358985901,0.6451612710952759,2,2,00,00
calib_00761,0.4139595329761505,0.26536524295806885,3,2,AYE,0A
calib_00762,0.32647261023521423,0.7648906111717224,3,3,WIH,HAA
calib_00763,0.7778385877609253,0.3641829490661621,2,2,le,01
calib_00764,0.24001558125019073,0.3242827355861664,1,1,S,3
calib_00765,0.46875274181365967,0.4086075723171234,4,1,Gabu,0
calib_00766,0.4976345896720886,0.49224212765693665,5,2,wWANS,SM
calib_00767,0.3806975781917572,0.298605740070343,3,2,639,50
calib_00768,0.648413360118866,0.7768457531929016,3,2,SXI,Is
calib_00769,0.7350656986236572,0.39320117235183716,8,7,EREEPORT,1hoddin
calib_00770,0.9229905009269714,0.60298091173172,2,2,HS,SH
calib_00771,0.7985595464706421,0.0,5,0,Rumes,
calib_00772,0.47972428798675537,0.4151216149330139,2,1,50,0
calib_00773,0.8099244832992554,0.9302070736885071,4,4,6901,1064
calib_00774,0.7740138173103333,0.9215610027313232,4,4,EAOT,Lova
calib_00775,0.12997476756572723,0.2388620227575302,1,1,O,0
calib_00776,0.8326712846755981,0.42925119400024414,7,5,ANCIENI,DIJNY
calib_00777,0.9662242531776428,0.4937402307987213,1,1,I,1
calib_00778,0.9997809529304504,0.0,5,0,Heath,
calib_00779,0.16902956366539001,0.38304978609085083,1,2,8,F8
calib_00780,0.31198692321777344,0.27983564138412476,1,2,4,27
calib_00781,0.2828672528266907,0.28209230303764343,1,1,0,C
calib_00782,0.4060615599155426,0.9930914044380188,1,10,q,"available,"
calib_00783,0.5351369380950928,0.9416049122810364,3,3,TOz,204
calib_00784,0.361411452293396,0.7740574479103088,3,5,6H^,Vitis
calib_00785,0.45937031507492065,0.11962151527404785,2,1,PT,A
calib_00786,0.0,0.7882264256477356,0,1,,T
calib_00787,0.36542510986328125,0.5219065546989441,1,2,n,17
calib_00788,0.37290042638778687,0.67653489112854,2,3,0d,PrO
calib_00789,0.0,0.16832171380519867,0,1,,S
calib_00790,0.7104519009590149,0.8137747049331665,1,1,O,O
calib_00791,0.6285970211029053,0.3434959053993225,8,4,CZATPRIC,2041
calib_00792,0.35356035828590393,0.0,1,0,:,
calib_00793,0.2780039310455322,0.45446136593818665,4,6,SMNS,H9A3S0
calib_00794,0.7487349510192871,0.3034203350543976,2,2,NL,ON
calib_00795,0.22730283439159393,0.29015690088272095,2,2,80,40
calib_00796,0.8547980785369873,0.7066012620925903,1,1,2,2
calib_00797,0.1548975557088852,0.0,1,0,H,
calib_00798,0.24209344387054443,0.260245680809021,2,1,36,S
calib_00799,0.3039962351322174,0.31727907061576843,3,2,H1Y,45
calib_00800,0.4582754373550415,0.19466345012187958,3,1,IHE,H
calib_00801,0.34782278537750244,0.9883922934532166,0,23,,China Construction Bank
calib_00802,0.0,0.7167065143585205,0,1,,2
calib_00803,0.1999131143093109,0.5987311005592346,2,4,sa,eits
calib_00804,0.3052669167518616,0.30619004368782043,1,1,2,3
calib_00805,0.20827361941337585,0.31289950013160706,1,1,0,2
calib_00806,0.6471464037895203,0.4307272434234619,1,1,2,4
calib_00807,0.44247594475746155,0.42879945039749146,3,4,I S,S  S
calib_00808,0.375199556350708,0.7079473733901978,8,13,E8S39S3O,CHECESCCASHSB
calib_00809,0.40289902687072754,0.0,4,0,hige,
calib_00810,0.41850337386131287,0.9838326573371887,6,9,Censna,Treasury.
calib_00811,0.7754790186882019,0.6840919852256775,4,5,YSTA,EYISA
calib_00812,0.2731063663959503,0.1323888897895813,1,1,1,D
calib_00813,0.41730403900146484,0.25082701444625854,1,1,.,-
calib_00814,0.0,0.5342403650283813,0,2,,AN
calib_00815,0.9050792455673218,0.0,5,0,Mejia,
calib_00816,0.9159271717071533,0.0,4,0,beno,
calib_00817,0.0,0.0,0,0,,
calib_00818,0.28574445843696594,0.4437156915664673,2,3,11,461
calib_00819,0.31357264518737793,0.18033547699451447,1,1,W,M
calib_00820,0.9203593134880066,0.0,14,0,JEFF HERTZBERO,
calib_00821,0.7347344756126404,0.3009435832500458,5,2,rrer*,TM
calib_00822,0.718092143535614,0.662057101726532,3,3,A90,O6Y
calib_00823,0.0,0.7856495976448059,0,6,,(2.10)
calib_00824,0.8395133018493652,0.6808435916900635,5,4,30232,CEZE
calib_00825,0.0,0.5082707405090332,0,4,,KIEC
calib_00826,0.5660420060157776,0.5517209768295288,3,4,SOS,1505
calib_00827,0.8439228534698486,0.7190470695495605,3,3,FNO,ONE
calib_00828,0.8689778447151184,0.9070191979408264,2,2,MS,SW
calib_00829,0.1843734085559845,0.3780376613140106,1,1,c,D
calib_00830,0.19667166471481323,0.7169119715690613,3,6,OU:,305410
calib_00831,0.0,0.9776663184165955,0,7,,however
calib_00832,0.0,0.9863365888595581,0,29,,that reflects hot trends from
calib_00833,0.6255989670753479,0.6752020716667175,12,10,Family Dlidr,UVICUAIWVI
calib_00834,0.42498573660850525,0.0,1,0,2,
calib_00835,0.3745459020137787,0.9006131291389465,4,5,RIYO,DEATH
calib_00836,0.9458704590797424,0.5598264336585999,6,6,Soimap,dewjos
calib_00837,0.8909061551094055,0.8383725881576538,5,5,INAIO,OIVNI
calib_00838,0.531590461730957,0.5425688028335571,3,2,CSO,oS
calib_00839,0.8761427998542786,0.337788850069046,6,2,PIONER,BN
calib_00840,0.4022004008293152,0.2814221978187561,4,2,BFEN,NE
calib_00841,0.6012943983078003,0.23712578415870667,2,1,Ri,d
calib_00842,0.0,0.9856812953948975,0,4,,BIRD
calib_00843,0.0,0.0,0,0,,
calib_00844,0.8685294985771179,0.4850316643714905,6,1,Wnfeer,N
calib_00845,0.4120039939880371,0.1822315752506256,1,1,E,3
calib_00846,0.16692441701889038,0.9991180896759033,1,9,G,extremely
calib_00847,0.25963038206100464,0.15020149946212769,2,1,DA,D
calib_00848,0.0,0.0,0,0,,
calib_00849,0.6534042358398438,0.671141505241394,3,2,IEV,AT
calib_00850,0.6368793845176697,0.44863367080688477,2,3,ZW,TIZ
calib_00851,0.0,0.9342255592346191,0,33,,"MADE IN U.S.A., ANDOVER, MA 01810"
calib_00852,0.7111539244651794,0.675182580947876,5,5,ckoda,ePOM?
calib_00853,0.7714930772781372,0.6760696172714233,4,4,7054,150L
calib_00854,0.23638178408145905,0.3799263834953308,1,2,2,'-
calib_00855,0.2254812866449356,0.9924561977386475,1,4,J,MARY
calib_00856,0.48975151777267456,0.0,5,0,RENCE,
calib_00857,0.1342451125383377,0.1288672238588333,1,1,M,T
calib_00858,0.602148711681366,0.44034817814826965,1,1,T,T
calib_00859,0.5038434863090515,0.547371506690979,2,2,::,::
calib_00860,0.0,0.5087465047836304,0,8,,cerepacl
calib_00861,0.45187467336654663,0.35798484086990356,9,2,PepeBaphe,od
calib_00862,0.17688699066638947,0.7584192752838135,1,2,9,le
calib_00863,0.6663016676902771,0.9043713212013245,3,4,Aes,sayo
calib_00864,0.7635367512702942,0.8573138117790222,2,2,on,uo
calib_00865,0.2703036069869995,0.5675570964813232,2,2,MW,AW
calib_00866,0.7870623469352722,0.7752203345298767,6,6,eiesun,unssia
calib_00867,0.5214627385139465,0.7562634944915771,2,2,00,UU
calib_00868,0.0,0.14177943766117096,0,1,,N
calib_00869,0.47983428835868835,0.3075256645679474,1,1,w,~
calib_00870,0.35044437646865845,0.9717472791671753,2,8,MM,"Wenwolf,"
calib_00871,0.9613941311836243,0.24295349419116974,7,1,VACATED,A
calib_00872,0.976004421710968,0.36548763513565063,8,5,Rutledge,абраы
calib_00873,0.0,0.0,0,0,,
calib_00874,0.29284361004829407,0.10538318008184433,2,1,OL,T
calib_00875,0.13483749330043793,0.41862064599990845,1,2,S,lo
calib_00876,0.9985317587852478,0.0,9,0,avcilable,
calib_00877,0.8110728859901428,0.516284704208374,3,3,551,I5S
calib_00878,0.5465927720069885,0.5186666250228882,3,2,ed',BP
calib_00879,0.24013680219650269,0.3137362003326416,2,2,1R,V1
calib_00880,0.1479600965976715,0.33336141705513,1,1,5,5
calib_00881,0.30769094824790955,0.792483925819397,8,23,00000500,shon59632504..o1ao. com
calib_00882,0.7153860330581665,0.7622636556625366,2,2,Ab,ab
calib_00883,0.31123965978622437,0.8480554819107056,1,5,J,lower
calib_00884,0.319144070148468,0.7142897248268127,3,6,2YE,BAIRLR
calib_00885,0.0,0.2931573987007141,0,2,,LE
calib_00886,0.6828104257583618,0.946457028388977,4,5,QNST,LISNO
calib_00887,0.0,0.9939761161804199,0,6,,Scotch
calib_00888,0.730194091796875,0.40619155764579773,9,7,dEspagnat,wudedgp
calib_00889,0.2668476104736328,0.9971446990966797,3,6,NES,SWEDEN
calib_00890,0.6506801247596741,0.9010506868362427,7,7,3RN-P90,064-NYE
calib_00891,0.36337703466415405,0.14996115863323212,1,1,2,1
calib_00892,0.998465359210968,0.0,5,0,Dozen,
calib_00893,0.5423023700714111,0.2539142668247223,4,2,DELs,37
calib_00894,0.595883309841156,0.2563258707523346,1,2,X,XX
calib_00895,0.9003219604492188,0.5623329281806946,2,3,Ne,-4%
calib_00896,0.892173707485199,0.9459664225578308,3,3,TYO,OAL
calib_00897,0.2146489918231964,0.9993788003921509,1,2,S,25
calib_00898,0.394473135471344,0.34371456503868103,1,1,S,5
calib_00899,0.6451582312583923,0.49692386388778687,1,2,X,4X
calib_00900,0.47149425745010376,0.9563923478126526,5,6,2522.,0·2257
calib_00901,0.28541100025177,0.2927412688732147,1,1,R,2
calib_00902,0.45510339736938477,0.769372820854187,4,4,SRCE,SONE
calib_00903,0.7497064471244812,0.7954269647598267,4,4,wnum,wnum
calib_00904,0.193552166223526,0.11862888187170029,1,1,2,2
calib_00905,0.4363829791545868,0.8741386532783508,7,9,goforgu,Cmbrofoli
calib_00906,0.5455264449119568,0.08109235018491745,1,1,3,6
calib_00907,0.192282035946846,0.2306852787733078,5,7,woin.,socncnn
calib_00908,0.20355799794197083,0.19547493755817413,1,3,4,-h-
calib_00909,0.32663437724113464,0.27027663588523865,3,3,NOW,HOU
calib_00910,0.6867043972015381,0.8724575638771057,2,1,AR,H
calib_00911,0.5172614455223083,0.46107763051986694,7,7,8190194,Toreste
calib_00912,0.0,0.0,0,0,,
calib_00913,0.25355854630470276,0.9235196113586426,3,6,Аun,Quntry
calib_00914,0.43061187863349915,0.4494750499725342,1,2,2,36
calib_00915,0.0,0.0,0,0,,
calib_00916,0.8698396682739258,0.0,5,0,NCARE,
calib_00917,0.18910059332847595,0.187102809548378,2,1,UE,2
calib_00918,0.3452150225639343,0.3844524025917053,2,2,AD,OH
calib_00919,0.3726139962673187,0.8283293843269348,1,14,0,wellafargo.com
calib_00920,0.784371018409729,0.5846103429794312,4,4,VU52,ZSNA
calib_00921,0.6469075083732605,0.4823331832885742,4,3,MNCE,DNK
calib_00922,0.8199516534805298,0.3937395215034485,5,4,www.f,SMAA
calib_00923,0.0,0.1316157728433609,0,1,,4
calib_00924,0.577218770980835,0.9605545997619629,1,1,V,^
calib_00925,0.29121991991996765,0.48332709074020386,2,2,OE,10
calib_00926,0.3184605538845062,0.6120303869247437,3,4,HUS,5hin
calib_00927,0.0,0.9579920768737793,0,17,,mecboo fotography
calib_00928,0.48034706711769104,0.3367055356502533,6,4,RAUKCO,ODNN
calib_00929,0.4408818483352661,0.4902743697166443,3,4,WCB,BCOM
calib_00930,0.0,0.9899532794952393,0,9,,GALLERIAN
calib_00931,0.839231550693512,0.8716409206390381,6,8,002566,995-2004
calib_00932,0.0,0.10227424651384354,0,1,,T
calib_00933,0.7672814130783081,0.35274142026901245,5,4,Clant,1uon
calib_00934,0.9989328384399414,0.0,6,0,Lampen,
calib_00935,0.5214378833770752,0.5817992687225342,4,4,ROIN,NROV
calib_00936,0.7069563269615173,0.929063618183136,4,5,p!pp,adido
calib_00937,0.0,0.8970266580581665,0,5,,CABAC
calib_00938,0.19217652082443237,0.0,2,0,1N,
calib_00939,0.44511163234710693,0.6687408089637756,3,5,sap,Aides
calib_00940,0.25285404920578003,0.8665656447410583,2,7,CO,CAPITON
calib_00941,0.38197022676467896,0.27026277780532837,2,2,80,D8
calib_00942,0.8150272369384766,0.8272180557250977,4,4,2600,009%
calib_00943,0.27415114641189575,0.34525176882743835,2,2,00,80
calib_00944,0.9507156610488892,0.5985852479934692,4,3,FINE,INH
calib_00945,0.9976770877838135,0.0,11,0,combustible,
calib_00946,0.0,0.13675376772880554,0,1,,C
calib_00947,0.2607290744781494,0.5402659177780151,1,1,8,8
calib_00948,0.0,0.0,0,0,,
calib_00949,0.5686419010162354,0.41667941212654114,8,9,KRYSOMOT,AOYOSNLEE
calib_00950,0.6941863894462585,0.9905162453651428,3,4,IVA,YALE
calib_00951,0.1298288255929947,0.42215240001678467,1,1,N,2
calib_00952,0.0,0.3350793719291687,0,1,,S
calib_00953,0.805895984172821,0.15878790616989136,7,2,IMMERGE,HN
calib_00954,0.0,0.0,0,0,,
calib_00955,0.35728219151496887,0.25792115926742554,1,4,0,02to
calib_00956,0.5241287350654602,0.5596082806587219,4,4,1110,OL1L
calib_00957,0.33137980103492737,0.8943982720375061,2,3,3n,Lhe
calib_00958,0.0,0.0,0,0,,
calib_00959,0.7123594284057617,0.1758279800415039,1,1,2,2
calib_00960,0.3059696555137634,0.6054564714431763,4,5,C200,10023
calib_00961,0.7804646492004395,0.0,8,0,LRRC!!I!,
calib_00962,0.08884919434785843,0.16187089681625366,1,1,*,8
calib_00963,0.9966928362846375,0.0,5,0,thefe,
calib_00964,0.4101749658584595,0.701589047908783,9,9,E7WNSSI90,CRISSNALR
calib_00965,0.7903833389282227,0.0,3,0,CKE,
calib_00966,0.2872355282306671,0.4322024881839752,1,1,n,U
calib_00967,0.6072262525558472,0.4140695631504059,1,1,K,S
calib_00968,0.1520175337791443,0.29618436098098755,1,2,M,CO
calib_00969,0.0,0.0,0,0,,
calib_00970,0.1850053071975708,0.9513841271400452,3,6,КTe,Valley
calib_00971,0.41909143328666687,0.2930546998977661,1,2,-,--
calib_00972,0.34357941150665283,0.6108595132827759,3,4,17W,CALU
calib_00973,0.7124809622764587,0.21596823632717133,6,3,weoln.,4ем
calib_00974,0.4337191581726074,0.6278334259986877,6,7,S1E060,0303117
calib_00975,0.37316906452178955,0.4911625385284424,5,5,LAIOL,NOBAF
calib_00976,0.47127625346183777,0.5518448948860168,3,5,SSL,TJRNS
calib_00977,0.983812689781189,0.2423585206270218,8,1,TRAINING,N
calib_00978,0.6009201407432556,0.5596160292625427,1,1,X,V
calib_00979,0.4465356171131134,0.16953183710575104,7,1,MECKMAD,L
calib_00980,0.36717385053634644,0.9546995759010315,5,6,pau11,110%ol
calib_00981,0.21524059772491455,0.9805042743682861,3,3,aA3,Eye
calib_00982,0.9916167855262756,0.2617402970790863,3,3,GEP,dEE
calib_00983,0.9647191762924194,0.7723675966262817,4,4,8622,2298
calib_00984,0.929469645023346,0.7638190388679504,6,6,DIBSEL,135810
calib_00985,0.5383427143096924,0.0,3,0,ORS,
calib_00986,0.0,0.9613721370697021,0,9,,Andierson
calib_00987,0.37578555941581726,0.573501706123352,1,1,5,3
calib_00988,0.5391630530357361,0.7478368878364563,3,3,252,250
calib_00989,0.15199580788612366,0.22363980114459991,2,2,Po,42
calib_00990,0.9774583578109741,0.4330551028251648,1,1,®,&
calib_00991,0.6763101816177368,0.6288959980010986,4,4,нд и,т фк
calib_00992,0.6437141299247742,0.8462740182876587,4,4,OAVN,MAYO
calib_00993,0.7338504195213318,0.20098157227039337,1,1,&,2
calib_00994,0.33316439390182495,0.7223906517028809,1,2,0,O.
calib_00995,0.2548498809337616,0.991957426071167,2,9,AA,LAFAYETTE
calib_00996,0.5776016712188721,0.7120110392570496,5,5,CLDUk,ynang
calib_00997,0.4602999687194824,0.8799113035202026,2,2,ZL,12
calib_00998,0.8843123316764832,0.5986703634262085,5,5,WEPLS,STiaM
calib_00999,0.5041106939315796,0.17367935180664062,1,1,8,2
calib_01000,0.8492447733879089,0.6240065693855286,7,7,JUNPERO,Cu3a/NE
calib_01001,0.5831657648086548,0.9961028099060059,5,4,OLNV!,AUTO
calib_01002,0.5638416409492493,0.6046422123908997,1,1,7,4
calib_01003,0.6215323805809021,0.6365936398506165,3,3,о т,imo
calib_01004,0.739702045917511,0.5648893117904663,5,6,bagen,wafle2
calib_01005,0.7299386262893677,0.9581931233406067,2,2,17,Lk
calib_01006,0.24459241330623627,0.2855300307273865,1,1,:,:
calib_01007,0.11284101009368896,0.13559868931770325,1,1,2,U
calib_01008,0.7671781778335571,0.3781048357486725,1,1,5,S
calib_01009,0.4491516947746277,0.8853465914726257,2,5,10,200-1
calib_01010,0.3022746741771698,0.420614093542099,1,5,3,5.Net
calib_01011,0.7984541654586792,0.0,17,0,wwww.kraligek.net,
calib_01012,0.0,0.0,0,0,,
calib_01013,0.19942280650138855,0.19423341751098633,1,1,0,6
calib_01014,0.7453394532203674,0.8496154546737671,4,4,FOTE,3104
calib_01015,0.9427103400230408,0.4824362099170685,6,6,"3"" Ave",aлY nE
calib_01016,0.0,0.0,0,0,,
calib_01017,0.7151753306388855,0.34628191590309143,3,1,the,2
calib_01018,0.2946091890335083,0.9769694209098816,1,3,0,BOB
calib_01019,0.37360936403274536,0.7293424606323242,1,4,S,SILE
calib_01020,0.8188557624816895,0.2450024038553238,6,1,ULises,n
calib_01021,0.40112218260765076,0.26584377884864807,1,1,8,8
calib_01022,0.2134343832731247,0.0,1,0,3,
calib_01023,0.08647263795137405,0.07883657515048981,1,1,E,8
calib_01024,0.0,0.0,0,0,,
calib_01025,0.8310354351997375,0.3085203170776367,1,2,5,16
calib_01026,0.5494301915168762,0.9067332744598389,3,4,C28,1873
calib_01027,0.4135551452636719,0.8416361808776855,3,3,SE',.35
calib_01028,0.626844048500061,0.42135435342788696,1,1,Z,Z
calib_01029,0.6033636927604675,0.37912243604660034,4,5,1022,BECEE
calib_01030,0.4434168338775635,0.3169000744819641,5,5,ENTOL,Diosa
calib_01031,0.7724359631538391,0.44025886058807373,3,3,F11,112
calib_01032,0.9870842099189758,0.9052494168281555,5,5,UNION,NOIND
calib_01033,0.11567550152540207,0.12549781799316406,1,1,4,+
calib_01034,0.8819882869720459,0.9588842391967773,4,3,9.46,976
calib_01035,0.8169414401054382,0.927341103553772,5,5,HLHON,NORTH
calib_01036,0.930165708065033,0.0,9,0,four-leaf,
calib_01037,0.0,0.0,0,0,,
calib_01038,0.6987684369087219,0.46962812542915344,5,4,CSHOC,JHED
calib_01039,0.7191318869590759,0.1854884773492813,3,1,San,C
calib_01040,0.7003161311149597,0.5306026339530945,5,6,D/904,1706/0
calib_01041,0.15400221943855286,0.40451285243034363,1,1,:,:
calib_01042,0.0,0.0,0,0,,
calib_01043,0.6693790555000305,0.0,2,0,46,
calib_01044,0.9997005462646484,0.0,17,0,"ristrutturazione,",
calib_01045,0.8517401218414307,0.6832318305969238,4,3,INIL,INI
calib_01046,0.0,0.9231600761413574,0,8,,PABADENA
calib_01047,0.30629536509513855,0.5056517124176025,1,1,N,4
calib_01048,0.0,0.1308465451002121,0,1,,o
calib_01049,0.6835747361183167,0.6073294878005981,2,2,89,68
calib_01050,0.7092156410217285,0.43528106808662415,7,1,merlols,y
calib_01051,0.5329962372779846,0.16285592317581177,1,1,M,L
calib_01052,0.9796445369720459,0.25274381041526794,30,4,PACKAGING SUPPLIES & MATERIALS,SASN
calib_01053,0.2662125825881958,0.1821865290403366,1,1,a,8
calib_01054,0.23116043210029602,0.25589755177497864,1,1,1,S
calib_01055,0.6216252446174622,0.3264712989330292,5,4,Sunwr,RUNS
calib_01056,0.6472538113594055,0.7142853140830994,5,5,monlf,Srosa
calib_01057,0.14800935983657837,0.46221140027046204,1,1,L,S
calib_01058,0.32305243611335754,0.28553667664527893,1,1,w,N
calib_01059,0.24464376270771027,0.0,2,0,1E,
calib_01060,0.8229843378067017,0.609042763710022,4,4,1203,E0aI
calib_01061,0.16702136397361755,0.4451301097869873,1,2,M,FR
calib_01062,0.3769024908542633,0.49173247814178467,2,4,8O,COTA
calib_01063,0.9883658289909363,0.6281840801239014,3,3,gro,ou7
calib_01064,0.8724804520606995,0.3548409938812256,23,1,Fingerlips NAL SALON WA,O
calib_01065,0.32037392258644104,0.7492976188659668,3,4,62H,M429
calib_01066,0.5652088522911072,0.5876821875572205,3,3,019,B10
calib_01067,0.3592285215854645,0.4357942044734955,3,5,OOS,SOOLO
calib_01068,0.8407901525497437,0.3767563998699188,5,5,webwe,aмдам
calib_01069,0.17134696245193481,0.09650719165802002,1,1,+,7
calib_01070,0.37672337889671326,0.9633259177207947,3,9,jad,Profilins
calib_01071,0.49573153257369995,0.9550202488899231,5,10,po-un,fun-filled
calib_01072,0.65132075548172,0.9659416079521179,5,5,SuDYS,ShanS
calib_01073,0.9175446629524231,0.5007975697517395,6,5,friend,puDug
calib_01074,0.29305994510650635,0.3190732002258301,1,8,T,brhamons
calib_01075,0.22813358902931213,0.2591049075126648,1,1,4,8
calib_01076,0.12272437661886215,0.172476664185524,1,2,a,CO
calib_01077,0.6280583739280701,0.439684122800827,14,7,OmdHD+SparAMOL,noyg+a0
calib_01078,0.0,0.0,0,0,,
calib_01079,0.9012595415115356,0.9825381636619568,4,4,1338,REEL
calib_01080,0.2908783257007599,0.8088330030441284,6,8,33SSMN,MIWASSEE
calib_01081,0.3678973615169525,0.7613574862480164,4,4,E589,4859
calib_01082,0.0,0.0,0,0,,
calib_01083,0.15255694091320038,0.0,1,0,2,
calib_01084,0.40341728925704956,0.14704371988773346,1,1,.,F
calib_01085,0.7007291913032532,0.9874095916748047,5,5,NVdVr,JAPAN
calib_01086,0.569739043712616,0.35352104902267456,4,5,CAEE,SEEAO
calib_01087,0.42587777972221375,0.6869717836380005,4,4,Vela,CIKA
calib_01088,0.8980059623718262,0.6936425566673279,2,2,au,nu
calib_01089,0.7239060401916504,0.44812092185020447,4,2,Aprt,HY
calib_01090,0.41092008352279663,0.9321649670600891,2,3,uh,Mar
calib_01091,0.9262381792068481,0.0,20,0,www.helicopter.co.nz,
calib_01092,0.30988606810569763,0.41853129863739014,2,3,UE,70-
calib_01093,0.0,0.0,0,0,,
calib_01094,0.8555207848548889,0.8992860913276672,4,3,HN's,SNH
calib_01095,0.20448845624923706,0.24366351962089539,2,1,O0,0
calib_01096,0.33114874362945557,0.40976840257644653,2,2,WL,TK
calib_01097,0.778016984462738,0.9087116122245789,3,3,540,015
calib_01098,0.8724591732025146,0.4690930247306824,6,5,dley's,shalp
calib_01099,0.669648289680481,0.426563024520874,5,4,4X-12,21-X
calib_01100,0.20801500976085663,0.4004107713699341,1,2,1,%4
calib_01101,0.3406997621059418,0.1392349898815155,2,1,X1,T
calib_01102,0.24217596650123596,0.3687373995780945,4,2,PRET,LS
calib_01103,0.9097583889961243,0.8485367298126221,1,1,M,W
calib_01104,0.24008984863758087,0.6744035482406616,1,1,2,7
calib_01105,0.7002794146537781,0.5049214959144592,6,6,MELHON,wowtan
calib_01106,0.6165391206741333,0.2404278963804245,2,1,J0,o
calib_01107,0.24093517661094666,0.23118872940540314,1,1,1,1
calib_01108,0.8569067120552063,0.8870859146118164,1,1,0,0
calib_01109,0.6614487767219543,0.4395047724246979,8,6,----SLOW,MOS---
calib_01110,0.6120679974555969,0.8060838580131531,5,6,hosne,BUSCK.
calib_01111,0.15350459516048431,0.0,1,0,S,
calib_01112,0.0,0.30201512575149536,0,9,,itphee ea
calib_01113,0.6535717248916626,0.22239013016223907,1,2,S,2S
calib_01114,0.1638922542333603,0.10217878967523575,2,1,.H,H
calib_01115,0.0,0.0,0,0,,
calib_01116,0.9570515155792236,0.9274216890335083,1,1,m,E
calib_01117,0.0,0.0,0,0,,
calib_01118,0.0,0.890535295009613,0,7,,DAYPIER
calib_01119,0.8758586645126343,0.3471536934375763,14,12,RACHELS ITAUAN,NEITEUSлEHOO
calib_01120,0.33983170986175537,0.4641444683074951,1,2,G,1:
calib_01121,0.5477573871612549,0.7741876840591431,4,4,08E0,038D
calib_01122,0.4102148115634918,0.4230203628540039,3,4,SEm,KO-0
calib_01123,0.5424215793609619,0.8324277997016907,5,6,SRWOS,Somals
calib_01124,0.9340078234672546,0.7341880202293396,3,3,Two,on]
calib_01125,0.44074445962905884,0.41300109028816223,1,1,a,P
calib_01126,0.8595899939537048,0.36236822605133057,11,1,"illsommons,",o
calib_01127,0.2650635242462158,0.833483874797821,2,3,oM,llo
calib_01128,0.6365088224411011,0.220551997423172,2,2,11,IL
calib_01129,0.626990020275116,0.4901264011859894,4,4,udfo,ojpn
calib_01130,0.0,0.15089263021945953,0,1,,X
calib_01131,0.4332217276096344,0.8698554039001465,5,7,CERNE,TENEREI
calib_01132,0.38183727860450745,0.5670757293701172,2,4,20,2102
calib_01133,0.3208877146244049,0.2983165681362152,3,6,RAE,SSNNIO
calib_01134,0.9926812648773193,0.40587177872657776,6,5,gratis,sgeab
calib_01135,0.3928226828575134,0.4134342670440674,2,1,20,0
calib_01136,0.0,0.0,0,0,,
calib_01137,0.21556279063224792,0.3423001170158386,2,1,PI,I
calib_01138,0.8892227411270142,0.6302877068519592,1,2,L,47
calib_01139,0.3640778660774231,0.1703454852104187,1,2,C,00
calib_01140,0.7432666420936584,0.517524003982544,6,5,EE9119,61630
calib_01141,0.4282708168029785,0.39298000931739807,3,3,TE2,2a1
calib_01142,0.8093844056129456,0.0,7,0,FIRELLI,
calib_01143,0.23655080795288086,0.6525713801383972,2,7,(A,Yortval
calib_01144,0.8233656287193298,0.31994980573654175,8,2,Concksin,su
calib_01145,0.14405672252178192,0.4164508879184723,1,1,",",","
calib_01146,0.4462876319885254,0.0,1,0,M,
calib_01147,0.7929394245147705,0.46265101432800293,3,3,160,09l
calib_01148,0.8725875020027161,0.0,6,0,biljet,
calib_01149,0.11921811103820801,0.2123224288225174,1,1,"""",a
calib_01150,0.3820449113845825,0.11961498111486435,2,1,on,4
calib_01151,0.9388552904129028,0.0,8,0,@wfryer-,
calib_01152,0.5476582050323486,0.9547743797302246,2,10,8a,egagemang.
calib_01153,0.0,0.628974437713623,0,8,,PREMIERS
calib_01154,0.2112751007080078,0.5590221881866455,2,3,SH,183
calib_01155,0.74431312084198,0.9560704827308655,4,4,nwes,Samu
calib_01156,0.8526387214660645,0.20339763164520264,3,2,Tig,bS
calib_01157,0.8195161819458008,0.3532046377658844,11,3,Imodictions,son
calib_01158,0.0,0.0,0,0,,
calib_01159,0.9946777820587158,0.9944203495979309,1,1,+,+
calib_01160,0.0,0.15710018575191498,0,1,,9
calib_01161,0.331697940826416,0.867173969745636,5,5,UOARI,Deven
calib_01162,0.24551573395729065,0.11876234412193298,1,1,2,F
calib_01163,0.9295809864997864,0.0,9,0,Bertuccis,
calib_01164,0.8997007012367249,0.33124738931655884,4,4,C2OL,1020
calib_01165,0.9147607684135437,0.977848470211029,1,1,N,N
calib_01166,0.0982285737991333,0.0879073515534401,1,1,B,B
calib_01167,0.91014564037323,0.4225030839443207,5,3,carly,Au3
calib_01168,0.9112573266029358,0.6410969495773315,6,4,signal,eubr
calib_01169,0.3592599928379059,0.7100435495376587,3,5,4OY,CATON
calib_01170,0.34594088792800903,0.318379670381546,1,1,8,4
calib_01171,0.9944000244140625,0.26935312151908875,7,1,DIFUSOR,S
calib_01172,0.47230350971221924,0.6717509627342224,1,1,0,C
calib_01173,0.47537487745285034,0.9832388162612915,2,2,on,Mo
calib_01174,0.9507161378860474,0.0,8,0,Riley&co,
calib_01175,0.9992063045501709,0.29930055141448975,18,13,www.LosMocanos.com,UO'SOUOWSOMMM
calib_01176,0.8342388868331909,0.44229400157928467,8,4,Cootless,sano
calib_01177,0.38607892394065857,0.38215377926826477,6,7,UNernO,butloNn
calib_01178,0.8379294872283936,0.7377762794494629,4,4,-609,600-
calib_01179,0.33491751551628113,0.593254566192627,1,1,N,2
calib_01180,0.9125515818595886,0.7831875085830688,8,8,Operased,pasesado
calib_01181,0.6088203191757202,0.2923556864261627,7,5,Campuay,kunda
calib_01182,0.5910390019416809,0.3666480481624603,1,1,t,7
calib_01183,0.8398940563201904,0.9034062027931213,4,4,1426,9871
calib_01184,0.8043442368507385,0.342671275138855,2,4,20,LORE
calib_01185,0.8152886629104614,0.7797956466674805,7,4,644-733,EEL9
calib_01186,0.3033636510372162,0.07826632261276245,1,1,M,3
calib_01187,0.9605259299278259,0.6689839363098145,6,6,LBA-48,84-087
calib_01188,0.5329137444496155,0.3524734675884247,1,1,!,1
calib_01189,0.47090306878089905,0.6927486062049866,7,8,"""uoopVo",otdoons.
calib_01190,0.33328622579574585,0.2698914110660553,1,1,V,1
calib_01191,0.8652326464653015,0.7415831089019775,3,3,C50,OSO
calib_01192,0.23772990703582764,0.9119459986686707,3,6,SNE,PENSKE
calib_01193,0.9910628795623779,0.44325387477874756,2,2,25,sZ
calib_01194,0.27111372351646423,0.9535662531852722,2,2,ZV,AL
calib_01195,0.7119385600090027,0.0,2,0,Me,
calib_01196,0.0,0.9914090037345886,0,5,,relax
calib_01197,0.2652810513973236,0.6641620993614197,2,3,Mu,nac
calib_01198,0.45296311378479004,0.37739890813827515,4,2,114R,EP
calib_01199,0.0,0.9954454302787781,0,28,,Clear Scratch Resistant Film
calib_01200,0.29151710867881775,0.18693923950195312,3,2,EIC,33
calib_01201,0.0,0.8070730566978455,0,6,,AN C A
calib_01202,0.19531631469726562,0.5810036659240723,2,2,00,MU
calib_01203,0.3355589509010315,0.9666788578033447,1,6,o,checks
calib_01204,0.7501918077468872,0.4582062363624573,8,8,PEATT ST,IS aIVRd
calib_01205,0.7345714569091797,0.2528308629989624,4,2,CABL,nm
calib_01206,0.48373475670814514,0.9158992767333984,6,7,W91S11,1ELSTAA
calib_01207,0.5357942581176758,0.9384258389472961,3,7,моI,IOWA AV
calib_01208,0.24811071157455444,0.544881284236908,2,5,HT,Lo an
calib_01209,0.9729663729667664,0.5585923790931702,3,3,177,1L1
calib_01210,0.4287404716014862,0.819938063621521,4,4,SOL2,7785
calib_01211,0.546790361404419,0.4847691059112549,2,5,SU,DUIES
calib_01212,0.08455220609903336,0.19068218767642975,1,1,5,2
calib_01213,0.7449603080749512,0.47622737288475037,5,4,Tesry,hsor
calib_01214,0.20704345405101776,0.37604188919067383,1,2,→,te
calib_01215,0.0,0.9498841166496277,0,9,,Wikileaks
calib_01216,0.6089494824409485,0.542877197265625,3,3,---,-=-
calib_01217,0.9874454140663147,0.6838656663894653,4,4,2905,4062
calib_01218,0.39163094758987427,0.9318275451660156,4,4,DU2Z,7200
calib_01219,0.5380624532699585,0.24262359738349915,10,1,550q9.ccom,o
calib_01220,0.8813918828964233,0.2919057309627533,7,3,GARAISN,NIN
calib_01221,0.5328601002693176,0.9989417195320129,3,3,958,356
calib_01222,0.22166866064071655,0.7404305338859558,2,2,E5,13
calib_01223,0.9045490622520447,0.6514354348182678,1,1,H,H
calib_01224,0.23471394181251526,0.9632627367973328,1,7,W,Mosaico
calib_01225,0.618826687335968,0.46756765246391296,2,3,51,F19
calib_01226,0.6119714379310608,0.4455881118774414,5,3,Asmie,uwy
calib_01227,0.2456599771976471,0.986965000629425,5,7,ONEAD,GIAVENO
calib_01228,0.2492828667163849,0.728535532951355,5,10,3OTOE,SOUT IODLE
calib_01229,0.625572919845581,0.35546404123306274,2,1,AL,7
calib_01230,0.0,0.7650061845779419,0,9,,Widerhope
calib_01231,0.33616903424263,0.5115323662757874,5,5,DADUE,EAPCR
calib_01232,0.0,0.0,0,0,,
calib_01233,0.8879072666168213,0.0,9,0,GIBRALTAR,
calib_01234,0.0,0.29278990626335144,0,1,,B
calib_01235,0.16732287406921387,0.1693744957447052,1,1,3,*
calib_01236,0.38902604579925537,0.45551517605781555,8,8,LISNLION,MONENETT
calib_01237,0.4450397193431854,0.30938538908958435,4,4,baNe,aNec
calib_01238,0.2310226559638977,0.9614772796630859,1,3,N,NGE
calib_01239,0.9995591044425964,0.4139855206012726,3,3,bis,S!q
calib_01240,0.1795622855424881,0.2542193531990051,1,1,T,K
calib_01241,0.2735799252986908,0.6560857892036438,1,2,8,S.
calib_01242,0.5823845863342285,0.8074696063995361,4,4,9927,2236
calib_01243,0.8746359348297119,0.39186590909957886,8,5,Hattieob,cатен
calib_01244,0.9411748647689819,0.978846549987793,1,1,+,+
calib_01245,0.5626415610313416,0.8735383749008179,6,5,oqrory,Kaato
calib_01246,0.8313081860542297,0.5750160217285156,5,5,ANTAS,SVINE
calib_01247,0.8644797801971436,0.5104338526725769,4,2,MITA,WW
calib_01248,0.9112372994422913,0.3222968578338623,3,2,GNO,aN
calib_01249,0.4563114643096924,0.6287056803703308,2,3,DS,950
calib_01250,0.374052494764328,0.9063212275505066,8,9,ojoosnor,Ciauscolo
calib_01251,0.0,0.9526636004447937,0,10,,PICMISTERY
calib_01252,0.28828662633895874,0.7493182420730591,4,4,K38H,Hacy
calib_01253,0.34226202964782715,0.6734458208084106,2,2,h0,04
calib_01254,0.9763490557670593,0.9651671648025513,3,4,NOZ,IZON
calib_01255,0.3160266876220703,0.9904935956001282,4,6,foow,morefo
calib_01256,0.5021091103553772,0.39645060896873474,2,3,17,124
calib_01257,0.8864638209342957,0.8585713505744934,4,4,6336,9809
calib_01258,0.9785972833633423,0.4440060555934906,21,5,(www.beontheroad.com),(.oo)
calib_01259,0.9811569452285767,0.5994366407394409,4,4,3743,CIZE
calib_01260,0.9920185804367065,0.4754565954208374,2,2,62,29
calib_01261,0.43588581681251526,0.25836825370788574,1,1,B,8
calib_01262,0.7943031191825867,0.7340384125709534,3,3,asn,LED
calib_01263,0.9279925227165222,0.7777376770973206,7,6,LANCOME,IWONVT
calib_01264,0.7652800679206848,0.475366473197937,6,4,Salrav,eyos
calib_01265,0.9518762826919556,0.6095945835113525,2,3,AR,HYA
calib_01266,0.8758729100227356,0.4304545521736145,4,4,Edit,19P3
calib_01267,0.31711623072624207,0.7287089228630066,5,5,4-yow,Motch
calib_01268,0.6856300830841064,0.47500523924827576,4,4,5020,0805
calib_01269,0.2677941620349884,0.9111804366111755,1,1,a,D
calib_01270,0.0,0.0,0,0,,
calib_01271,0.5682177543640137,0.8448292016983032,1,1,o,o
calib_01272,0.4602062702178955,0.8186302185058594,3,3,SIV,MIS
calib_01273,0.7199354767799377,0.7155941128730774,1,1,-,-
calib_01274,0.8890438079833984,0.6500318646430969,8,7,CHARVNUM,WNNANHS
calib_01275,0.1967887580394745,0.30066537857055664,2,2,Tg,5I
calib_01276,0.9266383647918701,0.4274851381778717,9,5,Yuengling,6yuan
calib_01277,0.26186177134513855,0.6982914209365845,3,4,LOW,UAGF
calib_01278,0.4751805067062378,0.14127404987812042,2,1,07,1
calib_01279,0.7590927481651306,0.5731685757637024,10,10,HIDDVaIIey,KOIIAOCIMI
calib_01280,0.0,0.6941812038421631,0,3,,eor
calib_01281,0.48304829001426697,0.9965785145759583,4,5,nony,Fitou
calib_01282,0.9391258955001831,0.4096999168395996,9,5,requiring,ojnba
calib_01283,0.9543318748474121,0.47239720821380615,16,7,ASSOCLATION INC.,OLINDOS
calib_01284,0.9925397038459778,0.41937255859375,23,3,http://techno.mayix.net,//:
calib_01285,0.35056066513061523,0.8234146237373352,2,3,04,hou
calib_01286,0.8039348721504211,0.39541688561439514,5,5,"""PONT",3 LNO
calib_01287,0.4181413948535919,0.6847208142280579,3,3,DTO,aua
calib_01288,0.9018466472625732,0.3953004777431488,3,3,bis,919
calib_01289,0.4923290014266968,0.0,1,0,E,
calib_01290,0.22094811499118805,0.4422740638256073,4,7,TENA,BVARAAA
calib_01291,0.18452535569667816,0.640008807182312,1,3,U,Min
calib_01292,0.4154551923274994,0.992343008518219,3,3,IWT,LMT
calib_01293,0.4476184844970703,0.24430754780769348,2,2,sE,25
calib_01294,0.5046420693397522,0.7135742902755737,4,5,owpd,Pitmo
calib_01295,0.31100794672966003,0.9381195902824402,3,9,050,Costellat
calib_01296,0.8080441951751709,0.44600701332092285,2,2,00,00
calib_01297,0.08891961723566055,0.4133974611759186,1,2,I,AI
calib_01298,0.8259947896003723,0.9478793144226074,5,6,ONIID,CASINO
calib_01299,0.47436150908470154,0.6327170133590698,5,7,LENOI,MONSTEE
calib_01300,0.0,0.41927555203437805,0,3,,RVN
calib_01301,0.38155463337898254,0.3882221281528473,2,1,ol,o
calib_01302,0.0,0.6196991205215454,0,3,,Coo
calib_01303,0.9981996417045593,0.35218387842178345,5,2,HRIST,LS
calib_01304,0.6100202202796936,0.9588605165481567,4,5,0055,55.00
calib_01305,0.2663364112377167,0.9268820881843567,1,7,8,Saite B
calib_01306,0.12821218371391296,0.5193682909011841,2,4,9g,gobe
calib_01307,0.4768587052822113,0.6514316201210022,5,5,SESIA,WHINY
calib_01308,0.5366005301475525,0.8905196785926819,3,6,mgm,Ouflaw
calib_01309,0.962451159954071,0.3377898037433624,6,1,Format,o
calib_01310,0.0,0.9947682619094849,0,8,,PACKOUT&
calib_01311,0.869198739528656,0.0,4,0,STAK,
calib_01312,0.49155867099761963,0.9907320737838745,2,2,9O,04
calib_01313,0.6398367881774902,0.22228746116161346,2,1,13,6
calib_01314,0.3679744303226471,0.8829191327095032,6,6,IddLYS,SKIPPY
calib_01315,0.6055019497871399,0.9690657258033752,2,2,A8,RY
calib_01316,0.8015777468681335,0.5278269648551941,3,2,PLL,TM
calib_01317,0.6165668368339539,0.7446880340576172,3,3,529,525
calib_01318,0.907975435256958,0.7237511873245239,2,2,30,OE
calib_01319,0.6934038400650024,0.42443132400512695,5,4,DAIYE,2A3G
calib_01320,0.935309112071991,0.0,1,0,J,
calib_01321,0.9739602208137512,0.2993997037410736,9,1,Aktueller,J
calib_01322,0.41211748123168945,0.9284937977790833,6,6,IS AVD,GAY ST
calib_01323,0.6873651146888733,0.7820728421211243,2,3,MN,WW.
calib_01324,0.7004166841506958,0.983809232711792,4,4,uooN,Noon
calib_01325,0.9225062727928162,0.0,2,0,AV,
calib_01326,0.7121424078941345,0.0,8,0,CocaCela,
calib_01327,0.7070717215538025,0.8629952073097229,3,3,200,002
calib_01328,0.7082252502441406,0.5395740270614624,5,5,JOMAN,HVIOE
calib_01329,0.577462911605835,0.6351072192192078,2,3,41,VR.
calib_01330,0.9357502460479736,0.0,6,0,mfenem,
calib_01331,0.9964867830276489,0.0,18,0,WWW.LEATHERETC.COM,
calib_01332,0.2712215483188629,0.9786854386329651,3,4,4t0,Dart
calib_01333,0.6520465016365051,0.5618845224380493,5,4,LIGHT,LHDT
calib_01334,0.7207730412483215,0.21455509960651398,3,2,TED,E1
calib_01335,0.6572930216789246,0.0,5,0,Miuke,
calib_01336,0.3748549520969391,0.7794045209884644,1,1,S,S
calib_01337,0.9933043122291565,0.7051555514335632,3,3,YPE,34A
calib_01338,0.22196432948112488,0.7251706123352051,1,1,7,L
calib_01339,0.9818114042282104,0.2529754340648651,5,3,taste,OSE
calib_01340,0.9590908885002136,0.8668816089630127,3,3,Aes,say
calib_01341,0.8854673504829407,0.34873518347740173,3,3,OVA,BNO
calib_01342,0.0,0.21714763343334198,0,2,,*T
calib_01343,0.7363213896751404,0.6069118976593018,3,3,655,559
calib_01344,0.8954957723617554,0.6867640018463135,2,2,OF,10
calib_01345,0.233925461769104,0.7327077984809875,3,3,a4C,JRE
calib_01346,0.984170138835907,0.5257890224456787,4,4,PEPS,Sc3d
calib_01347,0.4862610697746277,0.6448381543159485,2,2,eS,so
calib_01348,0.4847731590270996,0.8837234377861023,2,2,hi,ty
calib_01349,0.4166575074195862,0.5648770332336426,1,1,9,6
calib_01350,0.646102786064148,0.4759407043457031,1,1,y,A
calib_01351,0.24715550243854523,0.7564385533332825,3,3,G6l,135
calib_01352,0.902715802192688,0.4460154175758362,2,2,de,op
calib_01353,0.8527229428291321,0.5637174248695374,3,3,Fat,101
calib_01354,0.195842906832695,0.8462758660316467,6,6,к0ytаH,Header
calib_01355,0.983633279800415,0.395880788564682,6,5,mixed.,paxtu
calib_01356,0.9871049523353577,0.3114855885505676,8,2,propofed,oo
calib_01357,0.3184848129749298,0.3640163838863373,5,6,LSTON,MICIST
calib_01358,0.7673423290252686,0.3041846752166748,9,3,Checslate,104
calib_01359,0.9263128042221069,0.7353614568710327,5,5,paulo,ojnod
calib_01360,0.0,0.7467659711837769,0,8,,YORKSHEE
calib_01361,0.8940674066543579,0.25198429822921753,8,2,MOTORSUC,SO
calib_01362,0.84735107421875,0.5602918863296509,4,4,3-17,∠!-8
calib_01363,0.7066988348960876,0.9116712212562561,4,6,Nd80,08:3PM
calib_01364,0.0,0.2984231114387512,0,2,,FC
calib_01365,0.3166886568069458,0.21282264590263367,2,2,eR,80
calib_01366,0.9330778121948242,0.6509949564933777,6,6,PUSCON,NODena
calib_01367,0.17175166308879852,0.14985325932502747,1,1,M,1
calib_01368,0.8744770884513855,0.703559160232544,4,4,ONLY,KINO
calib_01369,0.2619556784629822,0.6521914005279541,1,1,N,y
calib_01370,0.3475063443183899,0.7990843653678894,1,3,2,PAR
calib_01371,0.9038013815879822,0.0,3,0,LAN,
calib_01372,0.6309188008308411,0.5918311476707458,5,5,Miarw,RJ010
calib_01373,0.7341673374176025,0.9976432919502258,1,1,L,7
calib_01374,0.786395788192749,0.0,4,0,buke,
calib_01375,0.9547120928764343,0.16819390654563904,3,1,Alt,V
calib_01376,0.6955532431602478,0.9218124747276306,3,3,arf,tho
calib_01377,0.9193524718284607,0.8997601270675659,3,2,Nil,IN
calib_01378,0.4554842412471771,0.8366830945014954,3,5,DAK,serve
calib_01379,0.0,0.43467527627944946,0,5,,NIAra
calib_01380,0.2934359014034271,0.5830308794975281,1,1,o,o
calib_01381,0.9877593517303467,0.0,4,0,Beef,
calib_01382,0.9059015512466431,0.4018746614456177,5,2,WORLD,CW
calib_01383,0.3807657063007355,0.5484142899513245,1,1,y,R
calib_01384,0.723662257194519,0.13660132884979248,1,1,n,U
calib_01385,0.8660200834274292,0.0,2,0,MG,
calib_01386,0.9256591200828552,0.8422526121139526,1,1,o,o
calib_01387,0.9700382351875305,0.47374022006988525,5,3,nitok,opu
calib_01388,0.8573540449142456,0.9976305961608887,4,4,sesp,dsac
calib_01389,0.8124493956565857,0.49303221702575684,2,2,10,ol
calib_01390,0.5188228487968445,0.9860827326774597,3,3,615,579
calib_01391,0.5718303322792053,0.9829372763633728,1,1,H,H
calib_01392,0.6616902351379395,0.8891215324401855,6,6,RONOAN,WYUNDA
calib_01393,0.0,0.0,0,0,,
calib_01394,0.7414954304695129,0.37734776735305786,6,5,485-85,50-50
calib_01395,0.4783596396446228,0.937718391418457,5,6,HOMIE,ETWORK
calib_01396,0.887860119342804,0.8985259532928467,3,3,-/+,+/-
calib_01397,0.7412840127944946,0.9688618183135986,5,3,2.001,100
calib_01398,0.9365358352661133,0.3590315580368042,7,2,Pringle,ud
calib_01399,0.13747628033161163,0.37967395782470703,1,1,5,U
calib_01400,0.0,0.6123046875,0,2,,RL
calib_01401,0.7627636194229126,0.9659929275512695,4,4,unow,Moun
calib_01402,0.7200061678886414,0.819572389125824,5,4,1006N,N900
calib_01403,0.5618189573287964,0.4258318841457367,3,3,100,on!
calib_01404,0.3463306725025177,0.9412482380867004,5,6,uipea,Berlin
calib_01405,0.5304632782936096,0.8949929475784302,3,4,avO,LOAD
calib_01406,0.9907184839248657,0.7308502197265625,2,2,TH,HL
calib_01407,0.9855605363845825,0.18255630135536194,2,1,Pr,d
calib_01408,0.580127477645874,0.9362071752548218,9,10,110209691,5159507011
calib_01409,0.3244064748287201,0.9889212250709534,3,6,4u0,French
calib_01410,0.19298717379570007,0.25688695907592773,2,1,M3,S
calib_01411,0.8685032725334167,0.2651366889476776,5,5,06448,9P9E0
calib_01412,0.0,0.9849382638931274,0,10,,CLORYCYLES
calib_01413,0.24146363139152527,0.9500203132629395,4,19,OOON,SINITALYOTAOBAO.COM
calib_01414,0.42625680565834045,0.7159221768379211,6,6,47ZIN9,GRIZZE
calib_01415,0.36653709411621094,0.8824421167373657,5,5,0nS03,COSMO
calib_01416,0.610247015953064,0.09433121979236603,1,1,2,0
calib_01417,0.45347830653190613,0.7412275075912476,6,8,SOTNOK,POUILLOS
calib_01418,0.0,0.0,0,0,,
calib_01419,0.548304557800293,0.3577520549297333,1,1,1,1
calib_01420,0.3670497536659241,0.7566051483154297,2,2,Ua,bn
calib_01421,0.9238957166671753,0.5678678750991821,2,2,ty,fq
calib_01422,0.1540611982345581,0.3999582827091217,2,3,wn,OLM
calib_01423,0.9125266671180725,0.6076062917709351,8,3,(222 mt),(Z)
calib_01424,0.0,0.8292092680931091,0,4,,CeBl
calib_01425,0.0,0.5533754229545593,0,4,,DEPE
calib_01426,0.9727055430412292,0.0,10,0,VERSCHIJNT,
calib_01427,0.6342747807502747,0.8928506970405579,4,5,JEON,Neart
calib_01428,0.6412340998649597,0.9882200360298157,3,3,don,Log
calib_01429,0.10835961252450943,0.12769964337348938,1,1,H,R
calib_01430,0.7681551575660706,0.5210758447647095,2,2,GO,as
calib_01431,0.0,0.8505833148956299,0,3,,Ser
calib_01432,0.5416058897972107,0.40573424100875854,3,4,TAM,INEL
calib_01433,0.426172137260437,0.7154489755630493,1,9,S,Vitamis s
calib_01434,0.7568093538284302,0.8721019625663757,2,2,of,30
calib_01435,0.4263662099838257,0.7369545698165894,4,4,MLDY,ROTY
calib_01436,0.9944145083427429,0.5078096389770508,7,4,finally,Aueu
calib_01437,0.9398580193519592,0.3038675785064697,7,5,MONEKS!,ISNON
calib_01438,0.6051368713378906,0.6093183159828186,5,5,WOORS,Sooom
calib_01439,0.2632589042186737,0.9887616038322449,3,5,S8E,CORDS
calib_01440,0.3724043071269989,0.3027709424495697,2,1,UT,0
calib_01441,0.8900204300880432,0.9541690349578857,2,2,LS,ST
calib_01442,0.3258318603038788,0.4517132341861725,7,6,JIRIING,BRITIS
calib_01443,0.0,0.0,0,0,,
calib_01444,0.9684919714927673,0.0,6,0,RENAUL,
calib_01445,0.7916306853294373,0.43610331416130066,3,3,wel,aAd
calib_01446,0.3206903040409088,0.6645253896713257,3,5,T0L,THUUL
calib_01447,0.6948418021202087,0.433376669883728,1,1,D,а
calib_01448,0.6232163906097412,0.9744682312011719,5,5,SST7D,GLASS
calib_01449,0.5438998341560364,0.9621648788452148,7,8,MNOLSIE,ARISTONR
calib_01450,0.31962329149246216,0.8098896741867065,4,4,*209,502*
calib_01451,0.3676408529281616,0.1964239925146103,3,2,ano,0U
calib_01452,0.8080551028251648,0.9216912388801575,4,3,HILO,OTH
calib_01453,0.9094754457473755,0.2576427757740021,4,3,head,pWu
calib_01454,0.8927080035209656,0.786545991897583,3,3,523,EZS
calib_01455,0.5773351192474365,0.325297474861145,1,1,8,9
calib_01456,0.8191487789154053,0.7743201851844788,3,3,wne,SUM
calib_01457,0.9363791942596436,0.4465482831001282,1,1,S,S
calib_01458,0.0,0.44588303565979004,0,1,,#
calib_01459,0.8673197627067566,0.4092704653739929,4,4,oody,Λρoc
calib_01460,0.0,0.9886672496795654,0,9,,traction.
calib_01461,0.9418222904205322,0.2961297333240509,3,3,&c.,.07
calib_01462,0.0,0.0,0,0,,
calib_01463,0.6778234243392944,0.4140896201133728,2,2,On,t0
calib_01464,0.41996124386787415,0.5578212738037109,1,1,",",1
calib_01465,0.3785284757614136,0.49879539012908936,1,3,8,DOB
calib_01466,0.228166401386261,0.8810905814170837,1,1,i,?
calib_01467,0.6269214749336243,0.6687408089637756,2,2,5T,IS
calib_01468,0.2600061893463135,0.45661547780036926,1,1,9,8
calib_01469,0.9138371348381042,0.599553644657135,7,6,PREMIOM,WOIWIE
calib_01470,0.5953367352485657,0.3266891539096832,3,3,HHL,7b4
calib_01471,0.9881781339645386,0.48791027069091797,5,4,Sentr,gues
calib_01472,0.7735707759857178,0.9963304400444031,2,2,op,de
calib_01473,0.5030555725097656,0.5124580264091492,4,5,0000,DOOGE
calib_01474,0.8837302327156067,0.5596561431884766,2,2,07,LO
calib_01475,0.6623368263244629,0.8394219279289246,3,3,gep,dal
calib_01476,0.8005990982055664,0.8796471357345581,3,4,E80,08.3
calib_01477,0.5315581560134888,0.0,1,0,-,
calib_01478,0.4090200662612915,0.7744156122207642,1,1,O,0
calib_01479,0.8590927124023438,0.8277183175086975,3,3,MDH,HOW
calib_01480,0.8204338550567627,0.8102808594703674,3,3,IVG,DAI
calib_01481,0.778863251209259,0.20600923895835876,3,1,MAY,O
calib_01482,0.0,0.959629476070404,0,6,,Bitter
calib_01483,0.30540400743484497,0.40708887577056885,2,1,OE,0
calib_01484,0.5196854472160339,0.9987433552742004,2,3,00,300
calib_01485,0.7770864963531494,0.5990030765533447,3,3,jkl,1N5
calib_01486,0.27643677592277527,0.8612246513366699,4,6,goJa,Gulfof
calib_01487,0.43291452527046204,0.5331106185913086,2,2,i0,at
calib_01488,0.7382948994636536,0.483440637588501,3,3,Lee,227
calib_01489,0.9632738828659058,0.5257395505905151,1,1,8,8
calib_01490,0.8306549191474915,0.7135704755783081,5,5,500 *,* 055
calib_01491,0.8377269506454468,0.3553655743598938,7,4,Alfairs,SeHV
calib_01492,0.9926542639732361,0.5371619462966919,4,5,CLAM,IWYTD
calib_01493,0.0,0.0,0,0,,
calib_01494,0.7044038772583008,0.2486226111650467,7,5,Fairfax,x0y14
calib_01495,0.5198619961738586,0.8463540077209473,7,7,SENYION,VOLANTE
calib_01496,0.338173508644104,0.8335663080215454,1,4,E,EPIC
calib_01497,0.8915255069732666,0.37354689836502075,2,2,DS,s0
calib_01498,0.0,0.6175441741943359,0,2,,an
calib_01499,0.20714668929576874,0.2572360932826996,1,2,0,-0
calib_01500,0.6019613146781921,0.5953913331031799,1,1,E,m
calib_01501,0.14724256098270416,0.1863122135400772,1,1,.,1
calib_01502,0.525234043598175,0.5092506408691406,1,2,L,Te
calib_01503,0.8839340209960938,0.8881593346595764,4,4,quan,uenb
calib_01504,0.0,0.9484511613845825,0,8,,FORTSATA
calib_01505,0.1884993463754654,0.5911250114440918,2,5,e2,Pirra
calib_01506,0.16183999180793762,0.21671827137470245,4,6,CYCO,MOEBKO
calib_01507,0.3948546350002289,0.3314644694328308,3,1,SIS,S
calib_01508,0.4109163284301758,0.9887210726737976,7,8,9545802,20985555
calib_01509,0.8578140139579773,0.42914852499961853,1,1,7,1
calib_01510,0.6503552794456482,0.3038884699344635,3,2,Pah,wd
calib_01511,0.12857434153556824,0.2806454598903656,1,1,R,1
calib_01512,0.7206671833992004,0.9167958498001099,4,4,1215,5124
calib_01513,0.40977659821510315,0.6012221574783325,1,4,N,SUAN
calib_01514,0.6194872856140137,0.5098752975463867,2,2,2/,12
calib_01515,0.6323031783103943,0.8794625401496887,2,2,GC,09
calib_01516,0.19370469450950623,0.17020674049854279,1,1,J,5
calib_01517,0.6531093716621399,0.961009681224823,3,3,XMF,JWX
calib_01518,0.0,0.0,0,0,,
calib_01519,0.5709874629974365,0.6511780619621277,3,3,0X=,EKC
calib_01520,0.129926860332489,0.13223889470100403,1,1,.,2
calib_01521,0.9479535818099976,0.37936311960220337,5,5,ARBOR,8OSEY
calib_01522,0.5391007661819458,0.9572343230247498,4,6,'1mo,"lotti,"
calib_01523,0.9979544281959534,0.8122933506965637,3,3,CYN,NA3
calib_01524,0.18227151036262512,0.11991799622774124,1,1,S,S
calib_01525,0.884362518787384,0.0,6,0,Blanco,
calib_01526,0.4765195846557617,0.2685854434967041,4,3,Ditg,Bia
calib_01527,0.6296305656433105,0.6143414378166199,4,5,EIMS,SIAIE
calib_01528,0.260066419839859,0.9015579223632812,3,7,SOE,CROSSET
calib_01529,0.674531877040863,0.8956015110015869,4,6,juds,spiril
calib_01530,0.6317882537841797,0.46047720313072205,4,3,uses,ssn
calib_01531,0.5197893381118774,0.3287329077720642,7,5,ВЛАЬЬУА,IччVд
calib_01532,0.9992972016334534,0.999029278755188,2,2,0%,%0
calib_01533,0.0,0.5488911271095276,0,7,,Grating
calib_01534,0.6516350507736206,0.9733437299728394,5,4,<7.8d,PRLY
calib_01535,0.9116308093070984,0.27637314796447754,8,5,security,Auuns
calib_01536,0.42082127928733826,0.6230317950248718,6,5,IRAAOd,Powst
calib_01537,0.0,0.8081026673316956,0,3,,DCH
calib_01538,0.9413914680480957,0.0,10,0,Gcnevenfes,
calib_01539,0.3620016872882843,0.8348334431648254,3,4,x01,lijk
calib_01540,0.6504724621772766,0.3832169771194458,4,2,EQUT,Lo
calib_01541,0.3528929352760315,0.6793246865272522,5,6,20500,Celint
calib_01542,0.8295240998268127,0.0,3,0,the,
calib_01543,0.8429266214370728,0.3072988986968994,8,1,Graghics,0
calib_01544,0.9901490807533264,0.6503173112869263,3,3,776,9LL
calib_01545,0.06553438305854797,0.5973073244094849,1,2,Y,25
calib_01546,0.8678624033927917,0.6741884350776672,6,5,untied,e.yun
calib_01547,0.33182600140571594,0.9529669284820557,4,6,VANO,COMPRA
calib_01548,0.971360445022583,0.15171363949775696,9,1,T.Tellsko,G
calib_01549,0.4524714946746826,0.4819914996623993,2,3,un,2un
calib_01550,0.9774690866470337,0.6242516040802002,2,2,T1,L1
calib_01551,0.3179336488246918,0.962218165397644,3,9,mmш,Mactinitt
calib_01552,0.8679308891296387,0.5808705687522888,2,2,on,uD
calib_01553,0.3852851390838623,0.2778574228286743,5,4,kOuiG,Dydo
calib_01554,0.3820314407348633,0.8307013511657715,2,2,nd,FM
calib_01555,0.6955935955047607,0.8304393887519836,1,1,S,S
calib_01556,0.5606371760368347,0.432756632566452,3,3,FSL,752
calib_01557,0.9970998764038086,0.2028321772813797,4,4,2512,21E7
calib_01558,0.7671661972999573,0.0,4,0,PARK,
calib_01559,0.6321910619735718,0.6561539173126221,1,3,Y,ALE
calib_01560,0.0,0.0,0,0,,
calib_01561,0.7304943203926086,0.9641702175140381,6,6,SUEMOL,Towans
calib_01562,0.9345833659172058,0.8926853537559509,1,1,0,0
calib_01563,0.9365381002426147,0.24353064596652985,2,1,RY,A
calib_01564,0.222585991024971,0.7395216822624207,1,1,s,s
calib_01565,0.4578682482242584,0.2894759178161621,6,1,hrewed,1
calib_01566,0.3771868348121643,0.23473531007766724,2,1,0n,5
calib_01567,0.44445547461509705,0.1328221559524536,1,1,2,C
calib_01568,0.6587578058242798,0.8944069743156433,5,6,saunl,iTunes
calib_01569,0.37619486451148987,0.6095696687698364,2,1,4.,r
calib_01570,0.6339045166969299,0.33954405784606934,6,4,EKΛARI,1842
calib_01571,0.7359758019447327,0.27948418259620667,4,3,GATE,ile
calib_01572,0.36274316906929016,0.1418514847755432,1,1,1,1
calib_01573,0.35752201080322266,0.6230468153953552,3,3,TON,NOL
calib_01574,0.9818741679191589,0.4506414234638214,3,3,AND,osY
calib_01575,0.0,0.0,0,0,,
calib_01576,0.7475982308387756,0.3468886613845825,11,8,INGREDIENTS,SERIORNN
calib_01577,0.4469483494758606,0.9846901893615723,5,10,suqin,fruticibus
calib_01578,0.48861443996429443,0.8640007972717285,9,12,BONTADAIS,SLAVCYUINDER
calib_01579,0.8146432638168335,0.973044753074646,2,2,30,DE
calib_01580,0.9330615401268005,0.3129452168941498,7,1,EXCITER,1
calib_01581,0.9536545872688293,0.0,7,0,Platfor,
calib_01582,0.0,0.9967551827430725,0,7,,Jartine
calib_01583,0.9576898217201233,0.9593159556388855,3,2,qui,nb
calib_01584,0.8296574950218201,0.8016162514686584,6,4,/Narin,UUSN
calib_01585,0.5680420994758606,0.9967673420906067,3,2,10S,50
calib_01586,0.16931402683258057,0.1485995650291443,1,1,1,w
calib_01587,0.28991612792015076,0.21461595594882965,1,1,H,N
calib_01588,0.19567899405956268,0.9950903654098511,1,4,K,BEER
calib_01589,0.0,0.22982963919639587,0,1,,W
calib_01590,0.981054961681366,0.0,21,0,CarDesignTo@Gmail.com,
calib_01591,0.8064258098602295,0.5629681348800659,9,10,KeenGuard,puemgciooy
calib_01592,0.0,0.9237289428710938,0,7,,carnica
calib_01593,0.0,0.3773610293865204,0,1,,_
calib_01594,0.5955923795700073,0.831706166267395,4,5,pnor,touch
calib_01595,0.6436426043510437,0.9839606881141663,4,4,O6EV,A390
calib_01596,0.8430469632148743,0.5435199737548828,6,2,Mlast-,-1
calib_01597,0.44142982363700867,0.9863697290420532,3,4,HIH,CHIL
calib_01598,0.2717765271663666,0.677798867225647,1,1,©,©
calib_01599,0.8684897422790527,0.5518428087234497,5,5,77210,01944
calib_01600,0.7706443071365356,0.7453832030296326,4,4,ININ,MENI
calib_01601,0.7126038074493408,0.41867366433143616,3,2,CWr,HM
calib_01602,0.8397257924079895,0.7631218433380127,3,3,-08,90-
calib_01603,0.3122725784778595,0.9043778777122498,1,4,N,INCE
calib_01604,0.25813576579093933,0.8702868223190308,6,8,usydne,auglista
calib_01605,0.4058801233768463,0.9474532604217529,6,8,ueugPS,Schifman
calib_01606,0.0,0.7343578338623047,0,4,,DEEr
calib_01607,0.9947323203086853,0.9420489072799683,2,2,85,98
calib_01608,0.6229299902915955,0.7116678357124329,5,5,J0219,error
calib_01609,0.2597399353981018,0.45501193404197693,1,3,0,DEA
calib_01610,0.45567601919174194,0.9823839664459229,2,2,J?,il
calib_01611,0.9827194213867188,0.2568559944629669,6,3,Evgeni,Ua6
calib_01612,0.25347205996513367,0.5908850431442261,4,5,SOIA,ARTIO
calib_01613,0.8794463872909546,0.4458574950695038,2,2,Wt,2M
calib_01614,0.9338985085487366,0.0,9,0,Ever-Rery,
calib_01615,0.9927343130111694,0.6328856945037842,2,2,ES,SI
calib_01616,0.7506215572357178,0.39938753843307495,3,2,CA4,15
calib_01617,0.5367967486381531,0.5485754609107971,4,3,SHON,NOS
calib_01618,0.12844149768352509,0.7247541546821594,1,3,2,Roi
calib_01619,0.8399350047111511,0.5624105334281921,6,6,Oaxaca,EOWXNO
calib_01620,0.39430442452430725,0.13224512338638306,1,1,F,3
calib_01621,0.7267842292785645,0.9424960613250732,3,4,YON,Nick
calib_01622,0.6177601218223572,0.3364538550376892,5,5,P-UGE,3sn-a
calib_01623,0.8967234492301941,0.46026650071144104,5,3,Serim,muS
calib_01624,0.787833571434021,0.9782282114028931,2,1,IN,N
calib_01625,0.5589818954467773,0.3864937722682953,2,1,Н.,N
calib_01626,0.0,0.9739255309104919,0,17,,Mill Ridge Cirdle
calib_01627,0.5364363193511963,0.6735069155693054,1,1,8,8
calib_01628,0.548471212387085,0.9716612100601196,2,2,Gi,15
calib_01629,0.3609202802181244,0.8228664994239807,5,6,ELENE,BKETLE
calib_01630,0.711662769317627,0.45478108525276184,6,7,HYURAI,IB1UNAH
calib_01631,0.3376190662384033,0.8429904580116272,4,7,3SAM,INVERSE
calib_01632,0.937895655632019,0.7655579447746277,7,6,day-ANy,hY-hop
calib_01633,0.4256456196308136,0.9959592819213867,8,10,juoumdag,Department
calib_01634,0.18278348445892334,0.5432289838790894,3,5,oMO,CRCLS
calib_01635,0.8437098264694214,0.5651036500930786,4,4,GOUA,8A05
calib_01636,0.2680845558643341,0.7400378584861755,3,2,1H3,HL
calib_01637,0.0,0.9978064894676208,0,8,,ydration
calib_01638,0.9552624225616455,0.7115974426269531,4,4,6892,2809
calib_01639,0.8891258239746094,0.0,3,0,Por,
calib_01640,0.4816453456878662,0.30013197660446167,2,2,TO,ON
calib_01641,0.7537276744842529,0.40591809153556824,2,2,HG,D4
calib_01642,0.999119222164154,0.781562864780426,3,3,-11,LL-
calib_01643,0.5661810636520386,0.18782494962215424,1,1,U,n
calib_01644,0.4585953950881958,0.45664286613464355,2,3,EI,ui3
calib_01645,0.9968751668930054,0.9948305487632751,1,1,%,%
calib_01646,0.0,0.0,0,0,,
calib_01647,0.9791964292526245,0.31895166635513306,19,13,wiww.LosMocanos.com,O'SOUOWSO.MMM
calib_01648,0.0,0.8018922805786133,0,3,,P&R
calib_01649,0.43234291672706604,0.6814899444580078,1,2,O,ro
calib_01650,0.6799166798591614,0.226196750998497,1,1,d,P
calib_01651,0.8088726997375488,0.7605760097503662,2,1,nl,u
calib_01652,0.3370572626590729,0.3470437824726105,1,1,a,8
calib_01653,0.8799048662185669,0.946949303150177,1,1,H,H
calib_01654,0.9916752576828003,0.47233277559280396,5,4,taxis,spxe
calib_01655,0.7970726490020752,0.0,2,0,TT,
calib_01656,0.3021128177642822,0.3805144727230072,4,3,E300,mie
calib_01657,0.7397133708000183,0.591650128364563,7,8,511/511,HHISAHIS
calib_01658,0.3209657371044159,0.7612448930740356,1,7,f,vatting
calib_01659,0.16847629845142365,0.38694971799850464,1,1,2,F
calib_01660,0.9843735098838806,0.0,8,0,celefti.,
calib_01661,0.9110202789306641,0.5800966620445251,3,3,ADT,JOV
calib_01662,0.5625913739204407,0.9022130966186523,4,5,NIO/,IOTAN
calib_01663,0.4655263125896454,0.737511396408081,1,1,0,0
calib_01664,0.0,0.9578555822372437,0,10,,REGENBOGEN
calib_01665,0.32528752088546753,0.9469549059867859,4,5,SOD0,otros
calib_01666,0.870381236076355,0.2504372298717499,4,3,parm,w1d
calib_01667,0.07365083694458008,0.34792640805244446,1,1,E,E
calib_01668,0.9613325595855713,0.30728819966316223,6,4,Aetion,uogy
calib_01669,0.8973948955535889,0.9979976415634155,2,2,np,du
calib_01670,0.0,0.9932209253311157,0,11,,RTS LOTTERY
calib_01671,0.9600453972816467,0.0,6,0,fecret,
calib_01672,0.8002764582633972,0.6936643123626709,2,2,39,68
calib_01673,0.7993070483207703,0.3993723690509796,7,6,COLAVHE,SIVIOD
calib_01674,0.0,0.0,0,0,,
calib_01675,0.9493999481201172,0.6126091480255127,2,2,va,eA
calib_01676,0.45385316014289856,0.17830044031143188,1,1,C,D
calib_01677,0.5038831830024719,0.7977638244628906,4,4,Cien,Hora
calib_01678,0.17839768528938293,0.13074098527431488,1,1,A,3
calib_01679,0.5230358839035034,0.0,10,0,BnDGesTone,
calib_01680,0.0,0.0,0,0,,
calib_01681,0.6791598200798035,0.9003958702087402,6,6,ONISNG,DURINC
calib_01682,0.0,0.8721672892570496,0,4,,WIFT
calib_01683,0.3232227563858032,0.8917917013168335,5,8,3Y3OK,MORTCACE
calib_01684,0.8531072735786438,0.7032898664474487,5,4,BENNY,ANIE
calib_01685,0.2909085154533386,0.27607446908950806,1,1,※,*
calib_01686,0.14737100899219513,0.9862712621688843,1,1,E,m
calib_01687,0.4558209180831909,0.8079096674919128,2,3,GS,Sbr
calib_01688,0.43734684586524963,0.9049472808837891,5,6,IINEN,MENTAL
calib_01689,0.9130759239196777,0.81891268491745,5,5,7069B,9690L
calib_01690,0.47381508350372314,0.2298215925693512,3,4,062,E'on
calib_01691,0.9913968443870544,0.3421417772769928,6,3,GLOVES,301
calib_01692,0.3931426703929901,0.5923635959625244,4,4,DOpS,stop
calib_01693,0.4580352306365967,0.847859799861908,7,7,IS u!gn,Main SI
calib_01694,0.7348963022232056,0.7085646390914917,2,2,8y,A8
calib_01695,0.7542904019355774,0.49476972222328186,7,7,ESPREMI,los3dd5
calib_01696,0.7018513679504395,0.632238507270813,4,4,wvII,llAM
calib_01697,0.3284643590450287,0.4303094446659088,3,3,002,200
calib_01698,0.5984835624694824,0.8701332211494446,5,6,doyam,wkshop
calib_01699,0.12936636805534363,0.5271478295326233,1,1,3,2
calib_01700,0.3832603096961975,0.5341840386390686,4,4,0so2,Poea
calib_01701,0.3107854127883911,0.7188884019851685,2,4,1a,P.I.
calib_01702,0.9942886829376221,0.9787456393241882,2,2,LO,01
calib_01703,0.562179446220398,0.9407828450202942,4,6,hioe,tually
calib_01704,0.16480746865272522,0.6299902200698853,1,1,G,5
calib_01705,0.9925142526626587,0.6128500699996948,2,2,OY,1O
calib_01706,0.2651740312576294,0.19762858748435974,1,1,o,3
calib_01707,0.287231981754303,0.7568773031234741,3,2,jul,ml
calib_01708,0.20686043798923492,0.44155392050743103,3,9,BY9,6RA BAVET
calib_01709,0.358413964509964,0.6725866794586182,6,12,TMLLML,TweNTY8TweLV
calib_01710,0.8572904467582703,0.2546543776988983,5,2,HANCO,ON
calib_01711,0.9897820949554443,0.7391785979270935,3,3,bod,poq
calib_01712,0.5211330652236938,0.3696419894695282,5,4,LUEKE,BLED
calib_01713,0.0,0.7504557371139526,0,5,,SIORM
calib_01714,0.0,0.9800075888633728,0,6,,Radler
calib_01715,0.4242425262928009,0.26894932985305786,2,1,CE,S
calib_01716,0.99077969789505,0.663116991519928,10,10,principaux,xned/xuyud
calib_01717,0.4493319094181061,0.625572919845581,2,2,0),(1
calib_01718,0.4505935609340668,0.5143822431564331,3,1,ela,2
calib_01719,0.7173919677734375,0.0,14,0,Csiksentthalyi,
calib_01720,0.9140744805335999,0.0,17,0,Perkins Interiors,
calib_01721,0.4074881076812744,0.850183367729187,5,5,1381A,YEREL
calib_01722,0.5187357068061829,0.4976855218410492,3,3,804,TOR
calib_01723,0.6904383897781372,0.2900926172733307,4,3,PO7A,YZd
calib_01724,0.0,0.903587818145752,0,8,,mulheres
calib_01725,0.9978420734405518,0.36953800916671753,3,2,ett,30
calib_01726,0.8984634280204773,0.5528084635734558,5,4,IsLaM,HeTS
calib_01727,0.8773321509361267,0.44208401441574097,1,1,5,5
calib_01728,0.540335476398468,0.8484693765640259,3,4,uom,nion
calib_01729,0.0,0.4211503267288208,0,1,,a
calib_01730,0.5513085722923279,0.8338478207588196,3,4,NOC,JUNe
calib_01731,0.751437246799469,0.48339107632637024,1,1,-,-
calib_01732,0.44644081592559814,0.5555068850517273,1,2,A,B3
calib_01733,0.0,0.43749430775642395,0,1,,S
calib_01734,0.12864570319652557,0.9295837879180908,1,1,2,7
calib_01735,0.34151625633239746,0.9414722919464111,2,4,21,alle
calib_01736,0.6203619241714478,0.4988083839416504,2,1,10,o
calib_01737,0.7986469268798828,0.4927540719509125,4,3,281.,IRC
calib_01738,0.7973858714103699,0.7421435713768005,3,3,PUR,una
calib_01739,0.27013030648231506,0.3474661409854889,1,1,0,O
calib_01740,0.5093094110488892,0.7333348393440247,2,2,28,Be
calib_01741,0.34439897537231445,0.9607612490653992,5,5,1uyeg,Bahar
calib_01742,0.1814773976802826,0.1353607326745987,1,1,S,5
calib_01743,0.8521760702133179,0.5412009358406067,4,3,OSIE,BIS
calib_01744,0.9271996021270752,0.0,11,0,00 34335052,
calib_01745,0.44724053144454956,0.5538276433944702,2,2,no,du
calib_01746,0.8949972987174988,0.39218053221702576,3,3,COT,MOD
calib_01747,0.5952112674713135,0.9768246412277222,3,4,AOH,HOVE
calib_01748,0.5736641883850098,0.3127891421318054,5,5,maoy.,wioru
calib_01749,0.9632045030593872,0.3183164596557617,2,1,IR,a
calib_01750,0.2612021267414093,0.33078014850616455,1,1,G,5
calib_01751,0.6698704361915588,0.8661462664604187,6,6,poupop,cothed
calib_01752,0.0,0.4936557412147522,0,9,,HIHANOULD
calib_01753,0.0,0.36591243743896484,0,1,,B
calib_01754,0.9023550152778625,0.49324071407318115,5,4,OLIVE,JAno
calib_01755,0.37412503361701965,0.6203923225402832,1,1,©,②
calib_01756,0.2081499993801117,0.5717130899429321,4,4,2SCS,GSSP
calib_01757,0.9603885412216187,0.802659273147583,4,4,SANT,INVS
calib_01758,0.8002563714981079,0.7903223037719727,1,1,=,=
calib_01759,0.8695402145385742,0.8344557881355286,3,3,ex-,-X3
calib_01760,0.6752616763114929,0.9504302740097046,6,8,:apnpu,Ivrdude:
calib_01761,0.6451486349105835,0.6754036545753479,2,2,XZ,2x
calib_01762,0.8901180624961853,0.31119462847709656,6,1,Jig.3.,b
calib_01763,0.47688907384872437,0.8339009284973145,5,6,NOLUH,HITONE
calib_01764,0.5557525753974915,0.9300358891487122,3,3,001,100
calib_01765,0.7478359937667847,0.300502747297287,2,3,00,D0I
calib_01766,0.4646167457103729,0.48612353205680847,1,1,n,и
calib_01767,0.18978631496429443,0.9911366701126099,1,7,S,TECIDOS
calib_01768,0.20387402176856995,0.0,1,0,2,
calib_01769,0.12017156928777695,0.8292295932769775,1,2,2,AA
calib_01770,0.6209407448768616,0.9715185165405273,2,2,ju,ml
calib_01771,0.47538959980010986,0.9505490660667419,4,4,1528,8251
calib_01772,0.0,0.9832367897033691,0,8,,Memories
calib_01773,0.8526750206947327,0.35228392481803894,4,4,M136,92IN
calib_01774,0.9967226982116699,0.2883576452732086,3,3,&EX,X33
calib_01775,0.9832500219345093,0.9901849031448364,2,2,ap,de
calib_01776,0.4292284846305847,0.6800083518028259,2,3,00,Inn
calib_01777,0.5276517868041992,0.4374881088733673,7,3,СONOMIC,ION
calib_01778,0.524823784828186,0.6992121338844299,4,3,USIH,MIS
calib_01779,0.8573738932609558,0.5058452486991882,7,5,gigglel,10656
calib_01780,0.5705441236495972,0.9362210631370544,3,3,WYL,NAA
calib_01781,0.0,0.7211160659790039,0,4,,Coke
calib_01782,0.8640758991241455,0.8093764185905457,3,3,NON,NON
calib_01783,0.0,0.7079369425773621,0,7,,lenanju
calib_01784,0.41027775406837463,0.7711846828460693,2,2,aA,VG
calib_01785,0.8243426084518433,0.6896701455116272,4,3,NIRS,San
calib_01786,0.0,0.0,0,0,,
calib_01787,0.8050392270088196,0.0,11,0,/c Donald's,
calib_01788,0.23351222276687622,0.4439722001552582,1,2,0,in
calib_01789,0.32539811730384827,0.29024121165275574,1,1,o,G
calib_01790,0.7822497487068176,0.9602779746055603,1,1,8,&
calib_01791,0.6832586526870728,0.2489030957221985,1,1,@,©
calib_01792,0.45190733671188354,0.6113473773002625,2,2,WS,SM
calib_01793,0.8220731019973755,0.7213521003723145,4,3,knol,OUH
calib_01794,0.8739585876464844,0.9165930151939392,2,2,op,do
calib_01795,0.689272940158844,0.8371251225471497,3,6,NOE,CANVON
calib_01796,0.5293360352516174,0.2183523327112198,4,3,SAUS,TAB
calib_01797,0.9298816323280334,0.4659542739391327,3,3,127,621
calib_01798,0.0,0.0,0,0,,
calib_01799,0.41899585723876953,0.4554707705974579,8,8,00000000,00800008
calib_01800,0.9971201419830322,0.8673236966133118,3,3,hey,hoy
calib_01801,0.0,0.7915187478065491,0,7,,HERWUEA
calib_01802,0.9663911461830139,0.5213598012924194,4,3,Figh,yba
calib_01803,0.3128436505794525,0.3477188050746918,3,3,6YO,0A0
calib_01804,0.9568915367126465,0.0,3,0,223,
calib_01805,0.0,0.9853759407997131,0,12,,BEST FREIGHT
calib_01806,0.3394322991371155,0.20957298576831818,1,1,0,2
calib_01807,0.4281391203403473,0.53556227684021,3,3,oeo,030
calib_01808,0.943524956703186,0.876347541809082,2,3,AD,ary
calib_01809,0.36115413904190063,0.8903920650482178,1,1,8,B
calib_01810,0.7770125865936279,0.0,4,0,PAGA,
calib_01811,0.38937628269195557,0.5515509247779846,1,2,0,8O
calib_01812,0.26466605067253113,0.8575750589370728,3,4,Uoa,Feen
calib_01813,0.31039535999298096,0.9743798971176147,2,8,od,Chipolle
calib_01814,0.7690658569335938,0.29145166277885437,5,4,dUrec,penp
calib_01815,0.23986440896987915,0.4294640123844147,1,1,S,S
calib_01816,0.0,0.9007992744445801,0,7,,"a ment,"
calib_01817,0.2792125344276428,0.20942364633083344,2,1,Cm,1
calib_01818,0.8100826740264893,0.0,3,0,TAE,
calib_01819,0.8373820185661316,0.9513550996780396,5,5,SIOTV,ALOIS
calib_01820,0.9426900744438171,0.4290802776813507,1,1,D,a
calib_01821,0.1917034536600113,0.4211084246635437,1,1,A,A
calib_01822,0.36962199211120605,0.9972350001335144,3,5,941,14:05
calib_01823,0.12319860607385635,0.1805606335401535,1,1,е,2
calib_01824,0.5070047974586487,0.9097407460212708,7,7,(eurwn),Cominal
calib_01825,0.807039737701416,0.20903755724430084,3,2,TIA,21
calib_01826,0.21909333765506744,0.1507539600133896,1,1,0,©
calib_01827,0.17717893421649933,0.994047999382019,1,5,o,front
calib_01828,0.8190387487411499,0.42909881472587585,1,2,w,IM
calib_01829,0.9135844707489014,0.5811008214950562,8,5,ssrem-it,-wass
calib_01830,0.7740381956100464,0.8885601162910461,15,18,smpoyropuaddonm,unrappendicilatus.
calib_01831,0.0,0.8798888325691223,0,4,,Teal
calib_01832,0.09567731618881226,0.18948186933994293,1,1,P,R
calib_01833,0.6611346006393433,0.0,2,0,Yo,
calib_01834,0.25619393587112427,0.8360090255737305,2,3,01,cro
calib_01835,0.733813464641571,0.9415597915649414,3,3,172,347
calib_01836,0.9662991762161255,0.08778631687164307,5,1,aliis,9
calib_01837,0.3854457139968872,0.9536371231079102,4,3,e5A1,Tye
calib_01838,0.6635047793388367,0.5063392519950867,6,6,EONIED,CHINOS
calib_01839,0.0,0.9394655823707581,0,22,,KONTZERTUA / CONCIERTO
calib_01840,0.8752461671829224,0.4943428039550781,9,9,BALSAPICO,DOINYSTEE
calib_01841,0.9863505363464355,0.8941214084625244,5,6,ageas,seabel
calib_01842,0.0,0.0,0,0,,
calib_01843,0.2528451681137085,0.7087424993515015,2,7,9e,Orioles
calib_01844,0.0,0.36670055985450745,0,1,,0
calib_01845,0.5816882252693176,0.887585461139679,5,5,DINOK,KONIC
calib_01846,0.31471341848373413,0.8557575941085815,2,2,OC,DO
calib_01847,0.5102344751358032,0.331014484167099,1,1,8,8
calib_01848,0.46788230538368225,0.299835741519928,5,1,ENKTH,H
calib_01849,0.8536189198493958,0.6169421672821045,4,2,With,WM
calib_01850,0.7123922109603882,0.4966745376586914,5,4,ARaud,pumY
calib_01851,0.7277016043663025,0.2763294577598572,2,2,15,сT
calib_01852,0.5423384308815002,0.5937327146530151,3,4,HAE,naya
calib_01853,0.7546501755714417,0.39494141936302185,7,3,-Vncent,3A-
calib_01854,0.8513479232788086,0.7846579551696777,3,3,808,808
calib_01855,0.916706383228302,0.0,12,0,PARK-N-SHIOP,
calib_01856,0.8914885520935059,0.8921225666999817,3,3,DAN,NYC
calib_01857,0.4419797658920288,0.8492876291275024,4,5,BELL,77-38
calib_01858,0.20164640247821808,0.9971133470535278,2,2,ol,lo
calib_01859,0.9721611738204956,0.0,9,0,LOLAGIANT,
calib_01860,0.33331313729286194,0.9595312476158142,1,2,3,UE
calib_01861,0.3060044050216675,0.7227928042411804,4,4,UWON,NCAA
calib_01862,0.8485180735588074,0.5527387857437134,10,5,Eahibition,01943
calib_01863,0.592682421207428,0.1929105967283249,3,1,DHE,0
calib_01864,0.27451038360595703,0.5972411632537842,2,2,70,aL
calib_01865,0.8974430561065674,0.3618716597557068,3,2,jag,So
calib_01866,0.9823863506317139,0.42816162109375,19,13,LOADING & UNLOADING,CNIGVONN NIOO
calib_01867,0.8448851108551025,0.695417046546936,2,2,EA,V2
calib_01868,0.6449663639068604,0.2712489068508148,4,4,1489,0EFT
calib_01869,0.830136775970459,0.3096280097961426,8,3,lewelper,odo
calib_01870,0.23824727535247803,0.5269826650619507,2,2,3E,OF
calib_01871,0.2774994969367981,0.8845592737197876,1,5,A,DRIVE
calib_01872,0.9956344366073608,0.766980767250061,4,4,2005,9006
calib_01873,0.5944123268127441,0.5780953764915466,1,4,O,DOYE
calib_01874,0.7770262360572815,0.612482488155365,3,3,MTA,VLN
calib_01875,0.33175694942474365,0.7157838940620422,2,5,OK,ZELDA
calib_01876,0.6134719848632812,0.8813062906265259,8,9,SSONTONI,OINCLUDES
calib_01877,0.9850383400917053,0.43983325362205505,4,5,oyal,1wkoy
calib_01878,0.5985041260719299,0.7020487189292908,3,4,awe,DAVO
calib_01879,0.0,0.9802799224853516,0,8,,Qameshlo
calib_01880,0.5595002770423889,0.7809925079345703,3,3,6Y5,549
calib_01881,0.43279868364334106,0.9607920050621033,7,11,sUDwwos,tillsammans
calib_01882,0.3901107907295227,0.527830183506012,1,1,2,2
calib_01883,0.8357647061347961,0.2595466077327728,3,3,mar,uea
calib_01884,0.570921778678894,0.7992918491363525,3,3,(w),(a)
calib_01885,0.4410601854324341,0.43203720450401306,3,3,THT,111
calib_01886,0.8774319291114807,0.38863471150398254,1,1,T,L
calib_01887,0.5812296867370605,0.9922429919242859,5,5,0054T,14500
calib_01888,0.0,0.9501065611839294,0,13,,FOREVER-BUILD
calib_01889,0.9179200530052185,0.6725251078605652,8,8,(tweets),($10003)
calib_01890,0.3062695264816284,0.9304475784301758,1,16,N,GLI APPUNTAMENTI
calib_01891,0.5190278887748718,0.9333503842353821,1,5,4,Rohat
calib_01892,0.5127388834953308,0.9583129286766052,4,4,uana,ough
calib_01893,0.5430284738540649,0.8322414755821228,4,4,2281,1832
calib_01894,0.4742456078529358,0.7146068215370178,1,1,②,©
calib_01895,0.6374245285987854,0.8747276067733765,1,1,L,1
calib_01896,0.20788347721099854,0.0,2,0,HH,
calib_01897,0.81830233335495,0.3408346176147461,3,2,Ene,w3
calib_01898,0.927045464515686,0.49451375007629395,2,2,01,1O
calib_01899,0.7451808452606201,0.3139996826648712,1,1,9,8
calib_01900,0.7906790971755981,0.2389114946126938,5,2,TRJ12,2U
calib_01901,0.0,0.0,0,0,,
calib_01902,0.8354905843734741,0.4595954120159149,1,1,x,X
calib_01903,0.2319994866847992,0.13215728104114532,2,1,Ce,C
calib_01904,0.9869188666343689,0.27998536825180054,7,1,IRM05WP,S
calib_01905,0.7614334225654602,0.8597837686538696,3,4,ILL,ATTI
calib_01906,0.0,0.8560590744018555,0,5,,Pabst
calib_01907,0.0,0.9972427487373352,0,3,,FOR
calib_01908,0.14255200326442719,0.19035817682743073,1,1,0,2
calib_01909,0.6740173101425171,0.6496329307556152,2,2,po,of
calib_01910,0.8852497935295105,0.0,5,0,BUOVA,
calib_01911,0.0,0.0,0,0,,
calib_01912,0.8228213787078857,0.7782480120658875,6,3,SCAMMA,WKS
calib_01913,0.9748944044113159,0.0,4,0,hace,
calib_01914,0.9499601721763611,0.8166969418525696,3,1,LBS,S
calib_01915,0.8985125422477722,0.0,4,0,GIBB,
calib_01916,0.45247116684913635,0.5848985314369202,1,2,s,hs
calib_01917,0.6480827331542969,0.9463837146759033,6,6,edsuaz,zenspa
calib_01918,0.8221917748451233,0.5280762910842896,2,2,38,8C
calib_01919,0.7928876280784607,0.9183462262153625,3,3,016,9ID
calib_01920,0.8325071334838867,0.8703916668891907,5,6,81955,556.18
calib_01921,0.237479105591774,0.7148450016975403,2,6,um,LTLAET
calib_01922,0.7222570776939392,0.0,10,0,WEBSUNMNIT,
calib_01923,0.9971570372581482,0.35950741171836853,12,1,045-564-9821,8
calib_01924,0.9885963797569275,0.6598061323165894,7,6,(muitos,sonnu)
calib_01925,0.2561829388141632,0.6956759691238403,2,5,2m,Gmuth
calib_01926,0.270122230052948,0.9877424240112305,7,7,XOASSIN,KISSADK
calib_01927,0.7248952388763428,0.2932632267475128,2,2,WT,10
calib_01928,0.6323562264442444,0.6028881072998047,12,2,501795883762,0S
calib_01929,0.9666690826416016,0.7507414817810059,2,3,81,118
calib_01930,0.2548264265060425,0.0,1,0,6,
calib_01931,0.5973943471908569,0.7366317510604858,5,5,vhuag,Kenya
calib_01932,0.8142091631889343,0.9088788032531738,1,1,T,1
calib_01933,0.36142534017562866,0.4242272675037384,1,1,O,o
calib_01934,0.7841004133224487,0.5556192398071289,4,4,7325,5252
calib_01935,0.9768011569976807,0.22107990086078644,6,1,ALCONS,N
calib_01936,0.4904327988624573,0.17180849611759186,2,1,70,&
calib_01937,0.3634631633758545,0.8860200643539429,6,9,H BUeX,Xiana Hal
calib_01938,0.13917414844036102,0.28992724418640137,1,2,S,LO
calib_01939,0.37861359119415283,0.48197436332702637,3,2,YaL,T4
calib_01940,0.23861664533615112,0.875292956829071,1,10,G,Carlsbergg
calib_01941,0.40677934885025024,0.7422846555709839,2,2,10,CI
calib_01942,0.8647794723510742,0.39515382051467896,7,5,financa,pepuu
calib_01943,0.0,0.0,0,0,,
calib_01944,0.0,0.0,0,0,,
calib_01945,0.2880825698375702,0.32263991236686707,1,1,0,0
calib_01946,0.22092074155807495,0.7506101131439209,1,1,X,Y
calib_01947,0.3986104130744934,0.9825038313865662,1,1,N,&
calib_01948,0.6129182577133179,0.5769890546798706,4,4,COST,1500
calib_01949,0.7476965188980103,0.0,4,0,Srca,
calib_01950,0.9946136474609375,0.0,3,0,G23,
calib_01951,0.9361715912818909,0.2958507537841797,7,2,STEVVES,SL
calib_01952,0.5128969550132751,0.9275527000427246,5,6,ontoN,Natual
calib_01953,0.9970758557319641,0.22133749723434448,7,3,Workfor,ooM
calib_01954,0.3731462061405182,0.5421939492225647,3,4,WoH,Heat
calib_01955,0.6561832427978516,0.3618713915348053,5,2,Bdith,Pa
calib_01956,0.9350824952125549,0.890834391117096,1,1,8,8
calib_01957,0.3045712411403656,0.37856873869895935,1,1,8,&
calib_01958,0.7468921542167664,0.8160340189933777,4,4,GOon,0009
calib_01959,0.6788103580474854,0.5060860514640808,3,3,HIW,MII
calib_01960,0.977063000202179,0.0,7,0,Caravar,
calib_01961,0.5822049975395203,0.8764066696166992,2,4,3M,W-F!
calib_01962,0.08113045990467072,0.36741191148757935,1,2,1,yl
calib_01963,0.8114645481109619,0.3063567578792572,2,1,-5,S
calib_01964,0.8476144671440125,0.9553823471069336,5,7,00009,500.000
calib_01965,0.8844539523124695,0.0,16,0,Salon de Bellezo,
calib_01966,0.14938059449195862,0.7000365257263184,1,2,4,ch
calib_01967,0.35474085807800293,0.7658193111419678,1,1,L,7
calib_01968,0.11127634346485138,0.5729157328605652,1,3,E,MAC
calib_01969,0.2136310636997223,0.2927168607711792,1,1,3,F
calib_01970,0.3460412621498108,0.0,1,0,A,
calib_01971,0.9685407280921936,0.36316952109336853,3,3,Hen,uaH
calib_01972,0.505813717842102,0.3849971890449524,5,5,19984,Ya6er
calib_01973,0.8147134780883789,0.07802126556634903,5,1,china,C
calib_01974,0.5420200824737549,0.9126669764518738,3,3,ovn,Mac
calib_01975,0.2409384697675705,0.461367130279541,2,5,MN,waNtI
calib_01976,0.8597160577774048,0.11649414151906967,2,1,de,0
calib_01977,0.3362045884132385,0.11336564272642136,1,1,M,N
calib_01978,0.0,0.9736496806144714,0,8,,clephant
calib_01979,0.5438375473022461,0.2813209891319275,3,2,wld,rm
calib_01980,0.7803182601928711,0.6699005365371704,1,2,I,Y.
calib_01981,0.5057144165039062,0.9277711510658264,9,9,WNIENEDEY,ARGENTINA
calib_01982,0.879305362701416,0.2481638789176941,2,1,ED,C
calib_01983,0.5102588534355164,0.2586391270160675,1,1,c,3
calib_01984,0.8862619996070862,0.7385502457618713,3,3,mol,102
calib_01985,0.9789719581604004,0.3331758975982666,7,6,Browser,250028
calib_01986,0.7521304488182068,0.3989557921886444,7,3,CAHLLIN,NMC
calib_01987,0.9834758043289185,0.12154029309749603,1,1,G,5
calib_01988,0.18225187063217163,0.9595357775688171,1,5,C,BRAND
calib_01989,0.7578596472740173,0.3115962743759155,5,4,MEWOS,oyCn
calib_01990,0.9270461201667786,0.337437242269516,4,3,fort,1o1
calib_01991,0.0,0.8515129089355469,0,4,,been
calib_01992,0.6961697936058044,0.516497015953064,4,3,NAFR,OMN
calib_01993,0.3927651643753052,0.9124180674552917,5,5,VEOHY,AHORA
calib_01994,0.0,0.966962456703186,0,30,,Disabled Rehabilitation Center
calib_01995,0.6114122271537781,0.5171326994895935,1,1,1,7
calib_01996,0.9840086698532104,0.680056631565094,2,2,ER,83
calib_01997,0.85635906457901,0.0,11,0,Five Rivers,
calib_01998,0.4903790354728699,0.6480728983879089,8,9,Duesged.,Paliqueme
calib_01999,0.49602267146110535,0.5636386871337891,3,4,NOT,RAON
calib_02000,0.9108719229698181,0.6928566694259644,9,7,y4780x102,201X087
calib_02001,0.9906221628189087,0.0,8,0,P658EM34,
calib_02002,0.9352433085441589,0.652097761631012,8,7,T009TC97,2616001
calib_02003,0.9288468360900879,0.0,10,0,-Y701BE799,
calib_02004,0.3795611560344696,0.9700572490692139,7,9,6614621,T539AY799
calib_02005,0.0,0.9741288423538208,0,9,,X611BA190
calib_02006,0.9986116886138916,0.2980247735977173,9,5,055600177,25095
calib_02007,0.9700148701667786,0.0,9,0,C313KA161,
calib_02008,0.7384952306747437,0.946392297744751,1,9,.,Y566TP116
calib_02009,0.0,0.9218337535858154,0,9,,X365PC178
calib_02010,0.728155255317688,0.9140228629112244,9,9,LLLHASOLH,H105YH777
calib_02011,0.8706244826316833,0.31180882453918457,9,1,C905YA125,2
calib_02012,0.9938185214996338,0.0,8,0,K879KK34,
calib_02013,0.9913820028305054,0.30534470081329346,8,2,E434BH82,88
calib_02014,0.7015069723129272,0.9483371376991272,8,8,2EX8727H,H434BX37
calib_02015,0.9940400719642639,0.3957307040691376,9,5,B804BB124,28888
calib_02016,0.0,0.9578691124916077,0,9,,A525E0198
calib_02017,0.9668110609054565,0.0,9,0,C005KP178,
calib_02018,0.8896019458770752,0.6093477606773376,9,1,y167cy197,6
calib_02019,0.0,0.9133318662643433,0,9,,K523TX161
calib_02020,0.9388517737388611,0.45535385608673096,9,4,E949XT750,0567
calib_02021,0.9060166478157043,0.0,8,0,E451YK29,
calib_02022,0.9873597621917725,0.35777464509010315,8,1,K5640054,0
calib_02023,0.9643058180809021,0.3916791081428528,8,4,H670HH52,SO9H
calib_02024,0.9499527215957642,0.3108936548233032,8,3,A2560C92,205
calib_02025,0.9695577621459961,0.34206968545913696,8,2,X005AP64,00
calib_02026,0.0,0.9935738444328308,0,9,,P055BE161
calib_02027,0.9942429065704346,0.30615103244781494,8,2,B456AX35,58
calib_02028,0.8436418771743774,0.679912805557251,8,4,C900cc77,0006
calib_02029,0.950904130935669,0.22376936674118042,9,1,Y266AB750,8
calib_02030,0.9715792536735535,0.0,9,0,A044CE196,
calib_02031,0.29840904474258423,0.9024434089660645,2,8,29,y123HK62
calib_02032,0.30681970715522766,0.9571184515953064,2,9,27,C246KA799
calib_02033,0.32297369837760925,0.934596061706543,3,8,207,A4440x25
calib_02034,0.9755629897117615,0.6805528998374939,8,1,A297HK92,.
calib_02035,0.0,0.956552267074585,0,9,,K915AC799
calib_02036,0.9690526127815247,0.0,9,0,C610EX750,
calib_02037,0.39507564902305603,0.8858599662780762,2,9,08,K8760C174
calib_02038,0.24763646721839905,0.9613940715789795,1,9,5,A469CT750
calib_02039,0.3274410665035248,0.9512389302253723,2,8,20,A059EY92
calib_02040,0.9355884194374084,0.0,9,0,0255PP18.,
calib_02041,0.0,0.9933684468269348,0,9,,0576BA150
calib_02042,0.9188581705093384,0.3057137727737427,8,1,0793Ec50,5
calib_02043,0.6167331337928772,0.8427959084510803,7,9,OSXX98H,H867xy750
calib_02044,0.6850417852401733,0.8325806856155396,8,9,98H076A.,Y914OH86.
calib_02045,0.8975940346717834,0.0,9,0,C158AY152,
calib_02046,0.9503269195556641,0.0,8,0,H777OB63,
calib_02047,0.4431845247745514,0.9451667070388794,1,9,X,H831CX174
calib_02048,0.92268967628479,0.3486563265323639,9,8,H001XE777,LLLEXOOH
calib_02049,0.8512097597122192,0.3518817126750946,8,2,y212yy93,22
calib_02050,0.0,0.9429683685302734,0,9,,C538TB163
calib_02051,0.9915268421173096,0.20913270115852356,8,1,P646BC27,8
calib_02052,0.38922378420829773,0.9454983472824097,2,9,LO,C002HK777
calib_02053,0.8683837652206421,0.0,8,0,P152Yc54,
calib_02054,0.0,0.9880458116531372,0,9,,B235ET125
calib_02055,0.8830482959747314,0.724661648273468,9,7,y8180x799,6608L81
calib_02056,0.9576455354690552,0.0,9,0,A888EE123,
calib_02057,0.8845517635345459,0.22486209869384766,9,2,-K770KY33,КО
calib_02058,0.0,0.9860622882843018,0,9,,B983KK763
calib_02059,0.40410685539245605,0.9141889810562134,1,8,9,H6030E64
calib_02060,0.9468762874603271,0.0,9,0,H6430T152,
calib_02061,0.9933010935783386,0.0,9,0,A333HK123,
calib_02062,0.9720242619514465,0.0,9,0,K869PC799,
calib_02063,0.9388487339019775,0.4374520480632782,9,6,0685AY797,465890
calib_02064,0.4128763675689697,0.9374902248382568,4,8,3029,X630EY14
calib_02065,0.936572790145874,0.4640464782714844,8,6,Y403BH14,7H8507
calib_02066,0.7945771217346191,0.7868895530700684,1,8,.,K712TO23
calib_02067,0.7273253202438354,0.8740493059158325,9,9,66LAH9LLX,×116HY799
calib_02068,0.726820170879364,0.9361520409584045,6,9,8H607A,Y409HB777
calib_02069,0.4796752631664276,0.9872488379478455,1,8,.,A349MP54
calib_02070,0.9181811809539795,0.44171714782714844,9,4,A080TA197,1080
calib_02071,0.8933717012405396,0.5290762186050415,9,8,x385yy 42,25AAS82X
calib_02072,0.0,0.9852835536003113,0,9,,E678KB190
calib_02073,0.5044056177139282,0.929999589920044,3,9,108,C480CT154
calib_02074,0.44341588020324707,0.9354182481765747,8,9,29202000,A002XC763
calib_02075,0.9677301049232483,0.4433935880661011,9,4,T417AA136,9271
calib_02076,0.0,0.9172654151916504,0,8,,K465E060
calib_02077,0.45809030532836914,0.9708940982818604,8,9,201H3790,0649EH102
calib_02078,0.9070103764533997,0.31895214319229126,9,4,H163YX163,9XAH
calib_02079,0.2529749274253845,0.9783570170402527,1,8,O,0777EE16
calib_02080,0.914069652557373,0.0,8,0,A031EK54,
calib_02081,0.9589636325836182,0.3276245892047882,8,6,A7770A30,O OЛLЛ
calib_02082,0.9729602336883545,0.39238375425338745,9,1,Y213BH197,8
calib_02083,0.821038007736206,0.6704734563827515,8,8,Y848YT56,95118781
calib_02084,0.8618789911270142,0.7051903009414673,8,7,8078Y834,7818208
calib_02085,0.33963680267333984,0.8853060007095337,3,9,в08,P980AO31.
calib_02086,0.8579461574554443,0.20810307562351227,8,2,K3170c32,20
calib_02087,0.8463104367256165,0.8353844285011292,8,6,Y599AX96,96X665
calib_02088,0.39954668283462524,0.8679658770561218,2,8,28,E888CC42
calib_02089,0.9669241309165955,0.4926341772079468,9,4,C499BX150,X866
calib_02090,0.8564865589141846,0.42405372858047485,9,2,c222YK777,2.
calib_02091,0.8847910165786743,0.37342706322669983,8,3,08560T69,105
calib_02092,0.8441087603569031,0.6928515434265137,8,5,x6010c33,20009
calib_02093,0.30253466963768005,0.9917221069335938,2,9,82,A282BK763
calib_02094,0.8636156320571899,0.7858121395111084,8,8,591X6881,T889XT54
calib_02095,0.9130281805992126,0.0,9,0,0128CA178,
calib_02096,0.0,0.9640776515007019,0,8,,E357CE73
calib_02097,0.3391955494880676,0.9178566336631775,2,9,00,A470Cc161
calib_02098,0.9685888290405273,0.38564005494117737,8,1,B357TT89,8
calib_02099,0.2856789529323578,0.9413571953773499,1,9,8,K259BC138
calib_02100,0.0,0.9369803667068481,0,8,,A011AB39
calib_02101,0.42843931913375854,0.9262517094612122,5,9,26222,T422YK197
calib_02102,0.8554897308349609,0.48708245158195496,9,7,T499CY174,2156671
calib_02103,0.927444338798523,0.507002592086792,8,6,Y882TA90,061288
calib_02104,0.9408908486366272,0.3623276948928833,8,1,B806PC82,8
calib_02105,0.9325523376464844,0.6226631999015808,8,5,T888EX72,2X888
calib_02106,0.8867387771606445,0.0,8,0,X156AC57,
calib_02107,0.9433629512786865,0.25213623046875,9,2,B5060P152,25
calib_02108,0.0,0.877077579498291,0,8,,B845CK39
calib_02109,0.4218157231807709,0.9944250583648682,6,8,900800,00380016
calib_02110,0.3383871018886566,0.9249132871627808,3,8,018,K846TY70
calib_02111,0.5552712678909302,0.9555460214614868,4,8,X771,T441XP71
calib_02112,0.9757353067398071,0.7205897569656372,8,8,0888PP86,98dd8880
calib_02113,0.21027562022209167,0.9747238159179688,1,8,8,B7270E62
calib_02114,0.4369741976261139,0.9814053773880005,4,9,L798,B664HT777
calib_02115,0.933521568775177,0.21634429693222046,9,1,0312YP197,2
calib_02116,0.34382879734039307,0.8636987209320068,2,8,22,0353YT72
calib_02117,0.972728431224823,0.0,9,0,A926AA113,
calib_02118,0.3822794258594513,0.977097749710083,4,9,6800,T007BC199
calib_02119,0.9874320030212402,0.9565665125846863,8,8,B9800064,79000868
calib_02120,0.9084928035736084,0.0,8,0,H013CY32,
calib_02121,0.9000478386878967,0.22562924027442932,9,1,C959AY163,5
calib_02122,0.9890297055244446,0.9784958362579346,7,8,68H8777,A444BH89
calib_02123,0.864027738571167,0.4831198751926422,8,3,C976TO22,221
calib_02124,0.0,0.9862948656082153,0,9,,B318KE147
calib_02125,0.9316241145133972,0.3361118733882904,8,1,K200OK93,0
calib_02126,0.8956215977668762,0.37452593445777893,9,3,Y080CB178,800
calib_02127,0.3274037837982178,0.8778066635131836,1,8,O,0111OH62
calib_02128,0.931988537311554,0.3212830126285553,8,3,T387XT55,182
calib_02129,0.0,0.9147922992706299,0,8,,K235Ec67
calib_02130,0.9818316102027893,0.31376218795776367,8,2,A505MP71,SS
calib_02131,0.0,0.9574304819107056,0,8,,C061PC77
calib_02132,0.0,0.9445080161094666,0,9,,H401EE154
calib_02133,0.9602542519569397,0.0,9,0,B171XA178,
calib_02134,0.5794148445129395,0.9921122193336487,2,8,68,A298MP97
calib_02135,0.6378395557403564,0.9787279367446899,5,8,83X76,H594XE48
calib_02136,0.9439590573310852,0.0,8,0,H234KY14,
calib_02137,0.0,0.962020754814148,0,9,,B385KH198
calib_02138,0.9152258634567261,0.20296770334243774,8,2,0309KA60,00
calib_02139,0.9289995431900024,0.4279036521911621,8,2,P137PT22,22
calib_02140,0.9815274477005005,0.682269811630249,9,8,T888CB178,8L858881
calib_02141,0.9394512176513672,0.460450679063797,8,4,T999TO78,8166
calib_02142,0.0,0.9904965758323669,0,6,,A791PK
calib_02143,0.5327045917510986,0.9579176306724548,1,9,7,T246OM76.
calib_02144,0.949633002281189,0.0,8,0,A549XK11,
calib_02145,0.8763576149940491,0.0,8,0,M559OK64,
calib_02146,0.0,0.979789137840271,0,8,,B773PB54
calib_02147,0.7875703573226929,0.4381963908672333,8,3,Y499KO14,016
calib_02148,0.45128709077835083,0.961458683013916,2,8,00,A0040E23
calib_02149,0.4116345942020416,0.9435251355171204,5,8,22AHS,A457Hy27
calib_02150,0.3256658613681793,0.8659420013427734,3,8,225,A652CY92
calib_02151,0.967748761177063,0.43868768215179443,9,3,H443BH39.,857
calib_02152,0.9022635221481323,0.0,8,0,A310CA82,
calib_02153,0.9088671207427979,0.431684672832489,8,1,Y055KY77,O
calib_02154,0.9414852261543274,0.2364441603422165,8,3,K315PY72,2AE
calib_02155,0.9899470210075378,0.0,9,0,B912KB777,
calib_02156,0.9057384133338928,0.7397234439849854,9,9,P489cx197,26LX3687d
calib_02157,0.8925060033798218,0.2848754823207855,8,1,P3820B77,2
calib_02158,0.9712896347045898,0.47669458389282227,9,2,P745EH799,66
calib_02159,0.3760416507720947,0.9665820598602295,3,8,500,T009KB56
calib_02160,0.24923011660575867,0.9362372159957886,1,9,5,0652AX799
calib_02161,0.9918735027313232,0.3685988187789917,8,3,B228PP98,828
calib_02162,0.3095513880252838,0.9038901925086975,5,7,20327,K433A02
calib_02163,0.9213293790817261,0.8465477228164673,9,5,M989XP31.,X686W
calib_02164,0.25658178329467773,0.9760901927947998,2,9,85,0253.PB40
calib_02165,0.8561681509017944,0.0,9,0,X185AC136,
calib_02166,0.1874770075082779,0.8742902278900146,1,8,E,T721YE71
calib_02167,0.8496378660202026,0.5347273349761963,8,5,Y727XP64,9XLLA
calib_02168,0.4289907217025757,0.8914578557014465,1,8,O,H017CH01
calib_02169,0.560434877872467,0.793506383895874,6,8,968077,x477c896
calib_02170,0.9965986609458923,0.0,9,0,P835AP136,
calib_02171,0.9393730163574219,0.0,8,0,H827CT32,
calib_02172,0.8690118789672852,0.1862899363040924,9,1,X470AK774,0
calib_02173,0.9797201752662659,0.0,8,0,K561KK47,
calib_02174,0.9126124978065491,0.35611405968666077,9,1,0160EY125,2
calib_02175,0.875773549079895,0.884850800037384,8,8,8∠HX006A,Y900XH78
calib_02176,0.0,0.9841243028640747,0,9,,K197TE197
calib_02177,0.31475701928138733,0.8979355096817017,5,11,05777,.y444yy150.
calib_02178,0.8752084374427795,0.87859046459198,7,8,6XXL60X,x097xx97
calib_02179,0.20263974368572235,0.9875540733337402,1,8,O,P017HT33
calib_02180,0.0,0.9845941066741943,0,8,,P851EC64
calib_02181,0.0,0.8865821361541748,0,9,,C932CP154
calib_02182,0.9321362376213074,0.32950103282928467,9,1,X6990E125,0
calib_02183,0.966588020324707,0.7194718718528748,9,8,-04570097,2600570-
calib_02184,0.48491770029067993,0.9049707651138306,4,8,XX00,K500xx54
calib_02185,0.3091698884963989,0.982674241065979,2,8,22,P232BP76
calib_02186,0.9872190952301025,0.0,9,0,B002PX777,
calib_02187,0.2512739896774292,0.9520580768585205,1,8,8,K917BY51
calib_02188,0.6762272119522095,0.6726304292678833,5,8,49681,2.818674
calib_02189,0.0,0.9408201575279236,0,8,,0260KE58
calib_02190,0.8296268582344055,0.7454188466072083,9,9,x598Y093.,2601865X.
calib_02191,0.3826765716075897,0.8172117471694946,3,8,000,Y500BO35
calib_02192,0.6494404673576355,0.9246728420257568,7,8,2E10800,0080YE31
calib_02193,0.2923696041107178,0.8977749347686768,2,8,38,B6230y40
calib_02194,0.8700735569000244,0.4835568964481354,8,3,x388XK25,288
calib_02195,0.3461718261241913,0.9499365091323853,3,8,380,T018YE71
calib_02196,0.37349292635917664,0.9457218050956726,1,8,8,B606TT89
calib_02197,0.8916275501251221,0.3136141002178192,9,3,T202YP199,120
calib_02198,0.8829578161239624,0.0,9,0,E195xy134,
calib_02199,0.8605157136917114,0.4781050682067871,8,8,582xB174,LL8X2854
calib_02200,0.8039100766181946,0.5317015051841736,8,8,x035KY96,96AXS30X
calib_02201,0.979110598564148,0.0,9,0,H454AP797,
calib_02202,0.44563648104667664,0.8453327417373657,4,8,9118,P198YT64
calib_02203,0.9553455710411072,0.19203539192676544,9,1,K444EY163,9
calib_02204,0.930394172668457,0.3153127133846283,8,2,T888TT70,08
calib_02205,0.9617793560028076,0.627875804901123,8,8,X446YE27,223A977X
calib_02206,0.8865829706192017,0.9316990971565247,11,9,66L HX8088.,B808XH199
calib_02207,0.9733073115348816,0.0,9,0,B732TB125,
calib_02208,0.8723785281181335,0.6752265691757202,9,8,X939YH52.,2HA626X.
calib_02209,0.0,0.98534095287323,0,8,,E495AX53
calib_02210,0.8825689554214478,0.3286542296409607,8,2,y283AC33,22
calib_02211,0.6993380188941956,0.8820523619651794,7,9,96L8968,B796BP195
calib_02212,0.0,0.9507071375846863,0,9,,C220CB197
calib_02213,0.9906061887741089,0.0,9,0,B819CH198,
calib_02214,0.8738110065460205,0.8369859457015991,8,5,C989cc95,60686
calib_02215,0.9332634210586548,0.24162305891513824,8,4,0333TY54,1233
calib_02216,0.8763422966003418,0.2749611735343933,8,2,H913Oy31,10
calib_02217,0.35970181226730347,0.9880784153938293,2,8,28,A425HE82
calib_02218,0.28171706199645996,0.9568870067596436,2,8,38,X819EM51
calib_02219,0.9814478754997253,0.0,9,0,H062AB174,
calib_02220,0.8695807456970215,0.320564866065979,9,2,A090HB799,00
calib_02221,0.9116386771202087,0.5163944959640503,9,5,A888X0178,OX888
calib_02222,0.0,0.9855563640594482,0,9,,K453HK154
calib_02223,0.0,0.962949275970459,0,8,,K011TP77
calib_02224,0.952782928943634,0.0,9,0,B500XK152,
calib_02225,0.9570989608764648,0.0,9,0,A896EB102,
calib_02226,0.95295649766922,0.27802830934524536,8,1,E1830B54,8
calib_02227,0.9139353632926941,0.6031736731529236,8,8,T008YT54,75118001
calib_02228,0.9765034914016724,0.31245583295822144,8,4,K075BC32,2280
calib_02229,0.0,0.9115968942642212,0,8,,0001TT52
calib_02230,0.0,0.8963457345962524,0,8,,E363YP54
calib_02231,0.0,0.9794987440109253,0,9,,A729AA150
calib_02232,0.0,0.9634225368499756,0,9,,A719TE198
calib_02233,0.549127459526062,0.9237762689590454,5,10,17200,-0074TC777
calib_02234,0.42935219407081604,0.8594775795936584,5,6,316L0,0119AE
calib_02235,0.0,0.9877579212188721,0,9,,K372AH136
calib_02236,0.6500944495201111,0.9159948825836182,6,8,LH89LA,Y768HC47
calib_02237,0.0,0.9499143362045288,0,8,,C370KP19
calib_02238,0.0,0.9816548824310303,0,9,,E880KA177
calib_02239,0.8657232522964478,0.0,8,0,c208xK53,
calib_02240,0.2832256853580475,0.9097249507904053,3,9,228,P488X0123
calib_02241,0.9455894231796265,0.42549359798431396,8,6,0843XM74,725780
calib_02242,0.0,0.9692902565002441,0,8,,C389CT36
calib_02243,0.0,0.9793998003005981,0,9,,H154AB777
calib_02244,0.8813381195068359,0.0,8,0,0121ET62,
calib_02245,0.3302569091320038,0.9067845940589905,1,9,5,B259AY 50
calib_02246,0.5281451940536499,0.9126816987991333,7,8,S0 XH6H,H927HX05
calib_02247,0.8889213800430298,0.6177144050598145,8,9,K411xx46,95XXLL7K.
calib_02248,0.9142506718635559,0.0,9,0,X733KB78.,
calib_02249,0.8178722858428955,0.9853948354721069,6,8,200007,A4000077
calib_02250,0.0,0.980835497379303,0,9,,B007KH197
calib_02251,0.962300181388855,0.0,9,0,K368XP161,
calib_02252,0.5021020770072937,0.9563664197921753,1,8,.,M236MO31
calib_02253,0.0,0.9844222664833069,0,9,,K057PB750
calib_02254,0.9186033606529236,0.27633368968963623,9,2,M004YK116,00
calib_02255,0.0,0.9741603136062622,0,8,,A627E067
calib_02256,0.0,0.9192591309547424,0,7,,B873AEZ
calib_02257,0.0,0.9555328488349915,0,8,,K451YP46
calib_02258,0.8630093336105347,0.9086580276489258,9,8,86XH796A.,Y964HX98
calib_02259,0.9313040971755981,0.47731414437294006,8,3,E821CY82,228
calib_02260,0.9329430460929871,0.5148314237594604,8,5,A499AA09,60667
calib_02261,0.0,0.9648323059082031,0,9,,P404PK799
calib_02262,0.6437231302261353,0.8617028594017029,8,9,96DO0LOX,-X0100P96
calib_02263,0.0,0.9840887784957886,0,8,,A167KH92
calib_02264,0.9634761810302734,0.5000889301300049,8,1,T663CC42,2
calib_02265,0.9657588601112366,0.6860029697418213,8,1,X471PP64,9
calib_02266,0.9809262156486511,0.4711380898952484,9,3,H046BK16.,80.
calib_02267,0.4003119170665741,0.9566471576690674,3,8,900,T400KP16
calib_02268,0.0,0.9877729415893555,0,9,,B007BP102
calib_02269,0.9706248641014099,0.3090807795524597,8,4,A041TE21,2170
calib_02270,0.8184998035430908,0.6561355590820312,9,7,X144cc66.,992077X
calib_02271,0.864182710647583,0.0,9,0,x776PK799,
calib_02272,0.0,0.9225071668624878,0,9,,E756XP38.
calib_02273,0.9460920095443726,0.32883307337760925,8,3,Y004KA52,200
calib_02274,0.8639665246009827,0.3951750099658966,8,3,E177×T77,22X
calib_02275,0.961125910282135,0.0,9,0,E929TK777,
calib_02276,0.8771661520004272,0.7202242612838745,9,7,K748Xx178,8LXX87X
calib_02277,0.0,0.9813826084136963,0,8,,H283KK68
calib_02278,0.9665765166282654,0.0,8,0,H651BX19,
calib_02279,0.32036247849464417,0.9658658504486084,2,8,20,A160YP82
calib_02280,0.24232004582881927,0.9233021140098572,3,9,152,0823PY54.
calib_02281,0.8875181078910828,0.8363254070281982,5,8,XX096,T960XX24
calib_02282,0.0,0.9949208498001099,0,8,,H684CP32
calib_02283,0.29714053869247437,0.7990607619285583,2,9,08,c180YP 56
calib_02284,0.8397856950759888,0.4171454906463623,9,4,B008AK136,8008
calib_02285,0.0,0.9686582088470459,0,8,,E515TP33
calib_02286,0.724828839302063,0.9785189628601074,1,8,.,A733AA21
calib_02287,0.8390190005302429,0.0,9,0,B758yK152,
calib_02288,0.8822588324546814,0.3612862229347229,9,1,C824cx163,8
calib_02289,0.91120845079422,0.0,7,0,0373PT7,
calib_02290,0.2919026017189026,0.8199751973152161,2,8,06,T791Yo71
calib_02291,0.4131912589073181,0.8645024299621582,1,9,1,C167TO 36
calib_02292,0.0,0.9264379739761353,0,8,,P111OH98
calib_02293,0.4255492687225342,0.954090416431427,3,9,5..,B459TA53.
calib_02294,0.8775231838226318,0.46404892206192017,9,4,0929XT174,2660
calib_02295,0.23630835115909576,0.9783684015274048,1,8,8,K743CB63
calib_02296,0.5111466646194458,0.827729344367981,5,8,89 SH,H577yc68
calib_02297,0.9823861718177795,0.2387155443429947,9,2,C311PA777,LA
calib_02298,0.9721909761428833,0.0,8,0,P283TK47,
calib_02299,0.5493261218070984,0.9650897979736328,8,9,SLX7OLOH,H010AX174
calib_02300,0.5169962644577026,0.9465277194976807,1,9,.,H363EY750
calib_02301,0.6299610137939453,0.9260928630828857,7,8,26X0266,A9920x92
calib_02302,0.8793408870697021,0.5524948239326477,9,6,PP998A070,OL866d
calib_02303,0.9408439993858337,0.650812029838562,9,8,H024YB163,298A720H
calib_02304,0.9819964170455933,0.5302554965019226,8,5,K7860071,20098
calib_02305,0.4513658583164215,0.8692805767059326,5,8,510LA,Y720XT54
calib_02306,0.9117501378059387,0.39571940898895264,9,4,C452Px102,2025
calib_02307,0.0,0.8502752780914307,0,8,,x125Kx14
calib_02308,0.787990152835846,0.9062784910202026,5,10,90861,T980CA16.1
calib_02309,0.9054861068725586,0.45990610122680664,8,6,C362XH98,86HX29
calib_02310,0.3944509029388428,0.9351468682289124,1,9,8,M070BM39.
calib_02311,0.9678504467010498,0.0,9,0,E613YK178,
calib_02312,0.0,0.9612696170806885,0,9,,K697KK750
calib_02313,0.785300612449646,0.0,8,0,K745PY71,
calib_02314,0.15754914283752441,0.9837310314178467,1,8,8,B537HA28
calib_02315,0.37790393829345703,0.9505670070648193,2,9,28,T763BP142
calib_02316,0.35933399200439453,0.9123173952102661,3,8,899,H635YP68
calib_02317,0.8916705250740051,0.6703585982322693,9,4,y114yy90.,067.
calib_02318,0.0,0.9638076424598694,0,9,,C218AE154
calib_02319,0.19129647314548492,0.938750684261322,1,9,4,A943AB763
calib_02320,0.0,0.972557783126831,0,9,,0563AA198
calib_02321,0.9270650148391724,0.343278169631958,8,3,P710TT71,LOL
calib_02322,0.0,0.9864139556884766,0,8,,K737CA27
calib_02323,0.8859039545059204,0.8010422587394714,8,7,X600TX96,96X009.
calib_02324,0.8759079575538635,0.0,6,0,P8330T,
calib_02325,0.9861037135124207,0.5650131106376648,8,7,00320099,6600000
calib_02326,0.3293273448944092,0.9052779674530029,4,8,ZSYS,H873PA57
calib_02327,0.23857207596302032,0.8509269952774048,2,8,02,C393cc77
calib_02328,0.45568403601646423,0.9334800839424133,6,8,26A824,A772BY92
calib_02329,0.9585230946540833,0.0,8,0,E918XK38,
calib_02330,0.981099009513855,0.26590949296951294,9,1,A097BK122,8
calib_02331,0.0,0.9656482338905334,0,8,,E790CK26
calib_02332,0.47254201769828796,0.978176474571228,7,8,6580570,04540B39
calib_02333,0.9173644185066223,0.3741873800754547,9,3,E424XY196,972
calib_02334,0.9207140803337097,0.7968308329582214,8,9,B888XO46,970X8888.
calib_02335,0.3635200262069702,0.9317302703857422,3,8,281,A784TB92
calib_02336,0.9782699942588806,0.22267818450927734,8,1,K7510071,O
calib_02337,0.9744559526443481,0.0,9,0,A007CT163,
calib_02338,0.7298104166984558,0.9025587439537048,7,8,8951796,K964YC68
calib_02339,0.9876184463500977,0.0,9,0,A524PE198,
calib_02340,0.9449834823608398,0.3353769779205322,8,6,A418TP79,626187
calib_02341,0.3213333487510681,0.9472062587738037,2,8,55,X359KT16
calib_02342,0.848249077796936,0.4074219763278961,9,6,x280c0750,050008
calib_02343,0.2562985122203827,0.8990352749824524,4,10,0128,0823YE190.
calib_02344,0.4004913568496704,0.9141483902931213,6,8,261865,A459BY92
calib_02345,0.0,0.9230114817619324,0,8,,A767PO82
calib_02346,0.3975519835948944,0.9858392477035522,7,8,2000790,06430077
calib_02347,0.5262273550033569,0.8817193508148193,8,8,T2VAL861,T981YA71
calib_02348,0.0,0.9548524022102356,0,8,,H995KX37
calib_02349,0.9249550104141235,0.3320031762123108,10,2,P404KT199.,10
calib_02350,0.7713739275932312,0.5395460724830627,9,1,A035TP338,0
calib_02351,0.0,0.8687231540679932,0,9,,P0200X116
calib_02352,0.9782577157020569,0.0,9,0,H568EK116,
calib_02353,0.0,0.9218536019325256,0,8,,K158MA14
calib_02354,0.5029997229576111,0.9407732486724854,1,8,2,A935AY92
calib_02355,0.39807987213134766,0.9002511501312256,3,8,69.,X496TK96
calib_02356,0.8205661773681641,0.4064664840698242,9,5,x544Cx38.,83775
calib_02357,0.8226349949836731,0.47032344341278076,6,4,E9HH78,8HC6
calib_02358,0.9876378178596497,0.0,9,0,A667EP716,
calib_02359,0.9599420428276062,0.0,8,0,E639EX70,
calib_02360,0.0,0.8510223627090454,0,8,,c914Ky60
calib_02361,0.42944100499153137,0.8849778175354004,7,8,2255078,B440Cc72
calib_02362,0.9339379072189331,0.0,9,0,E108KB750,
calib_02363,0.9504183530807495,0.2940886318683624,8,1,0658AA11,8
calib_02364,0.40459543466567993,0.9420353770256042,1,9,8,E204B0174
calib_02365,0.32480505108833313,0.9454361796379089,3,9,208,X989BC102
calib_02366,0.35677987337112427,0.9453727006912231,2,7,80,K018BA7
calib_02367,0.6563056707382202,0.8948149681091309,5,8,X670A,Y049HX33
calib_02368,0.21270421147346497,0.9704777002334595,1,8,0,T077EE56
calib_02369,0.918623685836792,0.24986520409584045,8,2,B553OK28,22
calib_02370,0.0,0.947611391544342,0,9,,B427OK154
calib_02371,0.0,0.9831135272979736,0,8,,0141BP76
calib_02372,0.9570447206497192,0.6883133053779602,8,7,09380A98,86 0860
calib_02373,0.9619318246841431,0.0,8,0,B0320P32,
calib_02374,0.9318631887435913,0.43309953808784485,8,7,C802TB47,2781208
calib_02375,0.9394925832748413,0.3430336117744446,8,4,M800TB47,8108
calib_02376,0.9221243262290955,0.576414167881012,8,5,M566MY98,86995
calib_02377,0.8536214828491211,0.4513678252696991,10,1,-Y845TC150,1
calib_02378,0.5326157212257385,0.9552147388458252,2,8,00,00020070
calib_02379,0.9665417075157166,0.28400900959968567,8,1,A104HC82,0
calib_02380,0.9664080142974854,0.332894504070282,8,1,0703KH14,0
calib_02381,0.42083901166915894,0.9180771708488464,2,9,66,M040KY199
calib_02382,0.5932815670967102,0.89872145652771,5,9,ОH690,A069HO 51
calib_02383,0.9252661466598511,0.0,9,0,E646YT134,
calib_02384,0.8794928789138794,0.6121646761894226,8,5,H060HH10,О090Н
calib_02385,0.9805090427398682,0.4757039546966553,8,2,T346XP71,97
calib_02386,0.8656694889068604,0.3080248534679413,9,1,V326HB197,8
calib_02387,0.6779241561889648,0.9365453720092773,8,8,72000920,02600074
calib_02388,0.9525889158248901,0.0,9,0,P610AE16.,
calib_02389,0.9928372502326965,0.0,9,0,P678AE750,
calib_02390,0.9322763085365295,0.5289309620857239,9,1,A650TH198,.
calib_02391,0.0,0.9879868626594543,0,9,,K578PT178
calib_02392,0.9169492125511169,0.3688322603702545,8,1,E3970x29,0
calib_02393,0.0,0.9810270667076111,0,8,,B636XM53
calib_02394,0.0,0.8377923965454102,0,9,,C945YT750
calib_02395,0.9653911590576172,0.0,8,0,K756KK39,
calib_02396,0.9478100538253784,0.0,9,0,0001TK178,
calib_02397,0.9639790058135986,0.6993548274040222,8,3,P198XA71,X86
calib_02398,0.7645812630653381,0.9725114703178406,9,8,9 3H670X.,X049HE56
calib_02399,0.0,0.9729336500167847,0,8,,0954EK14
calib_02400,0.4245128929615021,0.9653326272964478,1,8,8,C691BA59
calib_02401,0.9131282567977905,0.37987199425697327,8,3,X081BX52,880
calib_02402,0.2784823179244995,0.9963261485099792,1,9,8,A747PP198
calib_02403,0.0,0.966278612613678,0,9,,C753PA777
calib_02404,0.980316162109375,0.0,9,0,T111HK750,
calib_02405,0.169320747256279,0.9746332168579102,1,9,0,H300BK152
calib_02406,0.6323516368865967,0.9439918398857117,8,8,89 S60H.,H095HA68
calib_02407,0.0,0.9421894550323486,0,9,,A546KE165
calib_02408,0.0,0.9621822834014893,0,8,,0249EK60
calib_02409,0.5598984360694885,0.9713618755340576,8,8,89К077H.,H4440K68
calib_02410,0.3817879557609558,0.9498465657234192,5,9,06399,C466EX190
calib_02411,0.8730854392051697,0.0,9,0,E046cy161,
calib_02412,0.8491170406341553,0.46222853660583496,9,5,X999EA178,8 666
calib_02413,0.9316967725753784,0.47492507100105286,7,4,H829XB2,6868
calib_02414,0.42684659361839294,0.971551775932312,1,9,2,K442YT177
calib_02415,0.9667980670928955,0.0,8,0,K585HT40,
calib_02416,0.8506091237068176,0.7342055439949036,9,9,0777YP 55,SSDALLLO.
calib_02417,0.7230464816093445,0.8626996278762817,5,8,29998,B666xY57
calib_02418,0.966780960559845,0.562760591506958,9,9,0344HT98.,86117720.
calib_02419,0.0,0.9804556369781494,0,8,,A342AA34
calib_02420,0.47428658604621887,0.8271434307098389,1,9,1,E191TB772
calib_02421,0.947472095489502,0.40213078260421753,8,2,C757EY45,SS
calib_02422,0.8855642080307007,0.9292402267456055,8,4,0061xc96,9690
calib_02423,0.9193059802055359,0.1673348844051361,8,1,E943Y036,3
calib_02424,0.4851561486721039,0.9502498507499695,1,8,.,0326PH69
calib_02425,0.9913554787635803,0.26063090562820435,8,1,B347CA35,5
calib_02426,0.0,0.9776790142059326,0,9,,A062CT750
calib_02427,0.9278932213783264,0.5184518098831177,9,2,B600HP 35,00
calib_02428,0.9395803809165955,0.3035978674888611,8,1,H268OK74,8
calib_02429,0.4792606830596924,0.8515172004699707,4,8,0178,B467YO17
calib_02430,0.4602177143096924,0.8014959096908569,5,7,OH691,T619HOM
calib_02431,0.867922306060791,0.5873719453811646,9,4,X911XB777,XL6X
calib_02432,0.9200093746185303,0.2410820722579956,8,2,K044EH29,30
calib_02433,0.873092770576477,0.3752634823322296,9,6,c333cx177,233223
calib_02434,0.0,0.8814194202423096,0,8,,H523CO32
calib_02435,0.0,0.9924732446670532,0,8,,E333HP38
calib_02436,0.0,0.8631991147994995,0,8,,B536HY60
calib_02437,0.8880104422569275,0.0,9,0,0941KB174,
calib_02438,0.6385290622711182,0.9377011060714722,9,8,05XX2690.,0697K×30
calib_02439,0.9222335815429688,0.0,9,0,P846CH152,
calib_02440,0.8303681015968323,0.4258906841278076,8,3,E900EE30,006
calib_02441,0.9380133152008057,0.0,9,0,K252XE196,
calib_02442,0.919502317905426,0.4239535927772522,8,1,0197BA39,8
calib_02443,0.798490583896637,0.40312451124191284,9,1,y760yP174,0
calib_02444,0.9316757321357727,0.2689966857433319,10,1,H017BH196.,9
calib_02445,0.8790168166160583,0.323112428188324,9,2,E378BY21.,88
calib_02446,0.9895036220550537,0.3330652713775635,8,1,T149BP31,8
calib_02447,0.2233390212059021,0.9176470041275024,1,8,0,K004HK77
calib_02448,0.7233546376228333,0.8591013550758362,9,9,201XX998A,y866xx102
calib_02449,0.9725329875946045,0.381212055683136,8,2,B424TB77,78
calib_02450,0.9155514240264893,0.3385392129421234,8,3,B088CC26,508
calib_02451,0.5341236591339111,0.9448102116584778,6,9,LOO99H,H66700177
calib_02452,0.8681037425994873,0.9469984769821167,1,9,.,T063AA35.
calib_02453,0.8739042282104492,0.2821729779243469,8,4,H529YB86,8885
calib_02454,0.842564046382904,0.0,8,0,y316MM18,
calib_02455,0.3740266263484955,0.9384324550628662,5,9,8W8W.,M378MM98.
calib_02456,0.7371421456336975,0.8129741549491882,6,9,65600^,y009yy 59
calib_02457,0.8647376298904419,0.4108602702617645,8,4,T289xc77,2821
calib_02458,0.9892447590827942,0.0,9,0,K177AK196,
calib_02459,0.29860764741897583,0.8859522938728333,2,9,82,B528TC63-
calib_02460,0.0,0.922072172164917,0,9,,K295XB777
calib_02461,0.9072431921958923,0.0,9,0,E439PK31.,
calib_02462,0.28765547275543213,0.9154773354530334,4,8,2022,T333P×02
calib_02463,0.8432638645172119,0.7028676867485046,8,5,0900ET14,10060
calib_02464,0.7256317734718323,0.9004286527633667,6,8,69H888,P888HC69
calib_02465,0.0,0.9913579225540161,0,9,,K499KE196
calib_02466,0.4675404727458954,0.9223623275756836,2,9,00,T970OK199
calib_02467,0.9588977694511414,0.0,8,0,E025XT32,
calib_02468,0.17707037925720215,0.9775119423866272,1,8,O,T015PH77
calib_02469,0.36307528614997864,0.9819897413253784,3,9,808,A680TP186
calib_02470,0.43313488364219666,0.9766695499420166,1,8,8,0835CA98
calib_02471,0.0,0.8665145635604858,0,10,,PE422XE134
calib_02472,0.9384251832962036,0.6538347005844116,9,5,K999TX150,X1666
calib_02473,0.47990572452545166,0.9361684322357178,6,9,9WH888,B818HM69.
calib_02474,0.0,0.8730067014694214,0,10,,F0373XA161
calib_02475,0.0,0.9300702214241028,0,9,,B618PC 98
calib_02476,0.9910603761672974,0.0,8,0,B013BP13,
calib_02477,0.9534083604812622,0.5002798438072205,9,1,P126PK152,.
calib_02478,0.35138213634490967,0.9005100727081299,4,8,2888,B8530B82
calib_02479,0.9275424480438232,0.0,8,0,B660KO23,
calib_02480,0.47668230533599854,0.9083329439163208,2,8,21,A719TT27
calib_02481,0.0,0.9687949419021606,0,8,,02690P11
calib_02482,0.3426305055618286,0.9150278568267822,1,9,2,B516ET124
calib_02483,0.0,0.9091321229934692,0,8,,C157PA77
calib_02484,0.27054134011268616,0.8366013765335083,1,9,5,B503YT750
calib_02485,0.0,0.981316089630127,0,8,,A544CP86
calib_02486,0.3157466650009155,0.9283881783485413,1,7,8,570BX78
calib_02487,0.9145989418029785,0.58969646692276,8,6,x252xx11,XXZSX.
calib_02488,0.27439379692077637,0.9298102855682373,1,8,2,P035YT26
calib_02489,0.9521711468696594,0.3367440104484558,8,1,E070KX08,0
calib_02490,0.9779330492019653,0.0,9,0,K007PA161,
calib_02491,0.33481964468955994,0.7830835580825806,4,8,AXSL,c795KY48
calib_02492,0.9806941151618958,0.0,9,0,B372PE750,
calib_02493,0.27972614765167236,0.9939128756523132,1,8,8,P263BH36
calib_02494,0.0,0.978498637676239,0,8,,A481HE82
calib_02495,0.9508815407752991,0.3455606997013092,9,1,T666AT142,2
calib_02496,0.18861009180545807,0.8942739963531494,1,9,5,K452Yc36.
calib_02497,0.38345420360565186,0.9826382398605347,3,9,828,B223BX193
calib_02498,0.984621524810791,0.0,8,0,T954AX71,
calib_02499,0.9889528751373291,0.4447627067565918,9,3,H848EC154,878
calib_02500,0.8190789222717285,0.6278824210166931,8,6,B7960y63,9 1098
calib_02501,0.0,0.9158007502555847,0,9,,B777EE 39
calib_02502,0.0,0.9937233924865723,0,8,,A286AP35
calib_02503,0.9558950662612915,0.6172134280204773,8,3,B146HE89,689
calib_02504,0.3426368236541748,0.9912146329879761,2,9,88,K550BB154
calib_02505,0.9799723029136658,0.0,8,0,A583HB69,
calib_02506,0.0,0.9606519341468811,0,9,,C053TA799
calib_02507,0.0,0.8828171491622925,0,8,,0118PC69
calib_02508,0.8387998342514038,0.30359798669815063,8,2,B190ЕВ64,88
calib_02509,0.5073758363723755,0.8584794402122498,1,9,8,Y554BT174
calib_02510,0.3110859990119934,0.9516947865486145,2,9,58,X412BC750
calib_02511,0.0,0.9197772145271301,0,8,,T488EC22
calib_02512,0.812709391117096,0.34981265664100647,8,2,H134Yx34,XH
calib_02513,0.9542660713195801,0.38213643431663513,8,4,H036HB68,8980
calib_02514,0.7526457905769348,0.8621323108673096,4,9,8796,y964xB777
calib_02515,0.9367335438728333,0.7883642911911011,9,9,M060HH174,5∠LHH090W
calib_02516,0.0,0.8466848731040955,0,8,,K156YH82
calib_02517,0.5672732591629028,0.9580835700035095,8,8,28179023,E206AY82
calib_02518,0.7082146406173706,0.9583935141563416,4,9,986H,H986PC174
calib_02519,0.0,0.9877251982688904,0,8,,K121KT54
calib_02520,0.9894882440567017,0.0,8,0,E842PA54,
calib_02521,0.7050409317016602,0.9479507207870483,6,8,6H700X,X004TH93
calib_02522,0.5509703159332275,0.9026715755462646,6,8,ZE08SH,H158OP37
calib_02523,0.0,0.90992271900177,0,9,,y628MM102
calib_02524,0.9853417277336121,0.0,8,0,A787AA61,
calib_02525,0.3903111219406128,0.9562761187553406,3,8,665,P559CK99
calib_02526,0.0,0.9455069303512573,0,9,,0612K0178
calib_02527,0.3208880126476288,0.9064962863922119,3,9,888,A918AB98.
calib_02528,0.9815714955329895,0.7089067697525024,8,7,H587HA61,9VHL8SH
calib_02529,0.0,0.9786716103553772,0,9,,E411TT196
calib_02530,0.958372175693512,0.5057549476623535,6,2,A938BE,88
calib_02531,0.9562552571296692,0.0,9,0,A161PX161,
calib_02532,0.345049649477005,0.8222530484199524,4,8,HA0Л,Y709AH71
calib_02533,0.8225844502449036,0.4448818266391754,8,5,P050xC97,6XOS0
calib_02534,0.9483122229576111,0.0,9,0,A726HO198,
calib_02535,0.9319290518760681,0.3954477906227112,8,1,c353cc01,5
calib_02536,0.9747843742370605,0.0,8,0,H310HH36,
calib_02537,0.8842029571533203,0.0,8,0,P916CK71,
calib_02538,0.9635353088378906,0.6610354781150818,9,9,H960XK178,BZLKX096H
calib_02539,0.9187467098236084,0.161589115858078,9,1,K324KY750,2
calib_02540,0.3140507936477661,0.9815630912780762,1,8,2,K196AB32
calib_02541,0.22263866662979126,0.9135317802429199,2,8,З0,H0330K32
calib_02542,0.30746155977249146,0.9003979563713074,1,9,0,c074yc178
calib_02543,0.5821452140808105,0.7902958393096924,8,8,961X7LL.,T74YT96.
calib_02544,0.8651653528213501,0.553421139717102,9,1,Y816YE174,9
calib_02545,0.25757092237472534,0.9356871247291565,2,8,28,B692AO35
calib_02546,0.4316532611846924,0.9729112982749939,5,8,O789H,H6840P32
calib_02547,0.9191539287567139,0.2775781452655792,8,3,T3740B32,072
calib_02548,0.8684075474739075,0.22032839059829712,8,3,Y936AT90,013
calib_02549,0.9132943153381348,0.32805341482162476,10,4,H243BT1.42,2872
calib_02550,0.8964338302612305,0.334936261177063,9,1,007200178,0
calib_02551,0.0,0.9976568222045898,0,9,,M460PA163
calib_02552,0.0,0.9036257863044739,0,10,,-T1350A33.
calib_02553,0.8967969417572021,0.6043997406959534,8,6,X606BO36,958909
calib_02554,0.9806740283966064,0.2862969636917114,8,2,H793PB37,58
calib_02555,0.0,0.9918521046638489,0,9,,K464EE161
calib_02556,0.9876230955123901,0.32098615169525146,9,2,H288KH142,28
calib_02557,0.0,0.9107197523117065,0,9,,E540E093.
calib_02558,0.9131072163581848,0.5262123942375183,9,2,P808HB116,08
calib_02559,0.3018738925457001,0.9884889125823975,1,8,2,P963PK62
calib_02560,0.8344366550445557,0.7376383543014526,9,9,0009CB199,061806000
calib_02561,0.7421945333480835,0.9913297891616821,7,7,2006500,0039002
calib_02562,0.5552065968513489,0.9440193176269531,2,8,96,X413AX96
calib_02563,0.43887859582901,0.9634712934494019,8,8,L OS60H.,H0950P77
calib_02564,0.4425533413887024,0.9319784641265869,4,8,O9K.,K6710x02
calib_02565,0.33973512053489685,0.8465210795402527,6,8,950250,C053xC60
calib_02566,0.7952703833580017,0.8085305690765381,6,8,9XA888,A888Yx64
calib_02567,0.8787454962730408,0.5688560605049133,8,3,K800TC05,008
calib_02568,0.8779934048652649,0.0,10,0,-Y273CH178,
calib_02569,0.9841123819351196,0.0,8,0,A025EE73,
calib_02570,0.945824921131134,0.0,9,0,H195KY178,
calib_02571,0.0,0.9400858283042908,0,8,,H859KE51
calib_02572,0.5600686073303223,0.9426634311676025,4,9,6293,-C639XP34
calib_02573,0.9169617295265198,0.7154297828674316,8,8,0111HT54,SSIHLLLO
calib_02574,0.973152756690979,0.0,8,0,K873HC32,
calib_02575,0.285129189491272,0.953757643699646,3,8,06W,M923MM90
calib_02576,0.3041517436504364,0.8993618488311768,2,9,83,0433XB55.
calib_02577,0.0,0.988138735294342,0,9,,P252PK178
calib_02578,0.6905861496925354,0.8397560119628906,8,8,25XX99X.,X626xx47
calib_02579,0.9391524195671082,0.0,9,0,E011yy28.,
calib_02580,0.0,0.9930165410041809,0,8,,P683AK39
calib_02581,0.3125726580619812,0.9952781200408936,2,9,S2,P164PP125
calib_02582,0.6868304014205933,0.49013859033584595,8,8,B454PC23,263d7978
calib_02583,0.96547532081604,0.5755459070205688,8,4,A096AA77,2960
calib_02584,0.0,0.9903568625450134,0,9,,K595PP152
calib_02585,0.19607678055763245,0.9446166157722473,1,8,2,K326XP74
calib_02586,0.9020261764526367,0.24779728055000305,9,1,A850cy197,0
calib_02587,0.0,0.9317298531532288,0,9,,E572BO777
calib_02588,0.21786530315876007,0.9536331295967102,1,10,0,-A062TX716
calib_02589,0.4815294146537781,0.8954509496688843,5,8,06X09,y617cx90
calib_02590,0.9324265718460083,0.3257692754268646,8,1,E241XA28,2
calib_02591,0.9192240238189697,0.0,9,0,A537YB152,
calib_02592,0.3298390507698059,0.9883409142494202,5,8,EH8E.,A374BH37
calib_02593,0.8336336612701416,0.4605008661746979,8,6,X820cx99,660028
calib_02594,0.9305492639541626,0.3965793550014496,8,3,P222YE76,222
calib_02595,0.3074773848056793,0.9515476822853088,6,8,080750,0954AA40
calib_02596,0.37688300013542175,0.9780831933021545,3,8,200,0002AP77
calib_02597,0.4837895631790161,0.8671061992645264,3,8,220,C095TY22
calib_02598,0.8413650989532471,0.9463955163955688,8,8,72008860,09880074
calib_02599,0.9689317345619202,0.4812106192111969,9,5,C484AT797,26178
calib_02600,0.2778380811214447,0.9860597848892212,2,8,98,A926KB60
calib_02601,0.9465463757514954,0.4719710946083069,8,2,T680CT57,08
calib_02602,0.0,0.9174920320510864,0,8,,M293YH42
calib_02603,0.3065059781074524,0.9957634806632996,4,9,2624,P219PP197
calib_02604,0.9186183214187622,0.0,8,0,P920E047,
calib_02605,0.4330562353134155,0.9743468761444092,4,8,8800,K008BC35
calib_02606,0.8930885791778564,0.929186224937439,9,7,A900HX799,66XH006
calib_02607,0.8872992396354675,0.0,8,0,T575CX36,
calib_02608,0.9757527112960815,0.876135528087616,8,7,0466XP96,96d9970
calib_02609,0.947807788848877,0.0,8,0,Y093ET26,
calib_02610,0.0,0.9717242121696472,0,9,,B432HB134
calib_02611,0.94356369972229,0.3708747625350952,9,1,A864KA186,8
calib_02612,0.9026061296463013,0.0,9,0,X571XE152,
calib_02613,0.9614357948303223,0.3907903730869293,8,2,A634BY39,82
calib_02614,0.9177994132041931,0.4971644878387451,9,2,E449TT154,11
calib_02615,0.9800994396209717,0.4036790430545807,9,1,0653BX125,2
calib_02616,0.0,0.9626860618591309,0,8,,H700EK96
calib_02617,0.328825980424881,0.9494771957397461,1,8,2,T012AE62
calib_02618,0.9272871017456055,0.0,9,0,P115TX123,
calib_02619,0.0,0.9679246544837952,0,9,,E333HE196
calib_02620,0.99266517162323,0.2546122670173645,9,2,B567BB164,88
calib_02621,0.955977201461792,0.2411387711763382,9,3,0285MO174,0W5
calib_02622,0.4720691442489624,0.7833110094070435,6,9,81LLLO,0777ту 58
calib_02623,0.9293653964996338,0.38673651218414307,9,8,A424HH164,94117274
calib_02624,0.7652320861816406,0.8354609608650208,5,9,66X7X,×742xx99.
calib_02625,0.8866132497787476,0.0,9,0,C112xB178,
calib_02626,0.0,0.8863174915313721,0,9,,K720YE68.
calib_02627,0.9093914031982422,0.5811949372291565,9,7,B660XY163,2910998
calib_02628,0.8020458817481995,0.8743576407432556,6,8,98Xd66,y199Px86
calib_02629,0.3475986123085022,0.99392169713974,7,8,8600290,06220098
calib_02630,0.4846276640892029,0.9392220377922058,2,9,06,H190YP163
calib_02631,0.9833379983901978,0.7799741625785828,8,6,B6780E77,L30898
calib_02632,0.9823866486549377,0.0,8,0,H472BC50,
calib_02633,0.7062814831733704,0.8555985689163208,5,8,XX6X.,X191xx71
calib_02634,0.38727763295173645,0.968627393245697,1,9,2,X465EP125
calib_02635,0.9629092812538147,0.0,8,0,K267YA43,
calib_02636,0.0,0.916630744934082,0,9,,-P712cc71
calib_02637,0.3109790086746216,0.9086515307426453,1,8,0,K303YK75
calib_02638,0.0,0.9783099293708801,0,9,,P222BE178
calib_02639,0.9545624256134033,0.369850218296051,8,2,B512TO95,12
calib_02640,0.0,0.9476577043533325,0,9,,B002EP164
calib_02641,0.41432586312294006,0.8924958109855652,6,9,69W57W,M495MY69.
calib_02642,0.0,0.9733421802520752,0,9,,A212TK134
calib_02643,0.9261085987091064,0.0,9,0,T124TH36.,
calib_02644,0.9829394817352295,0.35438477993011475,8,3,P623KA14,722
calib_02645,0.0,0.8796336054801941,0,9,,Y628AT136
calib_02646,0.9406642913818359,0.38567686080932617,9,2,P958KC799,85
calib_02647,0.0,0.9892462491989136,0,8,,T333KA77
calib_02648,0.0,0.9466884136199951,0,8,,M556XK31
calib_02649,0.8805688619613647,0.0,9,0,E7600B134,
calib_02650,0.595579206943512,0.9313330054283142,1,9,1,X296TC177
calib_02651,0.9654775261878967,0.34299570322036743,8,2,H912HA48,8Z
calib_02652,0.946697473526001,0.0,9,0,B250KY197,
calib_02653,0.2194180190563202,0.9517809748649597,1,8,0,T014XE22
calib_02654,0.0,0.9396740794181824,0,8,,A144KO41
calib_02655,0.9468582272529602,0.37468647956848145,8,4,Y584PP86,9885
calib_02656,0.3076782822608948,0.9198424816131592,1,8,2,A324AA77
calib_02657,0.9838173985481262,0.0,9,0,P885KK174,
calib_02658,0.8969979286193848,0.5394209623336792,8,7,X910MT74,21WO6X.
calib_02659,0.959509015083313,0.0,9,0,P021PY777,
calib_02660,0.9137428998947144,0.35425055027008057,9,3,B240TH98-,878
calib_02661,0.5006769299507141,0.965160071849823,8,8,25X1LLLd,P117TX47
calib_02662,0.0,0.8827329277992249,0,8,,H020TO86
calib_02663,0.29100337624549866,0.9944185018539429,2,8,00,M7290031
calib_02664,0.9064393639564514,0.0,9,0,K242CC178,
calib_02665,0.8724197149276733,0.5790051221847534,8,8,0137yx77,LLXALLO.
calib_02666,0.5110125541687012,0.9364711046218872,2,8,96,0999CT86
calib_02667,0.9789577722549438,0.5598312020301819,8,5,0578AX98,86850
calib_02668,0.26857998967170715,0.9383533000946045,3,8,928,0382AH60
calib_02669,0.9723159074783325,0.0,8,0,B7610A50,
calib_02670,0.5539073944091797,0.973241925239563,4,9,8H88,0788CH178
calib_02671,0.7890031933784485,0.9644255042076111,6,9,260999,Y6660A197
calib_02672,0.0,0.9060180187225342,0,8,,E018EY29
calib_02673,0.7046929597854614,0.8997784852981567,10,8,98 1OL6LW.,M797oy86
calib_02674,0.9173474907875061,0.0,9,0,0601EC777,
calib_02675,0.4375503659248352,0.9741040468215942,2,9,22,A302TT152
calib_02676,0.969856858253479,0.3667032718658447,8,2,0444TP40,01
calib_02677,0.0,0.9417093396186829,0,8,,A661BC82
calib_02678,0.35311201214790344,0.9702538251876831,4,9,8186,A939BT198
calib_02679,0.9883269667625427,0.0,8,0,K018BK96,
calib_02680,0.9920991659164429,0.3249046504497528,8,1,A602KP82,8
calib_02681,0.678203821182251,0.6649095416069031,9,7,×138yx177,2XA8ELX
calib_02682,0.9040396809577942,0.9914050102233887,9,8,B98988199,66886868
calib_02683,0.9863131046295166,0.0,8,0,A053HP61,
calib_02684,0.7396838068962097,0.8893272876739502,7,8,2X06061,y909ox22
calib_02685,0.9712997078895569,0.7472953796386719,9,9,04440043.,27007770.
calib_02686,0.0,0.9084566235542297,0,8,,E843XT72
calib_02687,0.9687405824661255,0.6283480525016785,8,4,A064KY14,3790
calib_02688,0.9216198325157166,0.0,9,0,A547XK35.,
calib_02689,0.9635264277458191,0.0,9,0,A131CE196,
calib_02690,0.0,0.9594043493270874,0,8,,H5170E40
calib_02691,0.0,0.965657114982605,0,9,,M168XK116
calib_02692,0.9340364933013916,0.42185577750205994,9,1,P092KX777,2
calib_02693,0.31451794505119324,0.9913356304168701,1,8,8,K323BK63
calib_02694,0.8375076055526733,0.5929158926010132,8,8,0789HY77,LLH68LO.
calib_02695,0.993300199508667,0.0,9,0,E402BA197,
calib_02696,0.6486316323280334,0.9356963038444519,7,9,2610657,A4590X197
calib_02697,0.7765823006629944,0.8518450856208801,9,10,1910X807A,-v408x0161
calib_02698,0.6013167500495911,0.9815560579299927,2,9,88,C478BC163
calib_02699,0.47211214900016785,0.9421847462654114,6,8,9H8691,T619PH64
calib_02700,0.9700008630752563,0.30949413776397705,8,3,T522TT39,225
calib_02701,0.9360519051551819,0.0,8,0,C721KP04,
calib_02702,0.9676007628440857,0.2895890176296234,8,5,0030KB62,80020
calib_02703,0.8998252153396606,0.38644713163375854,9,5,C741PH175,SLHLO
calib_02704,0.8983879089355469,0.636610209941864,9,8,E789XT161,T9LX68L3
calib_02705,0.0,0.9501297473907471,0,9,,H335KO102
calib_02706,0.9221986532211304,0.0,8,0,K713KO13,
calib_02707,0.8945838212966919,0.7213510274887085,8,5,y963cy86,98096
calib_02708,0.3727075755596161,0.8958890438079834,1,9,7,X940HK102
calib_02709,0.4672926068305969,0.9179898500442505,2,7,08,0180KA4
calib_02710,0.8911454677581787,0.0,9,0,E413yT134,
calib_02711,0.7274141311645508,0.7990715503692627,7,9,601868.,K898 Yo97
calib_02712,0.0,0.8947991132736206,0,9,,A502YB159
calib_02713,0.9527026414871216,0.7318143248558044,8,6,Y986PB54,86986.
calib_02714,0.40594032406806946,0.9136801958084106,2,9,00,0002YE750
calib_02715,0.0,0.9429792761802673,0,9,,M832AM05.
calib_02716,0.4567861557006836,0.9472554922103882,1,8,1,M129TO31
calib_02717,0.3068026304244995,0.8288512825965881,4,8,9185,y578CT96
calib_02718,0.9805905818939209,0.3149629533290863,8,3,H478BX32,288
calib_02719,0.0,0.9463583827018738,0,8,,A660PC77
calib_02720,0.0,0.9452581405639648,0,9,,B007AP134
calib_02721,0.0,0.9205639958381653,0,8,,K602YP10
calib_02722,0.3841313421726227,0.9188053607940674,3,8,H82,M283YH31
calib_02723,0.19559448957443237,0.9285422563552856,1,9,A,X753AT174
calib_02724,0.2797611355781555,0.9354651570320129,2,9,OO,A071XO161
calib_02725,0.5236681699752808,0.9727590084075928,2,9,68,B911HA799
calib_02726,0.9905597567558289,0.0,8,0,A843HP73,
calib_02727,0.41468918323516846,0.9668177366256714,1,8,0,B970XE26
calib_02728,0.47743603587150574,0.9482128024101257,2,8,28,E343BC53
calib_02729,0.9679524898529053,0.597223162651062,8,6,C494B039,608767
calib_02730,0.9533473253250122,0.0,9,0,B116AE147,
calib_02731,0.2628403902053833,0.9225796461105347,2,8,20,B072EP35
calib_02732,0.9767571687698364,0.0,9,0,B957AE164,
calib_02733,0.9722900390625,0.43497133255004883,8,3,0007KA68,900
calib_02734,0.947749674320221,0.0,8,0,C111MB98,
calib_02735,0.925758957862854,0.0,8,0,0072KP44,
calib_02736,0.8408048748970032,0.17452648282051086,8,1,Y7250x54,O
calib_02737,0.9649509787559509,0.0,9,0,E596E0152,
calib_02738,0.9849019050598145,0.6217657327651978,8,1,C741AP39,.
calib_02739,0.974751889705658,0.0,9,0,T221EB138,
calib_02740,0.0,0.9680330753326416,0,8,,A676AA10
calib_02741,0.44904035329818726,0.9023370742797852,8,8,24AU6613,E199AY17
calib_02742,0.3320981562137604,0.9889587759971619,1,9,2,A852AP147
calib_02743,0.9166293740272522,0.42057308554649353,9,3,C219ET96.,962
calib_02744,0.4905588626861572,0.9388890862464905,2,9,..,0317AH102
calib_02745,0.8699140548706055,0.38416504859924316,8,5,x723YA52,2SVAZ
calib_02746,0.9646655321121216,0.37942567467689514,9,5,B2840X763,20788
calib_02747,0.971695065498352,0.355253130197525,9,1,E645BY161,8
calib_02748,0.8686543107032776,0.2554450035095215,8,1,A053xc37,0
calib_02749,0.0,0.9845632910728455,0,9,,C237KA178
calib_02750,0.9796745777130127,0.3241223990917206,9,2,C233BA190,82
calib_02751,0.9507033824920654,0.3409155607223511,9,1,C695BA142,8
calib_02752,0.32712966203689575,0.976668119430542,1,8,8,B283AA35
calib_02753,0.9651651382446289,0.0,8,0,P111cx35,
calib_02754,0.9049354195594788,0.39146503806114197,9,9,x297yy178,84411262X
calib_02755,0.9292592406272888,0.36755916476249695,8,6,0217HA71,VHЛZO.
calib_02756,0.9109418988227844,0.5030776262283325,8,8,K580xx90,06 XX085
calib_02757,0.9323055148124695,0.8388416767120361,6,8,66976H,H946Yc99
calib_02758,0.0,0.9671006798744202,0,9,,K447AY750
calib_02759,0.6890921592712402,0.895909309387207,6,8,97088H,H188Cc46
calib_02760,0.0,0.8910245895385742,0,8,,K025HO21
calib_02761,0.9690642356872559,0.5511528849601746,8,6,T401AT96,961071
calib_02762,0.0,0.9902973175048828,0,8,,H031KP24
calib_02763,0.2726622223854065,0.9844715595245361,1,8,8,E142BA96
calib_02764,0.0,0.982475996017456,0,9,,E359PT161
calib_02765,0.9714645743370056,0.0,9,0,K150AT134,
calib_02766,0.31352779269218445,0.9685584306716919,5,8,08828,B428BA01
calib_02767,0.9570119380950928,0.32582297921180725,8,6,K074XH55,SHXZOK
calib_02768,0.9588470458984375,0.3728416860103607,9,3,X422CT163,527
calib_02769,0.9784908294677734,0.0,9,0,E499KP198,
calib_02770,0.9532328844070435,0.26003849506378174,9,4,03330B199,8523
calib_02771,0.5098427534103394,0.9423379898071289,7,8,VZLHOLL,T770HT71
calib_02772,0.994673490524292,0.34382951259613037,8,1,A652BP69,8
calib_02773,0.9439220428466797,0.26579123735427856,9,3,A443TX164,927
calib_02774,0.9248640537261963,0.0,9,0,C038AH125,
calib_02775,0.9701306223869324,0.0,9,0,C705HE125,
calib_02776,0.0,0.932377815246582,0,8,,B777EB70
calib_02777,0.0,0.8727289438247681,0,9,,K639XC159
calib_02778,0.9119335412979126,0.0,8,0,H555BX50,
calib_02779,0.3997788429260254,0.8915920853614807,3,8,SS.,M555YM23
calib_02780,0.876609742641449,0.0,9,0,FK241PA69,
calib_02781,0.0,0.7235370874404907,0,10,,В 111Ур 36
calib_02782,0.0,0.9863617420196533,0,9,,A159PA199
calib_02783,0.0,0.9919564127922058,0,9,,A656MA174
calib_02784,0.8348652124404907,0.843808650970459,7,8,9XXL6LX,x791xx45
calib_02785,0.9044647216796875,0.5115092992782593,8,5,T184CY62,29078
calib_02786,0.9174601435661316,0.5373623371124268,9,8,B882BB 50,05882888
calib_02787,0.9055063724517822,0.4806530773639679,9,3,X979PT93.,166
calib_02788,0.3955782651901245,0.8066093921661377,4,8,0000,C030cc77
calib_02789,0.9793781638145447,0.6480943560600281,9,9,Y868BK197,26L188981
calib_02790,0.9549962282180786,0.0,9,0,A610AC797,
calib_02791,0.93480384349823,0.5352835655212402,8,4,c709cc97,6060
calib_02792,0.9814732074737549,0.0,8,0,K136HH31,
calib_02793,0.7460536360740662,0.9501436352729797,6,8,6 H688,P889HE39
calib_02794,0.9740245342254639,0.438487708568573,9,4,M6810031.,0089
calib_02795,0.9303866028785706,0.8158538937568665,8,3,C900EE47,006
calib_02796,0.8431429266929626,0.5587416291236877,8,7,P280oy69,6910080
calib_02797,0.9920109510421753,0.3330884873867035,9,2,A829PT152,22
calib_02798,0.4458668828010559,0.9471753835678101,2,10,22,-A597PK123
calib_02799,0.939031720161438,0.30465805530548096,9,1,A645YE38-,8
calib_02800,0.0,0.9128018617630005,0,9,,H141yo163
calib_02801,0.2724332809448242,0.9547009468078613,2,8,26,A922P092
calib_02802,0.3132373094558716,0.9726550579071045,2,8,82,T682AB98
calib_02803,0.9580001831054688,0.3718162178993225,9,4,B014KY198,8108
calib_02804,0.9609642028808594,0.4627908170223236,9,9,P737XP77.,LLDXLELD.
calib_02805,0.6583022475242615,0.8783206939697266,7,9,9LHOLL6,K977OH161
calib_02806,0.9910616278648376,0.0,9,0,B1230A198,
calib_02807,0.2834673821926117,0.948874294757843,2,8,80,A102BY51
calib_02808,0.9730469584465027,0.3189149796962738,9,1,A426T×163,7
calib_02809,0.9740569591522217,0.0,8,0,K552YE54,
calib_02810,0.6550999879837036,0.9221996665000916,5,9,16990,C669XT154
calib_02811,0.0,0.9432976245880127,0,8,,A011YB42
calib_02812,0.9693431854248047,0.828584611415863,9,7,T888HA197,26VH888
calib_02813,0.9857087135314941,0.7033891677856445,8,7,P864HH64,79HH798
calib_02814,0.0,0.9251184463500977,0,9,,0810EH178
calib_02815,0.4659433364868164,0.8763048052787781,6,10,66188.,K878PY199.
calib_02816,0.9311145544052124,0.3346688151359558,8,2,c020cc26,00
calib_02817,0.9312290549278259,0.7702390551567078,9,8,B644HY196,961H7798
calib_02818,0.971731424331665,0.23222285509109497,9,2,P3830B161,85
calib_02819,0.956379234790802,0.0,9,0,P9290E174,
calib_02820,0.9494127631187439,0.0,9,0,H394EC123,
calib_02821,0.0,0.9665511250495911,0,9,,H153AP777
calib_02822,0.0,0.986520528793335,0,8,,K559ET46
calib_02823,0.9431140422821045,0.27394336462020874,9,5,X334AH64.,7A733
calib_02824,0.0,0.9514798521995544,0,8,,A619EC93
calib_02825,0.9882773160934448,0.0,8,0,K054BA73,
calib_02826,0.9049955606460571,0.31679239869117737,10,2,P581BP 76.,88
calib_02827,0.9764615297317505,0.0,9,0,K418BT750,
calib_02828,0.4588926434516907,0.9803704023361206,4,9,S900,T006XH750
calib_02829,0.0,0.8674059510231018,0,9,,B331OH197
calib_02830,0.9805532097816467,0.0,9,0,P555AC197,
calib_02831,0.8356611728668213,0.851176381111145,8,8,B946YB98,86819768
calib_02832,0.3798689842224121,0.925853967666626,1,9,0,X073YA163
calib_02833,0.9750135540962219,0.3729996383190155,8,1,P220AX78,0
calib_02834,0.9524387121200562,0.0,8,0,X263PP54,
calib_02835,0.0,0.9862699508666992,0,8,,M881AA31
calib_02836,0.28641819953918457,0.9879217147827148,1,8,2,A582AE82
calib_02837,0.9611504673957825,0.48234525322914124,9,1,H124HH48.,8
calib_02838,0.0,0.9258418083190918,0,8,,K176OB46
calib_02839,0.4022723138332367,0.8933045268058777,5,9,9O90A,y076yo163
calib_02840,0.9921026229858398,0.6181730628013611,9,9,H600HP197,6L H009H.
calib_02841,0.9890553951263428,0.0,9,0,H560EA125,
calib_02842,0.5708232522010803,0.9532715082168579,7,8,2607058,B5040P93
calib_02843,0.9159396290779114,0.0,9,0,Y393EK178,
calib_02844,0.31372207403182983,0.861085057258606,5,8,8X57X,X545XB77
calib_02845,0.9440252780914307,0.3624623417854309,8,5,H598CT68,89185
calib_02846,0.0,0.9653689861297607,0,9,,H372AH790
calib_02847,0.32944774627685547,0.9703491926193237,2,8,10,B707TA10
calib_02848,0.9905740022659302,0.34007012844085693,8,2,E0020066,00
calib_02849,0.9836499691009521,0.3274267613887787,9,3,B258BB750,888
calib_02850,0.35026493668556213,0.965144693851471,1,8,0,K003KB60
calib_02851,0.9469355940818787,0.0,8,0,E611XA02,
calib_02852,0.82904452085495,0.0,9,0,B971TY154,
calib_02853,0.9590001702308655,0.2932297885417938,8,2,B473ET82,28
calib_02854,0.9475863575935364,0.22829031944274902,8,1,B050TE31,5
calib_02855,0.0,0.9571744203567505,0,8,,E996AC70
calib_02856,0.9212642312049866,0.27457040548324585,9,1,A547XE196,9
calib_02857,0.9896270036697388,0.5343425869941711,9,6,P469HH161,9HH697
calib_02858,0.9933270215988159,0.4032255709171295,9,3,E569PH199,669
calib_02859,0.9277966022491455,0.2715719938278198,9,2,K1910x197,XO
calib_02860,0.49280956387519836,0.9111006855964661,8,9,89888888,B888BB 68
calib_02861,0.0,0.9383395314216614,0,8,,E691KB08
calib_02862,0.8913713097572327,0.0,8,0,B5220H62,
calib_02863,0.33243605494499207,0.8630704283714294,7,9,2201271,T642Y0777
calib_02864,0.9872643351554871,0.453091025352478,9,2,H888AT163,88
calib_02865,0.0,0.8880378603935242,0,8,,K373EY35
calib_02866,0.8681294918060303,0.2963688373565674,8,5,Y970PA01,20VOL
calib_02867,0.0,0.9881151914596558,0,9,,E670AT198
calib_02868,0.0,0.942988395690918,0,8,,P528CT33
calib_02869,0.2844717502593994,0.9872217178344727,4,8,8888,H342BC89
calib_02870,0.9621613025665283,0.6261239647865295,9,3,A900HH164,006
calib_02871,0.26652729511260986,0.9957425594329834,1,9,5,E63500197
calib_02872,0.9794905781745911,0.4575762152671814,8,7,P300BB97,2688002
calib_02873,0.4982178509235382,0.9506279230117798,6,8,688008,B007BB93
calib_02874,0.9749221801757812,0.6037927865982056,9,6,C608AH797,628090
calib_02875,0.0,0.9588614702224731,0,8,,H560BK32
calib_02876,0.9940534234046936,0.6896365880966187,9,1,A465TH152,.
calib_02877,0.0,0.9421555399894714,0,8,,H777CK76
calib_02878,0.9410135746002197,0.0,9,0,K121XB199,
calib_02879,0.5986508131027222,0.9440224170684814,7,9,052AX67,x491xy750
calib_02880,0.9836333394050598,0.0,9,0,M421BM73.,
calib_02881,0.30736348032951355,0.9728118181228638,3,9,222,P2220P199
calib_02882,0.0,0.9420569539070129,0,9,,E343AY797
calib_02883,0.899469256401062,0.24142591655254364,8,4,A104HX01,ОXHО
calib_02884,0.3336583077907562,0.9568418860435486,3,8,288,B012TB82
calib_02885,0.0,0.9754908084869385,0,8,,0670KT67
calib_02886,0.9007846713066101,0.2287014275789261,8,1,T5170043,S
calib_02887,0.0,0.9352774024009705,0,8,,A061A092
calib_02888,0.9289525151252747,0.29265859723091125,9,6,A929KX198,862568
calib_02889,0.874391496181488,0.4236576557159424,8,3,H232cx99,663
calib_02890,0.37880808115005493,0.9919441938400269,1,9,2,P059XP123
calib_02891,0.9674699306488037,0.0,8,0,0016KA32,
calib_02892,0.9736148118972778,0.5550643801689148,9,2,H174AH790,06
calib_02893,0.982826828956604,0.478226900100708,8,5,H9820E68,89028
calib_02894,0.38941094279289246,0.9847943782806396,6,9,202080,08020A163
calib_02895,0.9073966145515442,0.3378165066242218,8,4,A298TX92,2682
calib_02896,0.2733488082885742,0.9841257929801941,1,9,8,B222TE199
calib_02897,0.9049015045166016,0.3618212044239044,10,1,P278BO136.,8
calib_02898,0.3998861312866211,0.9419441223144531,2,9,Z9,E677XE174
calib_02899,0.922822117805481,0.0,9,0,C259AA199,
calib_02900,0.9241662621498108,0.43356025218963623,9,1,E559BX790,8
calib_02901,0.9078037738800049,0.0,8,0,C714KP77,
calib_02902,0.7130119204521179,0.8975728154182434,7,6,SXOL89H,H6870K
calib_02903,0.6573041677474976,0.8576740622520447,5,8,97000,K7000x46
calib_02904,0.9859093427658081,0.0,9,0,B791KA164,
calib_02905,0.0,0.9441744089126587,0,8,,A395XH37
calib_02906,0.0,0.9230139851570129,0,9,,K713XK174
calib_02907,0.9743777513504028,0.5432127714157104,8,5,E948KA08,80876
calib_02908,0.2702880799770355,0.9198745489120483,1,8,S,A525KE27
calib_02909,0.38659802079200745,0.9276421070098877,1,8,8,H500KX98
calib_02910,0.21596285700798035,0.9660629630088806,2,9,83,K038KK40.
calib_02911,0.43551528453826904,0.9514288306236267,1,9,1,T337TO190
calib_02912,0.8781672120094299,0.0,8,0,E758YK70,
calib_02913,0.9398583173751831,0.2094920426607132,9,1,P954Py190,0
calib_02914,0.6669407486915588,0.8408533930778503,7,8,2 10969,y696cy77
calib_02915,0.7650270462036133,0.34683215618133545,6,3,8773YE,ELL
calib_02916,0.6795037388801575,0.8632221221923828,6,9,6XA096,K960Yx159
calib_02917,0.8765184283256531,0.5866485238075256,9,6,K016XX199,66XX90
calib_02918,0.0,0.9718970060348511,0,7,,K336CT7
calib_02919,0.9680818319320679,0.4503380060195923,8,2,A006AA10,00
calib_02920,0.9784488677978516,0.0,9,0,K682AA152,
calib_02921,0.31073158979415894,0.9125940799713135,1,8,8,E819BO50
calib_02922,0.34397628903388977,0.9774277806282043,3,9,288,B039AB777
calib_02923,0.9324174523353577,0.4162035286426544,8,2,C9450B53,05
calib_02924,0.9802771806716919,0.0,8,0,C727AE90,
calib_02925,0.885797917842865,0.3794686794281006,9,3,T216YX777,121
calib_02926,0.33504971861839294,0.9713827967643738,2,9,A2,B272AX134
calib_02927,0.9105344414710999,0.561740517616272,8,5,K967YH31,HA96K
calib_02928,0.25843146443367004,0.9811747074127197,3,8,8H0,B570PH98
calib_02929,0.9969046115875244,0.3302289843559265,9,5,022800123,22822
calib_02930,0.9891216158866882,0.696844220161438,8,5,P7880A78,8V088
calib_02931,0.984696090221405,0.0,9,0,H725BB125,
calib_02932,0.0,0.9585899114608765,0,8,,C7560E69
calib_02933,0.8853025436401367,0.44323262572288513,8,3,K3240Y77,072
calib_02934,0.8594412207603455,0.36461156606674194,8,1,T111TT12,1
calib_02935,0.0,0.9829602241516113,0,8,,P630HT93
calib_02936,0.0,0.9796854257583618,0,8,,C655TH63
calib_02937,0.0,0.9844915866851807,0,9,,K165KB197
calib_02938,0.9852060675621033,0.0,9,0,K772HE196,
calib_02939,0.3103281557559967,0.9656839370727539,5,8,51200,0302TT36
calib_02940,0.9246461987495422,0.45403504371643066,8,3,K424C082,287
calib_02941,0.9856535196304321,0.0,8,0,B384HH53,
calib_02942,0.0,0.9627374410629272,0,8,,K906KT51
calib_02943,0.0,0.9878538846969604,0,8,,K994B134
calib_02944,0.9853627681732178,0.46680980920791626,8,1,C644CK64,9
calib_02945,0.9739297032356262,0.8268139362335205,9,9,0006XA199,66 VX9000
calib_02946,0.2569350600242615,0.9298737049102783,1,9,2,E759OK102
calib_02947,0.9870378971099854,0.0,8,0,E297EP77,
calib_02948,0.5648472309112549,0.9289979934692383,1,9,.,X502HC125
calib_02949,0.9501820206642151,0.0,8,0,H305TB72,
calib_02950,0.9090020656585693,0.8501810431480408,8,9,0578HH96,96HH8LSO-
calib_02951,0.8976104259490967,0.7493043541908264,9,9,X8840E86.,98≡0788X.
calib_02952,0.0,0.9696139097213745,0,8,,C605HT34
calib_02953,0.9339337348937988,0.5594683289527893,10,6,0087PA777-,LLL80O
calib_02954,0.9710156917572021,0.37299540638923645,8,2,X062KA64,90
calib_02955,0.9854371547698975,0.30146151781082153,9,2,K637TP159,3.
calib_02956,0.28346455097198486,0.9436208605766296,3,10,222,×39900-123
calib_02957,0.6597908735275269,0.9925049543380737,9,8,65 dd8890,0688PP39
calib_02958,0.7406774163246155,0.8122791051864624,4,10,5676,-P949cc71-
calib_02959,0.9341040849685669,0.37064439058303833,9,2,T854KX45.,78
calib_02960,0.8511849641799927,0.2858726978302002,9,1,Y286xK178,8
calib_02961,0.8164828419685364,0.9906907677650452,4,8,2860,P098PA33
calib_02962,0.0,0.9710644483566284,0,8,,H555TA46
calib_02963,0.9819791913032532,0.37936651706695557,8,2,K646AB99,68
calib_02964,0.9219509959220886,0.0,9,0,P516CP35.,
calib_02965,0.0,0.9898019433021545,0,9,,H258PP102
calib_02966,0.3142881989479065,0.9814227223396301,2,9,80,E709CB196
calib_02967,0.9482004642486572,0.2623071074485779,8,1,B225XB38,2
calib_02968,0.44536668062210083,0.9760289192199707,1,8,6,A579HX35
calib_02969,0.948685348033905,0.0,9,0,B327OH125,
calib_02970,0.0,0.9591760039329529,0,8,,0336HC05
calib_02971,0.9599151611328125,0.0,9,0,P723PT177,
calib_02972,0.7507913708686829,0.9099392890930176,8,8,060X269H,H692XO90
calib_02973,0.300460547208786,0.9732227325439453,3,8,250,X350PE42
calib_02974,0.0,0.9692170023918152,0,9,,C712PT161
calib_02975,0.9358617067337036,0.3892897069454193,9,2,A467KB799,68
calib_02976,0.8757188320159912,0.6801918745040894,8,5,y662XH54,HXZ99
calib_02977,0.86808180809021,0.30713966488838196,8,2,Y936EC52,25
calib_02978,0.9726572036743164,0.0,9,0,C222PK750,
calib_02979,0.9359009861946106,0.5695159435272217,9,2,-K067HH35,90
calib_02980,0.9659819006919861,0.0,9,0,E557HA134,
calib_02981,0.34108030796051025,0.9770333766937256,1,8,8,H698AB32
calib_02982,0.9826250076293945,0.0,8,0,E233EK15,
calib_02983,0.8421114683151245,0.3164568543434143,9,1,C668co750,0
calib_02984,0.9598637223243713,0.45976898074150085,8,7,H888PO37,0d888H.
calib_02985,0.30218732357025146,0.9865535497665405,1,8,8,B796KH82
calib_02986,0.0,0.9226610660552979,0,8,,C585KK01
calib_02987,0.0,0.9907948970794678,0,9,,K333AA196
calib_02988,0.0,0.9829109907150269,0,8,,A147EC37
calib_02989,0.38016277551651,0.925891637802124,2,8,98,X261BX64
calib_02990,0.0,0.9834545850753784,0,8,,H050CP26
calib_02991,0.888397216796875,0.468844473361969,9,4,A849CY716,1678
calib_02992,0.23715561628341675,0.9819321036338806,1,9,0,T037XE174
calib_02993,0.0,0.9781367182731628,0,9,,A234AA150
calib_02994,0.9854523539543152,0.25209009647369385,9,3,E238CB190,882
calib_02995,0.0,0.9586337804794312,0,8,,H316TC63
calib_02996,0.0,0.9179417490959167,0,8,,H573E093
calib_02997,0.9711803793907166,0.4743719696998596,8,5,B997BB99,66888
calib_02998,0.3281174898147583,0.9763216376304626,2,8,00,X001TH23
calib_02999,0.6351970434188843,0.9718318581581116,7,9,9H07893,C6840H163
calib_03000,0.9826886653900146,0.30720555782318115,8,4,H362AC65,9122
calib_03001,0.7978634834289551,0.9364910125732422,9,8,20HK878X.,X848KH03
calib_03002,0.4383814036846161,0.9051456451416016,3,9,82.,M298BY73.
calib_03003,0.8050957918167114,0.9433067440986633,7,7,SLRA86H,H981154
calib_03004,0.8625626564025879,0.0,8,0,x252xK52,
calib_03005,0.9628887176513672,0.0,8,0,T349KC67,
calib_03006,0.30355104804039,0.9800434112548828,4,8,005O,07750047
calib_03007,0.9396155476570129,0.2823202908039093,8,1,P784KA02,2
calib_03008,0.9794744253158569,0.0,8,0,K185KB82,
calib_03009,0.9824214577674866,0.0,9,0,E840HC134,
calib_03010,0.9159926176071167,0.0,9,0,0160AB123,
calib_03011,0.8958494663238525,0.5671128630638123,9,6,A009XX123,226000
calib_03012,0.9327378869056702,0.21477879583835602,9,3,X013XE152,XSO
calib_03013,0.4222789406776428,0.9498974084854126,2,8,00,H0200075
calib_03014,0.44856348633766174,0.7988656759262085,4,8,2000,×900OK52
calib_03015,0.4257865250110626,0.9804032444953918,2,9,20,E673EE102
calib_03016,0.9686395525932312,0.0,8,0,0892KA39,
calib_03017,0.9828755259513855,0.0,9,0,H425AA199,
calib_03018,0.1691681444644928,0.9484640955924988,1,9,5,A336EY152
calib_03019,0.9316861629486084,0.4574984610080719,8,5,M204OH98,86100
calib_03020,0.6974733471870422,0.9596949815750122,7,8,97W068K,K789OM46
calib_03021,0.3738267719745636,0.9894759654998779,1,8,0,K404EK61
calib_03022,0.0,0.8995005488395691,0,8,,×113cx56
calib_03023,0.19174429774284363,0.9808366298675537,1,8,2,H370KH25
calib_03024,0.9852885007858276,0.0,9,0,E244EP196,
calib_03025,0.31977349519729614,0.9869368672370911,1,9,2,T6670A125
calib_03026,0.8684021830558777,0.32871368527412415,10,1,-A002KX152,0
calib_03027,0.9754757285118103,0.3064945340156555,8,5,T030TB54,81000
calib_03028,0.9924840927124023,0.3485116958618164,8,2,H745HE32,SL
calib_03029,0.18558835983276367,0.9148256778717041,1,8,0,K973TO05
calib_03030,0.0,0.9058457612991333,0,9,,A795KK159
calib_03031,0.9680536985397339,0.0,8,0,B122KC82,
calib_03032,0.0,0.9199758768081665,0,8,,T736PO47
calib_03033,0.9761297702789307,0.5258115530014038,9,6,A798HT763,921H86
calib_03034,0.0,0.9811931252479553,0,9,,C483PA777
calib_03035,0.98445725440979,0.36617347598075867,8,1,A472CH96,9
calib_03036,0.9353588223457336,0.0,8,0,B772EH21,
calib_03037,0.0,0.9713430404663086,0,8,,E313HP29
calib_03038,0.9223880767822266,0.6975692510604858,8,2,E493KX98,86
calib_03039,0.9415236711502075,0.35396572947502136,8,3,P140BY51,180
calib_03040,0.9523190259933472,0.26105648279190063,8,2,H203HH60,93
calib_03041,0.9392324090003967,0.23395180702209473,9,1,Y109AK774,0
calib_03042,0.0,0.9359931945800781,0,9,,Y7630P161
calib_03043,0.8401821255683899,0.22733132541179657,8,3,A4330x31,202
calib_03044,0.436135470867157,0.9164062142372131,1,9,2,K435Py123
calib_03045,0.0,0.940532922744751,0,8,,0737E005
calib_03046,0.5295705795288086,0.9726595878601074,7,8,088898.,H868BB02
calib_03047,0.9839134216308594,0.0,8,0,P202XE56,
calib_03048,0.9492880702018738,0.0,8,0,K577OP46,
calib_03049,0.5420323014259338,0.9301081895828247,6,9,K18671,T498YK777
calib_03050,0.0,0.9643529653549194,0,8,,E914EK14
calib_03051,0.3614613115787506,0.8338371515274048,1,8,8,Y336B071
calib_03052,0.924854040145874,0.6505225300788879,9,6,B805HP 98,86 H08
calib_03053,0.9398205876350403,0.5130910873413086,10,2,M487AM 31.,8.
calib_03054,0.5595242977142334,0.985772967338562,9,9,25.dd7LEH,H374PP152
calib_03055,0.9664435982704163,0.6491111516952515,9,8,P452XH199,66HXZ57d
calib_03056,0.4520927369594574,0.8994895815849304,1,7,2,K728YP7
calib_03057,0.8471589684486389,0.2647912800312042,9,1,T 181OB32,0
calib_03058,0.8927278518676758,0.2446991354227066,9,2,H100OT36.,91
calib_03059,0.9711160659790039,0.0,9,0,X828PK116,
calib_03060,0.6730862855911255,0.8529311418533325,8,8,79108880,08880T64
calib_03061,0.9877079129219055,0.0,8,0,H279CP69,
calib_03062,0.8940387964248657,0.0,8,0,Y161EC71,
calib_03063,0.9000337719917297,0.8383196592330933,5,8,66666,K999xC99
calib_03064,0.0,0.9099239110946655,0,8,,C001AP77
calib_03065,0.6915582418441772,0.9418172836303711,7,8,LD086SH,H5980P77
calib_03066,0.633804202079773,0.8106527328491211,5,9,1897K,K468TY 51
calib_03067,0.88841313123703,0.5198107361793518,8,4,T881YA71,ZA88
calib_03068,0.9179491400718689,0.47642698884010315,9,1,C388BO116,8
calib_03069,0.9760081171989441,0.34048935770988464,9,3,H610CH799,660
calib_03070,0.9817219972610474,0.40757977962493896,9,2,A155AC122,22
calib_03071,0.9690271615982056,0.5362322926521301,8,4,H003MT98,8600
calib_03072,0.9337539672851562,0.25357723236083984,9,1,K942YH102,2
calib_03073,0.0,0.9213939309120178,0,9,,K017AT134
calib_03074,0.5112378597259521,0.9408591389656067,9,9,52LX87438,B414BX134
calib_03075,0.9754875898361206,0.45393046736717224,8,1,H423KC29,.
calib_03076,0.9279114603996277,0.0,9,0,A5550T164,
calib_03077,0.9683682918548584,0.5960687398910522,8,8,H648AB29,628V879H
calib_03078,0.3918927013874054,0.9448152184486389,3,9,878,Y984KA178
calib_03079,0.9056376218795776,0.87105393409729,8,8,0171YH64,9HALLLO.
calib_03080,0.0,0.8838943243026733,0,9,,c532xK750
calib_03081,0.0,0.8899946212768555,0,9,,C368A0116
calib_03082,0.9749045968055725,0.0,9,0,B727KK164,
calib_03083,0.9064457416534424,0.0,9,0,0728A0136,
calib_03084,0.0,0.992477536201477,0,9,,H134PK178
calib_03085,0.4918191432952881,0.9610848426818848,4,8,LVX6,K197XA77
calib_03086,0.5745387077331543,0.7767313718795776,8,10,86 A99H.,H661yр 98.
calib_03087,0.0,0.8697043657302856,0,8,,H239YP68
calib_03088,0.47235795855522156,0.8963597416877747,1,9,.,K451KY799
calib_03089,0.9132376909255981,0.0,8,0,X015AB98,
calib_03090,0.13115067780017853,0.9555336833000183,1,8,8,A447P076
calib_03091,0.3412470817565918,0.8849260807037354,2,9,XX,K731xx159
calib_03092,0.4285009503364563,0.9486706256866455,8,8,7LKLL7O.,0477KT57
calib_03093,0.0,0.8940848112106323,0,9,,c811cy190
calib_03094,0.5172960758209229,0.9463989734649658,4,8,1672,Y249TA34
calib_03095,0.7698370218276978,0.9915549755096436,8,8,22006660,09990023
calib_03096,0.7569326758384705,0.9346721172332764,8,9,86087870,0484BO198
calib_03097,0.9826347827911377,0.34475940465927124,9,1,T058KA799,8
calib_03098,0.0,0.9902494549751282,0,8,,T4310A35
calib_03099,0.0,0.9192079901695251,0,8,,E789TB62
calib_03100,0.3452955186367035,0.9957089424133301,6,8,800700,00420048
calib_03101,0.941217839717865,0.4714747369289398,9,6,H666XA150,OX999H
calib_03102,0.8648154735565186,0.0,9,0,y301Kx799,
calib_03103,0.8671287894248962,0.9740550518035889,9,9,662309070,04060E799
calib_03104,0.3517730236053467,0.9337498545646667,2,8,21,A114BT92
calib_03105,0.9693036675453186,0.5285327434539795,9,9,P3290H199,66LH06264
calib_03106,0.9681901335716248,0.638458251953125,8,9,H944EY48,87A3776H-
calib_03107,0.9879323244094849,0.4523729383945465,8,5,E890KX50,05068
calib_03108,0.9280286431312561,0.0,8,0,E111EH54,
calib_03109,0.5698913931846619,0.9230628609657288,3,8,800,Y090AB34
calib_03110,0.4113503396511078,0.9759992361068726,5,8,28208,B025BA82
calib_03111,0.9906615614891052,0.0,8,0,P444EK54,
calib_03112,0.8515930771827698,0.0,9,0,-P333yc59,
calib_03113,0.8885009288787842,0.5642085671424866,8,6,C068Kx66,998900
calib_03114,0.8953649997711182,0.36324557662010193,8,6,Y005PB77,228600
calib_03115,0.33688321709632874,0.8456875681877136,3,9,200,×403K0142
calib_03116,0.9882941842079163,0.0,8,0,E666CA37,
calib_03117,0.8826349377632141,0.2545478045940399,8,2,y982PO33,62
calib_03118,0.28645893931388855,0.9230234622955322,1,9,8,0482BP46.
calib_03119,0.3708494305610657,0.8780738115310669,1,9,2,0552BY102
calib_03120,0.966232419013977,0.20782947540283203,8,1,0333AC62,3
calib_03121,0.9312471747398376,0.0,9,0,A164HH29.,
calib_03122,0.9835696816444397,0.36899515986442566,8,3,B235KK82,282
calib_03123,0.9875497221946716,0.0,8,0,H425EE32,
calib_03124,0.35961446166038513,0.9748609066009521,3,8,080,A080AA93
calib_03125,0.9759068489074707,0.27017396688461304,8,1,H748TH32,8
calib_03126,0.9866570234298706,0.2706332206726074,8,1,A418AA37,8
calib_03127,0.2746824324131012,0.9791272878646851,3,8,288,A318AX82
calib_03128,0.9721638560295105,0.0,9,0,X405AH125,
calib_03129,0.45075270533561707,0.9756491184234619,4,9,080.,K080AM31.
calib_03130,0.4253368079662323,0.9161622524261475,2,8,89,K668Ey75
calib_03131,0.5027271509170532,0.9794656038284302,1,8,.,A525TA35
calib_03132,0.9585385918617249,0.38581526279449463,8,4,0002AA22,2000
calib_03133,0.0,0.9886530041694641,0,8,,A523KH92
calib_03134,0.8770284056663513,0.49983516335487366,9,4,B799cy799,6618
calib_03135,0.9847813844680786,0.0,8,0,A803HK76,
calib_03136,0.4345794916152954,0.9239677786827087,4,9,6000,A020AO198
calib_03137,0.9698486328125,0.4671194851398468,8,4,H800EM98,8008
calib_03138,0.9772762656211853,0.38517770171165466,9,1,A388AA190,8
calib_03139,0.0,0.9847815036773682,0,8,,0564AE25
calib_03140,0.0,0.9313899874687195,0,8,,A602A098
calib_03141,0.2165193408727646,0.963578999042511,1,8,5,H599AE67
calib_03142,0.8742382526397705,0.342309832572937,8,6,A105x035,OXSOL.
calib_03143,0.8401596546173096,0.37448665499687195,8,7,H320yy42,27A1022
calib_03144,0.0,0.9398894906044006,0,9,,E760EK116
calib_03145,0.9950236082077026,0.4564054012298584,8,2,P951PP64,9S
calib_03146,0.9724557399749756,0.4303871691226959,8,3,E666HE98,869
calib_03147,0.0,0.9377179741859436,0,9,,T313HY178
calib_03148,0.4806181490421295,0.989494800567627,4,8,3297,A462XE77
calib_03149,0.0,0.9610452651977539,0,9,,B326HX125
calib_03150,0.9664130806922913,0.3056349456310272,9,1,Y409EK178,0
calib_03151,0.7848820090293884,0.39523208141326904,8,5,Y330Yy36,9EAA0
calib_03152,0.9493966102600098,0.307667076587677,8,1,A021XH86,0
calib_03153,0.698206901550293,0.8736872673034668,3,8,666,c999cc77
calib_03154,0.0,0.9940686821937561,0,9,,H713HP159
calib_03155,0.0,0.9189126491546631,0,8,,A150MO99
calib_03156,0.6675114631652832,0.8744281530380249,6,8,L8990X,X065YB77
calib_03157,0.3265440762042999,0.9168847799301147,3,8,208,B072F832
calib_03158,0.44253483414649963,0.9472746253013611,3,9,00X,x005yc197
calib_03159,0.9181996583938599,0.6327095627784729,8,7,H854B868,8988758
calib_03160,0.0,0.9675289988517761,0,9,,E5690B198
calib_03161,0.0,0.9756944179534912,0,9,,E263TT123
calib_03162,0.9598858952522278,0.0,8,0,E252EX53,
calib_03163,0.4833444654941559,0.9676796793937683,6,9,XOE80.,08370x777
calib_03164,0.0,0.9708707928657532,0,8,,C172PP97
calib_03165,0.0,0.9483896493911743,0,8,,K525CE71
calib_03166,0.98989337682724,0.0,9,0,P197BE197,
calib_03167,0.8600773215293884,0.5580939054489136,8,8,494HY152,051AH567
calib_03168,0.35724592208862305,0.9050216674804688,1,9,1,X797CT177
calib_03169,0.0,0.9512457847595215,0,8,,T155HB30
calib_03170,0.9922547936439514,0.4326004981994629,9,4,A999PA163,9666
calib_03171,0.3099188208580017,0.8986890316009521,1,9,0,C209A0150
calib_03172,0.957684338092804,0.3625081479549408,8,1,C777PT78,L
calib_03173,0.8586641550064087,0.0,9,0,y236Kc190,
calib_03174,0.9400936961174011,0.6569414138793945,8,1,X471AK96,9
calib_03175,0.30800577998161316,0.9168517589569092,4,9,2300,H002YM28.
calib_03176,0.5904347896575928,0.8513890504837036,5,8,96XX3,C331×x96
calib_03177,0.0,0.914048433303833,0,8,,X316TK98
calib_03178,0.49168670177459717,0.8588860034942627,1,9,8,B361HY799
calib_03179,0.46248874068260193,0.9451249241828918,1,9,2,P488AY123
calib_03180,0.9016539454460144,0.37697067856788635,9,2,B 505BE35,85
calib_03181,0.9955548048019409,0.2850632965564728,9,1,A43500777,5
calib_03182,0.0,0.9399906992912292,0,9,,Y425EB138
calib_03183,0.0,0.9272350072860718,0,8,,C183VE71
calib_03184,0.8477963209152222,0.0,8,0,c590xK97,
calib_03185,0.9705343246459961,0.36387428641319275,9,3,Y246BE197,687
calib_03186,0.22439783811569214,0.8436671495437622,1,8,8,A152YT98
calib_03187,0.9726869463920593,0.0,8,0,K010TT93,
calib_03188,0.9788467884063721,0.31619733572006226,9,2,P662A0797,22
calib_03189,0.28886711597442627,0.9615245461463928,3,9,565,H559AY196
calib_03190,0.0,0.9923524260520935,0,8,,A246KH21
calib_03191,0.0,0.9334092736244202,0,9,,0140KE60.
calib_03192,0.0,0.9391037225723267,0,8,,E215PC77
calib_03193,0.9550046324729919,0.3852440416812897,8,1,X555XE76,9
calib_03194,0.7721377611160278,0.4927705228328705,8,5,y766HY62,999L.
calib_03195,0.6287606954574585,0.9084964394569397,5,9,HX063,C905XH177
calib_03196,0.48709940910339355,0.8579709529876709,3,8,106,T790YX35
calib_03197,0.89915531873703,0.0,9,0,K014KX198,
calib_03198,0.6422768235206604,0.8992087841033936,9,8,75804681.,Y897OB54
calib_03199,0.44386664032936096,0.9285562634468079,4,8,6281,T872CC97
calib_03200,0.8079470992088318,0.4155201017856598,9,5,A429XY196,6L622
calib_03201,0.0,0.9562177658081055,0,10,,E420KT 102
calib_03202,0.9039191007614136,0.0,9,0,X761EY178,
calib_03203,0.7970830202102661,0.4079664945602417,10,8,к700Hу 102,OL AHOOL
calib_03204,0.0,0.9844003319740295,0,8,,E353TA46
calib_03205,0.9590458869934082,0.0,8,0,C584HA23,
calib_03206,0.9071897864341736,0.3503365218639374,8,1,0114xc36,7
calib_03207,0.5325552821159363,0.9015655517578125,6,7,82AA98,861yy38
calib_03208,0.5241673588752747,0.9829450249671936,1,9,.,A202AA178
calib_03209,0.0,0.9826928377151489,0,8,,C253PE34
calib_03210,0.9120383262634277,0.0,8,0,B505EK14,
calib_03211,0.49836722016334534,0.8268051147460938,6,8,8618X.,X192PY98
calib_03212,0.9703487157821655,0.24222588539123535,8,3,H920AA98,805
calib_03213,0.9040013551712036,0.3549729883670807,8,6,0430cc77,250057
calib_03214,0.8631702661514282,0.4190954267978668,8,4,×745Tx54,X17L
calib_03215,0.4576888978481293,0.9880043268203735,5,8,XK89.,A678KX35
calib_03216,0.30528193712234497,0.9658759236335754,4,9,8X72,K724PX178
calib_03217,0.0,0.9864860773086548,0,8,,H272BT36
calib_03218,0.30964452028274536,0.9859411716461182,3,8,207,A840TH82
calib_03219,0.31941238045692444,0.9743160009384155,1,8,3,0427HE40
calib_03220,0.2859734892845154,0.9460824728012085,2,8,82,A222BE61
calib_03221,0.9591658711433411,0.0,9,0,E616CT178,
calib_03222,0.9736923575401306,0.2530626058578491,9,1,B424PE716,8
calib_03223,0.8897963762283325,0.5867223739624023,9,7,X4350y190,0610527
calib_03224,0.0,0.9638954997062683,0,9,,C001KT197
calib_03225,0.0,0.9206199645996094,0,9,,T145K0125
calib_03226,0.9850720763206482,0.1775643676519394,8,1,B302TH27,2
calib_03227,0.9915839433670044,0.0,9,0,H927BK150,
calib_03228,0.0,0.9579187035560608,0,8,,P464KX56
calib_03229,0.9769091010093689,0.0,8,0,E707ET50,
calib_03230,0.0,0.9532252550125122,0,9,,C100AE777
calib_03231,0.9140552878379822,0.437945693731308,9,1,0815BT30.,.
calib_03232,0.8538353443145752,0.7434415221214294,8,6,c777XE78,EXLLLO
calib_03233,0.9859318137168884,0.30900442600250244,9,1,A269AX797,2
calib_03234,0.8915090560913086,0.0,9,0,P142cy199,
calib_03235,0.0,0.8593471646308899,0,10,,P7750K163.
calib_03236,0.8984171748161316,0.45420411229133606,9,7,X960TB174,7228109
calib_03237,0.9521971940994263,0.7192203402519226,8,6,B9780077,200868
calib_03238,0.9936553239822388,0.35647720098495483,8,2,P147CB69,98
calib_03239,0.9817286133766174,0.0,8,0,M001BM64,
calib_03240,0.9524197578430176,0.5510901808738708,8,2,B199TX61,98
calib_03241,0.9748957753181458,0.0,9,0,A042CE174,
calib_03242,0.0,0.9227586984634399,0,10,,B241PX7.63
calib_03243,0.9536935091018677,0.0,8,0,K222PX64,
calib_03244,0.0,0.9525942802429199,0,8,,0758E073
calib_03245,0.0,0.9272735118865967,0,8,,E558CC33
calib_03246,0.3935629427433014,0.8932075500488281,4,8,X289,K682KX46
calib_03247,0.95082688331604,0.386994868516922,9,7,P174B0142,2720874
calib_03248,0.0,0.9830316305160522,0,8,,H665AK31
calib_03249,0.9299620389938354,0.2446744590997696,8,1,B527TX86,8
calib_03250,0.36165136098861694,0.9620921015739441,5,8,2HLZE,X321HP52
calib_03251,0.9848662614822388,0.3009685277938843,8,2,E207BE08,08
calib_03252,0.9618822336196899,0.5443775653839111,7,5,784HH01,10HH8
calib_03253,0.9180570840835571,0.0,8,0,c570cc98,
calib_03254,0.9684862494468689,0.3042181730270386,8,2,K080EC82,20
calib_03255,0.9915064573287964,0.0,8,0,C257PE24,
calib_03256,0.9630159735679626,0.2593894302845001,9,1,A1920B716,2
calib_03257,0.5531637668609619,0.9277956485748291,2,8,90,0611XP39
calib_03258,0.979615330696106,0.28591957688331604,9,1,A632EC702,2
calib_03259,0.9398919343948364,0.3184414207935333,9,3,Y039BA761,820
calib_03260,0.9816344380378723,0.0,9,0,P329CH163,
calib_03261,0.9395822882652283,0.32285094261169434,9,6,0043XP197,265700
calib_03262,0.33928221464157104,0.987517237663269,2,9,28,B094PE702
calib_03263,0.8661167025566101,0.34089845418930054,9,2,K233YK27-,22
calib_03264,0.0,0.9070441126823425,0,9,,X026P0102
calib_03265,0.9579687118530273,0.0,9,0,T246EC174,
calib_03266,0.9017051458358765,0.0,8,0,H273YA40,
calib_03267,0.3619319498538971,0.8736642003059387,6,9,8LOALH,H417yo178
calib_03268,0.9755404591560364,0.37709271907806396,8,1,P991BK69,8
calib_03269,0.942755401134491,0.7210418581962585,9,7,A888PX197,Z6X6888
calib_03270,0.3192707598209381,0.9455164670944214,4,8,0085,0518co54
calib_03271,0.0,0.9856319427490234,0,9,,T132BC178
calib_03272,0.0,0.8155138492584229,0,9,,B 596YE15
calib_03273,0.0,0.9850311279296875,0,8,,E225HE21
calib_03274,0.9312247037887573,0.2790435254573822,9,3,H939AC197,655
calib_03275,0.960582971572876,0.365936815738678,8,2,C034TT36,17
calib_03276,0.8413695096969604,0.6264922618865967,9,6,0200Oy177,10000.
calib_03277,0.5440443754196167,0.881107747554779,5,9,66188,T788BH799
calib_03278,0.9533594250679016,0.38849586248397827,8,4,K614HY60,099K
calib_03279,0.9397224187850952,0.34845614433288574,8,2,H088EY32,80
calib_03280,0.9846075773239136,0.5400933027267456,9,1,E964AX790,6
calib_03281,0.0,0.9528248310089111,0,9,,E858PO98.
calib_03282,0.5483266115188599,0.9175570011138916,1,9,.,0168KT777
calib_03283,0.8151861429214478,0.7677927017211914,8,8,H6900X29,62X0069H
calib_03284,0.9663306474685669,0.0,8,0,E163EH82,
calib_03285,0.9233047366142273,0.0,8,0,T635PY33,
calib_03286,0.7785760760307312,0.0,7,0,H261HHE,
calib_03287,0.46179383993148804,0.9927624464035034,2,8,26,A179KP82
calib_03288,0.29534825682640076,0.9775286912918091,1,8,2,H283CA72
calib_03289,0.9309056401252747,0.0,9,0,0262KE174,
calib_03290,0.9408776760101318,0.7089416980743408,8,8,H495KX40,07XXS67H
calib_03291,0.8825111389160156,0.7839443683624268,9,6,y666XH178,HX999A
calib_03292,0.9316984415054321,0.3732477128505707,8,2,0054TO39,15
calib_03293,0.9398928880691528,0.0,9,0,E864AY716,
calib_03294,0.26225554943084717,0.9767497777938843,1,8,5,C240AE50
calib_03295,0.0,0.9512385129928589,0,9,,B386KP17&
calib_03296,0.9494292736053467,0.0,8,0,A001PC71,
calib_03297,0.21139906346797943,0.9082372188568115,2,9,00,B901OX152
calib_03298,0.5716778635978699,0.8939523696899414,8,9,ZLHO006D,P9000H177
calib_03299,0.9551528096199036,0.0,8,0,A176AT98,
calib_03300,0.27571964263916016,0.9119645357131958,2,7,05,E9500P7
calib_03301,0.9834673404693604,0.3436746299266815,9,1,H922BT154,8
calib_03302,0.23627522587776184,0.9600229263305664,1,8,8,P269TB31
calib_03303,0.9929426908493042,0.32188349962234497,9,2,H189KP164,96
calib_03304,0.8947345018386841,0.23938360810279846,8,1,K505OH96,S
calib_03305,0.0,0.890731692314148,0,8,,K7450K28
calib_03306,0.962727963924408,0.6259428262710571,9,8,X947TB174,7∠48176X
calib_03307,0.9370896816253662,0.42487165331840515,9,3,A003CX195,000
calib_03308,0.35347986221313477,0.9354366660118103,2,9,XS,H154XM54.
calib_03309,0.9954037070274353,0.34030863642692566,9,5,A03500199,00500
calib_03310,0.9013358354568481,0.830535888671875,8,9,66dA6660,0999 VP99
calib_03311,0.8123777508735657,0.0,9,0,C558OB163,
calib_03312,0.8889461159706116,0.0,9,0,×405K0142,
calib_03313,0.9271680116653442,0.4299298822879791,9,7,y641yo178,82L0791
calib_03314,0.2724601924419403,0.9742056727409363,2,8,85,K508AM29
calib_03315,0.9403954744338989,0.0,8,0,C063EP39,
calib_03316,0.9621047377586365,0.0,8,0,A560HC82,
calib_03317,0.0,0.9713117480278015,0,8,,E888CK38
calib_03318,0.0,0.9785764217376709,0,9,,A159AT134
calib_03319,0.9495917558670044,0.3055816888809204,9,2,X1500E174,05
calib_03320,0.29757803678512573,0.9579291939735413,5,9,E9LEL,Y762YE163
calib_03321,0.9300437569618225,0.5336171388626099,8,1,B636BH34,8
calib_03322,0.9967136979103088,0.3851095736026764,8,4,P329PP98,866.
calib_03323,0.6880067586898804,0.8566942811012268,5,11,68197,A446 YP 89.
calib_03324,0.869232714176178,0.46222707629203796,9,3,cy9430H76,907
calib_03325,0.977308988571167,0.2489171028137207,8,2,X502PP62,2S
calib_03326,0.0,0.9533724188804626,0,9,,Y351KP799
calib_03327,0.9476417899131775,0.352311372756958,9,7,0345x0190,0605700
calib_03328,0.0,0.9433044195175171,0,8,,K753XT36
calib_03329,0.0,0.9879570007324219,0,8,,C675AP39
calib_03330,0.5488308668136597,0.9924004077911377,1,9,.,A677AE197
calib_03331,0.9608091115951538,0.473951131105423,8,7,H161HE77,LL3H9LH
calib_03332,0.0,0.9855625629425049,0,9,,E5210E799
calib_03333,0.9874247312545776,0.42080917954444885,9,1,A823AP122,2
calib_03334,0.9968514442443848,0.31713491678237915,8,4,P132PP29,2622
calib_03335,0.9339666962623596,0.0,8,0,B537PK77,
calib_03336,0.8679686784744263,0.9353764057159424,7,8,2X17871,T484TX71
calib_03337,0.0,0.9657997488975525,0,9,,C576BK750
calib_03338,0.8899424076080322,0.6327700614929199,8,8,×004YH42,25HA700X
calib_03339,0.9324266910552979,0.0,9,0,c794AA152,
calib_03340,0.4093943238258362,0.858368456363678,7,8,72HAL68,B917YH74
calib_03341,0.9949724674224854,0.5921241641044617,9,3,K346PH799,697
calib_03342,0.9530388712882996,0.38746944069862366,9,1,A736KX799,6
calib_03343,0.9546188712120056,0.3198898434638977,9,1,A377XK123,2
calib_03344,0.9363214373588562,0.5729227066040039,8,1,E680PY33,0
calib_03345,0.0,0.9936074018478394,0,9,,K547AK178
calib_03346,0.9324871897697449,0.3584774136543274,9,2,E968KY178,89
calib_03347,0.95473313331604,0.0,9,0,B774BY152,
calib_03348,0.8392651081085205,0.4119209349155426,9,4,c942xy174,7127
calib_03349,0.870962381362915,0.5063351392745972,8,8,H663CC77,FL00299H
calib_03350,0.3113551735877991,0.8877580165863037,1,9,8,T281OX35.
calib_03351,0.3834541440010071,0.9963604211807251,7,8,1009820,02860043
calib_03352,0.938807487487793,0.0,9,0,T514EP799,
calib_03353,0.7856470346450806,0.9732328057289124,8,9,98000700,004000186
calib_03354,0.36755895614624023,0.8864978551864624,3,8,280,A911OB92
calib_03355,0.0,0.8160886168479919,0,8,,B517Yк32
calib_03356,0.9803927540779114,0.6292269825935364,9,1,K055AX750,.
calib_03357,0.9688912034034729,0.0,8,0,H885CK32,
calib_03358,0.40586045384407043,0.9741660356521606,1,9,5,A3500E196
calib_03359,0.3095948398113251,0.9610173106193542,3,8,288,B213XH82
calib_03360,0.387780100107193,0.973373532295227,3,8,398,K861YE36
calib_03361,0.5907081365585327,0.8854272365570068,5,8,80689,K6890C48
calib_03362,0.0,0.9383174180984497,0,9,,K240AB777
calib_03363,0.9173026084899902,0.40985265374183655,8,4,A408KO92,2680
calib_03364,0.8964929580688477,0.6430485844612122,9,6,A7970T777,222106
calib_03365,0.36183926463127136,0.2647131383419037,6,3,CT6019,0OD
calib_03366,0.3178789019584656,0.9195663928985596,2,8,85,C258TC34
calib_03367,0.9467245936393738,0.0,9,0,E287CK161,
calib_03368,0.28460484743118286,0.9829183220863342,2,9,80,E4020B159
calib_03369,0.0,0.8891280293464661,0,9,,B7970C123
calib_03370,0.4344715476036072,0.916424036026001,4,8,2822,T723BY47
calib_03371,0.46862736344337463,0.9932869672775269,1,9,.,B947KB116
calib_03372,0.0,0.9199275970458984,0,9,,B931CT178
calib_03373,0.3820716440677643,0.9460270404815674,3,9,ZO.,0772HK40.
calib_03374,0.9428581595420837,0.0,8,0,A426HC12,
calib_03375,0.39975467324256897,0.9724555611610413,1,9,8,E863EA134
calib_03376,0.9882470369338989,0.6702175140380859,8,6,H184TA98,86178H
calib_03377,0.38587307929992676,0.978551983833313,3,8,868,H358KK98
calib_03378,0.8957065939903259,0.2872735261917114,9,1,T935xC150,5
calib_03379,0.9554631114006042,0.0,9,0,B2710A164,
calib_03380,0.8858800530433655,0.16518191993236542,8,1,0011KX32,O
calib_03381,0.0,0.9686671495437622,0,7,,E815KH1
calib_03382,0.9484421610832214,0.0,8,0,K014HE23,
calib_03383,0.2734270393848419,0.9252508878707886,1,8,0,B007PE75
calib_03384,0.3313475549221039,0.9859411716461182,1,8,H,M871TH31
calib_03385,0.0,0.9295563101768494,0,8,,K185PX29
calib_03386,0.9960798025131226,0.0,8,0,P111BP36,
calib_03387,0.43803808093070984,0.9478897452354431,7,8,2210080,P080CT22
calib_03388,0.9864743947982788,0.0,8,0,B455BP82,
calib_03389,0.0,0.9857810735702515,0,8,,E862KK01
calib_03390,0.0,0.9552507400512695,0,9,,A757MA199
calib_03391,0.8948042392730713,0.0,9,0,c317cc186,
calib_03392,0.3201766908168793,0.8879354596138,3,9,1A1,T817YT777
calib_03393,0.9654162526130676,0.27580270171165466,9,1,A398EC702,2
calib_03394,0.906429648399353,0.20753547549247742,8,2,0336CT47,52
calib_03395,0.9671492576599121,0.7066418528556824,8,6,H999AE36,3V666H
calib_03396,0.8698410391807556,0.5694752931594849,8,7,y476TY57,2511947
calib_03397,0.989753007888794,0.0,8,0,A727AE37,
calib_03398,0.4636879861354828,0.9713425040245056,3,9,K..,A335KX777
calib_03399,0.42895376682281494,0.9228250980377197,1,8,8,Y539BH26
calib_03400,0.258037805557251,0.8964312076568604,1,8,S,C137HO55
calib_03401,0.9569753408432007,0.5340908765792847,8,7,B082BX93,2682808
calib_03402,0.24337981641292572,0.9815526604652405,1,9,6,C194AE797
calib_03403,0.3060428500175476,0.979711651802063,1,9,1,B411TE716
calib_03404,0.8490675687789917,0.42797958850860596,9,1,E999YK177,6
calib_03405,0.9920406341552734,0.0,9,0,E336AK178,
calib_03406,0.9591948986053467,0.0,9,0,K627BH154,
calib_03407,0.6941690444946289,0.9844090342521667,4,8,96LH,H111HH96
calib_03408,0.2983827292919159,0.8983768820762634,2,9,00,X300TP199
calib_03409,0.19752518832683563,0.943728506565094,1,8,2,E292AT62
calib_03410,0.8030155897140503,0.8609415888786316,9,9,B499×X196,961XX6678
calib_03411,0.9596700668334961,0.0,9,0,K234XP150,
calib_03412,0.988831102848053,0.0,9,0,K188BE178,
calib_03413,0.9925503134727478,0.0,8,0,H623TP54,
calib_03414,0.9418916702270508,0.1890321671962738,9,1,A301YA134,0
calib_03415,0.290174663066864,0.9873716235160828,1,8,8,K802TA86
calib_03416,0.9146578907966614,0.0,9,0,-Y553BP78,
calib_03417,0.85236656665802,0.362326979637146,8,2,x713XK54,KX
calib_03418,0.9814833402633667,0.484804630279541,8,3,T998BB35,888
calib_03419,0.0,0.6256179213523865,0,9,,E329K0 78
calib_03420,0.9462754726409912,0.3589036464691162,9,3,B088CK154,808
calib_03421,0.9329658150672913,0.30638858675956726,8,3,c700cc95,000
calib_03422,0.9597813487052917,0.4976884722709656,9,1,K706BP134,.
calib_03423,0.4527813494205475,0.9675305485725403,7,9,2511888,0888TT152
calib_03424,0.5946114659309387,0.8867353200912476,7,9,86XAЛLO,0117yx98.
calib_03425,0.9344485402107239,0.0,9,0,P772AY 59,
calib_03426,0.9346370697021484,0.0,8,0,0421P035,
calib_03427,0.40791958570480347,0.9732977747917175,2,9,22,A824YB152
calib_03428,0.9118344187736511,0.2765393555164337,9,1,B680AE147,8
calib_03429,0.9196670055389404,0.3643035292625427,8,1,T555KX69,9
calib_03430,0.34125927090644836,0.8388499021530151,4,9,2188,B991By716
calib_03431,0.0,0.9409096240997314,0,9,,E050E0198
calib_03432,0.5070134997367859,0.9409762620925903,2,8,08,B780HK35
calib_03433,0.973669171333313,0.7116518020629883,8,8,H056HX29,62XH9S0H
calib_03434,0.9423179626464844,0.20095786452293396,9,2,K717XH161,9X
calib_03435,0.9800477027893066,0.28808560967445374,8,2,T382TB35,82
calib_03436,0.908198356628418,0.37261319160461426,8,3,y013yy26,220
calib_03437,0.4106251001358032,0.8895401954650879,2,8,00,Y001HB61
calib_03438,0.8624581694602966,0.7484199404716492,8,9,06850H69,69 HOS890
calib_03439,0.9810936450958252,0.0,8,0,K621HC96,
calib_03440,0.2956125736236572,0.8512458801269531,1,8,2,x262KC98
calib_03441,0.5260767340660095,0.893728494644165,1,8,1,B343TO64
calib_03442,0.9098645448684692,0.44324764609336853,8,5,H572XH22,Z2XZS
calib_03443,0.9476614594459534,0.5173285007476807,8,4,X954HH33,S6X.
calib_03444,0.7212985754013062,0.9821012020111084,7,8,86XVS8H,H785AX98
calib_03445,0.9387677311897278,0.0,8,0,E003HT37,
calib_03446,0.7695162296295166,0.47457829117774963,9,1,x209yP123,0
calib_03447,0.9136568903923035,0.4930107891559601,8,4,X244YH26,2772
calib_03448,0.4042437672615051,0.9816604256629944,2,9,28,C393BK102
calib_03449,0.0,0.9912102222442627,0,8,,T446KA33
calib_03450,0.820376992225647,0.35114189982414246,8,2,Y384TB98,88
calib_03451,0.593216598033905,0.9804328680038452,6,8,797908,B064XM64
calib_03452,0.9789712429046631,0.0,9,0,A561EE156,
calib_03453,0.8071078658103943,0.6040553450584412,8,8,x003x052,250X600X
calib_03454,0.9315322041511536,0.347538560628891,9,5,X862TB174,74812
calib_03455,0.8220949172973633,0.0,9,0,E562yo198,
calib_03456,0.9919285774230957,0.8123599290847778,8,7,T896PH98,86Hd968
calib_03457,0.6580947041511536,0.9674503803253174,7,8,79H976X,X946HP64
calib_03458,0.3754924535751343,0.9353845715522766,4,8,0998,P6360X17
calib_03459,0.9242962598800659,0.8027435541152954,8,8,X909P069,690d606X
calib_03460,0.8927430510520935,0.8572936058044434,7,8,ZXX600X,x009xx72
calib_03461,0.0,0.9730595350265503,0,8,,K110PP35
calib_03462,0.986603319644928,0.0,8,0,A991KE92,
calib_03463,0.25842997431755066,0.9312548041343689,1,9,2,Y544XE123
calib_03464,0.9662882685661316,0.30270060896873474,9,1,B076TA164,8
calib_03465,0.987268328666687,0.0,9,0,B149AM152,
calib_03466,0.9045257568359375,0.0,9,0,C613KC142,
calib_03467,0.45762044191360474,0.9782063364982605,5,8,30006,T9030E54
calib_03468,0.9805973172187805,0.0,8,0,K444KC35,
calib_03469,0.954081654548645,0.0,9,0,E500EY138,
calib_03470,0.4203479290008545,0.9362550973892212,4,8,2100,E009TO42
calib_03471,0.6393293738365173,0.8869162797927856,6,8,X88888,B888BX71
calib_03472,0.9810652136802673,0.4273797869682312,8,4,T222AH12,2222
calib_03473,0.0,0.9212236404418945,0,9,,K725OM36.
calib_03474,0.8434631824493408,0.0,9,0,C856HY750,
calib_03475,0.9723366498947144,0.35323411226272583,8,2,C093HP67,90
calib_03476,0.9840836524963379,0.399116575717926,8,2,0874AE32,27
calib_03477,0.2739340364933014,0.8622538447380066,3,8,OLW,M731y037
calib_03478,0.3303333520889282,0.868537187576294,3,8,672,v241cc98
calib_03479,0.8785231709480286,0.9769407510757446,8,8,79388080,0808BE64
calib_03480,0.0,0.9600464105606079,0,8,,A339E015
calib_03481,0.8845281600952148,0.3793170750141144,10,2,E555BY 102,28
calib_03482,0.9112911224365234,0.3101317882537842,8,1,X619EY14,9
calib_03483,0.0,0.9835346341133118,0,8,,E001TH82
calib_03484,0.9587240219116211,0.243871808052063,8,3,Y580AM54,008
calib_03485,0.2815070152282715,0.9653647541999817,1,9,8,0015BB198
calib_03486,0.9727660417556763,0.0,8,0,B065ET27,
calib_03487,0.5764591097831726,0.9650965929031372,8,8,95XH7770,K444HX56
calib_03488,0.5371701121330261,0.9651577472686768,3,8,700,0094CA11
calib_03489,0.988818883895874,0.29306671023368835,8,2,A835HK82,28
calib_03490,0.9253511428833008,0.6860194802284241,8,9,0089PY54,751d6800.
calib_03491,0.9651080369949341,0.40739625692367554,8,2,A947TC73,17
calib_03492,0.9332014322280884,0.0,8,0,B022KA48,
calib_03493,0.9595195055007935,0.4267304837703705,8,6,A541CB82,288057
calib_03494,0.9575340747833252,0.21600878238677979,9,1,E355AP193,8
calib_03495,0.3419385254383087,0.9777253270149231,1,8,8,A918XA35
calib_03496,0.356781929731369,0.9737619161605835,3,8,2A0,T034YH76
calib_03497,0.9452131986618042,0.2752324342727661,8,3,X303PK02,200
calib_03498,0.9396897554397583,0.34747394919395447,8,3,K908A032,080
calib_03499,0.9807830452919006,0.0,9,0,A584AA161,
calib_03500,0.6041770577430725,0.5912946462631226,3,2,udo,gn
calib_03501,0.34009888768196106,0.25919923186302185,8,4,OCMA1OC6,qann
calib_03502,0.17927363514900208,0.5093045830726624,2,3,оn,noL
calib_03503,0.0,0.696388840675354,0,10,,ОПТИЧЕСКОЕ
calib_03504,0.5983932614326477,0.0,8,0,1 кuacca,
calib_03505,0.4664091169834137,0.38802090287208557,12,3,2. Yn6euobeu,mm2
calib_03506,0.6365118026733398,0.5365282297134399,8,7,Ha uecro,250m 0H
calib_03507,0.7430116534233093,0.39187920093536377,6,1,neenep,o
calib_03508,0.5017350316047668,0.40850701928138733,9,8,nagugrenu,mm26nSo1
calib_03509,0.4236673414707184,0.5880952477455139,5,13,ngodu,ornpolccencee
calib_03510,0.4559205174446106,0.4367426037788391,11,10,δbu0 T0e6к0,CnMas om9S
calib_03511,0.8881666660308838,0.5372685194015503,11,7,"6.10,20172.",2210201
calib_03512,0.5078093409538269,0.5633305907249451,19,15,пpoсporrl bce cpoкe,orot og gmododu
calib_03513,0.35565048456192017,0.5846640467643738,7,11,snb don,Kompre geup
calib_03514,0.7974029183387756,0.3892086148262024,5,2,morda,on
calib_03515,0.496723473072052,0.4844590425491333,20,8,oтnpabcerees Soceeer,g mrgdus
calib_03516,0.3516988158226013,0.571315586566925,8,11,кpuтсuo.,127225>74>1
calib_03517,0.4638489782810211,0.37294328212738037,17,3,Просвда роз0δраср,d d
calib_03518,0.4386865198612213,0.7537937164306641,6,7,B cuуа,mthom g
calib_03519,0.8143578171730042,0.5084125399589539,11,0,30.08. 2004,
calib_03520,0.5256443619728088,0.41429755091667175,6,11,oo gob,go6 odpauyo
calib_03521,0.502295196056366,0.5849851369857788,4,4,cbe6,96sg
calib_03522,0.5605105757713318,0.46424031257629395,7,3,a τakxe,0 0
calib_03523,0.600771427154541,0.3483218252658844,1,12,m,которое дылu
calib_03524,0.38568010926246643,0.6337254047393799,4,13,BE 2,Oneeg tlue Z9
calib_03525,0.6749054193496704,0.11926596611738205,5,1,cnoco,p
calib_03526,0.6064370274543762,0.4799625873565674,4,8,600L,1 un0c0g
calib_03527,0.467286616563797,0.7929845452308655,2,10,on,Daunsce no
calib_03528,0.3131800889968872,0.5439659953117371,2,10,он,Ксероконир
calib_03529,0.5826418399810791,0.5561690330505371,8,8,bn *ommh,npuoxeuа
calib_03530,0.4543237090110779,0.49984464049339294,9,5,6opar O8D,mohog
calib_03531,0.6967278122901917,0.3948841392993927,12,4,Zaeebceeueso,ommg
calib_03532,0.514548122882843,0.3468433916568756,9,4,Kouan gug,bn o
calib_03533,0.621258020401001,0.5687569975852966,15,0,Anes Cepreebicя,
calib_03534,0.8976783752441406,0.6174909472465515,12,11,"7.10, 2017s.",2{ α2 '01't
calib_03535,0.31962499022483826,0.6378012299537659,2,10,ao,eyononceek
calib_03536,0.4759337902069092,0.12632198631763458,8,1,Pacnuera,W
calib_03537,0.42774245142936707,0.5397611856460571,9,10,2yO mom o,10 u 206r.
calib_03538,0.45848220586776733,0.5022009015083313,17,3,7. Conт- кеrepбy.,hy-
calib_03539,0.4429720640182495,0.5081606507301331,13,9,Ubeneb 1ebare,nog gonan
calib_03540,0.33912357687950134,0.8013310432434082,5,10,48880,15.02.1884
calib_03541,0.40827101469039917,0.4214102625846863,9,7,pouрeneer,zmafnod
calib_03542,0.23594039678573608,0.6814464926719666,4,11,S937,29.10. 7085
calib_03543,0.44853147864341736,0.6234874725341797,15,0,paenopT cepleer,
calib_03544,0.8919357061386108,0.4125637114048004,10,8,18.03.2001,2008E08L
calib_03545,0.48773297667503357,0.3329467177391052,4,1,leco,о
calib_03546,0.46098506450653076,0.724013090133667,9,9,toovoo on,re agpeey
calib_03547,0.6310961842536926,0.5682026743888855,2,5,mm,geuue
calib_03548,0.6215180158615112,0.0,8,0,Hydeeees,
calib_03549,0.9737941026687622,0.6783477067947388,10,9,18.04.1980,085r10.84
calib_03550,0.5817021131515503,0.5241448879241943,12,4,paeuopr eepu,m on
calib_03551,0.0,0.4013868570327759,0,16,,зapeеeeтpeeрoвaн
calib_03552,0.7033716440200806,0.45502346754074097,8,1,Cebeebar,o
calib_03553,0.4247205853462219,0.5523722767829895,1,22,B,geeceneeryio cyrceeers
calib_03554,0.6781437397003174,0.5905904769897461,11,4,yu.eleseera,onnh
calib_03555,0.28082799911499023,0.4617149829864502,1,16,o,boeeyragatereyre
calib_03556,0.0,0.6818543076515198,0,11,,КАСАТЕЛЬНАЯ
calib_03557,0.5742143988609314,0.4221736192703247,7,4,pypohee,myeh
calib_03558,0.35639047622680664,0.39299899339675903,6,9,'ngoom,lanobu.2.
calib_03559,0.828779935836792,0.39210477471351624,6,3,28.111,fF8
calib_03560,0.38084107637405396,0.5327778458595276,4,4,srtf,14er
calib_03561,0.6114741563796997,0.38363343477249146,12,8,Slockosoniel,mmosomrT
calib_03562,0.8937724232673645,0.6517197489738464,4,6,imgo,odeeex
calib_03563,0.6982760429382324,0.736117959022522,4,5,Kup6,godmy
calib_03564,0.5989980697631836,0.4413243532180786,11,11,H0я0р9 2016,9102 520B0H
calib_03565,0.41321665048599243,0.6276587247848511,7,13,o0n oog,Bpaupe 534000
calib_03566,0.6514535546302795,0.6024331450462341,4,3,Baun,mog
calib_03567,0.3688352108001709,0.5069220662117004,9,4,Bеomoxрuu,mdam
calib_03568,0.49140432476997375,0.39054277539253235,11,9,6B0 Hbunoro,aonngon g
calib_03569,0.778190016746521,0.967316746711731,8,10,50079952,25.06.2005
calib_03570,0.465773344039917,0.5442449450492859,8,8,mmo mmon,Локин Юр
calib_03571,0.8173990249633789,0.9981576800346375,4,4,4046,9404
calib_03572,0.689903199672699,0.9836766123771667,6,6,918±79,547815
calib_03573,0.3885507583618164,0.5805408954620361,7,8,2-9 280,0BD p-Ha
calib_03574,0.78751140832901,0.9300570487976074,9,12,140028091,16.08.2004r.
calib_03575,0.6782054305076599,0.4812152087688446,6,3,rKupo6,gom
calib_03576,0.4593029320240021,0.40246137976646423,12,5,Perer Peyyan,ot ho
calib_03577,0.0,0.5240665078163147,0,14,,UPEKTORUAЛOHOE
calib_03578,0.5074495673179626,0.4643998146057129,11,3,Шкода pадuя,p m
calib_03579,0.32447290420532227,0.41235724091529846,2,7,do,Паспoрм
calib_03580,0.39313697814941406,0.657625138759613,3,10,1 9,445 TBic94
calib_03581,0.5524725317955017,0.5511454939842224,12,3,Tu Beu geheo,1mm
calib_03582,0.41014084219932556,0.41167163848876953,4,11,omgo,Doбepenndcu
calib_03583,0.3120998740196228,0.6913784146308899,7,6,nаеноpm,wdonon
calib_03584,0.7332687377929688,0.36041784286499023,5,5,fomon,ucuep
calib_03585,0.38281136751174927,0.4483652114868164,4,5,2ofg,bnyan
calib_03586,0.22976410388946533,0.3954685628414154,2,6,mm,ongecn
calib_03587,0.4595138430595398,0.5993983149528503,8,8,no paony,fomoy on
calib_03588,0.48031044006347656,0.0,5,0,Codue,
calib_03589,0.5686419010162354,0.5299389958381653,5,5,pyeed,porhy
calib_03590,0.498548299074173,0.6778891682624817,6,6,rgrony,llcnbe
calib_03591,0.5496948957443237,0.3421229124069214,16,13,ommoraflobon hor,кар нодрарене
calib_03592,0.6915578246116638,0.5295147895812988,9,7,arogmusem,nponuba
calib_03593,0.8081982731819153,0.3459974527359009,9,4,"no""agpeey",WDom
calib_03594,0.5809298157691956,0.3299473822116852,7,7,ofmelog,кбapuра
calib_03595,0.376078337430954,0.5994522571563721,12,15,доверо нерат,zeonhon anmbgab
calib_03596,0.5773829817771912,0.5639874935150146,12,10,fymor-goetnd,cunpabeenf
calib_03597,0.5805452466011047,0.6388583779335022,6,11,dbonmm,npunegouuee
calib_03598,0.451791912317276,0.5479710102081299,9,8,na ude' u,on.om on
calib_03599,0.5287436842918396,0.4357316493988037,4,5,ogor,uodoe
calib_03600,0.568024754524231,0.7151108980178833,7,9,foybo m,uo agpeey
calib_03601,0.3050207793712616,0.5727473497390747,1,15,d,t koresbe ppana
calib_03602,0.6875576376914978,0.525805652141571,8,6,i.clocba,ogron?
calib_03603,0.2736465036869049,0.8344418406486511,3,7,2ES,"127572,"
calib_03604,0.49880751967430115,0.5899697542190552,5,4,bngan,woog
calib_03605,0.6373177170753479,0.43394705653190613,7,3,OBD paa,m s
calib_03606,0.5135078430175781,0.3472689688205719,6,6,. Mobo,2gny v
calib_03607,0.5294914245605469,0.429375559091568,8,10,moon fom,noy nyрaре
calib_03608,0.5606600642204285,0.41097021102905273,10,9,hormommmeh,npmnaruey
calib_03609,0.6902477145195007,0.6703287959098816,8,8,honbo om,uo aghky
calib_03610,0.679438591003418,0.5013490319252014,5,5,3ogon,uoboe
calib_03611,0.8541005253791809,0.21057221293449402,6,1,bonpoc,o
calib_03612,0.7376409769058228,0.6774265170097351,11,7,2s 01.2018.,9108108
calib_03613,0.9663270115852356,0.49405327439308167,10,7,30.09.2013,EOT 50E
calib_03614,0.5039849281311035,0.3272942006587982,6,1,cenmed,m
calib_03615,0.31729695200920105,0.45389071106910706,6,3,g aбut,s o
calib_03616,0.8738447427749634,0.36051177978515625,10,6,12.09.2013,EH660'
calib_03617,0.9814833402633667,0.4935658574104309,10,7,12.09.2013,E/060P1
calib_03618,0.5141444802284241,0.9166625738143921,5,10,G0501,12.09.2013
calib_03619,0.41440683603286743,0.845626175403595,2,12,60,12.09.d0152.
calib_03620,0.8447752594947815,0.42909348011016846,12,8,"30,09. 2013,",40C 6006
calib_03621,0.2737289071083069,0.8696374893188477,5,9,MO260,12.09.201
calib_03622,0.34539365768432617,0.42738693952560425,6,10,goloon,Uenonobame
calib_03623,0.5379185080528259,0.3601570725440979,18,5,За период практики,nm om
calib_03624,0.42784297466278076,0.7026348114013672,2,11,fn,Сбенко 4.A.
calib_03625,0.2556169927120209,0.22377783060073853,9,1,Cссавernn,W
calib_03626,0.593242883682251,0.3670555055141449,5,7,WOOTU,neearbm
calib_03627,0.41560298204421997,0.29741132259368896,9,5,Mo оcнoвe,eH0 o
calib_03628,0.5358868837356567,0.6268954873085022,10,4,ellegleeer,mbon
calib_03629,0.4620212912559509,0.30856481194496155,4,6,5ooh,nоцесс
calib_03630,0.6264752149581909,0.40559378266334534,10,3,fee wy cso,o o
calib_03631,0.47828128933906555,0.3709319531917572,9,7,отредеено,ZUTbOCO
calib_03632,0.28412723541259766,0.3858572840690613,9,9,cueslyrpe,otety onh
calib_03633,0.34064486622810364,0.4049040675163269,8,8,LuomToyn,и прeeнь
calib_03634,0.6300195455551147,0.38820621371269226,8,4,elcesogu,VSN7
calib_03635,0.6037715077400208,0.5970402956008911,6,8,BUUMUO,omeuurno
calib_03636,0.21556463837623596,0.0,2,0,DB,
calib_03637,0.5154130458831787,0.4701124429702759,2,8,FS,шнко BA.
calib_03638,0.5291983485221863,0.4490722417831421,0,9,,Сaбuнкo .
calib_03639,0.6558545231819153,0.24670444428920746,1,3,m,xgo
calib_03640,0.7065467238426208,0.6574938893318176,6,4,Memod:,comm
calib_03641,0.542995035648346,0.3549403250217438,7,5,отишнно,onmuo
calib_03642,0.44669294357299805,0.3460276424884796,14,3,Шндориационная,MOm
calib_03643,0.38602983951568604,0.520988941192627,9,16,oommmannE,ждтидинашичесроо
calib_03644,0.4689892828464508,0.5168436169624329,5,2,тиини,mm
calib_03645,0.5158376693725586,0.532507061958313,8,7,ттшrтлho,йа nштш
calib_03646,0.4252857565879822,0.4539993703365326,8,7,napаuтpа,osumhou
calib_03647,0.5600129961967468,0.5100420713424683,12,10,Рориийрованш,mogovhmubs
calib_03648,0.0,0.5158834457397461,0,4,,quce
calib_03649,0.2616516947746277,0.19917291402816772,5,2,LNEOn,wm
calib_03650,0.7153927087783813,0.5800073742866516,8,7,пюшттвио,арунтаu
calib_03651,0.3328869640827179,0.33260875940322876,12,4,Bнр menatotu,m чd
calib_03652,0.4532940089702606,0.0,9,0,Рaeneекe.,
calib_03653,0.5056967735290527,0.5840907692909241,0,12,,23 eepma Iol
calib_03654,0.4122980833053589,0.0,16,0,9. Сauкт.Феrepoм,
calib_03655,0.7205098271369934,0.48430824279785156,6,6,ogohhg,Бypoвe
calib_03656,0.5696831941604614,0.5429208278656006,14,8,cyileuy в cper,ro g hho
calib_03657,0.7869167327880859,0.570098876953125,6,7,mogmty,Kfuboue
calib_03658,0.47031649947166443,0.7868617177009583,5,12,01040,22.07.20107.
calib_03659,0.3838077187538147,0.34937745332717896,13,5,Cаtен.Бенерум,hanyn
calib_03660,0.24408026039600372,0.43844059109687805,1,15,y,np. Hocbeeyeree
calib_03661,0.7560392618179321,0.4734289348125458,7,1,paenopm,o
calib_03662,0.7457196712493896,0.8560274839401245,9,9,664 90 04,40 06 499
calib_03663,0.8934153914451599,0.35166144371032715,4,5,mohg,боpau
calib_03664,0.4982845187187195,0.47722581028938293,10,11,f so pn  o,po 30 u 28g
calib_03665,0.6287649869918823,0.390068382024765,15,14,owlhidomy -nnmn,Сaн- Бешертyмо
calib_03666,0.36428719758987427,0.8498292565345764,4,4,Caai,monh
calib_03667,0.7673830389976501,0.4891144037246704,10,8,14.k2.1003,cEon y h
calib_03668,0.541222095489502,0.8488187789916992,8,9,Hooyh oy,no apheey
calib_03669,0.495795339345932,0.5574500560760498,14,7,Coreus- Jarepm,uadmy-m
calib_03670,0.4464343786239624,0.5807914137840271,9,14,nmhe  mof,peeere 6 cepru
calib_03671,0.36124560236930847,0.5765171051025391,3,3,ogS,Rbe
calib_03672,0.4671005308628082,0.6225109696388245,4,13,g oh,pyreed b crer
calib_03673,0.3941747844219208,0.37202349305152893,1,11,n,смое кваpmn
calib_03674,0.38180965185165405,0.0,4,0,peee,
calib_03675,0.6812474131584167,0.7501159310340881,5,6,hoorh,apheey
calib_03676,0.43068137764930725,0.48200806975364685,9,12,oor om hp,d4 wus L0032
calib_03677,0.6475199460983276,0.5711095929145813,7,5,bmehoro,noyog
calib_03678,0.536260724067688,0.4999418258666992,15,17,ulhiponoy-mnmos,Соиии - Фешеертут
calib_03679,0.5964762568473816,0.584991991519928,11,10,no porobopy,hagonof on
calib_03680,0.5187318921089172,0.6251498460769653,13,0,Tererees te u,
calib_03681,0.7811010479927063,0.5159275531768799,12,8,d3.03.de1ds.,PHOPEOEP
calib_03682,0.6494633555412292,0.53026282787323,12,10,Фyppobe 6.2.,z's ogophy
calib_03683,0.3528723120689392,0.5733568072319031,7,8,Muxauey,himoxnjy
calib_03684,0.5705338716506958,0.8515031337738037,8,8,V6511070,04.01199
calib_03685,0.6769644021987915,0.850563108921051,8,11,71661191,16.12.19912
calib_03686,0.42470911145210266,0.0,7,0,n ora з,
calib_03687,0.0,0.38430407643318176,0,6,,nро uu
calib_03688,0.0,0.9374313950538635,0,12,,ПРОСТРАНСТВО
calib_03689,0.2785121500492096,0.4934602677822113,6,6,90H09n,u6an06
calib_03690,0.46184661984443665,0.418835312128067,2,7,mh,b a yee
calib_03691,0.42905712127685547,0.3117007613182068,3,12,mho,бнуerа уyкyu
calib_03692,0.6977680921554565,0.3356674313545227,10,3,7. Upxymek,nuh
calib_03693,0.5536531805992126,0.5564181208610535,10,8,gunagyamor,nomonbom
calib_03694,0.4843920171260834,0.5275779962539673,5,10,ouhad,7. Mpnymck
calib_03695,0.6280380487442017,0.461384654045105,7,6,Mlanoly,homony
calib_03696,0.4326413869857788,0.0,8,0,Minogo.P,
calib_03697,0.44633975625038147,0.22708763182163239,12,1,MyrapaefaP.M,N
calib_03698,0.35257190465927124,0.465700626373291,7,13,H 6дemр,Maксuuoв Р. H
calib_03699,0.7127643823623657,0.4951229691505432,5,4,popom,uode
calib_03700,0.4900733530521393,0.5840380191802979,7,10,XBgobor,oeegobD. X
calib_03701,0.0,0.48408666253089905,0,7,,0704000
calib_03702,0.5436884760856628,0.42895159125328064,6,7,f ogmn,Мбa A-Э
calib_03703,0.33149805665016174,0.4420992434024811,6,9,HJorop,Maneeobff
calib_03704,0.5049766302108765,0.509197473526001,1,11,D,Ay6aebo D2A
calib_03705,0.3282754719257355,0.34940916299819946,6,8,6Mg890,Ac68eBMS
calib_03706,0.5799294114112854,0.3709861636161804,14,4,10z8en060 C.5.,9 -g
calib_03707,0.5345199108123779,0.22105515003204346,12,2,eAgyoea C.C.,dd
calib_03708,0.5051944851875305,0.5211644768714905,6,7,O9O2OH,Hotel60
calib_03709,0.0,0.6720274686813354,0,10,,Jarbeenee.
calib_03710,0.5412601828575134,0.417904257774353,6,9,onnmdd,pAзpeшино
calib_03711,0.3796628713607788,0.0,8,0,noKalUeM,
calib_03712,0.9082809686660767,0.8219559192657471,10,8,08.09.167.,291 6080
calib_03713,0.5452862977981567,0.3748934864997864,7,4,5 yely2,2B1a
calib_03714,0.5836001038551331,0.6736190915107727,6,8,mro do,zop Osex
calib_03715,0.5074308514595032,0.419392466545105,11,2,omuazo8a0e6,om
calib_03716,0.8087491989135742,0.5583910942077637,9,8,garonogho,apouar08
calib_03717,0.4419921934604645,0.610268235206604,3,5,soy,eloee
calib_03718,0.627043604850769,0.555213451385498,6,4,Ipéeey,Bngh
calib_03719,0.5840489268302917,0.4977072775363922,14,10,Pae ugseregeuo,orrohsh ol
calib_03720,0.36968502402305603,0.5929256677627563,4,5,KOnю,ommoy
calib_03721,0.0,0.5160655975341797,0,10,,Thnareboer
calib_03722,0.5386096239089966,0.46057701110839844,8,6,220mtoms,uepuoc
calib_03723,0.0,0.34409329295158386,0,10,,7.Boрnayea
calib_03724,0.5975607633590698,0.3229598104953766,17,7,"Meelegnegefomner,",cronoon
calib_03725,0.38364648818969727,0.0,7,0,Bcenmдe,
calib_03726,0.0,0.3915904462337494,0,3,,Drd
calib_03727,0.2915925085544586,0.41200557351112366,6,14,VOBedu,nggpoxgongLOO.
calib_03728,0.0,0.5665133595466614,0,5,,25omд
calib_03729,0.25464558601379395,0.6081439256668091,1,10,m,Cabieceobo
calib_03730,0.2859921455383301,0.477765291929245,2,6,ve,Ayzota
calib_03731,0.0,0.7251187562942505,0,8,,Mamanota
calib_03732,0.7346805334091187,0.0,8,0,Conacola,
calib_03733,0.4932630956172943,0.0,6,0,BOnpoc,
calib_03734,0.5254815220832825,0.37651729583740234,0,17,,Нane Konemаnmnовa
calib_03735,0.5596538186073303,0.3920842707157135,17,12,npoxogela npapuxy,тnou оrtoxoh
calib_03736,0.6441577076911926,0.254474014043808,11,3,b kareeuibe,7mg
calib_03737,0.45036500692367554,0.5592674016952515,17,23,gmmmoyowht onomor,klaeenoro_pynoteguulile
calib_03738,0.3185831904411316,0.5652942657470703,2,9,9g,C 6klacce
calib_03739,0.0,0.5455335974693298,0,7,,6 ороме
calib_03740,0.2589113414287567,0.45394450426101685,2,5,Bo,leTOy
calib_03741,0.7352315187454224,0.5766953229904175,4,5,mhmy,luyer
calib_03742,0.39304405450820923,0.6050090193748474,8,6,г.Дарнад,bhonog
calib_03743,0.37806257605552673,0.484650582075119,2,11,mn,С нервоодне
calib_03744,0.6954878568649292,0.4872725009918213,4,4,dana,Unoo
calib_03745,0.388285368680954,0.45248523354530334,13,16,soorthsusntmu,сmуденткe удаеев
calib_03746,0.4754575192928314,0.40254560112953186,8,7,naeagumb,sumumon
calib_03747,0.3933607041835785,0.45884081721305847,7,12,-onmmto,додомейтаино
calib_03748,0.0,0.43830224871635437,0,13,,mpeбoбanelnoе
calib_03749,0.29113686084747314,0.6457160115242004,1,6,m,Hanase
calib_03750,0.4661979675292969,0.5894638895988464,3,4,moh,cpen
calib_03751,0.0,0.3333751857280731,0,7,,кимаА р
calib_03752,0.3867867588996887,0.5317312479019165,2,7,mn,Clcorna
calib_03753,0.5778165459632874,0.5580586791038513,5,6,mm206,c geue
calib_03754,0.4867405295372009,0.47986671328544617,9,14,mmnmoranm,neupodoureexee
calib_03755,0.5829400420188904,0.5064248442649841,4,5,mome,Couau
calib_03756,0.376026451587677,0.3246224820613861,9,3,unugyавnо,oнm
calib_03757,0.5070786476135254,0.138574481010437,2,1,We,w
calib_03758,0.2786235809326172,0.2349672168493271,6,3,ойннеи,нmn
calib_03759,0.20238018035888672,0.681255042552948,2,8,мm,yuiunhae
calib_03760,0.7207927703857422,0.4333774149417877,14,7,ungubigya unre,nnnpmbm
calib_03761,0.42920124530792236,0.4970100522041321,9,8,tyeйcmbis,syyumhay
calib_03762,0.45627209544181824,0.37838271260261536,3,10,o n,ma camдord
calib_03763,0.4100255072116852,0.3630499541759491,5,11,nom o,tенa дeneoo
calib_03764,0.591673731803894,0.3609432578086853,8,7,reelemul,tymmron
calib_03765,0.7383701801300049,0.4991675913333893,6,7,mmomhy,hpuemeu
calib_03766,0.5257718563079834,0.40252673625946045,6,8,mobomn,leenдure
calib_03767,0.43921855092048645,0.0,13,0,воснитанееник,
calib_03768,0.45005080103874207,0.5752889513969421,2,7,mm,yleriue
calib_03769,0.5341877341270447,0.4393928647041321,11,9,gmnyhtormon,ucuaphaub
calib_03770,0.41589784622192383,0.3215230703353882,7,2,рapнeee,oh
calib_03771,0.5231121778488159,0.42275869846343994,7,6,pasenor,tmosny
calib_03772,0.2947866916656494,0.43386152386665344,1,7,m,Brarenн
calib_03773,0.5466734766960144,0.469917893409729,8,6,сшедениа,omrbbm
calib_03774,0.3207460939884186,0.34865647554397583,3,8,V00,ande 0O1
calib_03775,0.2381952553987503,0.5543601512908936,1,6,д,cyraee
calib_03776,0.6595907211303711,0.6726584434509277,7,6,meopeua,omoonu
calib_03777,0.7154048681259155,0.6272055506706238,18,0,meirecrece secegor,
calib_03778,0.27607262134552,0.6891525387763977,6,10,бonоon,nogionotuy
calib_03779,0.5374664664268494,0.3682319223880768,13,6,"lepenpumuele,",ssmgtm
calib_03780,0.2443295121192932,0.5447095632553101,1,9,o,npokepeea
calib_03781,0.3443991243839264,0.2914295792579651,7,2,бoргoea,мg
calib_03782,0.4002723693847656,0.5634745955467224,4,9,2nmb,geneeperb
calib_03783,0.576640248298645,0.4187047779560089,9,4,no leyero,on n
calib_03784,0.37695732712745667,0.23121505975723267,12,2,верганееаеее,mg
calib_03785,0.4617060124874115,0.34069716930389404,3,3,mom,зни
calib_03786,0.49794983863830566,0.37123385071754456,0,5,,Уно 2
calib_03787,0.46777454018592834,0.3327348828315735,9,5,WLOTUDCTO,mmomu
calib_03788,0.626031219959259,0.2263515293598175,13,2,Gocelelrayeee,нo
calib_03789,0.360782265663147,0.0,8,0,uaeсnоro,
calib_03790,0.5837169885635376,0.44635605812072754,5,3,narob,gmu
calib_03791,0.5895131230354309,0.4680204391479492,9,6,Penonengy,hbnond
calib_03792,0.6508690118789673,0.39376556873321533,13,2,Bapernebu E.K,H3
calib_03793,0.33363276720046997,0.7905520796775818,4,11,yH o,Cabuoba H.B
calib_03794,0.3919445872306824,0.5229097008705139,2,6,oe,nommho
calib_03795,0.438946396112442,0.43081134557724,6,8,hnt rk,ge nyney
calib_03796,0.3465122878551483,0.5333074331283569,4,8,omon,Oenobuoe
calib_03797,0.4048401415348053,0.36000552773475647,9,6,yormooton,uzdyaa
calib_03798,0.7561283111572266,0.6854760050773621,6,3,rmtroy,nay
calib_03799,0.7068769931793213,0.3627229928970337,13,1,Kuceneba B.A.,d
calib_03800,0.5065749287605286,0.47933849692344666,1,10,m,Thuco Fuer
calib_03801,0.35712379217147827,0.49112769961357117,10,11,gouyob cuA,tmo gohomok
calib_03802,0.8472812175750732,0.32097792625427246,12,5,22.03.2006г.,10000
calib_03803,0.5024038553237915,0.4803636968135834,10,12,B'f gonhng,Cudyno6 A.Г.
calib_03804,0.2706841826438904,0.6599841117858887,5,9,2on 4,7. locpte
calib_03805,0.963605523109436,0.5412198305130005,11,6,"24.11.1986,",98641H
calib_03806,0.0,0.6770192384719849,0,8,,cboicnba
calib_03807,0.5004643797874451,0.5482961535453796,12,6,2op. Bopoмuc,mot do
calib_03808,0.3048265874385834,0.6651333570480347,3,5,u6a,12912
calib_03809,0.608113169670105,0.5058115124702454,8,6,Cugoreby,hotobm
calib_03810,0.44894203543663025,0.4745675325393677,12,8,2op. Yesбuна,DHmor do
calib_03811,0.2158041000366211,0.7946169376373291,3,9,onW,Cobemcxes
calib_03812,0.5982771515846252,0.4386051297187805,11,11,2hibg hmorf,Прoшy 6epyт
calib_03813,0.3515024781227112,0.40242597460746765,8,15,6b omkos,реnехие среpсва
calib_03814,0.0,0.3625961244106293,0,12,,nерeruелернe
calib_03815,0.5791773200035095,0.0,9,0,на хомера,
calib_03816,0.35866692662239075,0.5653473138809204,13,16,51900m0120810,ougerc-kourereks
calib_03817,0.6987540125846863,0.9197837710380554,7,10,0206609,15.09.2020
calib_03818,0.33574995398521423,0.4864533245563507,1,8,d,Depopuen
calib_03819,0.2971826493740082,0.9409691691398621,5,6,6EKE7,523739
calib_03820,0.9312812089920044,0.6085975170135498,9,8,18.0f2012,2h088081
calib_03821,0.5612576603889465,0.9240090847015381,11,11,000800t0088,88007002000
calib_03822,0.45365986227989197,0.4156932234764099,0,10,,1edepo H 8
calib_03823,0.46922045946121216,0.27606460452079773,5,1,bsyar,o
calib_03824,0.307474285364151,0.5263469815254211,6,14,no Amа,licrope onepas
calib_03825,0.5200238823890686,0.4209490120410919,15,6,u peranacsuo ne,o om0n
calib_03826,0.4410293698310852,0.5833649039268494,14,12,нм презосабиею,aomgopobh wm
calib_03827,0.0,0.7323607206344604,0,5,,weaka
calib_03828,0.0,0.37562334537506104,0,13,,6 расрeчаранe
calib_03829,0.5637327432632446,0.8964413404464722,3,4,ahg,bufe
calib_03830,0.5411219000816345,0.0,10,0,6eonereere,
calib_03831,0.9540711641311646,0.5844312906265259,9,9,18042000.,0000 h0gt
calib_03832,0.0,0.35985270142555237,0,9,,Deranauue
calib_03833,0.4102299213409424,0.0,8,0,nо крору,
calib_03834,0.3165450692176819,0.36368682980537415,1,11,H,недaкGenery
calib_03835,0.22607183456420898,0.8834275007247925,4,5,ooog,bonee
calib_03836,0.3784477412700653,0.5986647605895996,15,14,идерманиe нехне,oxon ommowdodn
calib_03837,0.6340994238853455,0.487809956073761,3,4,yga,teoh
calib_03838,0.4284389913082123,0.5046266913414001,5,7,donmm,Luuenoe
calib_03839,0.32549944519996643,0.33672648668289185,5,10,n1m08,Яrpeкдenr4
calib_03840,0.5984854698181152,0.12287863343954086,8,1,Kormpenp,d
calib_03841,0.28574690222740173,0.7360995411872864,2,10,nr,Lnenenence
calib_03842,0.0,0.5539401769638062,0,15,,Zaeicecsuumeelb
calib_03843,0.30176204442977905,0.597846508026123,1,7,u,2.Nenge
calib_03844,0.42039379477500916,0.6849877834320068,12,16,2±000 0d030n,14 saedpe 20072.
calib_03845,0.5848121643066406,0.39088714122772217,1,8,o,сxoдинеr
calib_03846,0.48539140820503235,0.5638136267662048,7,8,ddolodg,b pаuepe
calib_03847,0.37669867277145386,0.5257850885391235,7,10,gumtogo,adezameemb
calib_03848,0.5403807759284973,0.538177490234375,8,9,jorobope,adogool g
calib_03849,0.17250576615333557,0.4885145425796509,1,8,O,a ucleno
calib_03850,0.7701601982116699,0.39106157422065735,16,15,02 ДЕКАБРЯ 1980.,2O8BY B9UT3T T0
calib_03851,0.4265199303627014,0.6241812705993652,14,19,(rygou sngrgh),(yddbiee nocrabhan)
calib_03852,0.4998246431350708,0.5077868700027466,9,12,mrmol orb,gue zauelnue
calib_03853,0.3801190257072449,0.5569470524787903,2,6,оi,mmnemo
calib_03854,0.7692223191261292,0.9711300134658813,18,20,6189 96E8 E062 C2H,4272 2903 8396 6819.
calib_03855,0.9928261637687683,0.6141475439071655,19,20,3001810100000000716,91200000000501810700
calib_03856,0.6371436715126038,0.9297904968261719,20,20,50000000218H0488E708,30232810481100000009
calib_03857,0.7212926745414734,0.9945694804191589,9,9,91t52Shh0,044525716
calib_03858,0.7376348972320557,0.6409339308738708,6,5,Pojhal,ythod
calib_03859,0.0,0.501242458820343,0,9,,Moboginoi
calib_03860,0.323393315076828,0.9089893102645874,2,10,10,2711 20162
calib_03861,0.7696715593338013,0.33389177918434143,7,5,ФВОРОНР,HHAdO
calib_03862,0.4783535897731781,0.5578354597091675,7,8,Mne δuo,orng onw
calib_03863,0.571272075176239,0.4517611563205719,10,10,nmalrowond,в помодеши
calib_03864,0.3412104547023773,0.0,12,0,caid9o30auue,
calib_03865,0.47024643421173096,0.3009655773639679,8,5,nonaratg,Udarr
calib_03866,0.2588862180709839,0.6130215525627136,1,12,m,norecte suga
calib_03867,0.4780905246734619,0.45014438033103943,1,17,m,реисдаи в нелесте
calib_03868,0.6213092803955078,0.6416999697685242,7,10,mmomont,Auanorruwe
calib_03869,0.2648707330226898,0.6913704872131348,1,12,8,B coorbartne
calib_03870,0.3569573760032654,0.26425737142562866,9,2,Даури 0.P,Bd
calib_03871,0.0,0.41058671474456787,0,9,,3AяBNенUе
calib_03872,0.2676672339439392,0.8011354804039001,4,9,HHЯH,РАЗВЕДЕНА
calib_03873,0.42725101113319397,0.4706152379512787,6,4,cxdoec,2mex
calib_03874,0.48594626784324646,0.6968116164207458,4,7,oado,B ropge
calib_03875,0.6928961873054504,0.6457638740539551,10,10,ne ynabiet,morgott on
calib_03876,0.5889468789100647,0.4946763813495636,14,13,nntomer mredED,В gatn sovenm
calib_03877,0.32856279611587524,0.6370337009429932,5,8,todon,МорозовА
calib_03878,0.408467561006546,0.555694043636322,6,14,bnmotn,Tenepaccsueeey
calib_03879,0.6385897994041443,0.35900312662124634,12,2,Poeeeescecos,0m
calib_03880,0.3550386130809784,0.6813523173332214,7,9,smorgot,zorbceece
calib_03881,0.8206731081008911,0.0,9,0,"""БЕРЕЗКИН",
calib_03882,0.7061319351196289,0.4693796932697296,8,3,coludaon,oeo
calib_03883,0.4466554522514343,0.6674028038978577,8,11,246882'8,OB.02.2912.
calib_03884,0.5268951058387756,0.7037975192070007,6,10,o050 m,eue craced
calib_03885,0.6563697457313538,0.362542062997818,15,6,npegesabecBlcer,mmooom
calib_03886,0.37479034066200256,0.5326095223426819,4,11,2m n,va garesess
calib_03887,0.7847535014152527,0.0,7,0,Tclabor,
calib_03888,0.5318288803100586,0.2546885311603546,14,1,gorlpcececetb1,1
calib_03889,0.7638731002807617,0.5355438590049744,12,3,Taueeba A.M.,W't
calib_03890,0.7566592693328857,0.29984232783317566,8,3,aguaraem,uoo
calib_03891,0.7218489646911621,0.0,9,0,БЕРЕЗКИНА,
calib_03892,0.3037518858909607,0.6467394232749939,1,12,o,naeepeepsesa
calib_03893,0.3533080816268921,0.5067201256752014,8,15,x006xna1,Nager gongeelan
calib_03894,0.12508229911327362,0.5631182193756104,1,8,r,uecee&as
calib_03895,0.7513749599456787,0.5009897947311401,6,6,Ddsa u,n 257P
calib_03896,0.5393300652503967,0.6648692488670349,0,13,,"Khecece Tors,"
calib_03897,0.4334457218647003,0.6678193807601929,7,11,BD em E,13 ube 2912
calib_03898,0.3814556896686554,0.49367988109588623,13,12,6 uдupaeoceos,gonomsomgn g
calib_03899,0.7627633810043335,0.5606076121330261,4,5,mrrh,cyuuo
calib_03900,0.4537229835987091,0.5180577635765076,2,10,oo,nfogbepeca
calib_03901,0.6783019304275513,0.39303120970726013,11,4,Tpoceey bae,o hy
calib_03902,0.4086150527000427,0.60924232006073,4,17,o080,08 gebpaces 2012.
calib_03903,0.0,0.6942942142486572,0,9,,Заявление
calib_03904,0.23788747191429138,0.6990953683853149,2,5,hм,Thouy
calib_03905,0.6484429240226746,0.596078634262085,4,9,moro,galmrcoca
calib_03906,0.491277813911438,0.45052310824394226,13,11,гocygafcnbeno,20212/08002
calib_03907,0.3345226049423218,0.45280134677886963,8,9,n2203m02,shanganco
calib_03908,0.5465966463088989,0.5700903534889221,1,7,2,Ccynedr
calib_03909,0.5771871209144592,0.8128324747085571,7,8,domuduo,onepamop
calib_03910,0.3836607336997986,0.428956538438797,10,7,co6onymoor,20omhoo
calib_03911,0.6298037171363831,0.3588866591453552,11,1,fauechumehe,m
calib_03912,0.3047254681587219,0.0,7,0,Mtucnps,
calib_03913,0.5207722783088684,0.9371490478515625,7,10,noYhodU,ПРОСРОЧКОЙ
calib_03914,0.6472535729408264,0.4170472025871277,10,8,2021021236,gefanco6
calib_03915,0.725489616394043,0.9116673469543457,0,14,,Megbegeby D.H.
calib_03916,0.6879740953445435,0.6074939370155334,15,2,Labamorena A.N.,'V
calib_03917,0.5930836200714111,0.48750177025794983,9,6,ZaеCrenl.,'TMg O
calib_03918,0.0,0.5209510326385498,0,10,,uenouepyen
calib_03919,0.5699727535247803,0.6368963718414307,5,11,fo hr,Luanyy 0.A.
calib_03920,0.3928796947002411,0.286688894033432,4,3,BUOn,HNЯ
calib_03921,0.45395371317863464,0.0,8,0,Nesater6,
calib_03922,0.5228710174560547,0.5446454286575317,8,1,bo bpeee,d
calib_03923,0.0,0.4669700562953949,0,10,,upeguobelo
calib_03924,0.3059959411621094,0.3351782262325287,7,14,Bmgoomn,Дошлелносеодшy
calib_03925,0.6210400462150574,0.561764121055603,0,13,,Dayeнкo C. M.
calib_03926,0.5967164039611816,0.7485441565513611,6,6,hbng E,B bugy
calib_03927,0.4692981243133545,0.7034193873405457,8,15,i50 o o1,no pepace 20052
calib_03928,0.7294171452522278,0.46047765016555786,6,7,4mtomm,uCuepur
calib_03929,0.22870561480522156,0.3957238793373108,1,8,b,Kcnapaмy
calib_03930,0.5354303121566772,0.32164227962493896,9,5,.MAКАРОBА,HEOHH
calib_03931,0.4981307089328766,0.7186997532844543,7,13,orogmng,e bolmarubare
calib_03932,0.0,0.5241267085075378,0,6,,almenn
calib_03933,0.0,0.5404657125473022,0,10,,Пpuaracnce
calib_03934,0.47377756237983704,0.4650260806083679,9,1,Pomna B.1,r
calib_03935,0.40065503120422363,0.4577414095401764,5,20,Bo oa,Teneporany gepeniepe
calib_03936,0.4662112593650818,0.6409700512886047,7,6,пpunyun,иnBnnd
calib_03937,0.6054657697677612,0.5412271618843079,16,6,om mucara 5pazpg,og  uo
calib_03938,0.42611974477767944,0.5369127988815308,18,20,0б обраzоваmecerеn,JMLTOTUTDGOENNTGO Sa
calib_03939,0.40153735876083374,0.7033504843711853,8,12,pommoonh,npopaeucleas
calib_03940,0.0,0.557182252407074,0,12,,1.. Tетровое
calib_03941,0.34897446632385254,0.5275754928588867,1,8,E,П ea B..
calib_03942,0.4049924314022064,0.3764030635356903,10,1,диypeкnoрa,o
calib_03943,0.4832734763622284,0.45395544171333313,7,9,Smomyoo,Зaeheenue
calib_03944,0.38478511571884155,0.4460982382297516,7,19,odo gom,дехсность иnхсенера
calib_03945,0.42852887511253357,0.356802374124527,6,3,codana,530
calib_03946,0.5109791159629822,0.6950331926345825,8,14,5961 ody,1 фekpan 1965.
calib_03947,0.6124751567840576,0.4345499575138092,9,7,Заевиене.,omorgmg
calib_03948,0.4614027738571167,0.609459638595581,9,2,Cugoрenno,oo
calib_03949,0.5747382640838623,0.7661396265029907,5,5,fmont,npocy
calib_03950,0.4729466438293457,0.44859546422958374,13,0,Ваe расторнть,
calib_03951,0.34164300560951233,0.9019774198532104,6,7,2o9n06,gorobop
calib_03952,0.3978499174118042,0.5183925032615662,12,9,4бepнyт6 geн,mo shongn
calib_03953,0.4590757489204407,0.7829604744911194,11,12,26H61 30m g,6 uae 1942г.
calib_03954,0.5915095210075378,0.46881526708602905,10,9,foomoll on,no Tauocy
calib_03955,0.5045861601829529,0.0,13,0,тpasenopTrero,
calib_03956,0.5559250712394714,0.7095929980278015,7,7,xo CYon,nopadok
calib_03957,0.0,0.42240750789642334,0,8,,cрegorbo
calib_03958,0.500299334526062,0.5028035044670105,4,6,omml,Приина
calib_03959,0.40293288230895996,0.3990875780582428,3,5,Boo,eTKOY
calib_03960,0.3927067220211029,0.9988751411437988,7,10,1122209,26.03.2014
calib_03961,0.5035108923912048,0.0,12,0,Сидоренко СB,
calib_03962,0.5321816802024841,0.47751858830451965,12,13,fmam bt Bmyy,Deuy pepenecn
calib_03963,0.3388247489929199,0.31967538595199585,6,6,Зaelre,Dmy8OS
calib_03964,0.6176602244377136,0.6405709385871887,5,7,som g,b ceuoe
calib_03965,0.6957072019577026,0.47244173288345337,13,10,Kopueeha C.H.,Ho ogondoy
calib_03966,0.7196822166442871,0.4858449399471283,10,10,onyonangod,paluouepuo
calib_03967,0.45246610045433044,0.5792841911315918,3,11,v o,Donceo 1.У.
calib_03968,0.6641842126846313,0.4125315248966217,10,12,mononbronI,C narGчaratu
calib_03969,0.3422410190105438,0.3854988217353821,15,1,прanраnкoo реna,o
calib_03970,0.513727605342865,0.6037396788597107,13,17,dmamdhn Bmoyu,npoicy pagpeuerie
calib_03971,0.0,0.33248186111450195,0,7,,cperабb
calib_03972,0.6234827637672424,0.6500112414360046,7,11,9002568,28μxa52006.
calib_03973,0.4356227219104767,0.5064715147018433,15,1,Терератено сура,o
calib_03974,0.6604153513908386,0.8585911393165588,6,7,Bh61 &,B 19482
calib_03975,0.43306946754455566,0.5260982513427734,4,10,6750,oyhsotlere
calib_03976,0.3591530919075012,0.4095495045185089,5,9,ndogh,neрeбepeu
calib_03977,0.5991410613059998,0.49748122692108154,17,2,eelepilepereckeib,Go
calib_03978,0.3402978181838989,0.36290499567985535,13,3,Tрoшу oкaзут6,о о
calib_03979,0.0,0.4549886882305145,0,9,,Зaяbuerue
calib_03980,0.5597882866859436,0.40855106711387634,13,9,Gunengao noya,no on onn
calib_03981,0.3926117420196533,0.737188458442688,3,10,hon,he uayzaw.
calib_03982,0.7917405962944031,0.5522735714912415,5,6,mepe3,Eachon
calib_03983,0.289167195558548,0.4870060682296753,11,9,фuкутеa мтy,fin hnneb
calib_03984,0.4204472005367279,0.6202399730682373,5,9,bmbom,akageuuny
calib_03985,0.6011102795600891,0.43654677271842957,4,14,m oa,Kapegor 3o0no2
calib_03986,0.39040520787239075,0.0,11,0,Seco360102x,
calib_03987,0.30058687925338745,0.3396155834197998,8,3,зae8reшe,ogo
calib_03988,0.9704146981239319,0.5671714544296265,7,4,13.0919,6160
calib_03989,0.5369547605514526,0.6148999929428101,9,8,npeдperen,mrodeoon
calib_03990,0.6432055234909058,0.34737274050712585,8,5,Снартфан,nodon
calib_03991,0.602013349533081,0.0,5,0,lueee,
calib_03992,0.46040892601013184,0.3832111656665802,7,10,NOmD ov,nо спемост
calib_03993,0.6987442374229431,0.6057179570198059,8,7,t1 uromm,unon 17
calib_03994,0.5343654751777649,0.7021960616111755,8,13,adn n on,ke ceen kapre
calib_03995,0.43970924615859985,0.5100520253181458,5,6,Momod,ganeoy
calib_03996,0.3993018865585327,0.35443180799484253,12,8,Tereфоn wees,som нopo
calib_03997,0.4912014603614807,0.32459181547164917,0,8,,xOk eene
calib_03998,0.5993607640266418,0.9072521924972534,6,8,6160k0,27.09.19
calib_03999,0.48431575298309326,0.48445001244544983,9,7,rmmonbogo,0додишу
calib_04000,0.3093273937702179,0.5932030081748962,7,4,шуейнUK,xmnm
calib_04001,0.4244402348995209,0.39690712094306946,14,14,Teефоn 8n сpan,todo nag nopon
calib_04002,0.5618034601211548,0.3540917932987213,15,5,npebepy nareere,m had
calib_04003,0.4393385052680969,0.5384174585342407,13,8,apeo дekerene,ommoo om
calib_04004,0.3420264422893524,0.40581774711608887,11,4,о TM  дEPET,ranm
calib_04005,0.5313471555709839,0.6236701011657715,10,10,одкарумеен,monekhonga
calib_04006,0.5192750692367554,0.48869800567626953,14,7,B oer nee peno,od n ae
calib_04007,0.5764455795288086,0.4249085485935211,8,10,adona mh,npu cеnоpе
calib_04008,0.1581575721502304,0.4105570316314697,1,12,н,конеетанетом
calib_04009,0.5967265367507935,0.30936580896377563,6,7,ormoow,nnaдeнe
calib_04010,0.5232480764389038,0.6301204562187195,13,0,pepero cerlee,
calib_04011,0.4305860102176666,0.544254720211029,3,4,Caw,wend
calib_04012,0.3892495036125183,0.6120970845222473,4,10,o nm,Dipeue ler
calib_04013,0.6023008823394775,0.6124148964881897,16,16,'sow h ony Blono,cagy nee ux nеr.
calib_04014,0.888407826423645,0.5405806303024292,8,4,B 1959r.,2668
calib_04015,0.595116913318634,0.592494547367096,11,11,on ormhunon,посмуние на
calib_04016,0.280378133058548,0.42652735114097595,6,8,xanpyе,piomtomd
calib_04017,0.4073186218738556,0.5073922276496887,14,1,6 omged opxuro,r
calib_04018,0.3792032301425934,0.48946413397789,4,13,onoo,Sra npobepeuo
calib_04019,0.5048658847808838,0.35365962982177734,3,6,mem,модеeй
calib_04020,0.49947839975357056,0.46290236711502075,9,11,noаdtr ou,no ipparheu
calib_04021,0.5534479022026062,0.6649175882339478,5,14,bn ou,no neleceeemhe
calib_04022,0.44912585616111755,0.6631467342376709,4,9,oo 2,ne leofuo
calib_04023,0.3870801627635956,0.5730336904525757,15,13,7m0 oдuарyne0с6,gormhonpo aml
calib_04024,0.595785915851593,0.33977678418159485,12,12,qacymem DBTY,F5O usuormmd
calib_04025,0.7015584111213684,0.5533406138420105,1,6,m,ne dao
calib_04026,0.5359562039375305,0.5482147336006165,7,3,ha bree,ong
calib_04027,0.5346168875694275,0.4370877742767334,9,10,mogh tony,Трошу убоn
calib_04028,0.9040600657463074,0.3941224217414856,10,8,"18,10,2018",+32'f'8y
calib_04029,0.8371649384498596,0.6392093896865845,6,5,HANOSA,4SOVH
calib_04030,0.33309027552604675,0.6197009682655334,7,10,8ngn 4H,HA geacmbu
calib_04031,0.7250352501869202,0.4598403573036194,13,14,fyoh ormrorol,закенrиe yреdy
calib_04032,0.880458652973175,0.6776653528213501,11,9,19.08.9018.,2810-8067
calib_04033,0.43118661642074585,0.0,14,0,Полиие Всосmве,
calib_04034,0.328978031873703,0.0,3,0,T a,
calib_04035,0.38954445719718933,0.3717963397502899,7,7,Еомруни,rmwhhoz
calib_04036,0.38256898522377014,0.3535673916339874,3,12,6 2,npunerь мeр6
calib_04037,0.5305178165435791,0.45725953578948975,11,9,cmggeum yyn,mth wttuo
calib_04038,0.0,0.48403942584991455,0,9,,Paсnuскa.
calib_04039,0.7092524766921997,0.4461197853088379,13,13,8 ABTY 6 1964,21961 9 hL868
calib_04040,0.4840109050273895,0.3638613224029541,9,3,Doeumeena,mom
calib_04041,0.46955737471580505,0.5347899198532104,8,11,aw nogrm,Moucuou M.B
calib_04042,0.8402813076972961,0.4136277735233307,5,6,clepy,hacbgp
calib_04043,0.3347947597503662,0.6505801677703857,5,6,Mocme,mpommm
calib_04044,0.486003577709198,0.4470006227493286,8,3,wacmyeшe,ama
calib_04045,0.3474707007408142,0.2529263496398926,13,3,dошоo кoшетва,gnm
calib_04046,0.4684128165245056,0.4809860289096832,5,6,beveu,morony
calib_04047,0.5746274590492249,0.540908932685852,12,11,Гo напровнию,ormgohon of
calib_04048,0.5102881789207458,0.2955230176448822,3,3,smh,ape
calib_04049,0.651452362537384,0.4248243570327759,8,3,ocrynauu,mua
calib_04050,0.46016040444374084,0.32606151700019836,1,6,2,Oдsene
calib_04051,0.6481033563613892,0.4440646469593048,8,7,Karere y,bomooon
calib_04052,0.45068368315696716,0.0,4,0,aeep,
calib_04053,0.9292351603507996,0.2411579042673111,9,1,15.09.037,0
calib_04054,0.45449012517929077,0.476706326007843,4,5,mh m,Cuo T
calib_04055,0.5345302820205688,0.5964295864105225,16,2,se yceeege dveel,ro
calib_04056,0.34331417083740234,0.39314791560173035,7,12,o 2bogo,a8rody guace
calib_04057,0.3460444509983063,0.3899384140968323,11,8,очен мернио,cnsom me
calib_04058,0.22079318761825562,0.3678298890590668,1,7,0,a870dgc
calib_04059,0.7102425694465637,0.4910210967063904,12,10,гударойкнной,nomymhosmn
calib_04060,0.5329307317733765,0.4001815617084503,4,3,foch,yp$
calib_04061,0.9627155065536499,0.8292876482009888,8,8,15/08/03,£0/80/54
calib_04062,0.5599812269210815,0.5644473433494568,14,10,5ezd0p0g06 1.d,pr gobatoo
calib_04063,0.0,0.41817840933799744,0,7,,одасеая
calib_04064,0.409712016582489,0.34522727131843567,4,4,cog9,nbon
calib_04065,0.4276224672794342,0.9769036173820496,8,10,91620V87,28.10-2016
calib_04066,0.33766719698905945,0.17033295333385468,3,3,зaя,6rn
calib_04067,0.425946444272995,0.3649924397468567,5,7,m d n,6 вau C
calib_04068,0.7362150549888611,0.47792336344718933,15,12,omob En romnagy,Boшer з gaua
calib_04069,0.5598477125167847,0.4219634532928467,16,14,hnogod ot robono,owozgal нa pey
calib_04070,0.3452598750591278,0.4066379964351654,7,2,cueйnaя,on
calib_04071,0.6196470260620117,0.5453172922134399,16,15,ommorsdinhnot on,но ранререлешио
calib_04072,0.3955151438713074,0.6045464277267456,6,7,whr SY,на 15шу
calib_04073,0.45150303840637207,0.4007478356361389,6,9,nmmboo,онозданйи
calib_04074,0.0,0.44532260298728943,0,7,,c aбama
calib_04075,0.4744988977909088,0.6804894208908081,12,14,rowopod botu,nepeg padomon.
calib_04076,0.2645465135574341,0.9449557065963745,5,10,23080,28.10.2016
calib_04077,0.5589002370834351,0.5616831183433533,11,15,rr gobodoog,5e2d0p0g08 1.4.
calib_04078,0.5664346814155579,0.3648349344730377,7,7,lepoous,gpoosdg
calib_04079,0.34881219267845154,0.4129486680030823,11,0,Оdsexmeonaй,
calib_04080,0.8301423788070679,0.43354666233062744,10,9,gounmronmn,снинаштов
calib_04081,0.9150485992431641,0.0,7,0,veecnie,
calib_04082,0.9877183437347412,0.3391554355621338,8,6,06.12.10,or2290
calib_04083,0.5304953455924988,0.6455087661743164,7,8,emohonn,crcayava
calib_04084,0.9957898855209351,0.25218769907951355,8,1,10.12.10,0
calib_04085,0.5759341716766357,0.5818265676498413,9,8,undmommud,рАсотриМ
calib_04086,0.7206233143806458,0.7493049502372742,5,4,сжеша,өтэх
calib_04087,0.5938512682914734,0.6500788927078247,9,10,omgorobrm,npegactatu
calib_04088,0.7966647744178772,0.5087651014328003,7,2,Aemse y,ha
calib_04089,0.6273775100708008,0.39927732944488525,5,5,nom g,6 uPu
calib_04090,0.6344324350357056,0.40995877981185913,16,8,C ноедре 1966rда,obg9 mon
calib_04091,0.5214307308197021,0.877946674823761,17,19,obor g96 wohgo ou,no abrycm 1968 roga
calib_04092,0.3117348253726959,0.4979599118232727,7,11,ongot n,ne рaдomana
calib_04093,0.4526439309120178,0.4539753496646881,10,9,addumubuoi,nongmungo
calib_04094,0.5578390955924988,0.4167461395263672,3,3,vug,δбn
calib_04095,0.5204160213470459,0.45636942982673645,8,11,mmognomt,уемойшбость
calib_04096,0.31049424409866333,0.2792370021343231,2,8,an,аdοnюμuο
calib_04097,0.39230817556381226,0.3608248233795166,5,2,nycть,1U
calib_04098,0.8799200654029846,0.39214256405830383,7,6,nepboro,auogdu
calib_04099,0.5594356656074524,0.5142053961753845,5,6,namyn,exlnoi
calib_04100,0.4486646056175232,0.602032482624054,7,9,bamnonh,yemouuuba
calib_04101,0.7417929172515869,0.38100215792655945,10,9,ontndorrho,еуnmариуи
calib_04102,0.5099337100982666,0.47789159417152405,9,9,rmmangnnp,Предполош
calib_04103,0.6739511489868164,0.37535610795021057,7,5,anehdza,epyuo
calib_04104,0.6059066653251648,0.7478405833244324,3,2,2on,ul
calib_04105,0.5644404292106628,0.475067675113678,3,4,mml,peuu
calib_04106,0.8985897898674011,0.39943429827690125,6,4,boupoe,odog
calib_04107,0.5447809100151062,0.5136203765869141,7,8,qmmmnvl,замешишь
calib_04108,0.4154117703437805,0.3017866611480713,4,4,xom9,5mox
calib_04109,0.513267457485199,0.886703372001648,8,7,nonyчacu,monhvou
calib_04110,0.3707527220249176,0.294656366109848,6,3,zndAue,meи
calib_04111,0.5367431640625,0.45317530632019043,4,3,oune,mno
calib_04112,0.7040215134620667,0.5865671038627625,11,7,onpegenuuer,rmrsmmo
calib_04113,0.8598108291625977,0.46347105503082275,6,6,ebepxy,hidoy?
calib_04114,0.5313943028450012,0.5291221737861633,5,6,menOH,Haйdem
calib_04115,0.3534300923347473,0.4130156934261322,2,8,on,dommoчuo
calib_04116,0.7200220823287964,0.8853731751441956,4,1,enuu,m
calib_04117,0.43778204917907715,0.4102938771247864,7,7,nocuonу,movomau
calib_04118,0.7684236764907837,0.6993400454521179,7,6,onRgdou,nepbyo
calib_04119,0.4021349549293518,0.41403988003730774,10,1,(ре3yлbтAm,d
calib_04120,0.3941899836063385,0.7409574389457703,7,12,novoudu,предполовим.
calib_04121,0.47317302227020264,0.41558852791786194,6,6,Auanuy,Enving
calib_04122,0.5964047312736511,0.20295479893684387,8,2,"Заметин,",nU
calib_04123,0.46174687147140503,0.4452134072780609,7,6,АЛоритМ,undavy
calib_04124,0.5621628761291504,0.2573907673358917,11,3,amogembembc,qug
calib_04125,0.8122290968894958,0.37320655584335327,7,8,monmeom,еводимоm
calib_04126,0.4609966278076172,0.3744426369667053,6,5,nолуша,umvou
calib_04127,0.5296381115913391,0.6270924806594849,5,5,no6ne,mugon
calib_04128,0.33260577917099,0.6272703409194946,5,5,сжeыа,өтэхо
calib_04129,0.5953637361526489,0.4709475338459015,3,3,sve,an9
calib_04130,0.4950692057609558,0.5973210334777832,8,9,Пpuвigem,nrobrgndy
calib_04131,0.7498358488082886,0.7343617081642151,4,4,3mou,nout
calib_04132,0.39435482025146484,0.42523863911628723,6,7,mutnvd,реanизу
calib_04133,0.5256831645965576,0.5648022294044495,10,11,monhnbbeon,поэфриушеит
calib_04134,0.6329728364944458,0.3784317076206207,10,8,uenddonoen,изоmopug
calib_04135,0.5151478052139282,0.7390821576118469,8,7,onepamop,dowudno
calib_04136,0.45421114563941956,0.42835649847984314,11,6,балel мекuе,aman r
calib_04137,0.49794143438339233,0.6335485577583313,13,15,mongnondonodu,nponopyuounuoru
calib_04138,0.5569411516189575,0.9178996086120605,3,4,bor,eneg
calib_04139,0.7147287726402283,0.8800010085105896,4,4,UUEh,43nn
calib_04140,0.44114676117897034,0.5877940654754639,7,8,ymobocr,nomnounh
calib_04141,0.6516299247741699,0.46856775879859924,11,10,nonnnnonore,КоНОМИЧИОЙ
calib_04142,0.6594606637954712,0.6042750477790833,6,6,каждом,waexon
calib_04143,0.4201680123806,0.6696065068244934,4,4,6yem,rekg
calib_04144,0.8571836948394775,0.42137426137924194,2,2,HA,4M
calib_04145,0.8044109344482422,0.4257246255874634,7,6,nndogon,no6opu
calib_04146,0.8438140153884888,0.8698463439941406,5,5,xomum,wnwox
calib_04147,0.4516947865486145,0.6902806162834167,5,5,нушuо,onmhm
calib_04148,0.6289966106414795,0.4431634843349457,6,5,rontod,фopua
calib_04149,0.16285915672779083,0.3662720024585724,1,6,д,apabba
calib_04150,0.33270442485809326,0.39807602763175964,3,6,mol,завние
calib_04151,0.8509936332702637,0.7154045104980469,19,15,"gou. med,: 53-48-82",78-84-s:'mu'mob
calib_04152,0.8739008903503418,0.509408712387085,17,15,uoб. : 375-44-794,H6t-HN-SEE: gom
calib_04153,0.2988708019256592,0.2812534272670746,4,2,pасе,td
calib_04154,0.7110623717308044,0.6460609436035156,5,6,zomgf,15 mar
calib_04155,0.4615553319454193,0.8244457244873047,7,13,t'1'8'β,"g.8, Kb, 51°."
calib_04156,0.0,0.49876347184181213,0,11,,"„ Tоризонm"""
calib_04157,0.0,0.4965234398841858,0,5,,Bbege
calib_04158,0.42047029733657837,0.39021819829940796,10,4,НORMANЬИOЙ,NOnO
calib_04159,0.6114540100097656,0.7820683717727661,7,10,мдатофо,омеро торы
calib_04160,0.7282098531723022,0.5271055102348328,8,7,ycrorulo,oymranh
calib_04161,0.28188905119895935,0.692664384841919,1,9,n,Pabnobect
calib_04162,0.5943287014961243,0.7372539043426514,3,3,bno,оиф
calib_04163,0.6379930973052979,0.5879338979721069,4,4,bgeu,nobg
calib_04164,0.2814651131629944,0.5118022561073303,4,7,DHMY,LeOHIer
calib_04165,0.7258602380752563,0.3967541754245758,4,2,Eoce,mo
calib_04166,0.409144788980484,0.4877975583076477,11,0,100ни7е407.,
calib_04167,0.43559056520462036,0.6908981204032898,5,7,onoom,cuereua
calib_04168,0.23655594885349274,0.5822495818138123,1,11,M,nacrurucene
calib_04169,0.5522512793540955,0.40903136134147644,7,9,uhow mo,anu мorym
calib_04170,0.3621368110179901,0.5024480223655701,6,3,Oduaкo,ome
calib_04171,0.7358619570732117,0.8781007528305054,3,1,eeu,m
calib_04172,0.38780832290649414,0.31489619612693787,5,2,naxoe,an
calib_04173,0.31055158376693726,0.5694802403450012,1,7,d,Tenzep:
calib_04174,0.44695618748664856,0.40596890449523926,3,4,gpy,ponb
calib_04175,0.6412320733070374,0.0,7,0,мееғно.,
calib_04176,0.4653439521789551,0.684736967086792,4,5,cuoc,Sorom
calib_04177,0.6824824213981628,0.4361272156238556,3,7,mmm,сиcrure
calib_04178,0.23623107373714447,0.5356729030609131,1,8,w,ссдерниm
calib_04179,0.3170619308948517,0.44772374629974365,1,8,o,paganeru
calib_04180,0.38487347960472107,0.5366856455802917,11,9,Aвmopuzauue,smmomougt
calib_04181,0.4990703761577606,0.4541262984275818,6,10,amomto,рazреueнuе
calib_04182,0.5099462866783142,0.30738136172294617,8,4,nfeeaзbu,goyo
calib_04183,0.38996627926826477,0.6519107818603516,7,8,06oxoon,nefoxopc
calib_04184,0.3930566608905792,0.5350596904754639,6,9,norhon,нонулевой
calib_04185,0.8114845752716064,0.9271988868713379,3,3,Bng,bug
calib_04186,0.5069435238838196,0.5703623294830322,7,6,benropa,blorag
calib_04187,0.5339394807815552,0.9210583567619324,4,5,nonW,Макой
calib_04188,0.2607555687427521,0.5746434330940247,1,7,o,gaueena
calib_04189,0.3946934640407562,0.6579118371009827,6,7,yhoson,uaspeye
calib_04190,0.7304515242576599,0.47651952505111694,5,7,mByng,bupqyuu
calib_04191,0.5029336214065552,0.7153599262237549,5,5,5oomm,uueet
calib_04192,0.36184948682785034,0.4340877830982208,1,12,m,gue nрoвegee
calib_04193,0.5323720574378967,0.24675680696964264,6,3,ckauep,doн
calib_04194,0.540893018245697,0.3947221338748932,8,3,neperyen,tov
calib_04195,0.604775607585907,0.8716539144515991,4,2,ruud,mm
calib_04196,0.3474821150302887,0.5658254027366638,3,6,oom,meuzop
calib_04197,0.3931317925453186,0.6332163214683533,4,6,dosg,Bekrop
calib_04198,0.32762110233306885,0.3479914963245392,6,6,5onhlo,1eyura
calib_04199,0.0,0.4949299097061157,0,8,,кobeкsop
calib_04200,0.31812557578086853,0.3811712861061096,6,7,bryoog,budopкa
calib_04201,0.0,0.7820072770118713,0,4,,Parr
calib_04202,0.7536001205444336,0.37766653299331665,8,9,myounpou,noдсmoluu
calib_04203,0.6007518172264099,0.24268344044685364,9,8,ronoundon,ноpNAnuа
calib_04204,0.6183430552482605,0.31463542580604553,7,2,Teu3opa,dо
calib_04205,0.7129400968551636,0.5951136946678162,4,3,ghyx,xfp
calib_04206,0.30030080676078796,0.0,7,0,COTO4Hа,
calib_04207,0.3828946053981781,0.3430643081665039,7,6,xxntomd,перехх
calib_04208,0.4688291549682617,0.3740631341934204,6,2,Функуи,md
calib_04209,0.44420957565307617,0.5605134963989258,7,4,cxoguтя,nbox
calib_04210,0.24670302867889404,0.38266420364379883,5,6,Beдrа,rongag
calib_04211,0.41842442750930786,0.4607764184474945,1,8,o,Pazuосая
calib_04212,0.5767804384231567,0.5290062427520752,5,9,mdiou,порешкось
calib_04213,0.33084025979042053,0.4266827404499054,5,1,аnorа,m
calib_04214,0.6127263307571411,0.23849338293075562,7,4,Тонашеи,mmmo
calib_04215,0.5627393126487732,0.0,5,0,cxena,
calib_04216,0.4734434485435486,0.6450950503349304,5,7,imngo,gobueut
calib_04217,0.36486172676086426,0.0,8,0,попрекос,
calib_04218,0.48803097009658813,0.0,10,0,Pargnocnas,
calib_04219,0.0,0.538199782371521,0,5,,Cxeшa
calib_04220,0.46113237738609314,0.6281660795211792,5,5,Правй,magot
calib_04221,0.0,0.3685600757598877,0,4,,Оцеx
calib_04222,0.0,0.46977701783180237,0,2,,mm
calib_04223,0.5418651103973389,0.4228616952896118,4,3,nouy,mmo
calib_04224,0.610966682434082,0.39208361506462097,7,5,slovouh,ЦоЛою
calib_04225,0.0,0.5430465340614319,0,11,,на основани
calib_04226,0.4215376377105713,0.4037499725818634,12,4,хоpатеpuсuка,Dtdo
calib_04227,0.3944820463657379,0.36885005235671997,3,5,xag,bepxн
calib_04228,0.8563868999481201,0.5262032747268677,4,5,mgot,Прабй
calib_04229,0.0,0.254131942987442,0,6,,уголOЮ
calib_04230,0.42563262581825256,0.0,5,0,сxema,
calib_04231,0.691252589225769,0.556439995765686,11,7,aogmlrormed,paccsau
calib_04232,0.4450235366821289,0.5019295811653137,6,8,rmgodo,nogctabw
calib_04233,0.0,0.6005181670188904,0,9,,pagnocryo
calib_04234,0.6899672150611877,0.0,5,0,ckeny,
calib_04235,0.6905667781829834,0.18806983530521393,8,1,CETOЧHAS,H
calib_04236,0.5141585469245911,0.679631233215332,7,8,uampuya,ohmduror
calib_04237,0.5747047066688538,0.3350895643234253,5,1,dygea,m
calib_04238,0.4110218584537506,0.1777752935886383,5,2,О5ЛАС,90
calib_04239,0.3594282865524292,0.16217398643493652,2,1,Mi,w
calib_04240,0.0,0.639095664024353,0,5,,HOPMA
calib_04241,0.0,0.7704692482948303,0,14,,ПРОЕКГИРОВАКИЯ
calib_04242,0.0,0.969591498374939,0,8,,ONEPATOP
calib_04243,0.31347382068634033,0.5988175272941589,1,6,а,TO4KOL
calib_04244,0.39786797761917114,0.512688398361206,5,6,кopшa,wondon
calib_04245,0.2534158527851105,0.43755877017974854,1,9,D,cmacobona
calib_04246,0.4273708164691925,0.30813148617744446,1,3,o,мac
calib_04247,0.3537391126155853,0.4711478352546692,6,8,мдоdио,Попродуи
calib_04248,0.5244839191436768,0.9599380493164062,3,3,4mo,omn
calib_04249,0.3169623911380768,0.0,6,0,мoteua,
calib_04250,0.6053373217582703,0.6544365882873535,5,5,-kopa,mdon-
calib_04251,0.5089952945709229,0.0,9,0,comacbana,
calib_04252,0.4753290116786957,0.3374970853328705,7,1,Ceтouna,а
calib_04253,0.5768364667892456,0.47652143239974976,3,4,mdo,кopa
calib_04254,0.44375693798065186,0.3982701897621155,1,2,а,UD
calib_04255,0.4838983118534088,0.5888034105300903,9,8,aүэөлвөхэ,сжоднось
calib_04256,0.646864652633667,0.37111425399780273,8,2,nop.egou,bo
calib_04257,0.5128383040428162,0.0,6,0,3agaчa,
calib_04258,0.4954613149166107,0.2757825255393982,6,1,anpoka,o
calib_04259,0.9300435781478882,0.8782546520233154,2,4,mm,eenu
calib_04260,0.4410758912563324,0.0,4,0,UeeT,
calib_04261,0.417498916387558,0.0,10,0,аmpоксpyeт,
calib_04262,0.369710236787796,0.6156654357910156,6,7,orrodo,Teopeмa
calib_04263,0.5543128252029419,0.6348550915718079,7,6,ogmnanh,yaouba
calib_04264,0.4215907156467438,0.35672640800476074,5,2,noobo,СО
calib_04265,0.6930364966392517,0.7390891313552856,6,8,ongngn,Orebuduo
calib_04266,0.23780962824821472,0.0,5,0,Леnуи,
calib_04267,0.7317009568214417,0.16594944894313812,7,3,", 20,20",Вор
calib_04268,0.5917014479637146,0.38356274366378784,12,8,mavorhonmlu.,пришооль
calib_04269,0.9328709244728088,0.4507121443748474,2,2,PC,2d
calib_04270,0.660485029220581,0.3706037998199463,8,4,mmgnngan,edmn
calib_04271,0.5528764128684998,0.5290132164955139,5,5,mmnne,daunu
calib_04272,0.8402295112609863,0.6169496178627014,5,1,lreka,m
calib_04273,0.6076555252075195,0.6261275410652161,2,2,о2,чд
calib_04274,0.2211569994688034,0.6668546199798584,1,1,d,P
calib_04275,0.48318883776664734,0.0,6,0,eeTKy.,
calib_04276,0.4696567952632904,0.5043200850486755,7,6,2bmndll,Пpшер2
calib_04277,0.5429834127426147,0.31138238310813904,6,4,"2y,7.u",П.gc
calib_04278,0.4476945698261261,0.6679088473320007,2,7,ov,Ycnobue
calib_04279,0.5208982825279236,0.18089771270751953,7,4,Понашеш,mоnа
calib_04280,0.43293440341949463,0.5286072492599487,3,2,tml,me
calib_04281,0.6790664792060852,0.0,3,0,akr,
calib_04282,0.7449482083320618,0.6747021079063416,3,4,mv3,Eenu
calib_04283,0.5087807178497314,0.32018619775772095,2,5,2o,Jcmoc
calib_04284,0.5346431732177734,0.5524294376373291,4,1,Ceom,m
calib_04285,0.3629437983036041,0.38722142577171326,7,10,2om not,ycой ruбoc
calib_04286,0.3598647117614746,0.457286536693573,5,2,1euua,mm
calib_04287,0.34756964445114136,0.46640533208847046,2,9,on,nopeuonae
calib_04288,0.9584313035011292,0.48481446504592896,12,10,"05, 11, 2020",ozor'l 'sa
calib_04289,0.6344321966171265,0.3517477810382843,8,8,ammvomgg,66uomeuo
calib_04290,0.43793705105781555,0.3570854663848877,13,7,nepeсmauoбoчn,mnogonu
calib_04291,0.0,0.28610748052597046,0,1,,б
calib_04292,0.2563196122646332,0.614020049571991,4,5,ogos,5orda
calib_04293,0.3817673325538635,0.3410463333129883,2,6,nh,npupak
calib_04294,0.7420127987861633,0.5797576308250427,4,3,Eenu,rmy
calib_04295,0.921490490436554,0.33419832587242126,4,3,Trda,veo
calib_04296,0.5171279311180115,0.0,6,0,Merodа,
calib_04297,0.8548950552940369,0.0,11,0,"15, 10,2020",
calib_04298,0.7597019672393799,0.2714751958847046,6,2,Memodn,uo
calib_04299,0.0,0.2981042265892029,0,5,,Luuue
calib_04300,0.49192097783088684,0.7981348633766174,3,3,Пpu,ndu
calib_04301,0.5032703876495361,0.8503076434135437,5,6,uo6yo,orhgon
calib_04302,0.0,0.6698130965232849,0,6,,Yencul
calib_04303,0.5606081485748291,0.0,7,0,Verotci,
calib_04304,0.37313979864120483,0.0,5,0,Aекац,
calib_04305,0.6795979142189026,0.6147537231445312,4,3,Ecnu,m73
calib_04306,0.8190009593963623,0.0,4,0,ecnu,
calib_04307,0.6018227934837341,0.541680634021759,3,4,xnd,Гpoк
calib_04308,0.42956987023353577,0.2642230689525604,6,1,сцеnкa,D
calib_04309,0.8777295351028442,0.8012905120849609,4,2,eenu,mm
calib_04310,0.0,0.525446355342865,0,6,,Merodo
calib_04311,0.2556374967098236,0.5197476148605347,7,6,рypeuсr,hommhd
calib_04312,0.46034467220306396,0.8438539505004883,6,5,Уcno6u,mgonh
calib_04313,0.7167062163352966,0.5701811909675598,7,6,ycnobee,omgonh
calib_04314,0.23370803892612457,0.1998567283153534,1,2,а,шD
calib_04315,0.16893413662910461,0.5793594121932983,1,2,m,тт
calib_04316,0.0,0.8101248145103455,0,13,,-Каракгерисик
calib_04317,0.0,0.8744932413101196,0,5,,creua
calib_04318,0.8918203115463257,0.2083500176668167,7,2,Heebual,mn
calib_04319,0.0,0.45948681235313416,0,7,,Лекция.
calib_04320,0.47561174631118774,0.0,5,0,Мемод,
calib_04321,0.39083346724510193,0.0,6,0,dannoe,
calib_04322,0.0,0.4824047088623047,0,12,,бысчшслений.
calib_04323,0.7997958064079285,0.3416343629360199,5,3,cmman,мош
calib_04324,0.7181715369224548,0.39335185289382935,6,1,cxeiny,n
calib_04325,0.5434998869895935,0.2824883460998535,9,1,пубиичное,m
calib_04326,0.8603923916816711,0.30549219250679016,5,3,npato,aoh
calib_04327,0.45516037940979004,0.6491571068763733,6,5,ocod0e,20000
calib_04328,0.2363724708557129,0.514018177986145,5,7,KNNON,xacancl
calib_04329,0.42881670594215393,0.576758086681366,5,8,неить,woammngn
calib_04330,0.37544384598731995,0.339984267950058,6,5,кауума,onnmo
calib_04331,0.3904981017112732,0.31949082016944885,8,7,хмбүхүлт,инемуое
calib_04332,0.2902098298072815,0.34058254957199097,5,5,девие,mvgrg
calib_04333,0.5354340076446533,0.0,8,0,конститу,
calib_04334,0.8800630569458008,0.8304000496864319,4,4,hrou,nony
calib_04335,0.4067268371582031,0.5415531396865845,4,4,ogov,na6o
calib_04336,0.3729233145713806,0.40558263659477234,2,7,02,goroone
calib_04337,0.4003382623195648,0.0,9,0,конплакты,
calib_04338,0.31312471628189087,0.4724785089492798,2,8,2h,прасуане
calib_04339,0.3388536274433136,0.34446588158607483,6,3,3аK0Hb,100
calib_04340,0.354724645614624,0.16287510097026825,3,5,NON,uаUнH
calib_04341,0.7338348627090454,0.2968778610229492,14,1,350.000(TuC0T),0
calib_04342,0.3780200481414795,0.6015027761459351,9,10,gouyob cu,tmo goomok
calib_04343,0.4409922659397125,0.3154169023036957,8,7,yommaoen,uzdupan
calib_04344,0.4554349184036255,0.4607613980770111,9,12,29H0mOr2.,10cex2 I06s.
calib_04345,0.5753675699234009,0.9508160352706909,5,2,puunu,mm
calib_04346,0.25421902537345886,0.5691343545913696,1,5,н,насни
calib_04347,0.0,0.4688878655433655,0,10,,Числнность
calib_04348,0.41004541516304016,0.5634927749633789,11,17,ohifo noror,городского округа
calib_04349,0.5442035794258118,0.49892133474349976,16,3,охруга Краскоара,ooy
calib_04350,0.3687055706977844,0.6456031203269958,7,12,rtyoong,бнаговеуенск
calib_04351,0.0,0.352506160736084,0,10,,Yeбоxcаfbе
calib_04352,0.9022122621536255,0.5308181643486023,4,3,Luma,oum
calib_04353,0.49694857001304626,0.3495965003967285,6,5,Црхутк,ruhhy
calib_04354,0.6107611656188965,0.5362269282341003,9,8,Ойредении,mmndntyo
calib_04355,0.6554564833641052,0.43043071031570435,7,8,ondagon,гобориrь
calib_04356,0.6716413497924805,0.6076469421386719,8,8,Кострона,omofunoy
calib_04357,0.4316312372684479,0.2522009313106537,9,1,Красnорeк,o
calib_04358,0.45214444398880005,0.7088279128074646,5,5,Кyрcк,paffy
calib_04359,0.4568716287612915,0.524854838848114,8,7,трүтит m,chош dт
calib_04360,0.5474590063095093,0.6281606554985046,11,10,purounsponi,nfuodemamb
calib_04361,0.5533726215362549,0.3976776897907257,9,7,llanU.Ul.,n'n gom
calib_04362,0.5688222050666809,0.4528975486755371,4,4,morm,Мuau
calib_04363,0.382144570350647,0.390432208776474,12,7,одhзаmesсmha,ogurppo
calib_04364,0.6723436117172241,0.35207438468933105,8,8,ogumthrn,шyueembo
calib_04365,0.47091037034988403,0.571243405342102,5,9,xmmme,дальнииих
calib_04366,0.7255685329437256,0.5820214748382568,19,17,13 ноября 1992 гоgа,0302 266r 6d0H EY
calib_04367,0.662197470664978,0.4423905313014984,16,10,31 uн9 2012 20ga,0302 202 0
calib_04368,0.5836731791496277,0.0,7,0,совених,
calib_04369,0.18763016164302826,0.3596058189868927,2,5,oо,зауиn
calib_04370,0.5017904043197632,0.9751582145690918,8,10,366rOrV0,01.10.1992
calib_04371,0.7056491374969482,0.3689948618412018,9,4,кредий на,onod
calib_04372,0.45064577460289,0.40703433752059937,9,8,усидоваши,mmogodmn
calib_04373,0.8486375212669373,0.45005539059638977,15,11,hmorn omnanrogh,убеичиь йаy
calib_04374,0.7207342386245728,0.4341460168361664,10,9,grnporomgo,абшомодиь
calib_04375,0.45706743001937866,0.64736008644104,7,15,momo on,йо содсшвенному
calib_04376,0.6458495259284973,0.5657581686973572,5,6,Uehta,101232
calib_04377,0.5848855376243591,0.435445636510849,7,9,mmowbos,даденаний
calib_04378,0.5449464917182922,0.4341002404689789,6,6,geranb,9nnorb
calib_04379,0.47069811820983887,0.6175068616867065,8,7,xrnoborh,xpogana
calib_04380,0.41850510239601135,0.7327274084091187,5,5,cyuua,ommho
calib_04381,0.3146401047706604,0.6968976855278015,2,7,2h,noxynxa
calib_04382,0.46753713488578796,0.3426312804222107,7,5,поучамь,annhr
calib_04383,0.8726807832717896,0.8049850463867188,5,5,"uago,",'o8om
calib_04384,0.5022469758987427,0.32442909479141235,8,8,noovobon,недpрrой
calib_04385,0.6406236290931702,0.34495893120765686,7,8,zonbmmh,npuuенаl
calib_04386,0.3353169560432434,0.3927572965621948,4,6,нонe,gанuаl
calib_04387,0.700336754322052,0.34021028876304626,2,2,на,Юн
calib_04388,0.19108042120933533,0.5148270130157471,2,4,19,d22y
calib_04389,0.8738822937011719,0.40821319818496704,5,4,berep,4osg
calib_04390,0.5875972509384155,0.644702672958374,10,9,nroarloyon,noheproor
calib_04391,0.4419899582862854,0.4464515149593353,5,6,onbnd,3agum6
calib_04392,0.4095950126647949,0.4489474892616272,5,4,MOHUO,YHaY
calib_04393,0.7642300724983215,0.340105265378952,4,2,kpy2,2h
calib_04394,0.45189061760902405,0.3315292298793793,3,3,&Ug,8л9
calib_04395,0.5492347478866577,0.3533690273761749,7,8,mmobot9,6нрogouu
calib_04396,0.39445042610168457,0.467937707901001,7,3,скариое,dom
calib_04397,0.7711460590362549,0.7464739084243774,4,4,nose,drou
calib_04398,0.25986090302467346,0.6600644588470459,6,1,ндnoеn,2
calib_04399,0.7045371532440186,0.4616103768348694,6,5,npuuep,fommu
calib_04400,0.7275013327598572,0.3644220232963562,3,2,ка.,пн
calib_04401,0.25504007935523987,0.41660913825035095,3,3,Nос,оюи
calib_04402,0.0,0.5658543109893799,0,9,,скоресrей
calib_04403,0.45806846022605896,0.32165512442588806,6,5,rmonho,труик
calib_04404,0.48257097601890564,0.299570769071579,6,2,6ucOTH,Ho
calib_04405,0.0,0.6794662475585938,0,10,,РАЗИОСТНАЯ
calib_04406,0.0,0.602112889289856,0,19,,ОДНОNАРАМЕТPUЧЕСКОЕ
calib_04407,0.0,0.49082186818122864,0,8,,сеточиая
calib_04408,0.8121943473815918,0.0,10,0,КООРДИНАТА,
calib_04409,0.5140320658683777,0.618602991104126,4,4,drou,nolp
calib_04410,0.83661288022995,0.45019906759262085,5,5,andon,HOPMA
calib_04411,0.785804271697998,0.0,14,0,Прямочтольниие,
calib_04412,0.49591293931007385,0.0,5,0,CETOК,
calib_04413,0.0,0.6103429794311523,0,9,,CEMEЙCY3O
calib_04414,0.6403968930244446,0.40899184346199036,6,6,npumep,tdonnd
calib_04415,0.4995023012161255,0.6990418434143066,4,4,4ymb,qmhh
calib_04416,0.0,0.9044952392578125,0,5,,CXENA
calib_04417,0.5483024716377258,0.29262983798980713,5,4,cxeuo,OmOX
calib_04418,0.488483190536499,0.5231103897094727,3,4,uyr,o2hm
calib_04419,0.5618388652801514,0.0,9,0,ИУМЕРАУЧЯ,
calib_04420,0.5041999220848083,0.3790202736854553,4,2,6cau,nд
calib_04421,0.7483612298965454,0.0,5,0,CETKA,
calib_04422,0.5760461091995239,0.5362090468406677,5,7,mhomo,Функуий
calib_04423,0.7499386668205261,0.0,9,0,ВЕКТОРИАЯ,
calib_04424,0.5605827569961548,0.5347214937210083,8,4,"Zualcel,",mmnl
calib_04425,0.32953599095344543,0.4716877043247223,6,8,nomhon,леточиом
calib_04426,0.0,0.9069491624832153,0,8,,ПАРАМЕТР
calib_04427,0.0,0.7697113156318665,0,9,,УРАВНЕНИЕ
calib_04428,0.0,0.6165855526924133,0,8,,ДВИЖЕНИЯ
calib_04429,0.3596065938472748,0.7805729508399963,6,4,cnоunx,xmom
calib_04430,0.421670138835907,0.424715131521225,8,10,vguodmoc,npompaшmba
calib_04431,0.31550154089927673,0.39086732268333435,6,10,monnno,сбойстбани
calib_04432,0.35196077823638916,0.3629947304725647,3,9,ono,bexzopuan
calib_04433,0.5135493278503418,0.213853120803833,6,3,ячейка,unn
calib_04434,0.4792998433113098,0.3526819944381714,14,4,ВСЛОНОТАТЕМНОЙ,nann
calib_04435,0.5827634930610657,0.0,14,0,ПРОЕКТИРОВанИЯ,
calib_04436,0.8758703470230103,0.0,11,0,РАВНОМЕРИАЯ,
calib_04437,0.0,0.5020883083343506,0,11,,погрЕшИОсть
calib_04438,0.28653210401535034,0.551468014717102,5,5,Undon,ЧOPMA
calib_04439,0.509849488735199,0.6082205772399902,6,7,mhomho,Фушкушш
calib_04440,0.19960016012191772,0.3525483310222626,4,4,U16g,rEMm
calib_04441,0.8460707664489746,0.45443665981292725,2,2,по,оИ
calib_04442,0.7886238098144531,0.4089226722717285,7,7,mmaxovg,бложЕши
calib_04443,0.78154456615448,0.7453953623771667,5,5,Abuae,rongB
calib_04444,0.6697894334793091,0.3198167383670807,8,1,обладнет,o
calib_04445,0.7299790382385254,0.2285427302122116,7,2,РЕШЕИИЯ,mT
calib_04446,0.1515510231256485,0.7174719572067261,1,13,A,ПРВЕКТИРОВАИИ
calib_04447,0.5200209021568298,0.3834085464477539,5,5,C6я3b,96890
calib_04448,0.3971969783306122,0.19943015277385712,7,3,HеЯBнАя,КHM
calib_04449,0.4542306065559387,0.6914671659469604,7,7,бходиму,muncoxg
calib_04450,0.45220911502838135,0.6218488216400146,1,11,N,ЯBHAЯ CXENA
calib_04451,0.2150702327489853,0.915365993976593,2,5,AN,CXENA
calib_04452,0.2980872392654419,0.3238259255886078,3,1,Эой,п
calib_04453,0.14146804809570312,0.8462151288986206,2,8,XO,УМИОЖАТЬ
calib_04454,0.4400538504123688,0.2781013250350952,6,2,УTОΛОК,00
calib_04455,0.3893779218196869,0.7470693588256836,6,8,nonnon,ееточиой
calib_04456,0.32423001527786255,0.38546040654182434,2,5,ud,правn
calib_04457,0.22173890471458435,0.28616052865982056,1,8,e,3НАУЕUЯН
calib_04458,0.4010181725025177,0.4387395977973938,4,7,тhиф,ФуИкуШи
calib_04459,0.401515394449234,0.8698137402534485,5,5,WNLON,XOTUM
calib_04460,0.7731829285621643,0.23979158699512482,6,5,mannve,дАниИ
calib_04461,0.5351889133453369,0.8511789441108704,5,5,uaumu,numon
calib_04462,0.5920689105987549,0.5008012056350708,5,5,Jnged,cdbur
calib_04463,0.0,0.8709298372268677,0,9,,УРАВНЕНИЕ
calib_04464,0.4333806037902832,0.2602430284023285,7,3,БЕPXИИЙ,nna
calib_04465,0.0,0.5337957143783569,0,5,,cBecu
calib_04466,0.0,0.44083714485168457,0,12,,HEпрериBHOго
calib_04467,0.7844585180282593,0.0,7,0,РЕШЕЧИЯ,
calib_04468,0.7019429802894592,0.5460376143455505,6,6,ОШИБКА,uyanma
calib_04469,0.39259880781173706,0.7734591364860535,5,5,δyδer,woohg
calib_04470,0.7918106913566589,0.49583378434181213,5,5,onxon,MO*UO
calib_04471,0.43352892994880676,0.20479434728622437,13,2,pAсcMаmpubamb,gd
calib_04472,0.4068901836872101,0.44418615102767944,8,7,двишЕнИЯ,tnemnge
calib_04473,0.5570302605628967,0.0,7,0,НЕЯВИАЯ,
calib_04474,0.9576730132102966,0.7273863554000854,4,4,nony,Rvau
calib_04475,0.24257822334766388,0.6511940360069275,4,4,4Uаu,nvns
calib_04476,0.36005258560180664,0.44231152534484863,4,8,tom/,ckarpuop
calib_04477,0.4398179054260254,0.7473424077033997,5,6,noбуo,onRgon
calib_04478,0.0,0.6575343012809753,0,8,,ГОВОРИТЬ
calib_04479,0.5783580541610718,0.24440285563468933,8,4,onepatop,дodo
calib_04480,0.9311806559562683,0.0,5,0,cerey,
calib_04481,0.7912829518318176,0.5312259793281555,3,3,out,3m0
calib_04482,0.32629889249801636,0.2274213582277298,7,4,РУИКуИЯ,ениф
calib_04483,0.0,0.41198787093162537,0,12,,МО*дEТВЕННИИ
calib_04484,0.3079737424850464,0.40633171796798706,2,5,on,4UCTO
calib_04485,0.3578107953071594,0.38013625144958496,7,8,gounoue,nEmeumob
calib_04486,0.7612050771713257,0.3261367678642273,4,2,mlod,рu
calib_04487,0.18564903736114502,0.39267024397850037,2,6,не,кАЖдЫИ
calib_04488,0.1376175433397293,0.5567617416381836,3,8,KОD,сетоЧИАЯ
calib_04489,0.0,0.890847384929657,0,5,,CETKA
calib_04490,0.45904767513275146,0.0,12,0,предnолагаем,
calib_04491,0.9512267708778381,0.2588951885700226,3,3,BUA,tne
calib_04492,0.35415858030319214,0.28816619515419006,9,8,BNNONHenO,OMoHVaUU
calib_04493,0.9002936482429504,0.2677099108695984,6,5,bonpoe,2ohag
calib_04494,0.0,0.8087188601493835,0,11,,СТАНДАРТИВЙ
calib_04495,0.0,0.8469199538230896,0,14,,прамочгольнике
calib_04496,0.4949963688850403,0.582069993019104,4,5,9L61,Пусть
calib_04497,0.5310275554656982,0.7739793658256531,3,3,ton,nou
calib_04498,0.5826869010925293,0.4449787139892578,5,2,DAΛΕΕ,ve
calib_04499,0.414380818605423,0.7150899767875671,6,7,rannou,Cemouae
calib_04500,0.6138341426849365,0.21068981289863586,6,2,менерь,9d
calib_04501,0.5236372947692871,0.662771999835968,8,10,tonmodut,прокшнауил
calib_04502,0.27896618843078613,0.9330388307571411,1,1,4,A
calib_04503,0.2985972464084625,0.30289432406425476,7,6,3ИAUЯМУ,мWmmtn
calib_04504,0.35050106048583984,0.0,10,0,бе34CЛоBHА,
calib_04505,0.2282116413116455,0.23915739357471466,1,1,K,2
calib_04506,0.5051857233047485,0.4350082278251648,5,5,N0990,054еМ
calib_04507,0.7640821933746338,0.5222099423408508,8,6,ronnauny,Семоча
calib_04508,0.4271906316280365,0.5817891359329224,5,5,задаа,ronel
calib_04509,0.6827618479728699,0.41782814264297485,6,4,bexsep,ksng
calib_04510,0.6939390897750854,0.587985634803772,5,5,amomd,Фашше
calib_04511,0.38414520025253296,0.4160941541194916,5,5,mnuox,Хомшu
calib_04512,0.40406522154808044,0.6122015714645386,6,7,mmhomo,Фуикуей
calib_04513,0.6840928196907043,0.7545202970504761,7,8,mrownon,cocmocem
calib_04514,0.7944819331169128,0.36130836606025696,6,7,nonhan,сточиой
calib_04515,0.3620498478412628,0.380777508020401,7,5,nop9дua,ondou
calib_04516,0.49621766805648804,0.6679028272628784,8,8,ommdgomo,отодршше
calib_04517,0.8573567271232605,0.7970506548881531,3,3,eon,nod
calib_04518,0.4150274991989136,0.5723457932472229,8,7,го6оригь,qndogon
calib_04519,0.6866375803947449,0.4748883545398712,5,3,xmmeo,odu
calib_04520,0.39494237303733826,0.931856632232666,3,3,x82,tex
calib_04521,0.47332724928855896,0.0,5,0,TO4KP,
calib_04522,0.9913382530212402,0.5813341736793518,1,1,n,u
calib_04523,0.5598995685577393,0.5107482671737671,4,4,eXOs,40xo
calib_04524,0.2574479579925537,0.596318244934082,9,13,00 NNи*NM,нижний утолок
calib_04525,0.6960365176200867,0.26864758133888245,6,5,mtnmou,нOUHА
calib_04526,0.9730066657066345,0.5462741851806641,4,5,mehg,6ydeu
calib_04527,0.6567524671554565,0.7121379971504211,8,9,gonmmrnh,sreueurob
calib_04528,0.2132410705089569,0.5716697573661804,4,5,6n86,9BUA9
calib_04529,0.30589911341667175,0.8778898119926453,2,5,HX,CXEHA
calib_04530,0.720453679561615,0.4579179286956787,10,8,mmhhmmnodo,аnpокupy
calib_04531,0.8499816060066223,0.22512532770633698,5,1,cxeMA,w
calib_04532,0.7417605519294739,0.5430324673652649,3,3,o2n,47o
calib_04533,0.7323409914970398,0.0,10,0,ПОГРЕШИОСЬ,
calib_04534,0.37051063776016235,0.7664857506752014,4,5,UN3n,CKEMN
calib_04535,0.0,0.4742245674133301,0,7,,YCЛOBUE
calib_04536,0.2335021048784256,0.4819214642047882,1,7,o,УCНOВUЕ
calib_04537,0.26062095165252686,0.36752849817276,8,8,ДB4CnОнО,nonnonet
calib_04538,0.4065730571746826,0.6274277567863464,9,12,mhunmnadu,Апрокеинауши
calib_04539,0.0,0.7856876850128174,0,6,,ПЕРВАЯ
calib_04540,0.37581709027290344,0.6170175671577454,5,5,UNdOΦ,ФОРНА
calib_04541,0.0,0.41175365447998047,0,11,,KAUOWUECKAЯ
calib_04542,0.32862982153892517,0.5708637833595276,8,8,pA3UOCUD,romonsud
calib_04543,0.3911791443824768,0.6578764915466309,7,8,ноушиос,oonmnhou
calib_04544,0.0,0.63429856300354,0,10,,безусповно
calib_04545,0.0,0.8556857109069824,0,6,,ПРАВИИ
calib_04546,0.6183128952980042,0.6285210847854614,8,9,undmomoy,Дошшотрин
calib_04547,0.8197135925292969,0.2853224575519562,12,4,Апрокшнирует,onma
calib_04548,0.6738947629928589,0.5589311122894287,10,10,mhunmnodno,апроисину.
calib_04549,0.5346462726593018,0.5268585085868835,4,3,euus,9mm
calib_04550,0.7728564739227295,0.27735134959220886,5,4,exemA,tnod
calib_04551,0.5531378388404846,0.3373096287250519,3,2,gан,нβ
calib_04552,0.5215026140213013,0.7383792996406555,8,10,beynotua,rongonthlg
calib_04553,0.5475612282752991,0.2857581079006195,15,13,omamu mv ugngne,эбива леитиош
calib_04554,0.7827001214027405,0.5852150917053223,4,1,ruco,m
calib_04555,0.5110325813293457,0.534478485584259,6,6,nmmtog,befuec
calib_04556,0.6077657341957092,0.6871383786201477,3,3,p3g,bsd
calib_04557,0.7111294269561768,0.44286417961120605,9,6,paceuopur,mdomod
calib_04558,0.3377247452735901,0.39003610610961914,2,1,βa,δ
calib_04559,0.6020717620849609,0.4216794967651367,5,3,pëdep,doo
calib_04560,0.22683370113372803,0.4049011468887329,3,2,yan,yn
calib_04561,0.3793531358242035,0.24971246719360352,5,1,47049,b
calib_04562,0.4023091793060303,0.5343263745307922,8,4,Дuсupеrа,mmhn
calib_04563,0.6863469481468201,0.3477160930633545,7,4,kpubace,mgmd
calib_04564,0.5969060063362122,0.9012970924377441,5,3,"ruсe,",'mm
calib_04565,0.6954517364501953,0.3997653126716614,6,7,xmmmlx,pxyunux
calib_04566,0.360691100358963,0.81573885679245,7,2,xouerui,mm
calib_04567,0.5743951797485352,0.4261546730995178,2,4,mh,бyдe
calib_04568,0.3431621193885803,0.44312551617622375,2,6,JO,АHANOГ
calib_04569,0.2080203741788864,0.6192962527275085,1,4,a,ruco
calib_04570,0.22720901668071747,0.5918388962745667,2,6,кo,rfuber
calib_04571,0.31291452050209045,0.6429645419120789,3,7,6ou,neplceg
calib_04572,0.7575887441635132,0.49465441703796387,7,6,oguouey,snonbo
calib_04573,0.7751426696777344,0.44295498728752136,3,3,уъп,«9к
calib_04574,0.7462370991706848,0.9299885034561157,3,1,Ceu,m
calib_04575,0.7996770143508911,0.5647276639938354,4,5,omoh,kpoee
calib_04576,0.23489248752593994,0.6159634590148926,2,7,м2,cuyraer
calib_04577,0.6020822525024414,0.46012789011001587,7,4,boopcer,xnyg
calib_04578,0.41060879826545715,0.5032366514205933,4,5,cyr.,52677
calib_04579,0.45893293619155884,0.5140774846076965,7,6,порешно,nnmdou
calib_04580,0.47295117378234863,0.25571006536483765,7,3,mmmrlog,боu
calib_04581,0.6249396204948425,0.0,6,0,mekcra,
calib_04582,0.4973735511302948,0.9509720802307129,3,3,nn/,Тац
calib_04583,0.6976001262664795,0.0,5,0,cauar,
calib_04584,0.5590795874595642,0.4755512773990631,8,4,Uuryuyux,xhon
calib_04585,0.41389259696006775,0.2907179296016693,5,7,oonHm,u0n1u01
calib_04586,0.7294806241989136,0.36261484026908875,4,5,cppy,fafob
calib_04587,0.41766420006752014,0.6094745993614197,3,6,6hs,Tcyccg
calib_04588,0.2030068039894104,0.2647813856601715,2,6,HD,сиаmия
calib_04589,0.47402745485305786,0.4536333978176117,1,4,4,одан
calib_04590,0.2940547466278076,0.5371149182319641,4,12,qgmd,paeunadnbamb
calib_04591,0.2968798279762268,0.567433774471283,6,6,1oue0a,nComor
calib_04592,0.25750383734703064,0.8125699162483215,4,5,nХ0Д,тониа
calib_04593,0.6474147439002991,0.30242863297462463,8,3,onepatop,doo
calib_04594,0.0,0.5998629331588745,0,5,,mmrYc
calib_04595,0.30867844820022583,0.2442905306816101,2,6,MM,CDHEnU
calib_04596,0.40549296140670776,0.3861336410045624,10,5,rpocpuuero,0gmoo
calib_04597,0.44592416286468506,0.0,9,0,скороегей,
calib_04598,0.6102370619773865,0.584054708480835,5,2,целая,nr
calib_04599,0.2334689348936081,0.31873470544815063,1,7,2,окреrоо
calib_04600,0.39146873354911804,0.3411632776260376,7,9,k0m/5s0,o9oдрameu
calib_04601,0.6233891844749451,0.5171561241149902,6,5,rze hg,δyдeM
calib_04602,0.5228186249732971,0.3194454610347748,3,3,uap,don
calib_04603,0.3147962689399719,0.7535730600357056,1,5,o,cpeha
calib_04604,0.4531780481338501,0.2651335895061493,4,3,тОчш,mоа
calib_04605,0.13818466663360596,0.5326786637306213,2,6,шe,brotim
calib_04606,0.5470004081726074,0.4806743860244751,5,4,30020,022E
calib_04607,0.2934352457523346,0.27906686067581177,5,2,pукуа,hф
calib_04608,0.3661659061908722,0.30687570571899414,8,1,Кoupobam,м
calib_04609,0.4676741361618042,0.7251268029212952,3,6,mon,zudary
calib_04610,0.7044464349746704,0.44816359877586365,9,3,paoomruee,mon
calib_04611,0.8229690194129944,0.7749938368797302,6,7,"rndon,",'noprin
calib_04612,0.21909864246845245,0.36024171113967896,5,7,KnoUh,УСnОBUЯ
calib_04613,0.8717641830444336,0.6525557637214661,6,5,pazure,omeud
calib_04614,0.7177131772041321,0.0,8,0,Крешение,
calib_04615,0.7245428562164307,0.3983292579650879,9,2,Bodon dir,mp
calib_04616,0.5401327610015869,0.3868650496006012,14,6,не сушyествуyт,whhoan
calib_04617,0.42469102144241333,0.49421238899230957,1,7,n,Cucmerа
calib_04618,0.519896388053894,0.0,15,0,уже совершивиее,
calib_04619,0.7015380263328552,0.3524482548236847,12,7,но не крнано,on n on
calib_04620,0.4243020713329315,0.4873347580432892,7,14,muron u,cвойcтва шости
calib_04621,0.38128605484962463,0.5309850573539734,6,12,gyu шa,mmotim mmttb
calib_04622,0.31895220279693604,0.672916054725647,6,8,0дозиа,rmontogo
calib_04623,0.41669896245002747,0.5152298808097839,8,6,Авmorcku,mploug
calib_04624,0.6875020265579224,0.4367697536945343,8,9,wovougoo,c aвmopaм
calib_04625,0.4064325988292694,0.5365973711013794,6,7,nuooph,Cyббoma
calib_04626,0.4818546772003174,0.7048762440681458,3,12,1 0,18.00 Qumaga
calib_04627,0.47978928685188293,0.5811184644699097,7,14,er n oa,Raueo u rakuge
calib_04628,0.32302233576774597,0.7797980308532715,3,9,mon,Mar cauae
calib_04629,0.6329213976860046,0.5924932956695557,10,2,Cafoue BDT,oy
calib_04630,0.28233209252357483,0.5932154655456543,1,9,w,6 cmeuore
calib_04631,0.28654417395591736,0.3444364368915558,1,11,g,Cbерgecoбoк
calib_04632,0.0,0.39176145195961,0,10,,& Шanaroбe
calib_04633,0.30447450280189514,0.35183486342430115,6,7,кnhomo,ФунсуиЯ
calib_04634,0.49398526549339294,0.6923122406005859,6,5,B cbeu,mrg g
calib_04635,0.36176127195358276,0.5293200016021729,9,20,oro nmont,с ротедениеn реденка
calib_04636,0.5177945494651794,0.835120677947998,11,10,h602 8967 g,B 1968rogy
calib_04637,0.4291006624698639,0.425685852766037,4,7,nmog,к cбoue
calib_04638,0.4798022508621216,0.689522385597229,6,10,msnbot,pegumetel.
calib_04639,0.730060338973999,0.4499496519565582,18,15,C ceuseδl 1968roga,"0bo896t, ggom J"
calib_04640,0.6440837979316711,0.37947407364845276,8,9,mmmmnnom,uameuamuu
calib_04641,0.4550659656524658,0.584075391292572,10,13,mooomotoou,меоретиrесной
calib_04642,0.6017718315124512,0.4858976900577545,14,13,5 uuedpe 1969г,2696t ruyrm f
calib_04643,0.43508583307266235,0.4527759552001953,10,8,со 3ирчеши,MMnENEon
calib_04644,0.41290491819381714,0.4045400321483612,14,11,рepuampиrескоо,ogmnnetuonh
calib_04645,0.4633318781852722,0.6187861561775208,8,3,ангарсую,oho
calib_04646,0.0,0.4576011598110199,0,16,,детскаменовабо н
calib_04647,0.2847827970981598,0.5564366579055786,2,8,20,Casa 10.
calib_04648,0.5697824954986572,0.3495221734046936,12,1,Cmeнaнba H.d,p
calib_04649,0.6585760116577148,0.4447695314884186,8,5,gemlraes,502n6
calib_04650,0.45520174503326416,0.29248833656311035,8,3,Amaupuna,ono
calib_04651,0.7537660598754883,0.492490291595459,15,14,ohnomh omdoeoch,ronepuayreбuyo
calib_04652,0.40191522240638733,0.5357983708381653,10,6,ypaкmйky в,2 hmmh
calib_04653,0.45883652567863464,0.8367432951927185,6,7,емочuа,ronnoum
calib_04654,0.5052921175956726,0.5758581161499023,17,11,xe cebmbe heuofxh,gmonoyugood
calib_04655,0.5596634745597839,0.4666364789009094,14,10,шитериет-донда,obrob-onsm
calib_04656,0.884385883808136,0.49610209465026855,7,6,cecmpor,200000
calib_04657,0.46568894386291504,0.4246797561645508,5,8,soddo,гopepnas
calib_04658,0.6063690185546875,0.55467689037323,1,9,o,Za bpeecs
calib_04659,0.3335510492324829,0.37370407581329346,9,4,ehaxoeaos,0000
calib_04660,0.42660483717918396,0.0,8,0,c pабоme,
calib_04661,0.43673238158226013,0.4663460850715637,1,8,m,rockauke
calib_04662,0.0,0.38913264870643616,0,7,,roxajad
calib_04663,0.7999731302261353,0.38508132100105286,5,6,cxeny,trraro
calib_04664,0.4519492983818054,0.6602619886398315,4,4,ceб8,3900
calib_04665,0.6993739604949951,0.4333338439464569,8,2,a marrie,mo
calib_04666,0.49645620584487915,0.7392271757125854,7,8,omshron,nouyrued
calib_04667,0.24054992198944092,0.5399051308631897,2,6,sm,yrydua
calib_04668,0.0,0.37847310304641724,0,14,,ycobepuncmbeвa
calib_04669,0.6190071105957031,0.6082471609115601,4,4,nggo,cbou
calib_04670,0.49212130904197693,0.46258345246315,3,7,mom,quauice
calib_04671,0.4361936151981354,0.7125365138053894,6,6,2don 2,в nepe
calib_04672,0.39755940437316895,0.37137794494628906,3,6,200,nddoma
calib_04673,0.4084679186344147,0.6000374555587769,3,10,gnm,bomucorboa
calib_04674,0.6406627297401428,0.27019017934799194,8,7,omrhonoe,Dоuааиs
calib_04675,0.36232882738113403,0.3561328649520874,4,2,nero,a7
calib_04676,0.44287142157554626,0.4403693974018097,7,7,smngoho,xannabe
calib_04677,0.6511548161506653,0.5980205535888672,5,7,omomo,gauocue
calib_04678,0.4400548040866852,0.5003392100334167,6,9,feox g,ieo xopmy
calib_04679,0.31559696793556213,0.3513316214084625,7,7,дeиарoб,gotommb
calib_04680,0.4628177881240845,0.4170491695404053,4,5,M908,Sount
calib_04681,0.24295096099376678,0.8215792775154114,7,9,1pвouu0,orndogoch
calib_04682,0.46752920746803284,0.41393324732780457,8,8,gogohroy,heкpoboв
calib_04683,0.5477609634399414,0.4608767628669739,4,8,nomh,lupiuort
calib_04684,0.4249711036682129,0.4113714396953583,5,9,pemmm,cunucrork
calib_04685,0.39286819100379944,0.5068617463111877,4,7,2209,Sdionot
calib_04686,0.37812483310699463,0.5415312051773071,9,10,pazuomuyo,anfmunontd
calib_04687,0.27878355979919434,0.5961341857910156,1,11,m,hnpemkngitu
calib_04688,0.0,0.3354142904281616,0,5,,bonoe
calib_04689,0.2896551489830017,0.5183479189872742,5,6,C200U,Прoe32
calib_04690,0.4868779182434082,0.22185158729553223,7,1,Суточне,о
calib_04691,0.3398084342479706,0.5875760912895203,6,6,pugyaT,2onbnd
calib_04692,0.3186055123806,0.0,10,0,Протuбaнuе,
calib_04693,0.5308971405029297,0.4645180106163025,12,5,Munck-Mouleв,mON-N
calib_04694,0.3825716972351074,0.42533180117607117,1,7,H,d60d 02
calib_04695,0.5231837630271912,0.0,6,0,LbecTu,
calib_04696,0.9966331124305725,0.6567486524581909,6,3,221000,000
calib_04697,0.34686312079429626,0.4163360893726349,6,6,уголоК,20V0J6
calib_04698,0.36005699634552,0.42603009939193726,4,7,8339,T6rCA48
calib_04699,0.3711882531642914,0.6391749382019043,5,8,fysne,provstrd
calib_04700,0.4961674213409424,0.564956545829773,7,9,novimg.,Chupcroré
calib_04701,0.34155815839767456,0.5512497425079346,3,0,одe,
calib_04702,0.6672515869140625,0.3069198429584503,9,2,gekerbcer,12
calib_04703,0.5340116024017334,0.43297702074050903,13,5,ren. gupeктop,ta wo
calib_04704,0.48490989208221436,0.48255378007888794,15,13,29» anelil 2eoB,HOTE TTTHN OY
calib_04705,0.2940290868282318,0.5193986892700195,4,6,naad,ПРАВЫй
calib_04706,0.4574236273765564,0.4645272493362427,4,6,nohe,borpar
calib_04707,0.4666720926761627,0.4208511710166931,4,13,1'2),"pyeuновa C.T,"
calib_04708,0.433013379573822,0.4791821539402008,5,10,o 8to,Pope Poкyc
calib_04709,0.42542994022369385,0.4541760981082916,12,5,cдаn шегкоко,no wo
calib_04710,0.43249452114105225,0.47341787815093994,11,9,Фuone robos,sngol ron
calib_04711,0.9432533979415894,0.46807417273521423,5,5,mrohd,pydue
calib_04712,0.713178813457489,0.6409547924995422,15,22,wrghm-omorgmogo,abanuдmou coc-ue. ybem
calib_04713,0.16726982593536377,0.5470556616783142,1,7,a,БЕРХНИЙ
calib_04714,0.786237359046936,0.441571980714798,10,7,Фонарь зад,a0 9400
calib_04715,0.7616645693778992,0.7418120503425598,6,6,mnesor,pasdum
calib_04716,0.46372726559638977,0.5048065781593323,9,13,не оттчай,Крыина дсахн.
calib_04717,0.404094934463501,0.7579558491706848,7,8,pxorom),Стекозад
calib_04718,0.37821030616760254,0.8347122073173523,5,3,кaрyш,mho
calib_04719,0.28069692850112915,0.6862106919288635,8,9,нескaонe,OMOTOTTTY
calib_04720,0.6231027245521545,0.4473719298839569,0,15,,Полка салондзро
calib_04721,0.5382288098335266,0.6075292825698853,9,10,TONSYN ON,ua serence
calib_04722,0.4905177652835846,0.5744990110397339,7,7,дерорця,smomobp
calib_04723,0.2929668426513672,0.3847944438457489,3,14,DON,Каuера зuд. bd
calib_04724,0.0,0.922668993473053,0,11,,ПОГРЕШНОСТЬ
calib_04725,0.4511096179485321,0.2891223728656769,1,7,m,3а2uuкe
calib_04726,0.36043909192085266,0.25589221715927124,8,7,pacuoomи,ПMATOНO
calib_04727,0.37865686416625977,0.35530945658683777,2,11,hm,оucуncмвyem
calib_04728,0.7734780311584473,0.4151418209075928,7,7,22.0976,2926а66
calib_04729,0.28805622458457947,0.5806246399879456,4,3,2myo,omh
calib_04730,0.5374057292938232,0.23907281458377838,7,3,Ha uloe,noD
calib_04731,0.5472305417060852,0.30736666917800903,7,1,uecotoe,n
calib_04732,0.4361910820007324,0.5364528298377991,3,6,onn,hucale
calib_04733,0.0,0.54266357421875,0,6,,кокбер
calib_04734,0.45133209228515625,0.47697940468788147,8,9,ongonouo,nоcmaobua
calib_04735,0.7991064786911011,0.35544416308403015,5,3,norbn,vga
calib_04736,0.5444834232330322,0.0,8,0,Onucunee,
calib_04737,0.7061201930046082,0.5012136697769165,6,5,nooron,10100
calib_04738,0.4145718514919281,0.6694311499595642,3,6,Dup,Cnubka
calib_04739,0.7956346869468689,0.3737975060939789,8,2,pecuerue,nm
calib_04740,0.754345715045929,0.4805873930454254,8,4,peleeele,momd
calib_04741,0.0,0.6025933027267456,0,8,,allbreee
calib_04742,0.5344582200050354,0.5178660154342651,8,8,ommobogh,gbegбeue
calib_04743,0.39522525668144226,0.7790157794952393,6,6,ouudna,bngnmo
calib_04744,0.5706079006195068,0.42999687790870667,17,4,12 CeuTeda do062.,'z90
calib_04745,0.3175176978111267,0.3512614071369171,5,8,mmMWY,Наганику
calib_04746,0.6075987219810486,0.3466508388519287,12,5,Korsapeby AB,S bny
calib_04747,0.48149287700653076,0.4192356467247009,13,7,om tepebed AA,poyon m
calib_04748,0.5331587195396423,0.46355554461479187,7,9,npeuuba,ybmgmnohh
calib_04749,0.4827277958393097,0.7806862592697144,7,9,hedh oy,no appeey
calib_04750,0.39680612087249756,0.40791088342666626,6,4,MmvmOC,Zaбe
calib_04751,0.3523320257663727,0.558277428150177,6,17,on bmm,heuyrueng roonnng
calib_04752,0.44285234808921814,0.3300834000110626,12,7,2 uon topege,bmsoHom
calib_04753,0.6680404543876648,0.38278892636299133,4,3,noce,oou
calib_04754,0.5023176670074463,0.4345509707927704,8,7,mmokio g,в бтден
calib_04755,0.20882472395896912,0.31932613253593445,4,6,SMKS,Бубакe
calib_04756,0.6220685839653015,0.5120756030082703,12,1,nesor Poeeur,m
calib_04757,0.7020819187164307,0.39935803413391113,0,17,,ноеллкд накерилае
calib_04758,0.4246252775192261,0.42032134532928467,8,6,6 koneкe,MOVON2
calib_04759,0.19845256209373474,0.2407992035150528,2,1,НО,S
calib_04760,0.46066126227378845,0.45113182067871094,6,7,MM2EOM,CMOFrEl
calib_04761,0.7691690921783447,0.9399724006652832,6,6,096041,140960
calib_04762,0.4225269854068756,0.5776131749153137,4,5,зада,mueul
calib_04763,0.4804769456386566,0.43189480900764465,12,17,omhonon  neh,Внутри 8 сбнаруир
calib_04764,0.3769500255584717,0.4248024523258209,16,1,недраниие почтое,o
calib_04765,0.40988555550575256,0.444907009601593,3,11,o H,Cemnon cnep
calib_04766,0.7824656367301941,0.3662318289279938,12,5,ynaleoborure,nmogo
calib_04767,0.2830308973789215,0.5013647079467773,2,16,wm,нексашште ррерук
calib_04768,0.49420106410980225,0.5927684903144836,12,16,obv oy moton,ронение не слера
calib_04769,0.4147981107234955,0.4733576774597168,5,9,nehmh,npueyrbel
calib_04770,0.5158773064613342,0.5138242840766907,14,0,Taкue b nortke,
calib_04771,0.37043923139572144,0.4787742793560028,9,11,бng ceupp,domhdonosvg
calib_04772,0.7558234930038452,0.694061815738678,2,7,mm,Zcelen)
calib_04773,0.5894209742546082,0.865556001663208,5,6,wbrgg,bbiger
calib_04774,0.34186065196990967,0.46109703183174133,2,7,нe,.дAниDe
calib_04775,0.509360134601593,0.5588818788528442,5,3,Tpeuy,hmy
calib_04776,0.7572630643844604,0.38621896505355835,4,5,Immh,ppiru
calib_04777,0.33931684494018555,0.7284301519393921,11,10,nреуешершеo,orombmoboh
calib_04778,0.35707512497901917,0.38050174713134766,5,5,gnno4,tonns
calib_04779,0.28237855434417725,0.4153401851654053,4,5,Pnдо,mmghe
calib_04780,0.54573655128479,0.8467593193054199,9,9,c810в/90/,2/06/018.
calib_04781,0.3510672152042389,0.40721505880355835,7,8,7 dodon,Cropoh f
calib_04782,0.4544513523578644,0.44270411133766174,1,11,n,Erofo fnune
calib_04783,0.0,0.570831835269928,0,11,,Hecaugfobre
calib_04784,0.36650365591049194,0.5377171039581299,5,10,3MY U,Ja fhecerr
calib_04785,0.6384456157684326,0.1033184751868248,13,1,negaorerecree,n
calib_04786,0.5868062973022461,0.0,15,0,ТЕППОПРОВОДНОСИ,
calib_04787,0.27751249074935913,0.1353204995393753,8,1,Mpannere,H
calib_04788,0.4473656117916107,0.5572451949119568,5,6,fgrbm,Haruae
calib_04789,0.4329906404018402,0.678766667842865,3,9,mog,boreepeie
calib_04790,0.5184301733970642,0.38680481910705566,9,6,meopеnres,mmmmon
calib_04791,0.36193138360977173,0.5128335356712341,7,8,mjmobou,negenoby
calib_04792,0.0,0.46105894446372986,0,8,,Bymdoens
calib_04793,0.6829690337181091,0.552173912525177,15,9,nofryekeuy epry,b hnoh on
calib_04794,0.5121897459030151,0.7261228561401367,15,24,maymbomm onborg,beagerecce cleeruegukoej
calib_04795,0.4724866449832916,0.6937469840049744,14,21,smubsrmjobongt,npenegabarltles omuex
calib_04796,0.4401596188545227,0.622658371925354,5,7,mmrbo,npegenb
calib_04797,0.44891810417175293,0.6332616209983826,12,18,mrboh moborg,blageen nabncgeeer
calib_04798,0.0,0.6874883770942688,0,9,,УРАВИЕНИЕ
calib_04799,0.22576923668384552,0.0,8,0,pаyрaбuy,
calib_04800,0.5621545314788818,0.3850451409816742,18,17,gerromtng xnmnrhnt,руprннх баpuанrов
calib_04801,0.4602489471435547,0.43772631883621216,6,5,toroth,ypoкa
calib_04802,0.21574628353118896,0.38800856471061707,3,8,30m,cnособна
calib_04803,0.7867792844772339,0.44491562247276306,10,9,Ahenee Kmm,uustmunyK
calib_04804,0.4906728267669678,0.5553081035614014,3,6,-no,noletk
calib_04805,0.3456794321537018,0.35796502232551575,6,6,Onmeer,oobmma
calib_04806,0.3175216615200043,0.6232647895812988,4,6,nomo,ensofe
calib_04807,0.4880421757698059,0.4391014277935028,10,12,Smnoos ons,tro седpnanи
calib_04808,0.4516344964504242,0.47007355093955994,3,6,mho,oyeuкa
calib_04809,0.34458011388778687,0.42143741250038147,8,7,oбoбogno,orbosog
calib_04810,0.11711655557155609,0.43552812933921814,1,13,X,6 совремеnнex
calib_04811,0.0,0.46560752391815186,0,9,,tonyenper
calib_04812,0.6110192537307739,0.42427635192871094,6,8,gmmrol,zachenue
calib_04813,0.42931443452835083,0.3442842960357666,10,2,кepоoкonue,or
calib_04814,0.41500306129455566,0.5273222327232361,1,4,m,lnmu
calib_04815,0.4139808118343353,0.5406883358955383,9,7,и босnела,zmunayn
calib_04816,0.30768007040023804,0.7826071381568909,2,7,_t,Yrlleet
calib_04817,0.3714357018470764,0.8038135170936584,5,9,2oban,illeregor
calib_04818,0.5522092580795288,0.21965454518795013,5,4,СXЕMA,ЫНзх
calib_04819,0.63517826795578,0.4737452268600464,14,9,npuedon negare,mobon mom
calib_04820,0.2364758998155594,0.5717093348503113,1,7,o,yresoro
calib_04821,0.7524979114532471,0.42356619238853455,9,8,lamepuaea,brbmtunn
calib_04822,0.4180063307285309,0.6834638714790344,6,8,omnbhg,Снуденше
calib_04823,0.3998010456562042,0.6140435338020325,15,11,rеa сбшn уроках,xoroth nago
calib_04824,0.3563935458660126,0.0,9,0,npanetaea,
calib_04825,0.3485332727432251,0.48964205384254456,3,7,smy,dieuego
calib_04826,0.5816583037376404,0.0,10,0,netahckeer,
calib_04827,0.4875790774822235,0.241978257894516,14,1,WDWloneereevno,O
calib_04828,0.35934486985206604,0.3287173807621002,5,12,82 00,oraва-oeb na
calib_04829,0.878779411315918,0.28035658597946167,5,6,mgnma,oшудuu
calib_04830,0.42366108298301697,0.4646899998188019,9,7,Онношенеч,mmmonma
calib_04831,0.39069169759750366,0.0,9,0,k uyraary,
calib_04832,0.37181299924850464,0.3545492887496948,11,3,Кененаnпнвe,omo
calib_04833,0.35280176997184753,0.3493337333202362,6,7,mmrmnn,cnapaaс
calib_04834,0.4358898997306824,0.38455772399902344,15,6,есобеннет деmей,mm non
calib_04835,0.6798086166381836,0.19305819272994995,7,2,cegaban,1о
calib_04836,0.4609110951423645,0.597527265548706,7,15,oomoram,heeexooiureeyro
calib_04837,0.6226276755332947,0.34947100281715393,12,5,Jeeeeke O.A.,VI SL
calib_04838,0.747504472732544,0.37526628375053406,9,8,na cleeex,x30030 1
calib_04839,0.31814396381378174,0.4463743567466736,2,10,2о,беpоxкость
calib_04840,0.3777342736721039,0.45744138956069946,7,20,mm o sm,Оmндneners с geneeer
calib_04841,0.5361247658729553,0.3778263330459595,6,8,srpotm,cnpoiree
calib_04842,0.4189421534538269,0.5198985934257507,1,18,h,ba donot yhancenid
calib_04843,0.25370869040489197,0.4733951985836029,1,9,m,Cuapalacb
calib_04844,0.8500149846076965,0.5892809629440308,6,5,gemeis,momyb
calib_04845,0.43816128373146057,0.4404144287109375,3,13,moo,negpehan sore
calib_04846,0.611980676651001,0.5279695987701416,8,6,ue yenix,onh on
calib_04847,0.5313223004341125,0.46199339628219604,7,5,Элnиnе.,ounwe
calib_04848,0.44829463958740234,0.4909098148345947,5,8,ONTUO,omslrred
calib_04849,0.6462770104408264,0.34610170125961304,16,8,Tpüloriiicureete,roumoymh
calib_04850,0.508573055267334,0.5349735617637634,4,3,Crob,goy
calib_04851,0.6273221969604492,0.4642043113708496,8,4,Cypguren,ubbh
calib_04852,0.4389028549194336,0.35297054052352905,13,4,H-S.Nyceereer,hU3H
calib_04853,0.3456938564777374,0.6138229966163635,9,13,oMuh2oron,Sireniee ympo
calib_04854,0.42712822556495667,0.4217601418495178,18,7,Аексанородо Вuмора,onn oer
calib_04855,0.5486527681350708,0.3844435214996338,10,2,Anamgsbura,on
calib_04856,0.3587905466556549,0.41704684495925903,5,16,e rom,4убаска весnудка
calib_04857,0.6781345009803772,0.62348473072052,6,4,mouese,mmom
calib_04858,0.5793112516403198,0.3618428409099579,14,1,Tempobos Lesre,o
calib_04859,0.40029898285865784,0.0,10,0,4eд0ксpки),
calib_04860,0.794303834438324,0.9608870148658752,11,11,0110690E168,89170640110
calib_04861,0.4154302477836609,0.5898439288139343,8,13,umnuo mo,Apouy omeerum
calib_04862,0.6745889186859131,0.9272767901420593,12,14,650810020.92,26.02.201820g9
calib_04863,0.5761024355888367,0.9068583846092224,12,15,$50r E102110,20.11.2017 20g9
calib_04864,0.5486219525337219,0.8961377739906311,13,15,5b02 C10C11Gr,15.11.2017 2035
calib_04865,0.8471454381942749,0.7400473356246948,16,14,06.11. 2017 20ga,250 £102 11.90
calib_04866,0.6663705110549927,0.9982865452766418,20,20,6987569220844210+881,18810121180226992869
calib_04867,0.5685648322105408,0.2927611172199249,6,3,"зиout,",мон
calib_04868,0.9748202562332153,0.603723406791687,20,20,18810121171120969759,65E6960211E11310+881
calib_04869,0.997828483581543,0.40144333243370056,20,20,18810121191115992242,2h72665T17E172101881
calib_04870,0.5678063035011292,0.5618786215782166,6,6,hmehyr,2.Перц
calib_04871,0.993787407875061,0.5538397431373596,20,20,18810121171106972617,t192E69011t152107887
calib_04872,0.6076111197471619,0.8034655451774597,12,12,в сбеди с ме,mu i ntogo g
calib_04873,0.5290586352348328,0.6953722834587097,13,13,имо автокшена,ormmmougo oun
calib_04874,0.5374516844749451,0.5698422193527222,11,11,wrototh bme,Sua npogare
calib_04875,0.29863885045051575,0.6363562941551208,9,7,cоpanurra,pommmoo
calib_04876,0.0,0.5266245007514954,0,15,,Tpанс TexCepbuc
calib_04877,0.5827375650405884,0.0,10,0,на оскодан,
calib_04878,0.6320088505744934,0.40671882033348083,5,5,arwhg,Пуень
calib_04879,0.6507093906402588,0.4232233762741089,13,3,neouempueeroe,mon
calib_04880,0.8153670430183411,0.9943033456802368,10,10,0120000518,8170000210
calib_04881,0.4515618681907654,0.5821068286895752,18,16,o6ontr08 64ooumm56,22unm09 2017r09а
calib_04882,0.3930070996284485,0.5380752086639404,16,11,Sнiarennore мnon,arom nnmoms
calib_04883,0.6175228357315063,0.6445907950401306,10,11,tmon morsh,genor npouy
calib_04884,0.5776099562644958,0.4524645507335663,10,11,Вернуть на,5r rurhtdog
calib_04885,0.3828807473182678,0.643701434135437,5,11,gorey,Aeercandpod
calib_04886,0.6519315242767334,0.45551586151123047,10,6,Aramousebu,mgaoum
calib_04887,0.8655039072036743,0.6865256428718567,20,20,90817810435041318063,E908TE1n0gth018E1806
calib_04888,0.48570728302001953,0.3448270261287689,6,2,Ruenoe,om
calib_04889,0.5918723940849304,0.43663355708122253,7,7,Thogdog,бepдoue
calib_04890,0.869401752948761,0.7499755024909973,19,20,3010121030000000602,6030000000080121010E
calib_04891,0.9163697361946106,0.6824150085449219,12,12,4H7707083893,E68E80L0EEHM
calib_04892,0.8591452836990356,0.45479658246040344,14,12,xn0 212902001.,100206210000
calib_04893,0.3991777300834656,0.5205118656158447,9,0,Adpo8 BS.,
calib_04894,0.6012444496154785,0.6226691007614136,9,13,t gohasha,Бysenyob. A.B
calib_04895,0.6932700872421265,0.9737256169319153,9,10,9102.8010,01.08.2016
calib_04896,0.684738278388977,0.27508774399757385,10,5,O1 0S2016.,90P00
calib_04897,0.4669848382472992,0.6008623838424683,6,10,mf ggT,Kobaeb AM.
calib_04898,0.0,0.4911005198955536,0,9,,cpertauue
calib_04899,0.6743305921554565,0.9831584095954895,8,10,91078010,01.08.2016
calib_04900,0.0,0.5347093343734741,0,10,,Cabrene B.
calib_04901,0.4432920217514038,0.8001728057861328,1,10,8,"01,08.2016"
calib_04902,0.6933776140213013,0.31731152534484863,7,2,enobnle,mm
calib_04903,0.6401115655899048,0.8797205090522766,8,10,9102.801,0f.08.2016
calib_04904,0.408703476190567,0.7663028836250305,8,14,2O 90801,108506 2011 2.
calib_04905,0.33300483226776123,0.6062353253364563,8,10,f ngouop,Fonoba 6.f
calib_04906,0.45271801948547363,0.7070280313491821,10,10,THOP E0'H0,01.03.dol6
calib_04907,0.4751611649990082,0.4436088800430298,11,9,Qgua rrcera,voons ono
calib_04908,0.0,0.6944089531898499,0,5,,cnoco
calib_04909,0.3574666380882263,0.34615057706832886,4,8,mogo,бnаrоu6e
calib_04910,0.42228105664253235,0.39062637090682983,7,13,womogom,Денuсoвой Оse
calib_04911,0.5937488079071045,0.5211265087127686,10,1,Abe Tuceru,m
calib_04912,0.3792533278465271,0.5314086079597473,8,6,AueboDu.,msgoff
calib_04913,0.43904417753219604,0.47095492482185364,11,13,4g0d mmnmoy,веемскии Ровд
calib_04914,0.34382209181785583,0.7759690880775452,6,8,hionou,pacnepiy
calib_04915,0.22840377688407898,0.47627565264701843,2,13,On,с нахомсдении
calib_04916,0.7453917860984802,0.6281207799911499,6,10,nngong,Бминов4.У.
calib_04917,0.940637469291687,0.42872175574302673,8,5,31.05.10,ofs0H
calib_04918,0.5719862580299377,0.4802401661872864,11,10,Иванов иван,Hо9 донодп
calib_04919,0.35850030183792114,0.4761938452720642,9,7,onognoton,нapamae
calib_04920,0.5230699777603149,0.6673398017883301,8,8,ГЕбЕЗОбЄ,29 ОРЭ90
calib_04921,0.7907376289367676,0.5093594193458557,3,3,муж,жкN
calib_04922,0.4309834837913513,0.4422857165336609,5,4,ЖЕНОТ,ШХБЗ
calib_04923,0.34941941499710083,0.3859299421310425,7,11,OHN aUU,зенна гыина
calib_04924,0.7448675036430359,0.2640845775604248,5,2,ОЗАГС,Э0
calib_04925,0.472789466381073,0.43737736344337463,8,10,горвнйшй,лИЙЦИлНАПЪ
calib_04926,0.4441843032836914,0.5187303423881531,2,5,ДУ,ЁЕОйа
calib_04927,0.4173826575279236,0.4409812390804291,4,5,amom,nococ
calib_04928,0.5423852205276489,0.4808729887008667,7,6,ОБМЕНОМ,NOHNIO
calib_04929,0.0,0.7827519178390503,0,7,,УТРАТОЙ
calib_04930,0.5329852104187012,0.46391844749450684,13,7,20 87O4J90 FE,31p0a02
calib_04931,0.3754865527153015,0.34983575344085693,13,15,MNdbWOaOdOTHD,Судороbой МаPуц
calib_04932,0.20674312114715576,0.4025900661945343,1,8,U,Чвановны
calib_04933,0.3623107373714447,0.6391134858131409,2,13,tU,Fapbacba n.T.
calib_04934,0.7085987329483032,0.4981561601161957,13,15,Or-orbhnHavvh,4л.1еHиHа 10-10
calib_04935,0.6132535934448242,0.7009713649749756,5,5,ousom,mcemo
calib_04936,0.45575156807899475,0.7525280117988586,4,4,YOt8,8701
calib_04937,0.3324030339717865,0.9835357069969177,6,6,GSHetY,123456
calib_04938,0.3480095863342285,0.9620892405509949,2,10,00,16.12.2002
calib_04939,0.5020800232887268,0.2188199758529663,13,3,YbI.CbDbb29PA,099
calib_04940,0.9334424138069153,0.41718658804893494,10,7,01.03.2006,900r0rO
calib_04941,0.4954766035079956,0.0,8,0,Сндорова,
calib_04942,0.5803771018981934,0.16753850877285004,8,4,ПОБАРНЫЙ,MAHO
calib_04943,0.0,0.47567373514175415,0,7,,АCСОbЫЙ
calib_04944,0.9598568677902222,0.5639457106590271,10,7,02.03.2006,900'070
calib_04945,0.30060383677482605,0.5053343176841736,1,11,n,Mesegrla Ud
calib_04946,0.370131254196167,0.6552746891975403,3,8,o0g,ebneercl
calib_04947,0.46887218952178955,0.8880189657211304,6,10,900010,04.03.2006
calib_04948,0.5455830693244934,0.9944186210632324,4,4,HOEG,5704
calib_04949,0.6987111568450928,0.9898892045021057,6,6,O000EG,570000
calib_04950,0.7920163869857788,0.514089047908783,10,10,OS.0U.1999,b0bF nO'SO
calib_04951,0.47012415528297424,0.5507850646972656,15,16,"OH-t ,hhbHT B80",OKD Ungycmp p-нa
calib_04952,0.4912026822566986,0.5505096912384033,6,6,mmtTT2,гПереш
calib_04953,0.43249502778053284,0.2784092128276825,6,1,efubae,g
calib_04954,0.30570366978645325,0.5702512860298157,6,6,H0sdp8,sdoson
calib_04955,0.5558751821517944,0.3878026306629181,16,9,1085p6 2012 20ga,FO gderOn
calib_04956,0.47758808732032776,0.8931698799133301,8,10,HOR H EO,0311 2011.
calib_04957,0.5937179327011108,0.35682418942451477,16,9,eessueeka ell el,pM oymsop
calib_04958,0.8716428875923157,0.22173789143562317,7,4,1knaccq,b0om
calib_04959,0.5532917380332947,0.4627373516559601,0,9,,Пoг Poccu
calib_04960,0.4655281901359558,0.38659071922302246,1,17,o,Noсuва Сucneucкаp
calib_04961,0.4508190155029297,0.7803962826728821,6,6,oymoow,Mocuha
calib_04962,0.4985608160495758,0.4558373689651489,12,15,gono onododu,пpоcpотка сроке
calib_04963,0.6679673194885254,0.6228511929512024,8,6,npereuzu,memosh
calib_04964,0.1430339515209198,0.9191263318061829,1,3,J,lce
calib_04965,0.35529834032058716,0.6939743161201477,7,6,Приrиuя,bmmmly
calib_04966,0.4839402437210083,0.622681200504303,9,11,ogn gouay,Temhob Wan.
calib_04967,0.5480862259864807,0.5208443403244019,9,9,398 mohog,Bnpan OBD
calib_04968,0.9577503800392151,0.7315194010734558,12,9,28.09.20172.,2t1025082
calib_04969,0.46745800971984863,0.3947203457355499,10,5,u orsenens,sso n
calib_04970,0.9208912253379822,0.7812291979789734,7,7,"121095,",'550121
calib_04971,0.48397859930992126,0.576680064201355,7,10,mommnom,Cuoeencnap
calib_04972,0.5519723892211914,0.4212762117385864,15,2,бbua oтnpabeeuc,so
calib_04973,0.3638420104980469,0.3481070399284363,6,5,nocoкa,bmnon
calib_04974,0.6423732042312622,0.5924723148345947,5,4,xeuob,gom2
calib_04975,0.9051212668418884,0.8644774556159973,7,7,cheezes,rsbsogs
calib_04976,0.4880888760089874,0.8163827657699585,3,4,y02,Eeoh
calib_04977,0.508034348487854,0.0,9,0,г. Kupoba,
calib_04978,0.6215111017227173,0.5066683292388916,11,1,renpe Taeer,m
calib_04979,0.6284573674201965,0.2215372622013092,10,4,посроенной,30H0
calib_04980,0.4341531991958618,0.39404296875,8,11,H250 190,б6u nobegen
calib_04981,0.21001653373241425,0.46831178665161133,5,8,gheun,LIMTTO5Y
calib_04982,0.48706722259521484,0.40798693895339966,7,7,ponumth,претнай
calib_04983,0.48621663451194763,0.3691061735153198,6,5,nnorgo,0баim
calib_04984,0.23285508155822754,0.5730547308921814,2,5,sд,exmpe
calib_04985,0.3252650797367096,0.6166044473648071,3,7,nno,Homanbr
calib_04986,0.3858150243759155,0.258105993270874,6,3,paeona,010
calib_04987,0.4444960355758667,0.3161531388759613,3,3,non,o d
calib_04988,0.5720489025115967,0.0,6,0,Eieena,
calib_04989,0.48847776651382446,0.5665413737297058,5,5,32900,Cctra
calib_04990,0.0,0.0,0,0,,
calib_04991,0.5161093473434448,0.5289870500564575,13,5,иструрован бC,277 н
calib_04992,0.47108545899391174,0.6996598243713379,7,4,Cpegeub,tymb
calib_04993,0.7471128106117249,0.31475621461868286,10,2,npetegeuue,sm
calib_04994,0.308281809091568,0.5543199181556702,6,3,elppтй,mmm
calib_04995,0.6374441385269165,0.7293967008590698,5,7,popun,umrtoed
calib_04996,0.3285873830318451,0.28461524844169617,5,4,manoo,mmom
calib_04997,0.4502783715724945,0.5560284852981567,5,10,smoot,mpoboguria
calib_04998,0.7923790216445923,0.23617872595787048,8,2,gemeei k,xn
calib_04999,0.28412994742393494,0.37325164675712585,7,8,суотне6,gnnocohn
calib_05000,0.5783509612083435,0.0,8,0,uolbnore,
calib_05001,0.3941899836063385,0.44208669662475586,7,3,nynuala,omn
calib_05002,0.2532478868961334,0.5503262877464294,6,7,коunоi,mmnomod
calib_05003,0.5403136610984802,0.8221818804740906,4,5,o20n,moero
calib_05004,0.4545251727104187,0.3636120855808258,8,3,cбeperао,onm
calib_05005,0.4989657700061798,0.2445266842842102,8,1,orkagauo,о
calib_05006,0.3210052251815796,0.4141373038291931,8,5,gn 2oc06,omo t
calib_05007,0.39706823229789734,0.35840582847595215,5,6,holho,nfonyp
calib_05008,0.3594900369644165,0.6961969137191772,8,7,OSueesra,0150m56
calib_05009,0.3967187702655792,0.6942540407180786,9,5,nGueee ua,on om
calib_05010,0.2442101389169693,0.7437906265258789,4,8,mben,noggeera
calib_05011,0.572113573551178,0.44552159309387207,10,7,0c6080gum6,9bogog0
calib_05012,0.621749222278595,0.7243661880493164,4,4,P4B0,G8hd
calib_05013,0.3091701567173004,0.3705127239227295,4,8,Lgea,oomrbory
calib_05014,0.4535970091819763,0.6255469918251038,5,7,3moon,Aacmacs
calib_05015,0.43631285429000854,0.49500349164009094,9,11,"h marrou""","""Помои. p2"""
calib_05016,0.4083041250705719,0.6341208815574646,6,6,ohos o,ka dae
calib_05017,0.5193660259246826,0.3285626173019409,4,8,3ooo,рpокоpеш
calib_05018,0.42600196599960327,0.7364473342895508,7,11,6o bnbo,eguy ricery
calib_05019,0.7494493722915649,0.6407527327537537,17,0,Erere Ararorsebne,
calib_05020,0.3697616457939148,0.2253875881433487,8,3,сбуrеree,док
calib_05021,0.40648767352104187,0.4602849781513214,4,4,gemй,_mmb
calib_05022,0.7526874542236328,0.6095899939537048,7,4,pcuron.,womd
calib_05023,0.580939531326294,0.41313639283180237,8,12,smmgotou,нотанодиенш:
calib_05024,0.5871603488922119,0.0,4,0,Петр,
calib_05025,0.4813280999660492,0.3994697630405426,6,2,co uro,nm
calib_05026,0.6708601117134094,0.496797114610672,11,11,ngodminborg,Busgunpobur
calib_05027,0.36656835675239563,0.4672490656375885,5,5,анашy,EMMHO
calib_05028,0.36194509267807007,0.5426810383796692,1,9,n,Mpymiraes
calib_05029,0.6118916869163513,0.41355979442596436,9,1,ghe moerw,n
calib_05030,0.6939678192138672,0.265087366104126,7,2,gekadhl,го
calib_05031,0.46865230798721313,0.0,13,0,Aaercangpobua,
calib_05032,0.33579739928245544,0.631169319152832,3,12,oon,Buague folua
calib_05033,0.31681153178215027,0.4092782437801361,7,8,2ng0ngn,Ubenobur
calib_05034,0.30589979887008667,0.49480220675468445,8,4,обeаевна,momm
calib_05035,0.35852915048599243,0.3817721903324127,7,4,nueuuye,3mam
calib_05036,0.6510065793991089,0.0,4,0,dama,
calib_05037,0.3817356526851654,0.3963988721370697,6,3,в приу,mom
calib_05038,0.7166957855224609,0.4726961553096771,7,2,mers om,10
calib_05039,0.45606938004493713,0.6467587947845459,3,11,omn,2. Цркутека
calib_05040,0.8383581638336182,0.3616522252559662,9,5,Augpeebua,ongoy
calib_05041,0.3816255033016205,0.47692275047302246,6,8,21g090,1Op6ebea
calib_05042,0.5121957063674927,0.46224749088287354,8,8,(coomyob,geвenoc)
calib_05043,0.0,0.4662812054157257,0,11,,BACHΛbebUEA
