image_id,s_x,s_rot,len_x,len_rot
calib_00000,0.27483460307121277,0.14409799873828888,3,1
calib_00001,0.788966953754425,0.11415998637676239,1,1
calib_00002,0.2334498018026352,0.08469124883413315,1,1
calib_00003,0.7173282504081726,0.0,7,0
calib_00004,0.32026952505111694,0.27886179089546204,1,2
calib_00005,0.0,0.6978432536125183,0,3
calib_00006,0.6641820073127747,0.20573769509792328,5,1
calib_00007,0.0,0.0,0,0
calib_00008,0.6146332025527954,0.7714213728904724,4,7
calib_00009,0.0,0.0,0,0
calib_00010,0.24546101689338684,0.2014937549829483,2,3
calib_00011,0.5908076763153076,0.6428931951522827,4,4
calib_00012,0.4872831106185913,0.8108885288238525,2,2
calib_00013,0.9678453803062439,0.7238370180130005,2,2
calib_00014,0.18199144303798676,0.2855277359485626,1,1
calib_00015,0.0,0.9911430478096008,0,4
calib_00016,0.47721514105796814,0.3451218008995056,7,2
calib_00017,0.4915129542350769,0.4828200936317444,4,1
calib_00018,0.9967955350875854,0.259213924407959,10,2
calib_00019,0.5374358892440796,0.8639525175094604,5,8
calib_00020,0.9506215453147888,0.6188486218452454,3,3
calib_00021,0.19461090862751007,0.4581323266029358,1,4
calib_00022,0.3479834794998169,0.4525713324546814,2,2
calib_00023,0.2515464127063751,0.9681563973426819,2,6
calib_00024,0.0,0.144534170627594,0,1
calib_00025,0.3797741234302521,0.660969614982605,3,2
calib_00026,0.3575940728187561,0.7094758749008179,1,4
calib_00027,0.3112199902534485,0.33659231662750244,4,3
calib_00028,0.3005017638206482,0.8070430755615234,7,8
calib_00029,0.3984352648258209,0.4852237403392792,3,4
calib_00030,0.4924420118331909,0.19834698736667633,1,1
calib_00031,0.6100849509239197,0.26245325803756714,7,3
calib_00032,0.5573949813842773,0.5703259110450745,4,3
calib_00033,0.3205977976322174,0.15185686945915222,1,1
calib_00034,0.6823945045471191,0.0,6,0
calib_00035,0.0,0.2470920979976654,0,2
calib_00036,0.5414398312568665,0.0,3,0
calib_00037,0.25890442728996277,0.19163444638252258,1,2
calib_00038,0.0,0.9643964767456055,0,5
calib_00039,0.06697799265384674,0.06544848531484604,1,1
calib_00040,0.38351625204086304,0.844880223274231,5,5
calib_00041,0.0,0.5083892941474915,0,3
calib_00042,0.21312634646892548,0.5296443700790405,1,1
calib_00043,0.3099021911621094,0.4475816488265991,2,2
calib_00044,0.0,0.0,0,0
calib_00045,0.851814329624176,0.2473132163286209,7,3
calib_00046,0.5849716663360596,0.3560313880443573,1,2
calib_00047,0.4049222469329834,0.5281103253364563,2,4
calib_00048,0.5702790021896362,0.5116186141967773,2,3
calib_00049,0.7344244122505188,0.6862383484840393,1,1
calib_00050,0.6146079301834106,0.33435875177383423,5,2
calib_00051,0.0,0.0,0,0
calib_00052,0.17138303816318512,0.961719810962677,2,27
calib_00053,0.9344366192817688,0.0,7,0
calib_00054,0.5835109353065491,0.4058084487915039,7,5
calib_00055,0.4895900785923004,0.31608447432518005,6,4
calib_00056,0.9545700550079346,0.7926419377326965,2,2
calib_00057,0.0,0.975907027721405,0,13
calib_00058,0.9921108484268188,0.41957858204841614,5,3
calib_00059,0.34656792879104614,0.37128746509552,4,3
calib_00060,0.6251159310340881,0.31881311535835266,5,2
calib_00061,0.9976674914360046,0.3413313925266266,22,1
calib_00062,0.9979233145713806,0.0,3,0
calib_00063,0.0,0.0,0,0
calib_00064,0.4889908730983734,0.48709002137184143,2,1
calib_00065,0.20414642989635468,0.26583001017570496,1,1
calib_00066,0.3878065347671509,0.777617335319519,2,2
calib_00067,0.42378365993499756,0.5242286324501038,2,2
calib_00068,0.1880442351102829,0.6622933149337769,1,11
calib_00069,0.5125023722648621,0.3876746594905853,5,5
calib_00070,0.7228505611419678,0.2653009295463562,2,2
calib_00071,0.06927324086427689,0.09336526691913605,1,1
calib_00072,0.697155237197876,0.4853208661079407,16,16
calib_00073,0.5641550421714783,0.4686921536922455,3,2
calib_00074,0.5297495126724243,0.6517622470855713,1,2
calib_00075,0.34515467286109924,0.43161270022392273,3,2
calib_00076,0.7881466150283813,0.3719572126865387,2,3
calib_00077,0.7379108667373657,0.2602895498275757,2,2
calib_00078,0.5004335045814514,0.9957497119903564,4,4
calib_00079,0.1908559799194336,0.14373400807380676,1,1
calib_00080,0.7038519382476807,0.4383961856365204,6,4
calib_00081,0.3306286931037903,0.9617534279823303,1,6
calib_00082,0.6992576718330383,0.7797218561172485,3,2
calib_00083,0.38009127974510193,0.7910045981407166,7,11
calib_00084,0.0,0.23902562260627747,0,1
calib_00085,0.1723743975162506,0.21390199661254883,1,1
calib_00086,0.3450627624988556,0.0,2,0
calib_00087,0.4151928722858429,0.4388923645019531,3,2
calib_00088,0.4033912420272827,0.9543564319610596,6,6
calib_00089,0.38162097334861755,0.8406515121459961,3,3
calib_00090,0.2793331742286682,0.30519405007362366,3,3
calib_00091,0.3364071846008301,0.7516305446624756,1,2
calib_00092,0.3842035233974457,0.6457844972610474,3,3
calib_00093,0.6571385264396667,0.5971626043319702,3,2
calib_00094,0.9883594512939453,0.1529887467622757,3,1
calib_00095,0.16461226344108582,0.40267977118492126,1,1
calib_00096,0.38855212926864624,0.9153125286102295,4,4
calib_00097,0.48854294419288635,0.5475618243217468,3,3
calib_00098,0.0,0.0,0,0
calib_00099,0.0,0.34605473279953003,0,1
calib_00100,0.5349318981170654,0.5143752694129944,2,2
calib_00101,0.0,0.34674981236457825,0,1
calib_00102,0.5888908505439758,0.37005752325057983,5,1
calib_00103,0.9995607733726501,0.4517422914505005,2,2
calib_00104,0.3670062720775604,0.0,1,0
calib_00105,0.9343083500862122,0.5096635818481445,5,4
calib_00106,0.2902315855026245,0.8378103375434875,2,3
calib_00107,0.982271671295166,0.23327761888504028,5,2
calib_00108,0.536328911781311,0.706830620765686,5,14
calib_00109,0.8217054605484009,0.4946802854537964,1,1
calib_00110,0.7977755665779114,0.86605304479599,1,1
calib_00111,0.7360106706619263,0.30583781003952026,2,2
calib_00112,0.2808583080768585,0.5953530073165894,2,5
calib_00113,0.6955705285072327,0.0,2,0
calib_00114,0.9798522591590881,0.33157646656036377,7,2
calib_00115,0.9663482904434204,0.0,5,0
calib_00116,0.31933194398880005,0.38048818707466125,2,1
calib_00117,0.16558721661567688,0.0,1,0
calib_00118,0.3556472063064575,0.5778602957725525,1,1
calib_00119,0.27956622838974,0.6973534822463989,7,8
calib_00120,0.17851042747497559,0.23951618373394012,1,1
calib_00121,0.4937314987182617,0.49868834018707275,3,1
calib_00122,0.177360400557518,0.0,1,0
calib_00123,0.7406079769134521,0.31797587871551514,2,1
calib_00124,0.4792788028717041,0.8068342208862305,3,5
calib_00125,0.24677316844463348,0.5450393557548523,3,4
calib_00126,0.4069543182849884,0.2887779474258423,2,2
calib_00127,0.06945982575416565,0.10579755902290344,1,1
calib_00128,0.0,0.0,0,0
calib_00129,0.19316671788692474,0.07972248643636703,2,1
calib_00130,0.0,0.0,0,0
calib_00131,0.40160009264945984,0.47680044174194336,3,3
calib_00132,0.28055453300476074,0.807364284992218,6,8
calib_00133,0.22144117951393127,0.0,1,0
calib_00134,0.9742231965065002,0.0,7,0
calib_00135,0.33306583762168884,0.23068520426750183,2,2
calib_00136,0.0,0.128762885928154,0,1
calib_00137,0.0,0.12932997941970825,0,1
calib_00138,0.0,0.5727184414863586,0,1
calib_00139,0.7196594476699829,0.5405650734901428,5,3
calib_00140,0.37221866846084595,0.22506681084632874,2,1
calib_00141,0.0,0.0,0,0
calib_00142,0.4025861322879791,0.7573415637016296,3,7
calib_00143,0.964470386505127,0.0,14,0
calib_00144,0.2312849462032318,0.9667268395423889,2,6
calib_00145,0.2750024199485779,0.22741147875785828,2,2
calib_00146,0.44453394412994385,0.63065505027771,4,4
calib_00147,0.3881162703037262,0.809467077255249,2,2
calib_00148,0.3284817636013031,0.1437615007162094,1,1
calib_00149,0.5490459203720093,0.7605195641517639,2,2
calib_00150,0.232757568359375,0.8605608344078064,1,7
calib_00151,0.5035524964332581,0.509171187877655,1,1
calib_00152,0.5248970985412598,0.7628903985023499,1,1
calib_00153,0.0,0.413224995136261,0,4
calib_00154,0.33728718757629395,0.5982334613800049,1,4
calib_00155,0.1413997858762741,0.08196542412042618,1,1
calib_00156,0.45065706968307495,0.15322227776050568,1,1
calib_00157,0.36443647742271423,0.27334827184677124,6,3
calib_00158,0.4099152386188507,0.4999340772628784,1,1
calib_00159,0.6572331190109253,0.393067330121994,4,3
calib_00160,0.567542552947998,0.48829764127731323,2,2
calib_00161,0.0,0.0,0,0
calib_00162,0.750999927520752,0.9446832537651062,2,4
calib_00163,0.8823494911193848,0.41603145003318787,4,3
calib_00164,0.9599686861038208,0.1624695211648941,17,1
calib_00165,0.1211540699005127,0.10525801032781601,1,1
calib_00166,0.8782291412353516,0.40544581413269043,6,2
calib_00167,0.4501906931400299,0.7120054364204407,5,14
calib_00168,0.1091044470667839,0.0,1,0
calib_00169,0.662279486656189,0.7334737777709961,5,4
calib_00170,0.8578927516937256,0.4550588130950928,4,2
calib_00171,0.4397641718387604,0.20525267720222473,1,1
calib_00172,0.34812960028648376,0.8533992767333984,3,5
calib_00173,0.25092005729675293,0.7390173077583313,2,3
calib_00174,0.68050217628479,0.9336360096931458,2,2
calib_00175,0.8192899227142334,0.5018870234489441,13,3
calib_00176,0.13555200397968292,0.1812593936920166,1,2
calib_00177,0.6411355137825012,0.7552028298377991,3,3
calib_00178,0.7715843319892883,0.0,7,0
calib_00179,0.936093807220459,0.5939138531684875,5,5
calib_00180,0.9809233546257019,0.6745654940605164,3,3
calib_00181,0.9464173316955566,0.36234766244888306,6,2
calib_00182,0.5273246169090271,0.8676052093505859,7,8
calib_00183,0.8259661793708801,0.0,19,0
calib_00184,0.8907740712165833,0.0,6,0
calib_00185,0.14833077788352966,0.46847450733184814,2,6
calib_00186,0.988791823387146,0.2757454514503479,5,5
calib_00187,0.945065438747406,0.4921812415122986,3,2
calib_00188,0.5580743551254272,0.9161293506622314,8,12
calib_00189,0.0,0.08698522299528122,0,1
calib_00190,0.38268178701400757,0.4094236195087433,2,2
calib_00191,0.32866206765174866,0.4831176698207855,2,1
calib_00192,0.0,0.23003120720386505,0,1
calib_00193,0.7479865550994873,0.7440034747123718,3,3
calib_00194,0.2164728045463562,0.18491601943969727,2,1
calib_00195,0.31072798371315,0.0,4,0
calib_00196,0.675230085849762,0.6614007353782654,1,1
calib_00197,0.6359549760818481,0.5032187700271606,1,1
calib_00198,0.43820440769195557,0.35664284229278564,4,4
calib_00199,0.9534317851066589,0.0,4,0
calib_00200,0.0,0.0,0,0
calib_00201,0.3912535011768341,0.0,6,0
calib_00202,0.1553896963596344,0.0,1,0
calib_00203,0.39003095030784607,0.6056649684906006,1,1
calib_00204,0.0,0.6001462936401367,0,6
calib_00205,0.15543314814567566,0.14132757484912872,1,1
calib_00206,0.32482054829597473,0.6151700615882874,1,2
calib_00207,0.3996790945529938,0.45459258556365967,3,4
calib_00208,0.9086794853210449,0.5239834785461426,6,6
calib_00209,0.34766310453414917,0.6246092915534973,4,4
calib_00210,0.22722217440605164,0.0,1,0
calib_00211,0.8135483860969543,0.9852015972137451,5,4
calib_00212,0.7040247917175293,0.1329231560230255,5,1
calib_00213,0.23840832710266113,0.32077735662460327,4,2
calib_00214,0.6734063029289246,0.4307244122028351,5,4
calib_00215,0.46668246388435364,0.20294763147830963,3,1
calib_00216,0.9888057708740234,0.0,9,0
calib_00217,0.9470528960227966,0.5691148042678833,2,2
calib_00218,0.1824391633272171,0.08413448929786682,1,1
calib_00219,0.614890456199646,0.40659284591674805,5,3
calib_00220,0.0,0.6805915236473083,0,5
calib_00221,0.9220072031021118,0.15977361798286438,5,2
calib_00222,0.477141797542572,0.5714901685714722,1,1
calib_00223,0.9051896929740906,0.642585813999176,3,3
calib_00224,0.4542207419872284,0.5438922047615051,6,6
calib_00225,0.5914279222488403,0.1992505043745041,8,1
calib_00226,0.942340612411499,0.43059492111206055,4,5
calib_00227,0.5320857167243958,0.5562745332717896,6,5
calib_00228,0.4956671893596649,0.1931450515985489,3,1
calib_00229,0.889459490776062,0.8377541303634644,2,2
calib_00230,0.33196115493774414,0.3451819121837616,1,1
calib_00231,0.0,0.2340167909860611,0,1
calib_00232,0.7533973455429077,0.0,7,0
calib_00233,0.10898305475711823,0.14705920219421387,1,2
calib_00234,0.30867815017700195,0.8521888256072998,1,2
calib_00235,0.6530681848526001,0.8247419595718384,2,2
calib_00236,0.9985905289649963,0.0,4,0
calib_00237,0.9981259703636169,0.0,15,0
calib_00238,0.7355505228042603,0.0,2,0
calib_00239,0.0,0.0,0,0
calib_00240,0.5088359117507935,0.2893282473087311,5,4
calib_00241,0.9736528992652893,0.0,7,0
calib_00242,0.2886970639228821,0.10641111433506012,1,1
calib_00243,0.14375433325767517,0.48081499338150024,2,4
calib_00244,0.12320391833782196,0.6699793338775635,2,3
calib_00245,0.4364328384399414,0.5175486207008362,3,3
calib_00246,0.6177676916122437,0.0,8,0
calib_00247,0.21028001606464386,0.28110697865486145,1,1
calib_00248,0.3675110340118408,0.30303868651390076,1,2
calib_00249,0.5410744547843933,0.3041214942932129,5,4
calib_00250,0.0,0.0,0,0
calib_00251,0.43459534645080566,0.5494144558906555,3,3
calib_00252,0.9948478937149048,0.2769968509674072,4,1
calib_00253,0.6693575978279114,0.48296216130256653,5,4
calib_00254,0.9909338355064392,0.4153689742088318,6,5
calib_00255,0.0,0.5337573885917664,0,6
calib_00256,0.2287866622209549,0.6217012405395508,2,2
calib_00257,0.5027704834938049,0.3664149045944214,3,2
calib_00258,0.511593222618103,0.40467748045921326,2,4
calib_00259,0.1830863654613495,0.850864589214325,2,3
calib_00260,0.3979306221008301,0.6127109527587891,6,7
calib_00261,0.9284003376960754,0.0,5,0
calib_00262,0.4507245123386383,0.4409841299057007,5,4
calib_00263,0.53407222032547,0.8179957270622253,7,6
calib_00264,0.19964207708835602,0.11741823703050613,1,1
calib_00265,0.0,0.5037180185317993,0,1
calib_00266,0.6452769637107849,0.7269367575645447,2,3
calib_00267,0.26258906722068787,0.0,3,0
calib_00268,0.7232494354248047,0.33107635378837585,1,1
calib_00269,0.0,0.46531787514686584,0,2
calib_00270,0.20606592297554016,0.3847527503967285,1,1
calib_00271,0.26553401350975037,0.8929845094680786,3,4
calib_00272,0.3570536971092224,0.259025514125824,1,2
calib_00273,0.1358373910188675,0.49832311272621155,1,1
calib_00274,0.4628755450248718,0.27952075004577637,4,3
calib_00275,0.0,0.0,0,0
calib_00276,0.8862655162811279,0.41907063126564026,4,4
calib_00277,0.2648138999938965,0.557925820350647,2,2
calib_00278,0.25104400515556335,0.6203483939170837,2,4
calib_00279,0.0,0.26662731170654297,0,4
calib_00280,0.33043742179870605,0.6422823667526245,4,1
calib_00281,0.9959108233451843,0.0,8,0
calib_00282,0.31676825881004333,0.36926722526550293,3,4
calib_00283,0.0,0.9936332702636719,0,15
calib_00284,0.7735499143600464,0.3572797477245331,5,4
calib_00285,0.882137656211853,0.8332177400588989,2,2
calib_00286,0.2788781523704529,0.3577401340007782,4,2
calib_00287,0.3754016160964966,0.28529301285743713,2,1
calib_00288,0.08919446170330048,0.0,1,0
calib_00289,0.22334174811840057,0.6384099721908569,1,1
calib_00290,0.20526425540447235,0.22831204533576965,1,2
calib_00291,0.3461427390575409,0.30510443449020386,3,1
calib_00292,0.9018537402153015,0.3151314854621887,4,4
calib_00293,0.7616142630577087,0.46868544816970825,9,7
calib_00294,0.14738434553146362,0.2450273633003235,1,1
calib_00295,0.4027840197086334,0.0,1,0
calib_00296,0.7331361174583435,0.0,3,0
calib_00297,0.6844154000282288,0.9542143940925598,3,3
calib_00298,0.8524730801582336,0.30128929018974304,5,1
calib_00299,0.2614862024784088,0.16150033473968506,1,1
calib_00300,0.0,0.9577373266220093,0,11
calib_00301,0.0,0.10534460097551346,0,1
calib_00302,0.15514478087425232,0.31216850876808167,2,6
calib_00303,0.21242576837539673,0.1981871873140335,1,1
calib_00304,0.4739989638328552,0.29416701197624207,1,1
calib_00305,0.999507486820221,0.2473786473274231,3,1
calib_00306,0.0,0.2894382178783417,0,1
calib_00307,0.31237709522247314,0.29724210500717163,1,1
calib_00308,0.16785919666290283,0.5133486986160278,2,5
calib_00309,0.0,0.38939839601516724,0,1
calib_00310,0.0,0.247092142701149,0,1
calib_00311,0.4012957513332367,0.3236377239227295,6,3
calib_00312,0.19655179977416992,0.23009386658668518,2,2
calib_00313,0.7657079696655273,0.7608695030212402,5,10
calib_00314,0.7983322143554688,0.33033478260040283,3,2
calib_00315,0.8166033029556274,0.34500885009765625,8,1
calib_00316,0.9866151809692383,0.0,5,0
calib_00317,0.3623177111148834,0.9742833375930786,1,4
calib_00318,0.7400253415107727,0.31486645340919495,3,3
calib_00319,0.9977127909660339,0.1628987193107605,9,1
calib_00320,0.5182185173034668,0.7787941694259644,4,5
calib_00321,0.44417184591293335,0.26114746928215027,5,3
calib_00322,0.5631576776504517,0.7079712152481079,2,2
calib_00323,0.3503875136375427,0.9870008826255798,8,9
calib_00324,0.7346056699752808,0.4246630370616913,4,6
calib_00325,0.8303217887878418,0.5547550916671753,1,2
calib_00326,0.0,0.8925440311431885,0,8
calib_00327,0.7072184681892395,0.7453405261039734,3,3
calib_00328,0.21312707662582397,0.13975416123867035,2,2
calib_00329,0.0,0.9982244372367859,0,10
calib_00330,0.25669920444488525,0.0,1,0
calib_00331,0.3587742745876312,0.2840764820575714,3,3
calib_00332,0.5794281959533691,0.3667074143886566,4,2
calib_00333,0.0,0.3480479419231415,0,1
calib_00334,0.927819550037384,0.0,6,0
calib_00335,0.913665235042572,0.5152780413627625,3,3
calib_00336,0.9744237065315247,0.16670121252536774,7,1
calib_00337,0.3838536739349365,0.0,3,0
calib_00338,0.0,0.8876736760139465,0,5
calib_00339,0.3347349464893341,0.30335861444473267,1,1
calib_00340,0.26244261860847473,0.9538901448249817,3,24
calib_00341,0.9894084930419922,0.0,7,0
calib_00342,0.4931442439556122,0.22958967089653015,2,2
calib_00343,0.6570585370063782,0.7329961657524109,3,2
calib_00344,0.16549116373062134,0.46338754892349243,1,2
calib_00345,0.24268724024295807,0.0,1,0
calib_00346,0.2546745538711548,0.5193428993225098,1,2
calib_00347,0.13426697254180908,0.13915778696537018,1,1
calib_00348,0.3048596680164337,0.49895986914634705,1,1
calib_00349,0.1286797821521759,0.3920741379261017,1,3
calib_00350,0.7886358499526978,0.5542041659355164,4,4
calib_00351,0.4890548288822174,0.8495392203330994,3,3
calib_00352,0.5674905776977539,0.6527526378631592,3,3
calib_00353,0.22066091001033783,0.42373448610305786,1,1
calib_00354,0.18030844628810883,0.6197238564491272,1,8
calib_00355,0.2979457676410675,0.5375449657440186,4,8
calib_00356,0.3360010087490082,0.7254607677459717,3,2
calib_00357,0.974970281124115,0.7182241678237915,7,7
calib_00358,0.15198366343975067,0.16154234111309052,1,1
calib_00359,0.9866928458213806,0.0,18,0
calib_00360,0.15525512397289276,0.4462907612323761,1,1
calib_00361,0.8075461387634277,0.0,3,0
calib_00362,0.9047563672065735,0.0,16,0
calib_00363,0.5390204191207886,0.5188419222831726,1,1
calib_00364,0.9585806727409363,0.3418162167072296,3,2
calib_00365,0.35250145196914673,0.7065771222114563,2,4
calib_00366,0.11747242510318756,0.6870871186256409,1,1
calib_00367,0.5310154557228088,0.6596633791923523,3,3
calib_00368,0.6716814041137695,0.37623754143714905,2,2
calib_00369,0.4509090781211853,0.24898061156272888,2,1
calib_00370,0.5287750363349915,0.7474517822265625,3,3
calib_00371,0.43135565519332886,0.6408219337463379,5,8
calib_00372,0.12741108238697052,0.16134534776210785,1,1
calib_00373,0.40439748764038086,0.736778974533081,1,4
calib_00374,0.1721837818622589,0.17474767565727234,1,1
calib_00375,0.9582805633544922,0.23091939091682434,1,2
calib_00376,0.25074875354766846,0.15320536494255066,1,1
calib_00377,0.0,0.7663235664367676,0,5
calib_00378,0.21127280592918396,0.903313398361206,1,9
calib_00379,0.31781914830207825,0.374979168176651,3,3
calib_00380,0.9145920872688293,0.0,3,0
calib_00381,0.8769861459732056,0.9481983184814453,10,13
calib_00382,0.17046231031417847,0.9992812275886536,1,1
calib_00383,0.6901987195014954,0.21252906322479248,1,1
calib_00384,0.5787602066993713,0.24811913073062897,2,1
calib_00385,0.5658988952636719,0.8470172882080078,4,4
calib_00386,0.3339211046695709,0.5070441365242004,1,1
calib_00387,0.19740241765975952,0.3491894006729126,4,5
calib_00388,0.0,0.9354612231254578,0,10
calib_00389,0.4042174518108368,0.9150149822235107,6,6
calib_00390,0.49474096298217773,0.4017109274864197,1,1
calib_00391,0.3155590891838074,0.2614453434944153,2,2
calib_00392,0.4123508334159851,0.34535959362983704,1,1
calib_00393,0.22631150484085083,0.31910860538482666,1,1
calib_00394,0.0,0.22422191500663757,0,1
calib_00395,0.6295841336250305,0.3752328157424927,2,2
calib_00396,0.5258124470710754,0.0,3,0
calib_00397,0.0,0.0,0,0
calib_00398,0.6651133298873901,0.5958927273750305,2,1
calib_00399,0.2890928387641907,0.3252354860305786,2,3
calib_00400,0.6686544418334961,0.3697117865085602,3,3
calib_00401,0.4625638723373413,0.5127739310264587,4,3
calib_00402,0.8052883744239807,0.3079434931278229,8,5
calib_00403,0.8790231347084045,0.3531096577644348,2,2
calib_00404,0.1884280890226364,0.13097049295902252,1,1
calib_00405,0.3554781377315521,0.46023356914520264,3,3
calib_00406,0.37393373250961304,0.3068515360355377,1,1
calib_00407,0.3318313658237457,0.877221941947937,1,5
calib_00408,0.5535984635353088,0.2606276869773865,3,3
calib_00409,0.3412134647369385,0.8428323268890381,6,9
calib_00410,0.0,0.21641981601715088,0,1
calib_00411,0.8198223114013672,0.0,5,0
calib_00412,0.3155636489391327,0.46269842982292175,1,1
calib_00413,0.6306197047233582,0.13183876872062683,1,1
calib_00414,0.6789167523384094,0.45213332772254944,3,3
calib_00415,0.5528191924095154,0.4939320981502533,2,3
calib_00416,0.26002073287963867,0.3267408013343811,2,3
calib_00417,0.9939486384391785,0.08406361192464828,5,1
calib_00418,0.4516254663467407,0.9043655395507812,6,5
calib_00419,0.5868624448776245,0.0,6,0
calib_00420,0.1648036390542984,0.3472997546195984,3,2
calib_00421,0.6567036509513855,0.37136438488960266,1,1
calib_00422,0.7097770571708679,0.0,15,0
calib_00423,0.9945271611213684,0.20461365580558777,4,2
calib_00424,0.1786177158355713,0.9669550061225891,1,5
calib_00425,0.42060112953186035,0.9835413098335266,4,4
calib_00426,0.8557215332984924,0.334907591342926,7,5
calib_00427,0.6939296126365662,0.8347292542457581,3,4
calib_00428,0.6954502463340759,0.0,7,0
calib_00429,0.9903693795204163,0.0,12,0
calib_00430,0.11001905798912048,0.3474215567111969,1,3
calib_00431,0.46614012122154236,0.9555176496505737,1,1
calib_00432,0.29407399892807007,0.0,1,0
calib_00433,0.7784896492958069,0.36129504442214966,4,4
calib_00434,0.16742083430290222,0.20047245919704437,1,1
calib_00435,0.0,0.4044131636619568,0,1
calib_00436,0.3663320541381836,0.32580503821372986,4,1
calib_00437,0.4448527991771698,0.5394597053527832,2,2
calib_00438,0.18076999485492706,0.09766649454832077,1,1
calib_00439,0.7827892303466797,0.35514283180236816,3,2
calib_00440,0.4785308837890625,0.7472770810127258,1,1
calib_00441,0.9570475816726685,0.5012259483337402,1,1
calib_00442,0.4516502618789673,0.18485841155052185,2,1
calib_00443,0.1329239159822464,0.10734853893518448,1,1
calib_00444,0.19840480387210846,0.9981193542480469,6,12
calib_00445,0.7060637474060059,0.4129357933998108,12,4
calib_00446,0.999197244644165,0.9931927919387817,4,4
calib_00447,0.573099672794342,0.6535968780517578,8,7
calib_00448,0.3369884192943573,0.3089345693588257,4,5
calib_00449,0.3875502943992615,0.426149845123291,1,1
calib_00450,0.8481061458587646,0.6352090835571289,3,3
calib_00451,0.0,0.9988929629325867,0,7
calib_00452,0.3512874245643616,0.19357523322105408,1,1
calib_00453,0.23387740552425385,0.16256989538669586,1,1
calib_00454,0.8690546751022339,0.7216938138008118,7,6
calib_00455,0.5279145240783691,0.45902660489082336,4,3
calib_00456,0.17022927105426788,0.32417622208595276,1,1
calib_00457,0.23385325074195862,0.0,1,0
calib_00458,0.867763876914978,0.269267737865448,15,0
calib_00459,0.3070833683013916,0.7418336272239685,3,6
calib_00460,0.5157965421676636,0.3656708002090454,1,1
calib_00461,0.6670597195625305,0.3262673020362854,3,4
calib_00462,0.555232048034668,0.2509421408176422,3,3
calib_00463,0.2606939971446991,0.16820703446865082,1,1
calib_00464,0.5264993906021118,0.3264292776584625,5,5
calib_00465,0.23706884682178497,0.39691904187202454,1,1
calib_00466,0.8856699466705322,0.6352904438972473,3,3
calib_00467,0.0,0.0,0,0
calib_00468,0.5271620154380798,0.5609443783760071,3,3
calib_00469,0.3797224462032318,0.0,3,0
calib_00470,0.3633138835430145,0.11545706540346146,1,1
calib_00471,0.5036600828170776,0.35665231943130493,2,2
calib_00472,0.27667486667633057,0.20772188901901245,2,2
calib_00473,0.8486269116401672,0.6803123950958252,1,1
calib_00474,0.1840432584285736,0.19489814341068268,1,1
calib_00475,0.0,0.8369672894477844,0,30
calib_00476,0.1719401478767395,0.983196496963501,1,2
calib_00477,0.8114711046218872,0.5752681493759155,4,5
calib_00478,0.6188956499099731,0.2366703897714615,1,1
calib_00479,0.8723922967910767,0.0,4,0
calib_00480,0.0,0.5587173700332642,0,5
calib_00481,0.4740830957889557,0.441645085811615,3,2
calib_00482,0.0,0.0,0,0
calib_00483,0.9931380152702332,0.3605211675167084,20,15
calib_00484,0.2918277382850647,0.5590131878852844,1,1
calib_00485,0.22842645645141602,0.17832070589065552,1,1
calib_00486,0.6436090469360352,0.7583913803100586,2,2
calib_00487,0.296540230512619,0.9127346277236938,1,1
calib_00488,0.3892092704772949,0.6356000304222107,2,4
calib_00489,0.11460074782371521,0.0788571909070015,1,1
calib_00490,0.0,0.0,0,0
calib_00491,0.7228150367736816,0.6085588932037354,4,3
calib_00492,0.9721781611442566,0.0,9,0
calib_00493,0.16448676586151123,0.5480301380157471,1,14
calib_00494,0.30970922112464905,0.779991626739502,5,9
calib_00495,0.8202226758003235,0.0,5,0
calib_00496,0.44821980595588684,0.6002480983734131,3,3
calib_00497,0.625442624092102,0.33566105365753174,3,1
calib_00498,0.27895286679267883,0.8844096064567566,2,10
calib_00499,0.2724129557609558,0.3706856071949005,1,1
calib_00500,0.5361324548721313,0.18515822291374207,2,1
calib_00501,0.28312379121780396,0.0,1,0
calib_00502,0.0,0.3078598380088806,0,2
calib_00503,0.0,0.0,0,0
calib_00504,0.2223007082939148,0.18437567353248596,3,4
calib_00505,0.6382482647895813,0.0,3,0
calib_00506,0.9128179550170898,0.367713063955307,7,6
calib_00507,0.6208266019821167,0.6309886574745178,2,1
calib_00508,0.9087230563163757,0.17620240151882172,4,2
calib_00509,0.1721266210079193,0.36527422070503235,1,1
calib_00510,0.9976818561553955,0.0,8,0
calib_00511,0.8229935169219971,0.45790761709213257,2,2
calib_00512,0.29661083221435547,0.46107229590415955,2,2
calib_00513,0.2637041509151459,0.27583175897598267,1,1
calib_00514,0.0,0.7781407237052917,0,9
calib_00515,0.0,0.0,0,0
calib_00516,0.9629788994789124,0.875687301158905,4,3
calib_00517,0.29928135871887207,0.339861124753952,1,3
calib_00518,0.5445997714996338,0.34594541788101196,5,2
calib_00519,0.609461784362793,0.44742491841316223,6,2
calib_00520,0.5488311648368835,0.4746420681476593,6,6
calib_00521,0.7505269050598145,0.26478657126426697,20,4
calib_00522,0.2803153991699219,0.1485408991575241,2,1
calib_00523,0.5693085789680481,0.50700443983078,1,1
calib_00524,0.0,0.15967708826065063,0,1
calib_00525,0.10459840297698975,0.27412790060043335,1,1
calib_00526,0.5501652956008911,0.31109681725502014,2,1
calib_00527,0.6672319769859314,0.47262704372406006,1,2
calib_00528,0.48875701427459717,0.27295079827308655,2,3
calib_00529,0.24652168154716492,0.9920708537101746,4,4
calib_00530,0.33260148763656616,0.8882943987846375,4,5
calib_00531,0.3229513168334961,0.20426945388317108,1,1
calib_00532,0.9263639450073242,0.4584653377532959,2,2
calib_00533,0.9442929029464722,0.11282878369092941,2,1
calib_00534,0.5482497811317444,0.8574056625366211,3,5
calib_00535,0.0,0.895483136177063,0,5
calib_00536,0.12866178154945374,0.1255122721195221,1,1
calib_00537,0.0,0.14308404922485352,0,1
calib_00538,0.24239221215248108,0.0,1,0
calib_00539,0.3420313894748688,0.5549920201301575,3,5
calib_00540,0.514141321182251,0.29947030544281006,2,1
calib_00541,0.956807017326355,0.7636149525642395,5,5
calib_00542,0.5636242628097534,0.7814928889274597,8,10
calib_00543,0.4651075601577759,0.8748648166656494,8,8
calib_00544,0.49862557649612427,0.9805852770805359,5,5
calib_00545,0.9133076071739197,0.8920284509658813,4,5
calib_00546,0.30125346779823303,0.3271981179714203,3,3
calib_00547,0.4715585708618164,0.599383533000946,0,13
calib_00548,0.6099914312362671,0.9312233924865723,4,2
calib_00549,0.8156384825706482,0.0,6,0
calib_00550,0.6081525087356567,0.4908093512058258,4,5
calib_00551,0.0,0.9854799509048462,0,4
calib_00552,0.2961694300174713,0.5116813778877258,4,4
calib_00553,0.9816376566886902,0.0,6,0
calib_00554,0.15599657595157623,0.2682022452354431,1,1
calib_00555,0.2578141391277313,0.6041216850280762,1,2
calib_00556,0.36293521523475647,0.0,1,0
calib_00557,0.0,0.3849838078022003,0,3
calib_00558,0.4553060531616211,0.494907945394516,1,3
calib_00559,0.0,0.9988961219787598,0,6
calib_00560,0.34211456775665283,0.9492897987365723,3,10
calib_00561,0.9949753880500793,0.25427013635635376,5,2
calib_00562,0.9466181993484497,0.47407034039497375,4,3
calib_00563,0.0,0.09959319978952408,0,1
calib_00564,0.5074211955070496,0.2798226773738861,4,4
calib_00565,0.5624896287918091,0.8229148983955383,5,3
calib_00566,0.6653430461883545,0.42487576603889465,3,3
calib_00567,0.36276307702064514,0.5081574320793152,3,3
calib_00568,0.0,0.48376765847206116,0,6
calib_00569,0.29802730679512024,0.3678145706653595,2,2
calib_00570,0.4915311932563782,0.9831591248512268,2,7
calib_00571,0.1862872689962387,0.3755895793437958,1,1
calib_00572,0.9626816511154175,0.42200538516044617,2,2
calib_00573,0.25496354699134827,0.42401766777038574,2,1
calib_00574,0.5899587869644165,0.6718298196792603,6,5
calib_00575,0.29654887318611145,0.4253896474838257,3,4
calib_00576,0.0,0.0,0,0
calib_00577,0.5998742580413818,0.31350836157798767,2,3
calib_00578,0.5008080005645752,0.9580444693565369,2,4
calib_00579,0.9106383323669434,0.865290641784668,1,1
calib_00580,0.12393678724765778,0.0,1,0
calib_00581,0.3679959774017334,0.6404802799224854,2,3
calib_00582,0.25799259543418884,0.45541539788246155,3,5
calib_00583,0.1304100900888443,0.4380141496658325,1,1
calib_00584,0.41443631052970886,0.5124419927597046,1,1
calib_00585,0.9962330460548401,0.3793405294418335,3,2
calib_00586,0.2365398108959198,0.29457801580429077,1,1
calib_00587,0.726183295249939,0.8170058131217957,4,5
calib_00588,0.8325765132904053,0.335016131401062,1,1
calib_00589,0.0,0.7892864942550659,0,8
calib_00590,0.6771815419197083,0.5072726011276245,4,4
calib_00591,0.0,0.9903665781021118,0,35
calib_00592,0.3872097134590149,0.2050745040178299,4,1
calib_00593,0.3938034176826477,0.5304279327392578,1,1
calib_00594,0.9232203960418701,0.2940676212310791,11,2
calib_00595,0.9228391647338867,0.3824943006038666,5,3
calib_00596,0.6211294531822205,0.16156120598316193,5,4
calib_00597,0.6148082613945007,0.25880756974220276,2,3
calib_00598,0.8061888813972473,0.3016529977321625,6,4
calib_00599,0.4996910095214844,0.9158473610877991,2,3
calib_00600,0.5001775026321411,0.9893444776535034,7,7
calib_00601,0.0,0.4847550094127655,0,4
calib_00602,0.0,0.0,0,0
calib_00603,0.38902175426483154,0.4697192907333374,2,1
calib_00604,0.27173057198524475,0.5124656558036804,2,9
calib_00605,0.4736727476119995,0.18872323632240295,1,1
calib_00606,0.0,0.9952265024185181,0,5
calib_00607,0.0,0.2718667984008789,0,1
calib_00608,0.48731204867362976,0.7662016749382019,1,1
calib_00609,0.36763060092926025,0.42563772201538086,4,5
calib_00610,0.6052685379981995,0.5584371089935303,5,2
calib_00611,0.0,0.0,0,0
calib_00612,0.0,0.20775438845157623,0,1
calib_00613,0.9069891571998596,0.6507182121276855,3,4
calib_00614,0.7227360010147095,0.6423817276954651,7,7
calib_00615,0.6801981925964355,0.2472231686115265,4,4
calib_00616,0.9406560659408569,0.33188238739967346,1,1
calib_00617,0.5525754690170288,0.7550436854362488,2,5
calib_00618,0.2427707314491272,0.43699514865875244,4,3
calib_00619,0.6757540702819824,0.4060991406440735,3,4
calib_00620,0.2531746029853821,0.7463724613189697,2,5
calib_00621,0.5289204716682434,0.869085431098938,3,5
calib_00622,0.6832729578018188,0.6139889359474182,2,2
calib_00623,0.6111138463020325,0.0,3,0
calib_00624,0.8217145800590515,0.53024822473526,6,4
calib_00625,0.8026186227798462,0.30353355407714844,9,2
calib_00626,0.4288887679576874,0.37796252965927124,3,2
calib_00627,0.9665819406509399,0.0,4,0
calib_00628,0.4198899567127228,0.8737796545028687,1,2
calib_00629,0.5444167852401733,0.5569754838943481,0,16
calib_00630,0.1553000509738922,0.35539454221725464,1,1
calib_00631,0.0,0.9479683041572571,0,11
calib_00632,0.3531478941440582,0.2459796667098999,2,1
calib_00633,0.1451718509197235,0.14560367166996002,1,1
calib_00634,0.9963579177856445,0.0,13,0
calib_00635,0.40173429250717163,0.1199779137969017,1,1
calib_00636,0.18905428051948547,0.17382630705833435,2,1
calib_00637,0.5690785050392151,0.40349477529525757,3,2
calib_00638,0.5615005493164062,0.1687728464603424,2,1
calib_00639,0.0,0.3861212730407715,0,3
calib_00640,0.3489626944065094,0.15491271018981934,1,1
calib_00641,0.5914447903633118,0.8934617638587952,1,1
calib_00642,0.8927820324897766,0.43746110796928406,5,4
calib_00643,0.377633273601532,0.2957141697406769,2,1
calib_00644,0.14608673751354218,0.18341614305973053,1,1
calib_00645,0.7981061339378357,0.456046462059021,3,2
calib_00646,0.6674150228500366,0.4879039227962494,4,4
calib_00647,0.0,0.14978155493736267,0,1
calib_00648,0.9967103600502014,0.0,9,0
calib_00649,0.6085109114646912,0.7668865323066711,1,1
calib_00650,0.2964492440223694,0.11923886835575104,1,1
calib_00651,0.0,0.9928147792816162,0,1
calib_00652,0.28268957138061523,0.5473808646202087,3,3
calib_00653,0.0,0.1256639063358307,0,1
calib_00654,0.0,0.3747439384460449,0,1
calib_00655,0.27604708075523376,0.4083079993724823,3,3
calib_00656,0.2837867736816406,0.8272682428359985,4,4
calib_00657,0.41625574231147766,0.5072726607322693,4,6
calib_00658,0.0,0.8354407548904419,0,10
calib_00659,0.9128833413124084,0.827646017074585,2,4
calib_00660,0.415816992521286,0.7257792353630066,3,3
calib_00661,0.7614060640335083,0.1789245903491974,2,1
calib_00662,0.1471407264471054,0.11224507540464401,1,1
calib_00663,0.41498684883117676,0.12873148918151855,1,1
calib_00664,0.20780660212039948,0.3453138768672943,1,1
calib_00665,0.3356131613254547,0.11213622987270355,1,1
calib_00666,0.9416135549545288,0.39060869812965393,7,1
calib_00667,0.8321483135223389,0.0,9,0
calib_00668,0.8273200988769531,0.2857561707496643,1,1
calib_00669,0.16883864998817444,0.21778173744678497,1,3
calib_00670,0.3323352336883545,0.996307909488678,1,9
calib_00671,0.42598459124565125,0.3808319866657257,1,1
calib_00672,0.9946032762527466,0.0,4,0
calib_00673,0.3820738196372986,0.9980724453926086,4,4
calib_00674,0.2987693250179291,0.9624250531196594,6,23
calib_00675,0.33467188477516174,0.8055114150047302,1,7
calib_00676,0.1507263332605362,0.0,1,0
calib_00677,0.8186929821968079,0.8779376745223999,9,11
calib_00678,0.0,0.5420310497283936,0,2
calib_00679,0.5165548920631409,0.8496494293212891,10,10
calib_00680,0.7346383929252625,0.6906992197036743,1,1
calib_00681,0.3324117660522461,0.9130105972290039,2,2
calib_00682,0.19725289940834045,0.14142759144306183,1,2
calib_00683,0.9548355937004089,0.6794494986534119,7,8
calib_00684,0.7366419434547424,0.9928812980651855,6,6
calib_00685,0.0,0.988215446472168,0,8
calib_00686,0.2044810950756073,0.0,1,0
calib_00687,0.2748863995075226,0.2575777471065521,3,4
calib_00688,0.5889195203781128,0.8204209804534912,5,6
calib_00689,0.4214271306991577,0.5467221736907959,4,4
calib_00690,0.11937786638736725,0.19615550339221954,1,1
calib_00691,0.549935519695282,0.3675404489040375,2,2
calib_00692,0.22361862659454346,0.9762730002403259,4,7
calib_00693,0.6202985644340515,0.16930614411830902,3,1
calib_00694,0.8783997893333435,0.228776752948761,11,4
calib_00695,0.7453864216804504,0.43996959924697876,4,4
calib_00696,0.28394854068756104,0.10272576659917831,1,1
calib_00697,0.29145559668540955,0.5145763158798218,1,1
calib_00698,0.7976123690605164,0.0,6,0
calib_00699,0.9438272714614868,0.0,10,0
calib_00700,0.0,0.0,0,0
calib_00701,0.800553023815155,0.5575652718544006,3,3
calib_00702,0.9084405899047852,0.4158577024936676,4,3
calib_00703,0.5008711814880371,0.0,2,0
calib_00704,0.8670322895050049,0.0,6,0
calib_00705,0.5494077801704407,0.0,3,0
calib_00706,0.0,0.25374481081962585,0,1
calib_00707,0.9863593578338623,0.0,8,0
calib_00708,0.1787000596523285,0.647481381893158,1,1
calib_00709,0.39185601472854614,0.2564544081687927,1,1
calib_00710,0.8550077676773071,0.518476128578186,5,1
calib_00711,0.9948140382766724,0.2023942768573761,5,1
calib_00712,0.4439709186553955,0.7534888982772827,4,7
calib_00713,0.4469330310821533,0.3856135308742523,2,3
calib_00714,0.4352830648422241,0.30337098240852356,6,6
calib_00715,0.7065317034721375,0.2440284788608551,6,5
calib_00716,0.9979653358459473,0.0,7,0
calib_00717,0.7752739787101746,0.24976083636283875,7,2
calib_00718,0.338076114654541,0.5062879323959351,2,5
calib_00719,0.10309608280658722,0.3335312604904175,1,1
calib_00720,0.16636806726455688,0.21548905968666077,1,1
calib_00721,0.7791532874107361,0.31501415371894836,6,1
calib_00722,0.3092041313648224,0.35916635394096375,1,10
calib_00723,0.45206373929977417,0.3382115066051483,2,1
calib_00724,0.7984282970428467,0.4550926387310028,9,1
calib_00725,0.3321482241153717,0.4726598262786865,1,1
calib_00726,0.3094152510166168,0.7237429022789001,4,4
calib_00727,0.26920077204704285,0.5315889716148376,1,1
calib_00728,0.23642010986804962,0.5481690168380737,1,4
calib_00729,0.10744957625865936,0.0,1,0
calib_00730,0.8083233833312988,0.2034440040588379,10,2
calib_00731,0.8974536061286926,0.3169625401496887,6,5
calib_00732,0.07682982087135315,0.15798458456993103,1,1
calib_00733,0.542656421661377,0.5209569931030273,2,2
calib_00734,0.7642138600349426,0.1960543543100357,4,3
calib_00735,0.4122190475463867,0.51573246717453,4,7
calib_00736,0.6519231200218201,0.0,11,0
calib_00737,0.0,0.6092310547828674,0,3
calib_00738,0.2804161608219147,0.18541331589221954,1,1
calib_00739,0.2351423054933548,0.5517722964286804,3,3
calib_00740,0.6626460552215576,0.3213169276714325,4,1
calib_00741,0.450278639793396,0.6910375356674194,3,10
calib_00742,0.2532913386821747,0.7138864398002625,3,8
calib_00743,0.6727167367935181,0.6244325637817383,2,2
calib_00744,0.8028771281242371,0.7830579876899719,8,8
calib_00745,0.9271965026855469,0.0,9,0
calib_00746,0.9793145060539246,0.24264229834079742,30,3
calib_00747,0.9160416722297668,0.35974571108818054,3,2
calib_00748,0.22989879548549652,0.23769128322601318,1,2
calib_00749,0.19522760808467865,0.9750460386276245,1,7
calib_00750,0.46386367082595825,0.4321447014808655,4,1
calib_00751,0.0,0.9956560730934143,0,11
calib_00752,0.558965802192688,0.6808938980102539,4,5
calib_00753,0.3944316804409027,0.4809092581272125,2,1
calib_00754,0.0,0.9957762360572815,0,4
calib_00755,0.15625295042991638,0.1672317385673523,1,1
calib_00756,0.39736878871917725,0.9201945066452026,6,14
calib_00757,0.23819167912006378,0.998742938041687,3,5
calib_00758,0.0,0.0,0,0
calib_00759,0.9994322657585144,0.23065531253814697,1,2
calib_00760,0.5555851459503174,0.28435468673706055,2,2
calib_00761,0.2745220959186554,0.24878054857254028,3,2
calib_00762,0.4830256402492523,0.5664841532707214,3,3
calib_00763,0.5147789716720581,0.3532677888870239,2,2
calib_00764,0.24257580935955048,0.1813768893480301,1,1
calib_00765,0.3160727620124817,0.5001155138015747,4,1
calib_00766,0.41346532106399536,0.34127700328826904,4,2
calib_00767,0.30145615339279175,0.2820592522621155,1,2
calib_00768,0.8268980383872986,0.8108538389205933,2,2
calib_00769,0.7187787890434265,0.316812664270401,8,3
calib_00770,0.44831225275993347,0.738039493560791,1,2
calib_00771,0.8342272639274597,0.0,6,0
calib_00772,0.48933959007263184,0.3260219991207123,2,1
calib_00773,0.7624462246894836,0.841530442237854,4,4
calib_00774,0.7480547428131104,0.7632217407226562,4,4
calib_00775,0.17671062052249908,0.25331127643585205,1,1
calib_00776,0.8088775277137756,0.386753112077713,7,3
calib_00777,0.47249123454093933,0.6009607911109924,2,2
calib_00778,0.9979352951049805,0.2477828711271286,5,1
calib_00779,0.11285218596458435,0.19680653512477875,1,1
calib_00780,0.22908057272434235,0.23676566779613495,1,2
calib_00781,0.2752452492713928,0.24103328585624695,2,2
calib_00782,0.27487683296203613,0.9893534779548645,1,10
calib_00783,0.7388127446174622,0.8567596077919006,3,3
calib_00784,0.3584071695804596,0.673186182975769,3,4
calib_00785,0.24468815326690674,0.16563044488430023,2,1
calib_00786,0.318573921918869,0.5691359639167786,1,1
calib_00787,0.15102440118789673,0.2571031451225281,1,1
calib_00788,0.47444549202919006,0.7138727307319641,3,3
calib_00789,0.0,0.1287810504436493,0,1
calib_00790,0.4130764305591583,0.4158336818218231,1,1
calib_00791,0.6100200414657593,0.5414654016494751,9,3
calib_00792,0.0,0.0,0,0
calib_00793,0.24878515303134918,0.4883936047554016,3,5
calib_00794,0.13790367543697357,0.0,1,0
calib_00795,0.41334137320518494,0.2957514822483063,2,3
calib_00796,0.4544258117675781,0.6676955223083496,1,1
calib_00797,0.10818315297365189,0.23911038041114807,1,1
calib_00798,0.5569481253623962,0.0,2,0
calib_00799,0.2816043794155121,0.41680264472961426,2,3
calib_00800,0.0,0.28115925192832947,0,1
calib_00801,0.0,0.9723813533782959,0,23
calib_00802,0.18717578053474426,0.27054786682128906,1,1
calib_00803,0.31975531578063965,0.2087213099002838,2,2
calib_00804,0.0,0.22289173305034637,0,1
calib_00805,0.14716820418834686,0.1143646314740181,1,1
calib_00806,0.6491672396659851,0.2512957751750946,1,1
calib_00807,0.4935588836669922,0.5047361254692078,5,3
calib_00808,0.35506516695022583,0.6804879307746887,8,13
calib_00809,0.0,0.0,0,0
calib_00810,0.36783984303474426,0.8979344964027405,4,9
calib_00811,0.7354233264923096,0.8059364557266235,4,4
calib_00812,0.18528027832508087,0.18931855261325836,1,1
calib_00813,0.2949245274066925,0.21143831312656403,1,1
calib_00814,0.0,0.8171530365943909,0,1
calib_00815,0.812023937702179,0.4282510578632355,5,1
calib_00816,0.9028363227844238,0.0,4,0
calib_00817,0.0,0.0,0,0
calib_00818,0.40226566791534424,0.2520504295825958,2,1
calib_00819,0.3412737548351288,0.13354262709617615,1,1
calib_00820,0.9503291249275208,0.0,14,0
calib_00821,0.7578044533729553,0.28617623448371887,5,3
calib_00822,0.6905782222747803,0.6881752014160156,3,3
calib_00823,0.0,0.8684736490249634,0,7
calib_00824,0.7594365477561951,0.5257301330566406,4,5
calib_00825,0.0,0.47915878891944885,0,4
calib_00826,0.2320772260427475,0.41824620962142944,3,4
calib_00827,0.7120893597602844,0.6359763145446777,3,3
calib_00828,0.9656906127929688,0.9750005602836609,2,2
calib_00829,0.504443347454071,0.28201285004615784,1,1
calib_00830,0.3393818438053131,0.7222802042961121,6,6
calib_00831,0.0,0.9000186920166016,0,7
calib_00832,0.0,0.973795473575592,0,29
calib_00833,0.872735321521759,0.6593455672264099,12,9
calib_00834,0.0,0.49853190779685974,0,1
calib_00835,0.30603402853012085,0.8424386978149414,5,5
calib_00836,0.9025840163230896,0.6185019016265869,6,5
calib_00837,0.7921420335769653,0.7292910814285278,5,5
calib_00838,0.7089659571647644,0.3574347496032715,3,2
calib_00839,0.8093079924583435,0.3894660472869873,6,2
calib_00840,0.4558654725551605,0.3577820658683777,4,2
calib_00841,0.9896601438522339,0.0,1,0
calib_00842,0.0,0.9996461868286133,0,4
calib_00843,0.0,0.14894933998584747,0,1
calib_00844,0.8355497717857361,0.2874801754951477,7,2
calib_00845,0.2978270351886749,0.0,1,0
calib_00846,0.0,0.9991708397865295,0,9
calib_00847,0.2970578074455261,0.0,1,0
calib_00848,0.49295225739479065,0.0,1,0
calib_00849,0.7117699980735779,0.5284897089004517,2,2
calib_00850,0.7774888277053833,0.5761634707450867,2,2
calib_00851,0.3127864897251129,0.9753761291503906,3,29
calib_00852,0.7190027832984924,0.4905606210231781,4,5
calib_00853,0.5954437255859375,0.8157522678375244,4,4
calib_00854,0.5406000018119812,0.4468178451061249,1,2
calib_00855,0.0,0.9880213737487793,0,4
calib_00856,0.0,0.0,0,0
calib_00857,0.16362550854682922,0.39078599214553833,1,1
calib_00858,0.23300422728061676,0.21235178411006927,1,1
calib_00859,0.4878920614719391,0.4362277388572693,3,4
calib_00860,0.0,0.5653234124183655,0,6
calib_00861,0.41364946961402893,0.3914119005203247,8,2
calib_00862,0.3649711310863495,0.9741846323013306,1,2
calib_00863,0.7349627017974854,0.9101086854934692,3,4
calib_00864,0.8687261343002319,0.7118188142776489,2,2
calib_00865,0.2956593930721283,0.5453304052352905,1,2
calib_00866,0.8428371548652649,0.8196355700492859,6,6
calib_00867,0.3602104187011719,0.49572959542274475,2,2
calib_00868,0.0,0.14182232320308685,0,1
calib_00869,0.5614143013954163,0.45782947540283203,1,1
calib_00870,0.2743692696094513,0.9515246152877808,3,8
calib_00871,0.9521412253379822,0.0,7,0
calib_00872,0.9775055646896362,0.2847464084625244,8,1
calib_00873,0.0,0.0,0,0
calib_00874,0.6399717330932617,0.7347654104232788,1,2
calib_00875,0.08260896801948547,0.33059465885162354,1,2
calib_00876,0.989273190498352,0.0,9,0
calib_00877,0.7552814483642578,0.46802711486816406,3,3
calib_00878,0.4761345684528351,0.26457735896110535,2,2
calib_00879,0.35145604610443115,0.23173344135284424,2,2
calib_00880,0.16555044054985046,0.3748781979084015,1,1
calib_00881,0.32031312584877014,0.8593772649765015,17,23
calib_00882,0.6575253009796143,0.4382159113883972,2,2
calib_00883,0.0,0.7020217180252075,0,5
calib_00884,0.2178078144788742,0.799534261226654,2,5
calib_00885,0.0,0.0,0,0
calib_00886,0.7870087027549744,0.9452172517776489,4,5
calib_00887,0.0,0.9672038555145264,0,6
calib_00888,0.7185776829719543,0.41449064016342163,9,5
calib_00889,0.2285986840724945,0.9875300526618958,1,6
calib_00890,0.6550621390342712,0.8664721250534058,7,7
calib_00891,0.1799241006374359,0.2766900062561035,1,1
calib_00892,0.9976374506950378,0.430782288312912,5,1
calib_00893,0.4737393856048584,0.3413323760032654,4,2
calib_00894,0.49525001645088196,0.3380172550678253,1,2
calib_00895,0.9423871040344238,0.44795429706573486,2,3
calib_00896,0.9094321727752686,0.7143054008483887,3,3
calib_00897,0.2186376303434372,0.8621697425842285,1,3
calib_00898,0.14421811699867249,0.19530297815799713,1,1
calib_00899,0.6554694175720215,0.5938973426818848,1,2
calib_00900,0.41551169753074646,0.9271798729896545,5,6
calib_00901,0.23348279297351837,0.17281055450439453,1,1
calib_00902,0.625801682472229,0.46182534098625183,4,4
calib_00903,0.7643532752990723,0.7533270120620728,4,4
calib_00904,0.12555496394634247,0.16390618681907654,1,1
calib_00905,0.438701868057251,0.8699982166290283,7,9
calib_00906,0.0,0.14423903822898865,0,1
calib_00907,0.0,0.0,0,0
calib_00908,0.0,0.16297399997711182,0,1
calib_00909,0.533358633518219,0.21247048676013947,3,3
calib_00910,0.6893911957740784,0.5732429623603821,2,3
calib_00911,0.41924557089805603,0.24909605085849762,7,4
calib_00912,0.0,0.0,0,0
calib_00913,0.4339491128921509,0.9211759567260742,2,6
calib_00914,0.18134450912475586,0.37929680943489075,2,1
calib_00915,0.33390384912490845,0.0,1,0
calib_00916,0.9499799013137817,0.0,5,0
calib_00917,0.0,0.1433040201663971,0,1
calib_00918,0.335459440946579,0.35526272654533386,2,1
calib_00919,0.2939411997795105,0.7653348445892334,4,15
calib_00920,0.7647675275802612,0.5681397914886475,4,4
calib_00921,0.6366883516311646,0.4860096275806427,4,3
calib_00922,0.6025977730751038,0.43360236287117004,4,6
calib_00923,0.11166853457689285,0.11669863760471344,1,1
calib_00924,0.7995008826255798,0.8970138430595398,1,1
calib_00925,0.35802775621414185,0.37389063835144043,2,2
calib_00926,0.39311936497688293,0.6357550621032715,3,4
calib_00927,0.25926581025123596,0.9686900973320007,1,17
calib_00928,0.5016974210739136,0.34261685609817505,4,4
calib_00929,0.4379862844944,0.6074314713478088,3,3
calib_00930,0.0,0.9627512693405151,0,9
calib_00931,0.8079026937484741,0.8388656973838806,8,8
calib_00932,0.0,0.0,0,0
calib_00933,0.8135319948196411,0.526788592338562,5,1
calib_00934,0.9961252212524414,0.0,6,0
calib_00935,0.4891146421432495,0.3537328243255615,4,3
calib_00936,0.753027617931366,0.9641633033752441,3,5
calib_00937,0.0,0.9078035354614258,0,5
calib_00938,0.3014698028564453,0.0,1,0
calib_00939,0.41339877247810364,0.6409057974815369,4,6
calib_00940,0.3174304664134979,0.8118387460708618,4,7
calib_00941,0.26255765557289124,0.20679359138011932,2,2
calib_00942,0.862012505531311,0.8245537281036377,5,4
calib_00943,0.4293798506259918,0.38373515009880066,1,3
calib_00944,0.8402872681617737,0.5129991173744202,4,3
calib_00945,0.9711045622825623,0.0,11,0
calib_00946,0.0,0.15463736653327942,0,1
calib_00947,0.18118634819984436,0.4462890326976776,2,2
calib_00948,0.0,0.0,0,0
calib_00949,0.41717153787612915,0.3309708535671234,8,7
calib_00950,0.6236514449119568,0.8899391293525696,3,4
calib_00951,0.09530571103096008,0.11145125329494476,1,1
calib_00952,0.0,0.36394816637039185,0,1
calib_00953,0.8983950018882751,0.2647615373134613,6,4
calib_00954,0.0,0.0,0,0
calib_00955,0.32546690106391907,0.269173264503479,1,3
calib_00956,0.4243098199367523,0.6152895092964172,4,3
calib_00957,0.3960784673690796,0.8722085952758789,2,3
calib_00958,0.0,0.0,0,0
calib_00959,0.5673633813858032,0.2306888997554779,1,1
calib_00960,0.36587202548980713,0.4292809069156647,4,5
calib_00961,0.771705687046051,0.0,7,0
calib_00962,0.0,0.0980568677186966,0,1
calib_00963,0.9978132247924805,0.0,5,0
calib_00964,0.41808709502220154,0.5906988382339478,5,9
calib_00965,0.5559023022651672,0.0,4,0
calib_00966,0.23361600935459137,0.3662065863609314,1,1
calib_00967,0.3283272385597229,0.21270062029361725,1,1
calib_00968,0.18481987714767456,0.22012610733509064,2,2
calib_00969,0.0,0.0,0,0
calib_00970,0.1963273286819458,0.8833304643630981,3,5
calib_00971,0.5253362655639648,0.5882112979888916,2,3
calib_00972,0.5088916420936584,0.5452039241790771,1,4
calib_00973,0.48672211170196533,0.18198734521865845,6,3
calib_00974,0.3774538040161133,0.7618936896324158,6,7
calib_00975,0.0,0.5122683644294739,0,4
calib_00976,0.2904176115989685,0.6655721664428711,1,3
calib_00977,0.9937018156051636,0.0,8,0
calib_00978,0.6747298240661621,0.4420487880706787,1,1
calib_00979,0.3739777207374573,0.0,5,0
calib_00980,0.5683236122131348,0.8562080264091492,4,7
calib_00981,0.2542186975479126,0.9137244820594788,3,3
calib_00982,0.9946839213371277,0.0,3,0
calib_00983,0.8969776630401611,0.5201209187507629,4,3
calib_00984,0.8534318804740906,0.5115216374397278,6,6
calib_00985,0.4674530625343323,0.0,2,0
calib_00986,0.0,0.9373122453689575,0,9
calib_00987,0.2359732687473297,0.22231027483940125,1,1
calib_00988,0.5096390843391418,0.98931884765625,3,2
calib_00989,0.27262642979621887,0.0,1,0
calib_00990,0.9669027924537659,0.4168640971183777,1,1
calib_00991,0.5515989661216736,0.5823266506195068,5,1
calib_00992,0.7470405697822571,0.7217550277709961,3,4
calib_00993,0.7911242842674255,0.6054860949516296,1,1
calib_00994,0.7625682353973389,0.6108523011207581,1,2
calib_00995,0.0,0.998519778251648,0,9
calib_00996,0.5384806394577026,0.5447679758071899,5,5
calib_00997,0.4296472370624542,0.9221247434616089,2,2
calib_00998,0.8150550127029419,0.7387257814407349,5,5
calib_00999,0.10711628943681717,0.09408356994390488,1,1
calib_01000,0.6506842970848083,0.4722759425640106,6,6
calib_01001,0.38807201385498047,0.8867456316947937,4,5
calib_01002,0.6810738444328308,0.6832284331321716,1,1
calib_01003,0.6686103940010071,0.6523199081420898,3,2
calib_01004,0.5369506478309631,0.3234277069568634,5,5
calib_01005,0.5032716393470764,0.9677579402923584,2,2
calib_01006,0.35190191864967346,0.39869970083236694,1,1
calib_01007,0.09422025829553604,0.16108328104019165,1,1
calib_01008,0.5191911458969116,0.21889148652553558,1,1
calib_01009,0.5416020750999451,0.8991641998291016,4,5
calib_01010,0.34582608938217163,0.4606398642063141,2,5
calib_01011,0.7694231867790222,0.0,14,0
calib_01012,0.0,0.0,0,0
calib_01013,0.12850016355514526,0.2252126932144165,1,1
calib_01014,0.7455620169639587,0.6126310229301453,4,3
calib_01015,0.9309525489807129,0.2844720482826233,6,5
calib_01016,0.3908705413341522,0.25721389055252075,1,1
calib_01017,0.0,0.29891058802604675,0,1
calib_01018,0.2447352260351181,0.9574670791625977,1,3
calib_01019,0.2823145091533661,0.7998352646827698,3,1
calib_01020,0.8313578963279724,0.2542981803417206,6,1
calib_01021,0.24551931023597717,0.23062624037265778,1,1
calib_01022,0.2340204417705536,0.21521279215812683,1,1
calib_01023,0.19416573643684387,0.09761710464954376,2,1
calib_01024,0.0,0.0,0,0
calib_01025,0.47644278407096863,0.41699767112731934,1,2
calib_01026,0.5485749244689941,0.9871030449867249,3,3
calib_01027,0.5943006873130798,0.8108904957771301,2,3
calib_01028,0.34687089920043945,0.6416077613830566,1,1
calib_01029,0.48035094141960144,0.35254281759262085,4,5
calib_01030,0.2618592381477356,0.41948363184928894,5,6
calib_01031,0.6949527859687805,0.3608956038951874,3,1
calib_01032,0.9767692685127258,0.8910754919052124,5,5
calib_01033,0.1068524569272995,0.16397657990455627,1,1
calib_01034,0.9928591251373291,0.9726182818412781,3,3
calib_01035,0.8339051008224487,0.9409490823745728,5,5
calib_01036,0.930658757686615,0.0,9,0
calib_01037,0.0,0.0,0,0
calib_01038,0.6082801818847656,0.19493430852890015,5,2
calib_01039,0.7912578582763672,0.0,3,0
calib_01040,0.6626240015029907,0.6798064112663269,4,4
calib_01041,0.20706374943256378,0.251010537147522,1,1
calib_01042,0.0,0.0,0,0
calib_01043,0.8602135181427002,0.19674308598041534,2,1
calib_01044,0.9950162172317505,0.0,17,0
calib_01045,0.8062474131584167,0.6838216781616211,4,4
calib_01046,0.1390702724456787,0.9818025231361389,1,8
calib_01047,0.16088096797466278,0.1780526041984558,1,2
calib_01048,0.12582604587078094,0.09268417954444885,1,1
calib_01049,0.6573101878166199,0.6357235312461853,3,3
calib_01050,0.629845917224884,0.2679188847541809,7,1
calib_01051,0.43284139037132263,0.21326354146003723,7,2
calib_01052,0.9706318974494934,0.0,30,0
calib_01053,0.0,0.0,0,0
calib_01054,0.2737234830856323,0.2813996374607086,3,3
calib_01055,0.48788928985595703,0.3457355797290802,4,5
calib_01056,0.7722824215888977,0.4798825979232788,4,6
calib_01057,0.527264416217804,0.16183778643608093,1,1
calib_01058,0.48650917410850525,0.3257475793361664,1,1
calib_01059,0.18176957964897156,0.0,1,0
calib_01060,0.3729867935180664,0.6304853558540344,4,4
calib_01061,0.26483848690986633,0.2961937189102173,1,2
calib_01062,0.30546221137046814,0.6020469069480896,3,3
calib_01063,0.9705603718757629,0.506327748298645,3,2
calib_01064,0.9037518501281738,0.3684666156768799,23,1
calib_01065,0.5039393901824951,0.6697368621826172,4,4
calib_01066,0.6952106356620789,0.5314151644706726,3,3
calib_01067,0.3024343252182007,0.3218914270401001,4,4
calib_01068,0.8580693006515503,0.0,5,0
calib_01069,0.3077390491962433,0.26607969403266907,1,1
calib_01070,0.4367905557155609,0.8838961124420166,3,9
calib_01071,0.5155227780342102,0.9096656441688538,5,9
calib_01072,0.7088898420333862,0.9743908643722534,5,5
calib_01073,0.849820613861084,0.5155449509620667,4,5
calib_01074,0.37385451793670654,0.4067442715167999,1,7
calib_01075,0.06362844258546829,0.0929969921708107,1,1
calib_01076,0.1329316943883896,0.11664015799760818,1,1
calib_01077,0.6008684635162354,0.48410505056381226,13,9
calib_01078,0.0,0.0,0,0
calib_01079,0.624308705329895,0.9911588430404663,4,4
calib_01080,0.39399054646492004,0.8661496043205261,5,7
calib_01081,0.35325464606285095,0.6447492241859436,4,4
calib_01082,0.0,0.2898225784301758,0,1
calib_01083,0.0,0.11291519552469254,0,1
calib_01084,0.20138975977897644,0.38458970189094543,1,1
calib_01085,0.7297715544700623,0.9986832737922668,4,5
calib_01086,0.7998582720756531,0.5269404649734497,3,4
calib_01087,0.5375819802284241,0.6545676589012146,4,3
calib_01088,0.5728399753570557,0.6770124435424805,2,2
calib_01089,0.6447437405586243,0.30330199003219604,4,1
calib_01090,0.32936909794807434,0.7049465775489807,1,3
calib_01091,0.8874281644821167,0.0,20,0
calib_01092,0.34797096252441406,0.5500618815422058,3,4
calib_01093,0.0,0.0,0,0
calib_01094,0.7069112062454224,0.8923564553260803,4,3
calib_01095,0.45277470350265503,0.30818676948547363,2,2
calib_01096,0.22894185781478882,0.6150205135345459,1,2
calib_01097,0.5507809519767761,0.7312172055244446,3,3
calib_01098,0.9028061032295227,0.4056564271450043,5,3
calib_01099,0.8042446970939636,0.5201613903045654,5,4
calib_01100,0.8934465646743774,0.5501320958137512,1,1
calib_01101,0.1969434916973114,0.39210328459739685,1,3
calib_01102,0.4117591381072998,0.4311831593513489,4,2
calib_01103,0.7798125147819519,0.9275146126747131,1,1
calib_01104,0.26428624987602234,0.6293615698814392,1,1
calib_01105,0.6497017741203308,0.39911261200904846,6,6
calib_01106,0.4739043116569519,0.32775354385375977,2,1
calib_01107,0.41224074363708496,0.3294420540332794,1,1
calib_01108,0.7530356049537659,0.881791889667511,1,1
calib_01109,0.5481926798820496,0.6066467761993408,10,9
calib_01110,0.303949236869812,0.9165357351303101,5,5
calib_01111,0.222231924533844,0.0,1,0
calib_01112,0.3808533549308777,0.3559182286262512,0,13
calib_01113,0.20131933689117432,0.16131232678890228,1,1
calib_01114,0.0,0.0,0,0
calib_01115,0.0,0.0,0,0
calib_01116,0.7398414015769958,0.3844307065010071,1,1
calib_01117,0.19326025247573853,0.32681533694267273,1,1
calib_01118,0.0,0.8504957556724548,0,7
calib_01119,0.8730490803718567,0.476349413394928,14,9
calib_01120,0.38768649101257324,0.25015968084335327,1,1
calib_01121,0.4826934039592743,0.8080178499221802,4,4
calib_01122,0.0,0.2255650758743286,0,1
calib_01123,0.4696693420410156,0.824349582195282,5,6
calib_01124,0.9375049471855164,0.6067900061607361,3,3
calib_01125,0.21564842760562897,0.17728771269321442,1,1
calib_01126,0.9013725519180298,0.21660123765468597,11,1
calib_01127,0.4092482328414917,0.7728943824768066,2,3
calib_01128,0.6227380633354187,0.3398122787475586,3,2
calib_01129,0.6235955953598022,0.32407814264297485,4,4
calib_01130,0.0,0.2699921727180481,0,2
calib_01131,0.31675010919570923,0.8694331049919128,5,8
calib_01132,0.3732799291610718,0.4693695604801178,2,4
calib_01133,0.3662590980529785,0.12029755115509033,5,1
calib_01134,0.987794816493988,0.5811337232589722,6,4
calib_01135,0.5335648059844971,0.5371513366699219,2,2
calib_01136,0.0,0.0,0,0
calib_01137,0.1698003113269806,0.35735341906547546,1,2
calib_01138,0.4310479164123535,0.6501420736312866,2,2
calib_01139,0.2337210476398468,0.0,2,0
calib_01140,0.5930615067481995,0.5397989153862,7,5
calib_01141,0.30911368131637573,0.38941287994384766,2,2
calib_01142,0.8828752636909485,0.0,6,0
calib_01143,0.0,0.6320888996124268,0,4
calib_01144,0.7727183103561401,0.6093478798866272,7,1
calib_01145,0.39406856894493103,0.2985095679759979,1,1
calib_01146,0.4026500880718231,0.2988836467266083,1,3
calib_01147,0.8174536228179932,0.27191510796546936,3,3
calib_01148,0.8300512433052063,0.2795597016811371,6,1
calib_01149,0.3442390263080597,0.23261240124702454,1,1
calib_01150,0.24346216022968292,0.15220099687576294,3,1
calib_01151,0.9537983536720276,0.0,8,0
calib_01152,0.48859772086143494,0.821753740310669,6,11
calib_01153,0.267677903175354,0.5714762806892395,1,7
calib_01154,0.1930992305278778,0.5992841720581055,2,2
calib_01155,0.6128877997398376,0.870551347732544,4,4
calib_01156,0.6800607442855835,0.37251898646354675,5,2
calib_01157,0.7618051171302795,0.4124549627304077,12,2
calib_01158,0.0,0.0,0,0
calib_01159,0.933769166469574,0.9797526597976685,1,1
calib_01160,0.0,0.2201804667711258,0,1
calib_01161,0.16254016757011414,0.7616732716560364,2,5
calib_01162,0.25891631841659546,0.1441638022661209,2,1
calib_01163,0.9811688661575317,0.0,9,0
calib_01164,0.88795405626297,0.28424736857414246,4,1
calib_01165,0.9865777492523193,0.9810324311256409,1,1
calib_01166,0.0,0.0,0,0
calib_01167,0.9660663604736328,0.4030728042125702,5,1
calib_01168,0.8395494222640991,0.4112966060638428,5,5
calib_01169,0.23424752056598663,0.6763366460800171,3,4
calib_01170,0.4637078642845154,0.1281479150056839,1,1
calib_01171,0.9914587140083313,0.3364703357219696,7,1
calib_01172,0.30445870757102966,0.7860812544822693,1,1
calib_01173,0.291747123003006,0.9614774584770203,2,2
calib_01174,0.9787055850028992,0.0,8,0
calib_01175,0.9961987733840942,0.350098192691803,18,10
calib_01176,0.7947262525558472,0.3574291169643402,8,4
calib_01177,0.49189847707748413,0.3718811869621277,5,5
calib_01178,0.6162323355674744,0.7945824265480042,4,4
calib_01179,0.3543347418308258,0.6431392431259155,1,1
calib_01180,0.9606469869613647,0.4745871126651764,8,6
calib_01181,0.49695637822151184,0.28183868527412415,7,3
calib_01182,0.41055384278297424,0.21008825302124023,1,1
calib_01183,0.8074253797531128,0.9358479380607605,4,4
calib_01184,0.5338125228881836,0.35540062189102173,2,1
calib_01185,0.6907047629356384,0.4327895939350128,6,6
calib_01186,0.5014298558235168,0.27176135778427124,1,1
calib_01187,0.9528552889823914,0.6968778371810913,6,5
calib_01188,0.3647375702857971,0.37958279252052307,1,1
calib_01189,0.23933716118335724,0.7180290818214417,3,7
calib_01190,0.4110093116760254,0.18293961882591248,1,1
calib_01191,0.5466175079345703,0.6223227977752686,3,3
calib_01192,0.0,0.9401856064796448,0,6
calib_01193,0.9818920493125916,0.29570963978767395,2,2
calib_01194,0.44725385308265686,0.8377916812896729,3,3
calib_01195,0.6778109669685364,0.1883212774991989,2,1
calib_01196,0.0,0.9537883996963501,0,5
calib_01197,0.6385877132415771,0.8294994831085205,1,3
calib_01198,0.43979042768478394,0.6042080521583557,4,1
calib_01199,0.0,0.9783262014389038,0,28
calib_01200,0.22114425897598267,0.4166681468486786,2,1
calib_01201,0.5129858255386353,0.9959341287612915,2,4
calib_01202,0.17851489782333374,0.7598745822906494,2,1
calib_01203,0.4062075614929199,0.9524086117744446,2,6
calib_01204,0.7642992734909058,0.38861045241355896,8,6
calib_01205,0.6999564170837402,0.2374594360589981,4,2
calib_01206,0.4524663984775543,0.8933382034301758,5,7
calib_01207,0.6757840514183044,0.9085825681686401,7,7
calib_01208,0.329917848110199,0.3895273208618164,2,2
calib_01209,0.7908801436424255,0.4012265205383301,3,2
calib_01210,0.8118002414703369,0.8008847832679749,4,4
calib_01211,0.5908561944961548,0.4398638606071472,2,4
calib_01212,0.08887254446744919,0.15756823122501373,1,1
calib_01213,0.843159556388855,0.6617900729179382,5,3
calib_01214,0.3690958619117737,0.3456312417984009,1,2
calib_01215,0.37128743529319763,0.9853479862213135,2,9
calib_01216,0.4595465362071991,0.6400930881500244,3,3
calib_01217,0.913608968257904,0.7691404819488525,4,4
calib_01218,0.3735558092594147,0.8251232504844666,3,4
calib_01219,0.6357864737510681,0.3675784468650818,10,1
calib_01220,0.8632875680923462,0.6832489371299744,7,1
calib_01221,0.6208354830741882,0.9955371022224426,3,3
calib_01222,0.48889338970184326,0.8290042281150818,2,2
calib_01223,0.9809767603874207,0.6983792781829834,1,1
calib_01224,0.0,0.9739097952842712,0,7
calib_01225,0.35248956084251404,0.5768170356750488,1,3
calib_01226,0.7098751664161682,0.47058922052383423,4,2
calib_01227,0.3252987563610077,0.9807815551757812,2,7
calib_01228,0.3205227553844452,0.7627235651016235,6,8
calib_01229,0.6726585030555725,0.27044880390167236,1,1
calib_01230,0.0,0.8444664478302002,0,9
calib_01231,0.3315551280975342,0.5318830013275146,4,5
calib_01232,0.0,0.11753951758146286,0,1
calib_01233,0.812779426574707,0.17981091141700745,9,1
calib_01234,0.1327114701271057,0.18088924884796143,1,1
calib_01235,0.12218993902206421,0.11693479865789413,1,1
calib_01236,0.4027964472770691,0.41544070839881897,4,6
calib_01237,0.39316269755363464,0.33953234553337097,4,3
calib_01238,0.26003366708755493,0.8889288902282715,2,3
calib_01239,0.9985364079475403,0.2632747292518616,3,2
calib_01240,0.17776282131671906,0.8279470801353455,1,1
calib_01241,0.18851397931575775,0.6251617670059204,1,2
calib_01242,0.5611050128936768,0.8013373613357544,4,4
calib_01243,0.920658528804779,0.3457629680633545,8,4
calib_01244,0.8661136627197266,0.9241182804107666,1,1
calib_01245,0.6211910247802734,0.7499134540557861,6,6
calib_01246,0.8078004717826843,0.9178726077079773,6,3
calib_01247,0.7415690422058105,0.43923917412757874,4,2
calib_01248,0.7571293115615845,0.25901126861572266,4,2
calib_01249,0.21883472800254822,0.5830135941505432,2,3
calib_01250,0.0,0.9302857518196106,0,9
calib_01251,0.0,0.898714542388916,0,10
calib_01252,0.3132857084274292,0.6934663653373718,4,4
calib_01253,0.3341326415538788,0.6548834443092346,2,2
calib_01254,0.8834738731384277,0.9446427226066589,4,4
calib_01255,0.377269983291626,0.9519269466400146,2,6
calib_01256,0.6168034076690674,0.41445574164390564,4,3
calib_01257,0.8256472945213318,0.8149489164352417,4,4
calib_01258,0.9984365105628967,0.3971902132034302,21,4
calib_01259,0.9736180305480957,0.4562559127807617,4,4
calib_01260,0.9839866161346436,0.6390811800956726,2,2
calib_01261,0.4670953154563904,0.31730207800865173,1,1
calib_01262,0.8201026320457458,0.8509419560432434,3,3
calib_01263,0.8834300637245178,0.5283480286598206,7,6
calib_01264,0.8102971911430359,0.41796913743019104,6,5
calib_01265,0.731541633605957,0.35523831844329834,3,4
calib_01266,0.9475407600402832,0.4343739449977875,4,1
calib_01267,0.23268145322799683,0.5079571604728699,2,6
calib_01268,0.43294429779052734,0.360946387052536,4,5
calib_01269,0.19805116951465607,0.554020881652832,1,1
calib_01270,0.0,0.0,0,0
calib_01271,0.5580528378486633,0.6547401547431946,1,1
calib_01272,0.5670521855354309,0.5990034937858582,4,5
calib_01273,0.8579505681991577,0.6866022348403931,1,1
calib_01274,0.8726186752319336,0.5313851237297058,8,7
calib_01275,0.31824809312820435,0.2642275393009186,2,1
calib_01276,0.8426840305328369,0.3562914729118347,9,4
calib_01277,0.37842342257499695,0.6260497570037842,1,4
calib_01278,0.273814857006073,0.23604533076286316,2,1
calib_01279,0.7088498473167419,0.550933837890625,10,9
calib_01280,0.2758503556251526,0.3922989070415497,2,3
calib_01281,0.37042155861854553,0.9713870882987976,2,5
calib_01282,0.751101553440094,0.34669098258018494,10,6
calib_01283,0.8438733816146851,0.35919228196144104,16,8
calib_01284,0.9584043025970459,0.0,23,0
calib_01285,0.3570210039615631,0.7760276794433594,2,3
calib_01286,0.8955203890800476,0.3974100351333618,4,1
calib_01287,0.49177098274230957,0.7679329514503479,3,3
calib_01288,0.8014185428619385,0.521838366985321,3,3
calib_01289,0.33625528216362,0.0,1,0
calib_01290,0.2732737064361572,0.6734147071838379,2,5
calib_01291,0.22093835473060608,0.48943114280700684,1,4
calib_01292,0.19866111874580383,0.9613259434700012,2,3
calib_01293,0.296516090631485,0.2826824188232422,2,2
calib_01294,0.5276600122451782,0.5963320732116699,5,4
calib_01295,0.0,0.8288508653640747,0,9
calib_01296,0.714885950088501,0.43796658515930176,2,2
calib_01297,0.10674452036619186,0.15964479744434357,1,1
calib_01298,0.6830790638923645,0.9431256651878357,5,6
calib_01299,0.4690120816230774,0.6212412714958191,5,6
calib_01300,0.0,0.5403066277503967,0,2
calib_01301,0.4463568329811096,0.6327561140060425,2,2
calib_01302,0.0,0.7708611488342285,0,2
calib_01303,0.9990755319595337,0.3298293352127075,5,2
calib_01304,0.4770370125770569,0.9818192720413208,4,5
calib_01305,0.5002272725105286,0.8632136583328247,3,7
calib_01306,0.20763592422008514,0.6591131687164307,3,4
calib_01307,0.3826061487197876,0.6398255228996277,4,6
calib_01308,0.4595385789871216,0.9003660082817078,2,6
calib_01309,0.8471515774726868,0.4088784456253052,6,2
calib_01310,0.0,0.9966331720352173,0,8
calib_01311,0.9253847599029541,0.0,4,0
calib_01312,0.4545508325099945,0.9863683581352234,2,2
calib_01313,0.7096363306045532,0.21660250425338745,2,1
calib_01314,0.15333113074302673,0.8663633465766907,1,6
calib_01315,0.5619143843650818,0.982444167137146,2,2
calib_01316,0.7426822185516357,0.6996111869812012,4,1
calib_01317,0.491187185049057,0.7854974865913391,3,3
calib_01318,0.8069926500320435,0.7008383274078369,2,2
calib_01319,0.47844648361206055,0.3935527503490448,5,5
calib_01320,0.43371570110321045,0.0,2,0
calib_01321,0.9349265694618225,0.0,9,0
calib_01322,0.46497642993927,0.9349235892295837,6,6
calib_01323,0.6726976633071899,0.6900129318237305,2,3
calib_01324,0.6210740208625793,0.9975090026855469,4,4
calib_01325,0.9072994589805603,0.0,2,0
calib_01326,0.8059433698654175,0.0,7,0
calib_01327,0.7713360786437988,0.8948004841804504,3,3
calib_01328,0.6591207981109619,0.4267292022705078,5,5
calib_01329,0.3597804307937622,0.5437893867492676,2,2
calib_01330,0.8878150582313538,0.0,6,0
calib_01331,0.9934727549552917,0.2090626358985901,18,3
calib_01332,0.37669941782951355,0.8858762979507446,3,4
calib_01333,0.6715447306632996,0.4188120663166046,5,4
calib_01334,0.605067253112793,0.21730896830558777,3,2
calib_01335,0.5832144618034363,0.5810768008232117,5,1
calib_01336,0.2112477868795395,0.5116367340087891,1,1
calib_01337,0.986903965473175,0.552318274974823,3,3
calib_01338,0.2847553789615631,0.6057178974151611,1,1
calib_01339,0.9271203875541687,0.2395276129245758,5,2
calib_01340,0.8427082896232605,0.8547091484069824,2,3
calib_01341,0.7720088958740234,0.3509741723537445,3,2
calib_01342,0.0,0.3807878792285919,0,1
calib_01343,0.6606276631355286,0.40741169452667236,3,3
calib_01344,0.9703792333602905,0.6246802806854248,2,2
calib_01345,0.25578179955482483,0.7873007655143738,3,3
calib_01346,0.9780975580215454,0.6296080350875854,4,4
calib_01347,0.287858784198761,0.30639201402664185,2,2
calib_01348,0.6329792141914368,0.8660293817520142,1,2
calib_01349,0.17056764662265778,0.27834367752075195,1,1
calib_01350,0.39883100986480713,0.44351714849472046,1,1
calib_01351,0.3737200200557709,0.8526231646537781,3,3
calib_01352,0.9129415154457092,0.3031545579433441,2,1
calib_01353,0.897554874420166,0.2697641849517822,3,1
calib_01354,0.25871092081069946,0.7722374796867371,3,6
calib_01355,0.9586529731750488,0.29027849435806274,6,1
calib_01356,0.9907718300819397,0.7694997787475586,8,8
calib_01357,0.2981727421283722,0.6576101779937744,3,6
calib_01358,0.7295471429824829,0.1496712863445282,8,2
calib_01359,0.8959026336669922,0.41145527362823486,5,4
calib_01360,0.296591192483902,0.6351597309112549,3,8
calib_01361,0.9432754516601562,0.1816616803407669,8,1
calib_01362,0.6932330131530762,0.6318314075469971,5,4
calib_01363,0.52059006690979,0.7516860365867615,4,7
calib_01364,0.0,0.5085909962654114,0,3
calib_01365,0.2287803292274475,0.18645673990249634,2,2
calib_01366,0.8274608254432678,0.29781025648117065,6,5
calib_01367,0.10390359908342361,0.12300924956798553,1,1
calib_01368,0.7880312204360962,0.7628310322761536,4,3
calib_01369,0.1724027395248413,0.1834515929222107,1,1
calib_01370,0.29823213815689087,0.7141964435577393,2,3
calib_01371,0.7584512829780579,0.0,3,0
calib_01372,0.7009479999542236,0.5318742990493774,5,4
calib_01373,0.4895327687263489,0.9925139546394348,1,1
calib_01374,0.7738733887672424,0.0,4,0
calib_01375,0.9466000199317932,0.0,3,0
calib_01376,0.8840396404266357,0.7529496550559998,3,3
calib_01377,0.8148810267448425,0.7323999404907227,3,2
calib_01378,0.48034510016441345,0.7874004244804382,3,5
calib_01379,0.0,0.47637060284614563,0,7
calib_01380,0.2808242440223694,0.4236316382884979,1,1
calib_01381,0.983394205570221,0.0,4,0
calib_01382,0.8553241491317749,0.28838402032852173,5,3
calib_01383,0.33947131037712097,0.681385338306427,1,1
calib_01384,0.5475984811782837,0.680500864982605,1,1
calib_01385,0.9923701286315918,0.0,2,0
calib_01386,0.5802528262138367,0.4062366187572479,1,1
calib_01387,0.8116234540939331,0.4907758831977844,5,4
calib_01388,0.8725147247314453,0.99705970287323,4,4
calib_01389,0.8485051393508911,0.5081127882003784,2,2
calib_01390,0.5636704564094543,0.9749674201011658,3,3
calib_01391,0.9061784148216248,0.9872186183929443,1,1
calib_01392,0.6561349034309387,0.8329054713249207,7,6
calib_01393,0.0,0.0,0,0
calib_01394,0.7676091194152832,0.5360676646232605,6,6
calib_01395,0.719890832901001,0.8935472369194031,4,5
calib_01396,0.8469338417053223,0.8650000095367432,3,3
calib_01397,0.9812331199645996,0.9005872011184692,3,4
calib_01398,0.9594375491142273,0.0,7,0
calib_01399,0.2519698143005371,0.3450387716293335,1,1
calib_01400,0.16108302772045135,0.6886190176010132,1,2
calib_01401,0.7475042343139648,0.9435670375823975,3,4
calib_01402,0.7534655332565308,0.822685956954956,4,4
calib_01403,0.4369215965270996,0.32815518975257874,3,3
calib_01404,0.3553532063961029,0.8875971436500549,1,6
calib_01405,0.40058889985084534,0.6632093787193298,3,4
calib_01406,0.9915411472320557,0.7046236991882324,2,2
calib_01407,0.7941915988922119,0.0,3,0
calib_01408,0.4106867015361786,0.9455549120903015,7,10
calib_01409,0.0,0.9194591045379639,0,6
calib_01410,0.0,0.1935889571905136,0,1
calib_01411,0.829957127571106,0.34810224175453186,5,5
calib_01412,0.0,0.9391746520996094,0,10
calib_01413,0.3408452272415161,0.9892554879188538,1,18
calib_01414,0.4956434965133667,0.7708620429039001,4,6
calib_01415,0.41703200340270996,0.9612914323806763,5,5
calib_01416,0.37937307357788086,0.1392798274755478,1,1
calib_01417,0.5486178398132324,0.599811851978302,5,8
calib_01418,0.0,0.0,0,0
calib_01419,0.3391140401363373,0.2736956477165222,1,1
calib_01420,0.21696579456329346,0.929023027420044,2,1
calib_01421,0.793045163154602,0.3996255695819855,2,1
calib_01422,0.20532111823558807,0.3682037889957428,2,3
calib_01423,0.8244954347610474,0.7296963334083557,8,3
calib_01424,0.0,0.8822967410087585,0,4
calib_01425,0.0,0.5043646693229675,0,4
calib_01426,0.9894071817398071,0.0,10,0
calib_01427,0.39703214168548584,0.8266761898994446,4,5
calib_01428,0.5450370907783508,0.8750884532928467,3,3
calib_01429,0.5317357778549194,0.29353928565979004,1,1
calib_01430,0.7154843211174011,0.3924384117126465,2,2
calib_01431,0.3601670563220978,0.8670333027839661,1,3
calib_01432,0.4863530099391937,0.39803510904312134,2,5
calib_01433,0.4883214235305786,0.678101122379303,0,7
calib_01434,0.3440183103084564,0.7693310379981995,2,2
calib_01435,0.3442800045013428,0.6241554021835327,3,4
calib_01436,0.9505321383476257,0.46561723947525024,7,4
calib_01437,0.9438095092773438,0.17947816848754883,7,1
calib_01438,0.5757728815078735,0.5109767317771912,5,5
calib_01439,0.2025751769542694,0.9921432733535767,2,5
calib_01440,0.47586336731910706,0.2205713540315628,1,1
calib_01441,0.9004439115524292,0.9369392991065979,2,2
calib_01442,0.1715506762266159,0.4740526080131531,3,5
calib_01443,0.0,0.0,0,0
calib_01444,0.9686923623085022,0.0,6,0
calib_01445,0.7484896779060364,0.0,3,0
calib_01446,0.40035611391067505,0.7069948315620422,4,6
calib_01447,0.6664552092552185,0.5644527077674866,1,1
calib_01448,0.4428804814815521,0.9760704040527344,4,5
calib_01449,0.6177622675895691,0.9835088849067688,7,8
calib_01450,0.47747233510017395,0.8213847875595093,4,4
calib_01451,0.23971669375896454,0.35613715648651123,3,2
calib_01452,0.8680714964866638,0.9383955597877502,3,3
calib_01453,0.5638183951377869,0.21363021433353424,4,1
calib_01454,0.8612170815467834,0.6895987391471863,3,3
calib_01455,0.21741048991680145,0.16672371327877045,1,1
calib_01456,0.696895182132721,0.8646359443664551,3,3
calib_01457,0.7866320013999939,0.8511781096458435,1,1
calib_01458,0.0,0.13341884315013885,0,1
calib_01459,0.8351220488548279,0.4612363576889038,4,4
calib_01460,0.0,0.9242104291915894,0,9
calib_01461,0.83443683385849,0.4537090063095093,3,2
calib_01462,0.0,0.0,0,0
calib_01463,0.7028169631958008,0.6544371843338013,2,2
calib_01464,0.3037888705730438,0.3007107675075531,1,1
calib_01465,0.42884552478790283,0.4764958322048187,1,3
calib_01466,0.24896155297756195,0.8110408186912537,1,1
calib_01467,0.5814733505249023,0.7519229650497437,2,2
calib_01468,0.5585794448852539,0.3615474998950958,1,1
calib_01469,0.9189980626106262,0.2640238106250763,7,3
calib_01470,0.35729649662971497,0.30180713534355164,3,3
calib_01471,0.9776189923286438,0.5637279748916626,5,4
calib_01472,0.7942450046539307,0.9942189455032349,2,2
calib_01473,0.4508451819419861,0.4437088072299957,5,5
calib_01474,0.8452405333518982,0.8220826983451843,2,2
calib_01475,0.63480144739151,0.7980683445930481,3,3
calib_01476,0.6562527418136597,0.8705720901489258,3,4
calib_01477,0.4752015769481659,0.38401317596435547,1,1
calib_01478,0.44031667709350586,0.5912678241729736,1,1
calib_01479,0.8970885872840881,0.5617852807044983,3,3
calib_01480,0.5889265537261963,0.8074278831481934,3,3
calib_01481,0.8324336409568787,0.6098750829696655,2,1
calib_01482,0.0,0.9900545477867126,0,6
calib_01483,0.4077723026275635,0.5239713191986084,1,2
calib_01484,0.6267740726470947,0.9994673728942871,2,3
calib_01485,0.8497772216796875,0.5220091938972473,3,3
calib_01486,0.13362260162830353,0.8545094132423401,1,6
calib_01487,0.7558037042617798,0.4624805450439453,1,2
calib_01488,0.5123382210731506,0.3430086076259613,3,2
calib_01489,0.9701200723648071,0.685684084892273,1,1
calib_01490,0.7633623480796814,0.6609789729118347,5,5
calib_01491,0.8178848624229431,0.2920879125595093,7,3
calib_01492,0.9946818351745605,0.4689120650291443,4,4
calib_01493,0.35757336020469666,0.2401246279478073,2,1
calib_01494,0.761468768119812,0.2775898873806,7,2
calib_01495,0.3530898988246918,0.7080065011978149,7,7
calib_01496,0.0,0.6831679344177246,0,4
calib_01497,0.7947946190834045,0.29969215393066406,2,2
calib_01498,0.19467735290527344,0.2542363703250885,1,2
calib_01499,0.1805170327425003,0.0,1,0
calib_01500,0.7089083194732666,0.5868392586708069,1,1
calib_01501,0.3151196241378784,0.35737237334251404,2,2
calib_01502,0.3588563799858093,0.42096030712127686,1,2
calib_01503,0.9484204053878784,0.939270555973053,4,4
calib_01504,0.0,0.8429725170135498,0,8
calib_01505,0.194124236702919,0.4077858626842499,2,4
calib_01506,0.25676462054252625,0.27342092990875244,6,3
calib_01507,0.35281267762184143,0.33879536390304565,3,1
calib_01508,0.5691145062446594,0.9603533744812012,7,8
calib_01509,0.8786687850952148,0.3578771948814392,1,1
calib_01510,0.591717004776001,0.45887118577957153,3,2
calib_01511,0.0,0.39520183205604553,0,2
calib_01512,0.6859383583068848,0.8662859201431274,4,4
calib_01513,0.6073099374771118,0.7435633540153503,1,4
calib_01514,0.4649627208709717,0.280689001083374,2,2
calib_01515,0.8053200244903564,0.6933902502059937,2,2
calib_01516,0.20221178233623505,0.29152992367744446,1,1
calib_01517,0.7443154454231262,0.846893846988678,3,3
calib_01518,0.0,0.0,0,0
calib_01519,0.5874724388122559,0.6644293665885925,2,3
calib_01520,0.21841637790203094,0.2288065403699875,1,1
calib_01521,0.9683531522750854,0.40822356939315796,5,2
calib_01522,0.5390500426292419,0.9519491195678711,1,6
calib_01523,0.9958363175392151,0.6869375109672546,3,3
calib_01524,0.0,0.0,0,0
calib_01525,0.7622196078300476,0.17816433310508728,6,2
calib_01526,0.503779947757721,0.2383202463388443,6,2
calib_01527,0.44219669699668884,0.7859436273574829,3,5
calib_01528,0.24878309667110443,0.9747440218925476,2,7
calib_01529,0.4963512420654297,0.9120418429374695,4,6
calib_01530,0.4918898046016693,0.40547844767570496,3,3
calib_01531,0.814773678779602,0.22723662853240967,7,7
calib_01532,0.9908050298690796,0.98926842212677,2,2
calib_01533,0.0,0.4045690596103668,0,5
calib_01534,0.5111960768699646,0.933894157409668,4,4
calib_01535,0.8431158661842346,0.34646645188331604,8,5
calib_01536,0.3409905433654785,0.5916872620582581,2,4
calib_01537,0.1696518212556839,0.7460090517997742,1,3
calib_01538,0.940692126750946,0.0,10,0
calib_01539,0.4816560447216034,0.7580994367599487,3,4
calib_01540,0.4806045591831207,0.0,3,0
calib_01541,0.31547489762306213,0.5733262300491333,3,6
calib_01542,0.7750475406646729,0.3866941034793854,3,1
calib_01543,0.7779650688171387,0.0,8,0
calib_01544,0.9661973118782043,0.7122359871864319,3,3
calib_01545,0.32661378383636475,0.6752012372016907,2,2
calib_01546,0.8612622618675232,0.7164434194564819,6,4
calib_01547,0.3780499994754791,0.920285701751709,2,6
calib_01548,0.9255962371826172,0.0,10,0
calib_01549,0.3028571605682373,0.548389196395874,2,3
calib_01550,0.9925670027732849,0.29002174735069275,2,2
calib_01551,0.2616373300552368,0.9757004976272583,2,9
calib_01552,0.7107336521148682,0.4440695643424988,2,2
calib_01553,0.44343000650405884,0.3456772565841675,5,3
calib_01554,0.1971314400434494,0.6333922743797302,1,2
calib_01555,0.50275057554245,0.5281205773353577,1,1
calib_01556,0.33651620149612427,0.44907474517822266,4,3
calib_01557,0.997189462184906,0.26202458143234253,4,4
calib_01558,0.8434885740280151,0.0,4,0
calib_01559,0.33899086713790894,0.516163170337677,1,3
calib_01560,0.0,0.0,0,0
calib_01561,0.5107666254043579,0.9296117424964905,6,6
calib_01562,0.9291989207267761,0.9113838076591492,1,1
calib_01563,0.880931556224823,0.28580766916275024,2,1
calib_01564,0.25413694977760315,0.6014090776443481,1,1
calib_01565,0.3455301523208618,0.19069495797157288,5,2
calib_01566,0.5059016942977905,0.19815200567245483,2,1
calib_01567,0.1412193328142166,0.21066243946552277,1,1
calib_01568,0.7307349443435669,0.9890025854110718,5,5
calib_01569,0.5744748115539551,0.3891269862651825,1,1
calib_01570,0.6390271782875061,0.0,6,0
calib_01571,0.8427233695983887,0.37362316250801086,3,1
calib_01572,0.30871328711509705,0.16907493770122528,1,1
calib_01573,0.45360612869262695,0.4737042188644409,3,3
calib_01574,0.8515749573707581,0.46219754219055176,3,3
calib_01575,0.0,0.0,0,0
calib_01576,0.7334384918212891,0.44046640396118164,9,1
calib_01577,0.0,0.989891529083252,0,10
calib_01578,0.46196237206459045,0.9019267559051514,5,12
calib_01579,0.5750485062599182,0.8416982889175415,1,2
calib_01580,0.7250970602035522,0.0,7,0
calib_01581,0.8929663896560669,0.0,7,0
calib_01582,0.0,0.9454606175422668,0,7
calib_01583,0.8148970603942871,0.9472845196723938,3,2
calib_01584,0.7585668563842773,0.777910053730011,6,4
calib_01585,0.6696352958679199,0.9899095296859741,3,2
calib_01586,0.17281275987625122,0.0,1,0
calib_01587,0.20037950575351715,0.6620824337005615,1,1
calib_01588,0.0,0.9911732077598572,0,4
calib_01589,0.2639668583869934,0.2844564914703369,1,1
calib_01590,0.9760079979896545,0.0,21,0
calib_01591,0.903508186340332,0.33360958099365234,9,8
calib_01592,0.0,0.8821649551391602,0,6
calib_01593,0.3336750566959381,0.43169206380844116,1,1
calib_01594,0.37054455280303955,0.8631346821784973,2,5
calib_01595,0.5515553951263428,0.9113306999206543,4,4
calib_01596,0.8206116557121277,0.39751046895980835,5,2
calib_01597,0.44235357642173767,0.9750204086303711,3,4
calib_01598,0.2912004590034485,0.5382629632949829,1,1
calib_01599,0.8786624670028687,0.7128705382347107,5,5
calib_01600,0.7130259275436401,0.650438129901886,4,4
calib_01601,0.7005969285964966,0.0,4,0
calib_01602,0.7662674784660339,0.6652531027793884,3,3
calib_01603,0.0,0.9757199287414551,0,3
calib_01604,0.32741400599479675,0.9200413227081299,3,8
calib_01605,0.37498247623443604,0.882582426071167,4,8
calib_01606,0.0,0.7619433403015137,0,4
calib_01607,0.9335890412330627,0.9840953350067139,2,2
calib_01608,0.6240533590316772,0.7362135052680969,5,5
calib_01609,0.6893396973609924,0.3416276276111603,1,3
calib_01610,0.5084112286567688,0.9875243902206421,2,2
calib_01611,0.9863340258598328,0.33438411355018616,6,3
calib_01612,0.0,0.553170382976532,0,3
calib_01613,0.9250543117523193,0.47713571786880493,2,2
calib_01614,0.9905383586883545,0.0,9,0
calib_01615,0.959277868270874,0.4193347096443176,2,2
calib_01616,0.5805343389511108,0.3423928916454315,2,1
calib_01617,0.34607744216918945,0.46400880813598633,2,2
calib_01618,0.1409941166639328,0.6510739922523499,1,2
calib_01619,0.8069598078727722,0.27002254128456116,6,1
calib_01620,0.8405107259750366,0.21884460747241974,1,1
calib_01621,0.7486100792884827,0.858965277671814,3,4
calib_01622,0.5667757391929626,0.37816619873046875,3,3
calib_01623,0.7485341429710388,0.37170541286468506,5,2
calib_01624,0.9818896055221558,0.9120534658432007,2,1
calib_01625,0.898970365524292,0.49904173612594604,2,2
calib_01626,0.0,0.9475790858268738,0,17
calib_01627,0.5266109704971313,0.45796284079551697,1,1
calib_01628,0.3618401288986206,0.9832589626312256,2,2
calib_01629,0.2509487569332123,0.8769060969352722,3,5
calib_01630,0.7058345675468445,0.40315255522727966,7,6
calib_01631,0.2344129979610443,0.8266443610191345,2,7
calib_01632,0.9463157653808594,0.7966446280479431,6,6
calib_01633,0.3445628583431244,0.969316840171814,3,10
calib_01634,0.23050609230995178,0.7198500037193298,4,5
calib_01635,0.8461583852767944,0.33068937063217163,4,4
calib_01636,0.2690667510032654,0.68707275390625,2,2
calib_01637,0.0,0.9951689839363098,0,8
calib_01638,0.8671888709068298,0.5146768689155579,4,4
calib_01639,0.8446426391601562,0.13953058421611786,3,1
calib_01640,0.41322535276412964,0.2566840648651123,2,2
calib_01641,0.6931153535842896,0.24395418167114258,2,2
calib_01642,0.9738176465034485,0.5966027975082397,3,3
calib_01643,0.6620703935623169,0.19458450376987457,1,1
calib_01644,0.4564504623413086,0.5442178845405579,2,3
calib_01645,0.9956777691841125,0.9979254007339478,1,1
calib_01646,0.0,0.0,0,0
calib_01647,0.9975855946540833,0.37364453077316284,18,11
calib_01648,0.0,0.8574638366699219,0,3
calib_01649,0.3462074398994446,0.4722021520137787,1,2
calib_01650,0.5053595304489136,0.6611084342002869,1,1
calib_01651,0.9012311697006226,0.7083422541618347,2,1
calib_01652,0.5545982718467712,0.6241249442100525,1,1
calib_01653,0.9815148711204529,0.8066823482513428,1,1
calib_01654,0.9561837911605835,0.6143971085548401,5,3
calib_01655,0.9090301394462585,0.0,3,0
calib_01656,0.2838308811187744,0.5710790753364563,3,5
calib_01657,0.929419755935669,0.4768189489841461,4,8
calib_01658,0.2963831126689911,0.5871214866638184,1,7
calib_01659,0.0,0.26282796263694763,0,1
calib_01660,0.9772730469703674,0.0,8,0
calib_01661,0.8254210948944092,0.47271713614463806,3,3
calib_01662,0.3191080689430237,0.918514609336853,3,5
calib_01663,0.5854580998420715,0.7654874324798584,1,1
calib_01664,0.0,0.9812585711479187,0,10
calib_01665,0.0,0.7444908618927002,0,5
calib_01666,0.8230276107788086,0.3293451964855194,4,4
calib_01667,0.3377240300178528,0.26167821884155273,1,1
calib_01668,0.9722728133201599,0.4837045669555664,6,2
calib_01669,0.5135097503662109,0.9879800081253052,2,2
calib_01670,0.0,0.9818801283836365,0,11
calib_01671,0.973859965801239,0.0,6,0
calib_01672,0.760299563407898,0.4412526786327362,2,2
calib_01673,0.7884342670440674,0.2342607080936432,8,1
calib_01674,0.3671794831752777,0.0,1,0
calib_01675,0.9742323160171509,0.43694445490837097,2,2
calib_01676,0.5350683331489563,0.15362849831581116,1,1
calib_01677,0.49386343359947205,0.6037867069244385,3,4
calib_01678,0.3643297851085663,0.2819954752922058,1,1
calib_01679,0.40226346254348755,0.33763042092323303,9,1
calib_01680,0.0,0.0,0,0
calib_01681,0.4973720610141754,0.8375973701477051,6,6
calib_01682,0.0,0.8881426453590393,0,4
calib_01683,0.36174723505973816,0.8098023533821106,6,8
calib_01684,0.5249123573303223,0.44601693749427795,5,5
calib_01685,0.29588744044303894,0.47279655933380127,1,1
calib_01686,0.2134077250957489,0.9776169061660767,1,1
calib_01687,0.0,0.8416715264320374,0,3
calib_01688,0.41687923669815063,0.9069746136665344,5,6
calib_01689,0.8751861453056335,0.5407764315605164,5,5
calib_01690,0.5689591765403748,0.2903032898902893,3,2
calib_01691,0.9877942204475403,0.2697092294692993,6,3
calib_01692,0.374565452337265,0.2831786274909973,2,4
calib_01693,0.6625770330429077,0.9015042185783386,7,7
calib_01694,0.7334577441215515,0.7189998626708984,2,2
calib_01695,0.9044280052185059,0.45819273591041565,6,6
calib_01696,0.6649160385131836,0.7249215245246887,4,4
calib_01697,0.316794753074646,0.5690606236457825,3,3
calib_01698,0.5352184772491455,0.8598865270614624,5,5
calib_01699,0.14291106164455414,0.5090705156326294,1,2
calib_01700,0.27350354194641113,0.7328826189041138,2,4
calib_01701,0.3098974823951721,0.6610642075538635,2,4
calib_01702,0.9824620485305786,0.984795093536377,2,2
calib_01703,0.64772629737854,0.9555062651634216,5,6
calib_01704,0.2603590786457062,0.43827420473098755,1,1
calib_01705,0.9817266464233398,0.5299654603004456,2,2
calib_01706,0.31741467118263245,0.43645232915878296,1,2
calib_01707,0.319504052400589,0.8284550905227661,3,2
calib_01708,0.28280380368232727,0.3829249441623688,3,7
calib_01709,0.3421090543270111,0.6975078582763672,3,12
calib_01710,0.8708175420761108,0.0,5,0
calib_01711,0.9705880284309387,0.7853135466575623,3,3
calib_01712,0.43479934334754944,0.3662742078304291,3,3
calib_01713,0.2645695209503174,0.8331013917922974,4,5
calib_01714,0.0,0.9907357692718506,0,6
calib_01715,0.3324853181838989,0.29265373945236206,3,3
calib_01716,0.9545623660087585,0.5998095273971558,10,7
calib_01717,0.3620503842830658,0.5311528444290161,1,2
calib_01718,0.5770769715309143,0.0,3,0
calib_01719,0.8381624817848206,0.0,15,0
calib_01720,0.8422482013702393,0.0,17,0
calib_01721,0.5406588315963745,0.7267833352088928,5,5
calib_01722,0.44106054306030273,0.4331161081790924,3,3
calib_01723,0.8009794354438782,0.307675302028656,4,2
calib_01724,0.0,0.9172182083129883,0,8
calib_01725,0.9950334429740906,0.45324286818504333,3,3
calib_01726,0.8455716371536255,0.4055440127849579,4,3
calib_01727,0.3687010109424591,0.3421800434589386,1,1
calib_01728,0.6714847087860107,0.8714420795440674,3,4
calib_01729,0.0,0.46083009243011475,0,1
calib_01730,0.5608380436897278,0.6923811435699463,3,4
calib_01731,0.8669991493225098,0.9162901639938354,1,1
calib_01732,0.21173438429832458,0.4229615330696106,1,2
calib_01733,0.0,0.0,0,0
calib_01734,0.12905818223953247,0.7790120840072632,1,1
calib_01735,0.3008832037448883,0.9439538717269897,2,4
calib_01736,0.7512996196746826,0.589060366153717,2,1
calib_01737,0.908850371837616,0.41575196385383606,3,3
calib_01738,0.8800306916236877,0.5383324027061462,3,3
calib_01739,0.20582982897758484,0.294340044260025,1,1
calib_01740,0.32389897108078003,0.8824388980865479,1,2
calib_01741,0.36961638927459717,0.9700185060501099,2,5
calib_01742,0.12630091607570648,0.14941345155239105,1,1
calib_01743,0.9903368353843689,0.24434886872768402,3,3
calib_01744,0.9826979041099548,0.20515629649162292,11,1
calib_01745,0.3035828769207001,0.2675555348396301,2,1
calib_01746,0.8747401237487793,0.5016106963157654,4,2
calib_01747,0.5651304125785828,0.9827131628990173,4,4
calib_01748,0.7609491944313049,0.2619076371192932,5,1
calib_01749,0.937524676322937,0.1788230538368225,2,1
calib_01750,0.23435980081558228,0.1967296153306961,1,1
calib_01751,0.4406498372554779,0.8814430236816406,6,6
calib_01752,0.0,0.44835415482521057,0,3
calib_01753,0.0,0.30775368213653564,0,1
calib_01754,0.7753111720085144,0.3424856662750244,4,4
calib_01755,0.6837185025215149,0.20902596414089203,1,1
calib_01756,0.32422131299972534,0.5860341191291809,4,4
calib_01757,0.9391075372695923,0.6928562521934509,4,4
calib_01758,0.8618014454841614,0.8337811827659607,1,1
calib_01759,0.5849897265434265,0.7971466183662415,3,3
calib_01760,0.6187580823898315,0.9891586899757385,6,7
calib_01761,0.38436225056648254,0.989575982093811,1,1
calib_01762,0.8709375262260437,0.4534241557121277,6,1
calib_01763,0.531365692615509,0.5917664170265198,4,6
calib_01764,0.6953569054603577,0.9788287281990051,3,3
calib_01765,0.3949052393436432,0.37555885314941406,2,2
calib_01766,0.6300439834594727,0.4093092978000641,1,1
calib_01767,0.17368140816688538,0.9781035780906677,4,7
calib_01768,0.0,0.08609132468700409,0,1
calib_01769,0.18565818667411804,0.7853236198425293,1,2
calib_01770,0.4798972010612488,0.990080714225769,2,2
calib_01771,0.43211445212364197,0.8956544399261475,4,4
calib_01772,0.0,0.9938600659370422,0,8
calib_01773,0.8920997381210327,0.30021846294403076,4,4
calib_01774,0.9784429669380188,0.4721740186214447,3,3
calib_01775,0.6889916062355042,0.9549515247344971,2,2
calib_01776,0.20299911499023438,0.5000741481781006,1,3
calib_01777,0.5154681205749512,0.4154224693775177,6,3
calib_01778,0.36366334557533264,0.6286675333976746,4,3
calib_01779,0.6894590258598328,0.5764085054397583,7,5
calib_01780,0.4740910530090332,0.8185651302337646,3,3
calib_01781,0.0,0.7543928027153015,0,4
calib_01782,0.7181327939033508,0.6757641434669495,3,3
calib_01783,0.23820669949054718,0.6043581962585449,1,7
calib_01784,0.26013892889022827,0.7553951144218445,2,2
calib_01785,0.8986449837684631,0.6411892771720886,3,3
calib_01786,0.0,0.33393773436546326,0,1
calib_01787,0.8402090072631836,0.0,12,0
calib_01788,0.2234378308057785,0.2603481411933899,1,2
calib_01789,0.21587690711021423,0.6307131052017212,1,1
calib_01790,0.647964596748352,0.9751303791999817,1,1
calib_01791,0.31113600730895996,0.27037477493286133,1,1
calib_01792,0.5494058728218079,0.7745039463043213,2,2
calib_01793,0.904370129108429,0.7501997947692871,3,3
calib_01794,0.7472203969955444,0.8520369529724121,2,2
calib_01795,0.4733377695083618,0.8157410621643066,3,5
calib_01796,0.4114454686641693,0.40762442350387573,4,5
calib_01797,0.7954215407371521,0.5213744640350342,3,3
calib_01798,0.0,0.0,0,0
calib_01799,0.5857551097869873,0.5023658275604248,8,8
calib_01800,0.9680257439613342,0.86850905418396,3,3
calib_01801,0.0,0.8839566707611084,0,6
calib_01802,0.8789223432540894,0.5161314606666565,4,3
calib_01803,0.3340344727039337,0.4663424789905548,3,3
calib_01804,0.9562025666236877,0.13613735139369965,3,1
calib_01805,0.0,0.9092852473258972,0,12
calib_01806,0.2111680507659912,0.3109206557273865,1,1
calib_01807,0.5906950831413269,0.5080355405807495,3,4
calib_01808,0.7619719505310059,0.644436776638031,2,3
calib_01809,0.4727049469947815,0.9396421313285828,1,1
calib_01810,0.7970892786979675,0.0,4,0
calib_01811,0.12374190241098404,0.4332498013973236,1,2
calib_01812,0.24252434074878693,0.8288424015045166,3,4
calib_01813,0.0,0.9271663427352905,0,8
calib_01814,0.7443917989730835,0.5809247493743896,5,4
calib_01815,0.0,0.0,0,0
calib_01816,0.0,0.9351652264595032,0,7
calib_01817,0.3937079608440399,0.4260675609111786,2,1
calib_01818,0.9535255432128906,0.17361661791801453,5,1
calib_01819,0.7351976633071899,0.9845715761184692,5,5
calib_01820,0.9109576344490051,0.4489558935165405,1,1
calib_01821,0.618736207485199,0.23565636575222015,1,1
calib_01822,0.2928087115287781,0.9974967241287231,2,5
calib_01823,0.1442602276802063,0.20513638854026794,1,1
calib_01824,0.3799145519733429,0.9114733934402466,3,5
calib_01825,0.9150270819664001,0.0,3,0
calib_01826,0.1861305832862854,0.23789754509925842,1,1
calib_01827,0.0,0.9858840107917786,0,5
calib_01828,0.7132269144058228,0.5725972652435303,1,2
calib_01829,0.9307297468185425,0.5612446665763855,7,5
calib_01830,0.7599711418151855,0.9039429426193237,14,18
calib_01831,0.0,0.702275812625885,0,4
calib_01832,0.2876802682876587,0.14482258260250092,1,1
calib_01833,0.496814489364624,0.0,2,0
calib_01834,0.5622329115867615,0.8183034062385559,1,3
calib_01835,0.739704430103302,0.9483084678649902,3,3
calib_01836,0.8928250074386597,0.0,5,0
calib_01837,0.33278676867485046,0.9317687153816223,3,3
calib_01838,0.48776283860206604,0.5625094771385193,4,6
calib_01839,0.0,0.9520284533500671,0,22
calib_01840,0.8594827651977539,0.47561854124069214,9,8
calib_01841,0.9221106767654419,0.799678385257721,5,6
calib_01842,0.0,0.0,0,0
calib_01843,0.3798285126686096,0.7063738107681274,5,8
calib_01844,0.2143232524394989,0.23448462784290314,1,1
calib_01845,0.1951482594013214,0.8598831295967102,1,5
calib_01846,0.604094386100769,0.9472784996032715,1,2
calib_01847,0.36566975712776184,0.4484202265739441,1,1
calib_01848,0.4638494849205017,0.5435361266136169,4,1
calib_01849,0.9147815108299255,0.6329794526100159,4,2
calib_01850,0.5281931161880493,0.31736865639686584,4,3
calib_01851,0.808173418045044,0.3652355670928955,2,2
calib_01852,0.2900373339653015,0.5522741079330444,4,5
calib_01853,0.6513012051582336,0.37912416458129883,7,4
calib_01854,0.6859493851661682,0.4372750222682953,3,3
calib_01855,0.8964695930480957,0.0,12,0
calib_01856,0.8295955061912537,0.8600277900695801,3,3
calib_01857,0.39610815048217773,0.8694913983345032,3,5
calib_01858,0.40572428703308105,0.9249265193939209,2,2
calib_01859,0.9391381740570068,0.0,9,0
calib_01860,0.2206408977508545,0.9531558752059937,2,2
calib_01861,0.3827265202999115,0.4141232371330261,3,5
calib_01862,0.8292312622070312,0.3817853331565857,7,2
calib_01863,0.3612188994884491,0.1843244880437851,1,1
calib_01864,0.3804287910461426,0.30578434467315674,2,1
calib_01865,0.8910996913909912,0.5078250765800476,3,2
calib_01866,0.9761659502983093,0.41366827487945557,19,15
calib_01867,0.7770673036575317,0.6083219647407532,2,1
calib_01868,0.6166162490844727,0.22618500888347626,4,4
calib_01869,0.8814377784729004,0.3497694432735443,8,3
calib_01870,0.17731299996376038,0.34766581654548645,1,1
calib_01871,0.0,0.8922189474105835,0,5
calib_01872,0.9821868538856506,0.7833654880523682,4,4
calib_01873,0.3869965970516205,0.6605277061462402,3,3
calib_01874,0.8172213435173035,0.6901448369026184,3,3
calib_01875,0.4568474292755127,0.8929750919342041,3,4
calib_01876,0.49660179018974304,0.8857343196868896,6,8
calib_01877,0.985362708568573,0.4252721071243286,4,4
calib_01878,0.3947995901107788,0.8944894671440125,3,4
calib_01879,0.0,0.9532554149627686,0,8
calib_01880,0.4344271123409271,0.6130287051200867,3,3
calib_01881,0.6163480877876282,0.8964545726776123,7,11
calib_01882,0.8240695595741272,0.42867311835289,1,1
calib_01883,0.8745574951171875,0.32178035378456116,3,3
calib_01884,0.68837970495224,0.7354483604431152,3,3
calib_01885,0.31537529826164246,0.2641350328922272,3,3
calib_01886,0.9071858525276184,0.6955309510231018,1,1
calib_01887,0.42356935143470764,0.9978517293930054,5,5
calib_01888,0.0,0.9189151525497437,0,13
calib_01889,0.9177979230880737,0.5249046683311462,8,8
calib_01890,0.0,0.9949026107788086,0,16
calib_01891,0.47703826427459717,0.8415790796279907,1,4
calib_01892,0.5736929178237915,0.8776592016220093,4,4
calib_01893,0.49305257201194763,0.9434005618095398,5,4
calib_01894,0.27824637293815613,0.8301023840904236,1,1
calib_01895,0.2728272080421448,0.7774811387062073,1,1
calib_01896,0.0,0.0,0,0
calib_01897,0.7471815943717957,0.14281071722507477,3,1
calib_01898,0.9769554734230042,0.6083157062530518,2,2
calib_01899,0.32158568501472473,0.2421436607837677,1,1
calib_01900,0.6743964552879333,0.23945698142051697,6,4
calib_01901,0.0,0.0,0,0
calib_01902,0.6890530586242676,0.6457794904708862,1,1
calib_01903,0.44169676303863525,0.1264331042766571,2,1
calib_01904,0.9690409898757935,0.19848215579986572,7,1
calib_01905,0.4960160553455353,0.7642800211906433,3,3
calib_01906,0.0,0.9064306020736694,0,5
calib_01907,0.0,0.9983875155448914,0,3
calib_01908,0.493589848279953,0.16358739137649536,1,1
calib_01909,0.583312451839447,0.38941073417663574,2,1
calib_01910,0.8635269999504089,0.0,5,0
calib_01911,0.0,0.0,0,0
calib_01912,0.7460674047470093,0.6230557560920715,5,3
calib_01913,0.9874773621559143,0.0,4,0
calib_01914,0.24605384469032288,0.7639763951301575,2,1
calib_01915,0.980661928653717,0.0,4,0
calib_01916,0.5945831537246704,0.33155345916748047,4,2
calib_01917,0.6266295313835144,0.8759446144104004,5,6
calib_01918,0.7593497037887573,0.2923809587955475,2,2
calib_01919,0.8404622077941895,0.7270892262458801,3,3
calib_01920,0.7640060186386108,0.9239757657051086,5,5
calib_01921,0.389657586812973,0.6846001744270325,3,6
calib_01922,0.7530545592308044,0.0,8,0
calib_01923,0.9902375340461731,0.2404734194278717,12,2
calib_01924,0.9265219569206238,0.723301112651825,7,5
calib_01925,0.0,0.6756444573402405,0,5
calib_01926,0.12691964209079742,0.9747101068496704,1,7
calib_01927,0.5656100511550903,0.35598188638687134,2,2
calib_01928,0.6361699104309082,0.4149942100048065,9,6
calib_01929,0.9432868361473083,0.8468647599220276,2,2
calib_01930,0.28891271352767944,0.28713586926460266,1,1
calib_01931,0.2234402447938919,0.6684242486953735,5,5
calib_01932,0.9299718141555786,0.9362982511520386,1,1
calib_01933,0.2580789625644684,0.4477591812610626,1,1
calib_01934,0.819549560546875,0.6810343861579895,4,4
calib_01935,0.9853058457374573,0.1683289110660553,6,1
calib_01936,0.0,0.5556418895721436,0,1
calib_01937,0.43969210982322693,0.9180314540863037,2,9
calib_01938,0.0,0.1905776858329773,0,2
calib_01939,0.0,0.47217896580696106,0,1
calib_01940,0.0,0.82487952709198,0,9
calib_01941,0.14531241357326508,0.6186135411262512,1,3
calib_01942,0.7320311665534973,0.6089715361595154,9,7
calib_01943,0.0,0.0,0,0
calib_01944,0.18450254201889038,0.19396065175533295,1,1
calib_01945,0.4776402711868286,0.3307851552963257,1,1
calib_01946,0.39095374941825867,0.5182225704193115,1,1
calib_01947,0.168336883187294,0.8433341979980469,1,1
calib_01948,0.6101713180541992,0.5543408989906311,4,4
calib_01949,0.8697116374969482,0.0,1,0
calib_01950,0.9919462203979492,0.3275788724422455,3,1
calib_01951,0.9978441596031189,0.137625053524971,6,1
calib_01952,0.5827229022979736,0.9029076099395752,5,6
calib_01953,0.9937184453010559,0.16420996189117432,7,2
calib_01954,0.341014564037323,0.5872845649719238,4,4
calib_01955,0.14312829077243805,0.24616950750350952,1,3
calib_01956,0.8607058525085449,0.9437744617462158,1,1
calib_01957,0.18674924969673157,0.4909150302410126,1,1
calib_01958,0.7401040196418762,0.7436590194702148,4,4
calib_01959,0.7407660484313965,0.5720171928405762,2,3
calib_01960,0.9944989085197449,0.0,7,0
calib_01961,0.6710975766181946,0.8720770478248596,3,4
calib_01962,0.49154824018478394,0.21489858627319336,1,2
calib_01963,0.8753381371498108,0.24701005220413208,2,2
calib_01964,0.62565016746521,0.9310574531555176,6,7
calib_01965,0.8228564858436584,0.0,17,0
calib_01966,0.2801573574542999,0.5736969113349915,1,2
calib_01967,0.3179440200328827,0.3152347207069397,1,1
calib_01968,0.40620851516723633,0.6255915760993958,1,2
calib_01969,0.19832096993923187,0.4113713502883911,1,1
calib_01970,0.43429407477378845,0.0,1,0
calib_01971,0.9249213337898254,0.0,3,0
calib_01972,0.42369544506073,0.3637111485004425,4,3
calib_01973,0.6180870532989502,0.386808305978775,5,3
calib_01974,0.18322880566120148,0.8327826857566833,2,3
calib_01975,0.22371138632297516,0.6802600026130676,1,6
calib_01976,0.4420832097530365,0.2650402784347534,2,1
calib_01977,0.16749826073646545,0.4653317332267761,1,1
calib_01978,0.0,0.913753867149353,0,8
calib_01979,0.7194550633430481,0.2362026423215866,3,2
calib_01980,0.7290895581245422,0.732018768787384,1,2
calib_01981,0.28312596678733826,0.8890112042427063,4,8
calib_01982,0.7793374061584473,0.15553177893161774,3,1
calib_01983,0.6954929828643799,0.10179410874843597,1,1
calib_01984,0.62593013048172,0.738286554813385,3,3
calib_01985,0.8128355741500854,0.4254220426082611,7,3
calib_01986,0.9158996939659119,0.23181837797164917,7,4
calib_01987,0.7390925884246826,0.2662830948829651,2,2
calib_01988,0.0,0.9970534443855286,0,5
calib_01989,0.704158365726471,0.3926387429237366,3,5
calib_01990,0.5637797117233276,0.43326467275619507,4,1
calib_01991,0.0,0.8435947895050049,0,4
calib_01992,0.7528071403503418,0.65981125831604,4,3
calib_01993,0.4263985753059387,0.9088093638420105,5,5
calib_01994,0.2195175290107727,0.9525940418243408,0,30
calib_01995,0.5265998244285583,0.6292117238044739,1,1
calib_01996,0.9948791861534119,0.6484355926513672,2,2
calib_01997,0.8729221820831299,0.48129910230636597,11,1
calib_01998,0.36337921023368835,0.6530503630638123,5,8
calib_01999,0.4102102220058441,0.3804790675640106,3,3
calib_02000,0.8939769268035889,0.47259846329689026,9,4
calib_02001,0.9953064918518066,0.0,8,0
calib_02002,0.9345813989639282,0.5199505090713501,8,8
calib_02003,0.9175427556037903,0.24966192245483398,10,2
calib_02004,0.33645206689834595,0.9783048629760742,8,9
calib_02005,0.27007171511650085,0.9807252883911133,3,9
calib_02006,0.9979272484779358,0.2784973382949829,9,5
calib_02007,0.9837819337844849,0.0,9,0
calib_02008,0.42727625370025635,0.938390851020813,1,9
calib_02009,0.14807817339897156,0.9054844379425049,1,9
calib_02010,0.860013484954834,0.9357932209968567,8,9
calib_02011,0.9243122935295105,0.0,9,0
calib_02012,0.943121612071991,0.0,9,0
calib_02013,0.9925461411476135,0.25924310088157654,8,2
calib_02014,0.5428324937820435,0.9646010398864746,7,8
calib_02015,0.9487640857696533,0.0,9,0
calib_02016,0.0,0.9755361080169678,0,9
calib_02017,0.9146442413330078,0.0,9,0
calib_02018,0.8477550148963928,0.0,9,0
calib_02019,0.0,0.9512295126914978,0,9
calib_02020,0.94940185546875,0.6596019864082336,9,6
calib_02021,0.9036639928817749,0.0,8,0
calib_02022,0.9739898443222046,0.0,8,0
calib_02023,0.9800326824188232,0.2993740737438202,8,5
calib_02024,0.9624290466308594,0.24356645345687866,8,2
calib_02025,0.9838679432868958,0.0,8,0
calib_02026,0.0,0.9491090774536133,0,9
calib_02027,0.9911185503005981,0.0,8,0
calib_02028,0.9026610851287842,0.5189060568809509,8,5
calib_02029,0.9578721523284912,0.306108295917511,9,1
calib_02030,0.9441632032394409,0.0,9,0
calib_02031,0.0,0.8814417123794556,0,8
calib_02032,0.23660564422607422,0.9463687539100647,1,9
calib_02033,0.2961678206920624,0.9588539004325867,2,8
calib_02034,0.9877274632453918,0.0,8,0
calib_02035,0.0,0.9584200978279114,0,9
calib_02036,0.9760980606079102,0.0,9,0
calib_02037,0.0,0.9271564483642578,0,9
calib_02038,0.0,0.9724059700965881,0,9
calib_02039,0.22892513871192932,0.9660224914550781,1,8
calib_02040,0.9090251922607422,0.0,9,0
calib_02041,0.19431552290916443,0.9924731850624084,4,9
calib_02042,0.9302873611450195,0.0,8,0
calib_02043,0.5524206757545471,0.8786799311637878,7,9
calib_02044,0.6928213238716125,0.8582618236541748,8,8
calib_02045,0.94270920753479,0.0,9,0
calib_02046,0.9573298692703247,0.18678607046604156,8,1
calib_02047,0.5152029395103455,0.9060662388801575,9,9
calib_02048,0.8980227708816528,0.34885427355766296,9,2
calib_02049,0.7501479387283325,0.2707195580005646,8,2
calib_02050,0.0,0.9368842244148254,0,9
calib_02051,0.9951047897338867,0.0,8,0
calib_02052,0.0,0.9200265407562256,0,9
calib_02053,0.9092773199081421,0.0,8,0
calib_02054,0.0,0.9583691358566284,0,9
calib_02055,0.9150555729866028,0.72384113073349,9,7
calib_02056,0.8600839972496033,0.0,9,0
calib_02057,0.9126800894737244,0.4008786082267761,9,2
calib_02058,0.0,0.9822158813476562,0,9
calib_02059,0.7039172053337097,0.9489955306053162,4,8
calib_02060,0.9412035346031189,0.21929320693016052,9,1
calib_02061,0.9948070049285889,0.0,9,0
calib_02062,0.9644596576690674,0.3296276926994324,9,2
calib_02063,0.9549042582511902,0.43363523483276367,9,5
calib_02064,0.7136146426200867,0.9789613485336304,4,8
calib_02065,0.9430517554283142,0.43579110503196716,8,3
calib_02066,0.0,0.8049450516700745,0,8
calib_02067,0.7970291972160339,0.8685404658317566,9,9
calib_02068,0.604538083076477,0.921229898929596,4,9
calib_02069,0.6082978248596191,0.9911137819290161,1,8
calib_02070,0.9191920161247253,0.3552182614803314,9,1
calib_02071,0.8130961656570435,0.3937412202358246,8,6
calib_02072,0.0,0.9752885103225708,0,9
calib_02073,0.0,0.9668440222740173,0,9
calib_02074,0.422967791557312,0.9534915089607239,8,9
calib_02075,0.9264599680900574,0.0,10,0
calib_02076,0.0,0.9451497793197632,0,8
calib_02077,0.4363192021846771,0.9525173902511597,8,9
calib_02078,0.9104434251785278,0.39804568886756897,9,6
calib_02079,0.46326887607574463,0.9633932113647461,6,8
calib_02080,0.9183889627456665,0.0,8,0
calib_02081,0.9312127232551575,0.45131033658981323,8,5
calib_02082,0.9801962971687317,0.2939310669898987,9,5
calib_02083,0.789745032787323,0.606116533279419,8,4
calib_02084,0.7361711263656616,0.7429643273353577,8,8
calib_02085,0.29277119040489197,0.9243439435958862,2,8
calib_02086,0.8183985352516174,0.0,8,0
calib_02087,0.9368484020233154,0.7674517035484314,8,6
calib_02088,0.5092135667800903,0.9244260787963867,4,8
calib_02089,0.9594395756721497,0.19980712234973907,9,2
calib_02090,0.8878688216209412,0.0,9,0
calib_02091,0.9585614204406738,0.3565150499343872,8,4
calib_02092,0.9046444892883301,0.4986785352230072,7,4
calib_02093,0.18530967831611633,0.9725297093391418,1,9
calib_02094,0.8591711521148682,0.842598557472229,8,8
calib_02095,0.8812155723571777,0.0,9,0
calib_02096,0.0,0.9816898107528687,0,8
calib_02097,0.0,0.9468746185302734,0,9
calib_02098,0.9713076949119568,0.3038002550601959,8,4
calib_02099,0.0,0.9848697185516357,0,9
calib_02100,0.0,0.9740211367607117,0,8
calib_02101,0.0,0.9733557105064392,0,9
calib_02102,0.9389622807502747,0.6375774145126343,9,5
calib_02103,0.9508907794952393,0.27378925681114197,8,5
calib_02104,0.9339062571525574,0.3128284513950348,9,3
calib_02105,0.9583970904350281,0.485305517911911,8,7
calib_02106,0.9032207727432251,0.0,8,0
calib_02107,0.9495958685874939,0.0,9,0
calib_02108,0.20766036212444305,0.8539164066314697,2,8
calib_02109,0.4437216520309448,0.995529055595398,6,8
calib_02110,0.3081609606742859,0.8969581127166748,5,8
calib_02111,0.0,0.9575777649879456,0,8
calib_02112,0.9572799205780029,0.8346965909004211,8,7
calib_02113,0.0,0.9569530487060547,0,8
calib_02114,0.46798062324523926,0.9558944702148438,3,8
calib_02115,0.8831860423088074,0.344047874212265,9,5
calib_02116,0.0,0.8674601912498474,0,8
calib_02117,0.9866752624511719,0.0,9,0
calib_02118,0.18679702281951904,0.9474174976348877,1,9
calib_02119,0.9768043756484985,0.9388625025749207,8,9
calib_02120,0.8938459157943726,0.2732488214969635,8,1
calib_02121,0.9402815699577332,0.0,9,0
calib_02122,0.8530305624008179,0.9840757846832275,8,8
calib_02123,0.8628426790237427,0.32034817337989807,8,4
calib_02124,0.0,0.9710915684700012,0,9
calib_02125,0.9132363796234131,0.0,8,0
calib_02126,0.8867332935333252,0.5428813695907593,9,4
calib_02127,0.436307430267334,0.8613224625587463,5,8
calib_02128,0.9396447539329529,0.0,8,0
calib_02129,0.0,0.9531934261322021,0,8
calib_02130,0.9933735132217407,0.3419646620750427,8,2
calib_02131,0.0,0.9817622303962708,0,8
calib_02132,0.0,0.9873049259185791,0,9
calib_02133,0.9842655658721924,0.09407006949186325,9,1
calib_02134,0.0,0.9796730875968933,0,8
calib_02135,0.790355384349823,0.9683926105499268,6,8
calib_02136,0.9729646444320679,0.0,8,0
calib_02137,0.0,0.973882257938385,0,9
calib_02138,0.9348348379135132,0.31365811824798584,8,2
calib_02139,0.9099776744842529,0.0,8,0
calib_02140,0.9762585759162903,0.821613609790802,9,7
calib_02141,0.897842288017273,0.5135741233825684,8,7
calib_02142,0.0,0.8960498571395874,0,8
calib_02143,0.20303687453269958,0.9353921413421631,1,9
calib_02144,0.9670132398605347,0.0,8,0
calib_02145,0.9816111922264099,0.2638228237628937,8,2
calib_02146,0.0,0.9886831045150757,0,8
calib_02147,0.823997974395752,0.4438830614089966,8,3
calib_02148,0.3035111427307129,0.9535162448883057,1,8
calib_02149,0.6660277247428894,0.8810783624649048,5,8
calib_02150,0.0,0.9714134931564331,0,8
calib_02151,0.9416171312332153,0.45475149154663086,9,7
calib_02152,0.9437230229377747,0.0,7,0
calib_02153,0.8501973748207092,0.2003224492073059,6,2
calib_02154,0.9729430079460144,0.0,8,0
calib_02155,0.9787363409996033,0.0,9,0
calib_02156,0.9102543592453003,0.7055227160453796,9,7
calib_02157,0.9260159730911255,0.0,8,0
calib_02158,0.9919424057006836,0.5105808973312378,9,7
calib_02159,0.33230891823768616,0.9706870317459106,2,8
calib_02160,0.2556178867816925,0.9769719243049622,1,9
calib_02161,0.9904043078422546,0.19734127819538116,8,1
calib_02162,0.3208294212818146,0.8962446451187134,2,7
calib_02163,0.9423848390579224,0.7764772772789001,8,5
calib_02164,0.0,0.9158966541290283,0,9
calib_02165,0.8594788312911987,0.0,9,0
calib_02166,0.0,0.9212203025817871,0,8
calib_02167,0.908376932144165,0.3935238718986511,8,1
calib_02168,0.6671109199523926,0.9336310625076294,6,8
calib_02169,0.6614006757736206,0.8723385334014893,8,8
calib_02170,0.9738179445266724,0.0,9,0
calib_02171,0.9568661451339722,0.0,8,0
calib_02172,0.8999907374382019,0.0,9,0
calib_02173,0.9736274480819702,0.0,8,0
calib_02174,0.9077377319335938,0.0,9,0
calib_02175,0.9175807237625122,0.9160403609275818,8,8
calib_02176,0.0,0.9800722599029541,0,9
calib_02177,0.0,0.923827052116394,0,10
calib_02178,0.8833986520767212,0.8357858657836914,7,8
calib_02179,0.0,0.9789704084396362,0,8
calib_02180,0.0,0.9772300720214844,0,8
calib_02181,0.0,0.9864723682403564,0,9
calib_02182,0.9469282627105713,0.2600724697113037,9,2
calib_02183,0.9921063184738159,0.7779674530029297,8,8
calib_02184,0.37391147017478943,0.8291264176368713,3,8
calib_02185,0.0,0.9925121665000916,0,8
calib_02186,0.9171868562698364,0.1760687232017517,9,1
calib_02187,0.0,0.9443711042404175,0,8
calib_02188,0.5236231088638306,0.671122670173645,7,7
calib_02189,0.0,0.9484639167785645,0,8
calib_02190,0.8300967812538147,0.7603006362915039,9,9
calib_02191,0.0,0.7843970060348511,0,8
calib_02192,0.7650071382522583,0.9311493635177612,5,8
calib_02193,0.39799216389656067,0.8947076797485352,4,8
calib_02194,0.8324401378631592,0.22721953690052032,8,3
calib_02195,0.36872443556785583,0.9434887170791626,1,8
calib_02196,0.3594729006290436,0.8260782957077026,2,8
calib_02197,0.8763411641120911,0.28309956192970276,9,2
calib_02198,0.907990574836731,0.0,9,0
calib_02199,0.9135252833366394,0.2939404547214508,8,5
calib_02200,0.9043911099433899,0.7651801705360413,8,8
calib_02201,0.988876223564148,0.0,9,0
calib_02202,0.0,0.8768777251243591,0,8
calib_02203,0.968866765499115,0.0,9,0
calib_02204,0.8629633188247681,0.39261263608932495,10,4
calib_02205,0.9452601671218872,0.668394148349762,8,7
calib_02206,0.8908140063285828,0.9574069976806641,10,9
calib_02207,0.9788233637809753,0.0,9,0
calib_02208,0.9170560836791992,0.5705812573432922,9,7
calib_02209,0.0,0.9876183867454529,0,8
calib_02210,0.9394873380661011,0.0,8,0
calib_02211,0.7841898798942566,0.9428370594978333,6,9
calib_02212,0.0,0.95816969871521,0,9
calib_02213,0.9869046807289124,0.1414845585823059,9,2
calib_02214,0.8912832140922546,0.8116157054901123,8,6
calib_02215,0.9230823516845703,0.36819684505462646,8,1
calib_02216,0.8431205749511719,0.33029109239578247,8,4
calib_02217,0.0,0.9841633439064026,0,8
calib_02218,0.44277599453926086,0.9807816743850708,1,8
calib_02219,0.946361780166626,0.0,9,0
calib_02220,0.9049171805381775,0.3170391023159027,9,4
calib_02221,0.9477875828742981,0.2808917164802551,9,5
calib_02222,0.0,0.9890620112419128,0,9
calib_02223,0.0,0.9665958881378174,0,8
calib_02224,0.916157603263855,0.0,9,0
calib_02225,0.9641926288604736,0.3288196921348572,9,1
calib_02226,0.9364410638809204,0.2362755537033081,8,2
calib_02227,0.9025179147720337,0.2547508478164673,8,2
calib_02228,0.9811675548553467,0.0,8,0
calib_02229,0.0,0.7971830368041992,0,8
calib_02230,0.0,0.9483903050422668,0,8
calib_02231,0.0,0.9792209267616272,0,9
calib_02232,0.0,0.9745803475379944,0,9
calib_02233,0.2513365149497986,0.8993152976036072,1,9
calib_02234,0.5948955416679382,0.8688111305236816,6,6
calib_02235,0.0,0.9934492111206055,0,9
calib_02236,0.8059654235839844,0.9427742958068848,6,8
calib_02237,0.0,0.910194993019104,0,8
calib_02238,0.0,0.9507333040237427,0,9
calib_02239,0.8488298654556274,0.24311047792434692,8,1
calib_02240,0.2424863874912262,0.8677031397819519,2,9
calib_02241,0.9258217215538025,0.5086167454719543,8,4
calib_02242,0.21408143639564514,0.9757833480834961,2,8
calib_02243,0.0,0.9840734004974365,0,9
calib_02244,0.9311846494674683,0.0,8,0
calib_02245,0.24351851642131805,0.9712923169136047,1,8
calib_02246,0.6780803203582764,0.9276217222213745,6,8
calib_02247,0.9065192937850952,0.6373289823532104,8,7
calib_02248,0.8789939880371094,0.0,10,0
calib_02249,0.6621698141098022,0.9955329895019531,5,8
calib_02250,0.0,0.9575571417808533,0,9
calib_02251,0.8532869815826416,0.0,9,0
calib_02252,0.3425289988517761,0.9673990607261658,2,8
calib_02253,0.0,0.9460375308990479,0,9
calib_02254,0.9527853727340698,0.0,9,0
calib_02255,0.22515681385993958,0.9767557978630066,1,8
calib_02256,0.2398030161857605,0.8771756887435913,3,8
calib_02257,0.0,0.9594542980194092,0,8
calib_02258,0.8818807601928711,0.9272793531417847,9,8
calib_02259,0.9472179412841797,0.2325391322374344,8,3
calib_02260,0.9662306308746338,0.7665868997573853,8,5
calib_02261,0.0,0.9776243567466736,0,9
calib_02262,0.6592968702316284,0.9066581726074219,5,8
calib_02263,0.2786921560764313,0.9902312755584717,1,8
calib_02264,0.9735829830169678,0.20905902981758118,8,1
calib_02265,0.9070656895637512,0.31263136863708496,8,1
calib_02266,0.9228188991546631,0.5325211882591248,9,1
calib_02267,0.0,0.9864019751548767,0,8
calib_02268,0.21282222867012024,0.920157790184021,2,10
calib_02269,0.9505352973937988,0.2030855119228363,8,1
calib_02270,0.7928586602210999,0.7749370336532593,9,7
calib_02271,0.9350079298019409,0.0,9,0
calib_02272,0.19754748046398163,0.964535117149353,1,8
calib_02273,0.9533292651176453,0.0,8,0
calib_02274,0.8521836996078491,0.0,9,0
calib_02275,0.9740340113639832,0.0,9,0
calib_02276,0.8769547343254089,0.6445275545120239,9,8
calib_02277,0.0,0.9732880592346191,0,8
calib_02278,0.9703378677368164,0.18827372789382935,8,1
calib_02279,0.14630086719989777,0.9758259057998657,1,8
calib_02280,0.0,0.9297635555267334,0,8
calib_02281,0.5299246311187744,0.8745934367179871,4,8
calib_02282,0.2309158593416214,0.9924527406692505,1,8
calib_02283,0.0,0.8456559181213379,0,10
calib_02284,0.7831239700317383,0.29545071721076965,9,2
calib_02285,0.0,0.9708817601203918,0,8
calib_02286,0.0,0.9808368682861328,0,8
calib_02287,0.8465016484260559,0.0,9,0
calib_02288,0.86724853515625,0.0,9,0
calib_02289,0.9052819609642029,0.2316313087940216,7,4
calib_02290,0.402993768453598,0.8813750743865967,2,8
calib_02291,0.0,0.8241314888000488,0,9
calib_02292,0.5106896758079529,0.9270203709602356,4,8
calib_02293,0.0,0.9003432989120483,0,10
calib_02294,0.8544593453407288,0.5544851422309875,9,5
calib_02295,0.2540230453014374,0.9738239049911499,3,8
calib_02296,0.4634898602962494,0.8717125654220581,5,8
calib_02297,0.9811784029006958,0.0,9,0
calib_02298,0.9781286120414734,0.0,8,0
calib_02299,0.5749809741973877,0.8976695537567139,8,9
calib_02300,0.0,0.9443182945251465,0,10
calib_02301,0.6720414161682129,0.9569211006164551,6,8
calib_02302,0.9134743809700012,0.4309673607349396,8,6
calib_02303,0.9463311433792114,0.5874860882759094,9,8
calib_02304,0.9517285823822021,0.43694859743118286,8,5
calib_02305,0.2760516405105591,0.878334641456604,2,9
calib_02306,0.9415468573570251,0.18879997730255127,9,1
calib_02307,0.0,0.8438408374786377,0,8
calib_02308,0.7715312838554382,0.9231139421463013,4,9
calib_02309,0.861281156539917,0.4554643929004669,8,8
calib_02310,0.2455129325389862,0.980993390083313,2,8
calib_02311,0.9749855399131775,0.0,9,0
calib_02312,0.0,0.9224960803985596,0,9
calib_02313,0.8456687927246094,0.0,8,0
calib_02314,0.17922480404376984,0.9832842350006104,2,8
calib_02315,0.1910577267408371,0.9917333126068115,1,9
calib_02316,0.3117803633213043,0.9222261905670166,4,8
calib_02317,0.7276172041893005,0.787672758102417,9,4
calib_02318,0.0,0.9622657299041748,0,9
calib_02319,0.0,0.9410295486450195,0,9
calib_02320,0.2086438089609146,0.963329017162323,3,9
calib_02321,0.9758663177490234,0.0,8,0
calib_02322,0.0,0.992437481880188,0,8
calib_02323,0.9001011848449707,0.7784796953201294,8,8
calib_02324,0.7387915253639221,0.3634774088859558,6,1
calib_02325,0.9949742555618286,0.4538780152797699,8,7
calib_02326,0.4340324103832245,0.9692492485046387,7,8
calib_02327,0.29781001806259155,0.9122766852378845,2,8
calib_02328,0.3934495747089386,0.9687228202819824,4,8
calib_02329,0.9431201219558716,0.0,8,0
calib_02330,0.9841339588165283,0.0,9,0
calib_02331,0.0,0.9690454602241516,0,8
calib_02332,0.31302860379219055,0.9765098094940186,5,8
calib_02333,0.9250757694244385,0.49677810072898865,9,1
calib_02334,0.8485406637191772,0.8982375860214233,8,8
calib_02335,0.17326758801937103,0.9574031233787537,1,8
calib_02336,0.9433318376541138,0.0,8,0
calib_02337,0.9732071757316589,0.0,9,0
calib_02338,0.7275851368904114,0.9375080466270447,7,8
calib_02339,0.9878147840499878,0.0,9,0
calib_02340,0.9691028594970703,0.0,8,0
calib_02341,0.0,0.937004804611206,0,8
calib_02342,0.913135826587677,0.26348432898521423,9,4
calib_02343,0.34439006447792053,0.9487273097038269,4,9
calib_02344,0.29669761657714844,0.9709433317184448,3,8
calib_02345,0.0,0.9418501853942871,0,8
calib_02346,0.4493062496185303,0.9913796186447144,5,8
calib_02347,0.42802396416664124,0.9467546343803406,2,8
calib_02348,0.0,0.9470627307891846,0,8
calib_02349,0.9510082006454468,0.0,10,0
calib_02350,0.6905838251113892,0.3563195466995239,9,4
calib_02351,0.1716553419828415,0.9131221771240234,1,9
calib_02352,0.9874804019927979,0.0,9,0
calib_02353,0.0,0.966575026512146,0,8
calib_02354,0.2874711751937866,0.9518247246742249,1,8
calib_02355,0.419996440410614,0.9381539821624756,4,8
calib_02356,0.826362669467926,0.26544201374053955,9,2
calib_02357,0.7807736992835999,0.7088699340820312,8,5
calib_02358,0.991786539554596,0.0,9,0
calib_02359,0.9829069375991821,0.4190380573272705,8,6
calib_02360,0.0,0.8420619964599609,0,8
calib_02361,0.0,0.9115303754806519,0,8
calib_02362,0.975291907787323,0.0,9,0
calib_02363,0.92737877368927,0.23124271631240845,8,2
calib_02364,0.0,0.8786545991897583,0,9
calib_02365,0.31716233491897583,0.8874104022979736,2,9
calib_02366,0.0,0.9045200347900391,0,8
calib_02367,0.5878785848617554,0.8920539617538452,5,8
calib_02368,0.0,0.9756110906600952,0,8
calib_02369,0.9300472736358643,0.0,8,0
calib_02370,0.0,0.9372227191925049,0,9
calib_02371,0.0,0.9180916547775269,0,9
calib_02372,0.9411063194274902,0.7147835493087769,8,7
calib_02373,0.8918013572692871,0.0,8,0
calib_02374,0.9274857044219971,0.26790380477905273,8,3
calib_02375,0.8868424892425537,0.0,8,0
calib_02376,0.9589775800704956,0.6866493225097656,8,6
calib_02377,0.9208617806434631,0.0,9,0
calib_02378,0.41026565432548523,0.9713729023933411,3,8
calib_02379,0.9812233448028564,0.0,8,0
calib_02380,0.9183308482170105,0.0,8,0
calib_02381,0.37518489360809326,0.9330456256866455,2,9
calib_02382,0.6584083437919617,0.954781174659729,5,8
calib_02383,0.9558194279670715,0.0,9,0
calib_02384,0.8921606540679932,0.49784693121910095,8,6
calib_02385,0.9256466031074524,0.0,8,0
calib_02386,0.9234500527381897,0.30293211340904236,9,2
calib_02387,0.6628424525260925,0.9662724733352661,7,8
calib_02388,0.9431192874908447,0.0,9,0
calib_02389,0.9773427248001099,0.0,9,0
calib_02390,0.9867146015167236,0.19673945009708405,9,1
calib_02391,0.0,0.9717556834220886,0,9
calib_02392,0.9078412055969238,0.3709210157394409,8,3
calib_02393,0.28073471784591675,0.9272541403770447,4,9
calib_02394,0.0,0.8773996829986572,0,9
calib_02395,0.9362668991088867,0.0,8,0
calib_02396,0.9187887907028198,0.0,9,0
calib_02397,0.9718728065490723,0.5493132472038269,8,5
calib_02398,0.7431213855743408,0.967781662940979,9,8
calib_02399,0.0,0.9659161567687988,0,8
calib_02400,0.3395562767982483,0.9861985445022583,2,8
calib_02401,0.9105454683303833,0.32077375054359436,8,4
calib_02402,0.0,0.9945048093795776,0,9
calib_02403,0.0,0.9668537974357605,0,9
calib_02404,0.9722355604171753,0.0,9,0
calib_02405,0.0,0.9706857204437256,0,9
calib_02406,0.5843342542648315,0.9813410043716431,9,8
calib_02407,0.0,0.9641141891479492,0,9
calib_02408,0.20359505712985992,0.9435125589370728,1,8
calib_02409,0.46493035554885864,0.9651772379875183,4,8
calib_02410,0.4600403308868408,0.9844878315925598,6,9
calib_02411,0.9640839695930481,0.2585962414741516,9,1
calib_02412,0.8926454186439514,0.5460578203201294,9,4
calib_02413,0.9565145969390869,0.41046562790870667,8,5
calib_02414,0.3361349403858185,0.9602042436599731,1,9
calib_02415,0.9909915924072266,0.0,8,0
calib_02416,0.8515619039535522,0.4114428460597992,10,4
calib_02417,0.8044719696044922,0.9016512036323547,7,8
calib_02418,0.9181368947029114,0.5675564408302307,9,6
calib_02419,0.0,0.9845513701438904,0,8
calib_02420,0.0,0.8884336948394775,0,8
calib_02421,0.9043050408363342,0.0,9,0
calib_02422,0.8631017208099365,0.8188677430152893,9,7
calib_02423,0.9023710489273071,0.4502968192100525,8,2
calib_02424,0.3048339784145355,0.9760595560073853,3,8
calib_02425,0.9899888038635254,0.0,8,0
calib_02426,0.0,0.9460963010787964,0,9
calib_02427,0.9768881797790527,0.5711179971694946,8,4
calib_02428,0.9255073070526123,0.3750549554824829,9,1
calib_02429,0.35534656047821045,0.8716856241226196,3,9
calib_02430,0.0,0.7559733390808105,0,8
calib_02431,0.9205334186553955,0.30953747034072876,9,2
calib_02432,0.9193904399871826,0.15986040234565735,8,1
calib_02433,0.8925849795341492,0.34735697507858276,10,4
calib_02434,0.1372232586145401,0.8947393894195557,1,8
calib_02435,0.222507044672966,0.986487627029419,1,8
calib_02436,0.22736148536205292,0.9551866054534912,3,8
calib_02437,0.9655696153640747,0.0,9,0
calib_02438,0.5900227427482605,0.8836086392402649,7,8
calib_02439,0.9303242564201355,0.0,9,0
calib_02440,0.8448389768600464,0.7285508513450623,8,4
calib_02441,0.9360771179199219,0.0,9,0
calib_02442,0.9386014938354492,0.3192122280597687,8,3
calib_02443,0.8298671245574951,0.3907887935638428,9,2
calib_02444,0.9726917743682861,0.2784556448459625,9,3
calib_02445,0.9650459885597229,0.0,8,0
calib_02446,0.9889464974403381,0.0,8,0
calib_02447,0.2650773823261261,0.9148543477058411,2,8
calib_02448,0.787617027759552,0.8240573406219482,6,9
calib_02449,0.9584527611732483,0.15375752747058868,8,1
calib_02450,0.832969605922699,0.30087119340896606,9,2
calib_02451,0.6419472098350525,0.9599125385284424,8,9
calib_02452,0.4624541699886322,0.9258835315704346,1,9
calib_02453,0.9207679033279419,0.2311394065618515,8,3
calib_02454,0.8677654266357422,0.21866145730018616,8,2
calib_02455,0.5008556246757507,0.9306211471557617,5,9
calib_02456,0.8775069713592529,0.7481908202171326,4,9
calib_02457,0.8830484747886658,0.3963245153427124,8,4
calib_02458,0.9849766492843628,0.0,9,0
calib_02459,0.2149360179901123,0.8839119672775269,1,9
calib_02460,0.0,0.9202010035514832,0,9
calib_02461,0.9858644008636475,0.0,8,0
calib_02462,0.0,0.919619083404541,0,8
calib_02463,0.8774087429046631,0.7336955666542053,8,5
calib_02464,0.7649086117744446,0.9860342741012573,6,8
calib_02465,0.0,0.9925258159637451,0,9
calib_02466,0.27270615100860596,0.9177287220954895,2,9
calib_02467,0.9470975399017334,0.28895148634910583,8,1
calib_02468,0.11964758485555649,0.9779616594314575,1,8
calib_02469,0.0,0.9872439503669739,0,9
calib_02470,0.31325215101242065,0.9682066440582275,5,8
calib_02471,0.0,0.93623948097229,0,9
calib_02472,0.9150592684745789,0.36254948377609253,10,2
calib_02473,0.5020779967308044,0.9365121126174927,7,9
calib_02474,0.0,0.9268732070922852,0,9
calib_02475,0.4188881814479828,0.9801558256149292,4,8
calib_02476,0.9809971451759338,0.0,8,0
calib_02477,0.9880796074867249,0.0,9,0
calib_02478,0.20802690088748932,0.862095057964325,3,8
calib_02479,0.9047673940658569,0.0,8,0
calib_02480,0.0,0.9857388138771057,0,8
calib_02481,0.34767311811447144,0.8616430759429932,4,8
calib_02482,0.0,0.9023405909538269,0,9
calib_02483,0.0,0.9772582650184631,0,8
calib_02484,0.0,0.8249651789665222,0,9
calib_02485,0.18022984266281128,0.972165048122406,1,8
calib_02486,0.0,0.9317011833190918,0,7
calib_02487,0.7871174812316895,0.43283987045288086,9,3
calib_02488,0.28127405047416687,0.9406186938285828,1,8
calib_02489,0.9391359090805054,0.4010983109474182,8,2
calib_02490,0.9650693535804749,0.20436865091323853,9,1
calib_02491,0.4534926116466522,0.7715514898300171,7,8
calib_02492,0.9808638691902161,0.0,9,0
calib_02493,0.23594534397125244,0.9932793378829956,2,8
calib_02494,0.0,0.9848288297653198,0,8
calib_02495,0.9790720343589783,0.0,9,0
calib_02496,0.2474246770143509,0.8667260408401489,1,9
calib_02497,0.1945493221282959,0.9898192286491394,1,9
calib_02498,0.9845987558364868,0.0,8,0
calib_02499,0.9852340221405029,0.0,9,0
calib_02500,0.805495023727417,0.6077048778533936,9,5
calib_02501,0.0,0.9251449108123779,0,9
calib_02502,0.0,0.9904497861862183,0,8
calib_02503,0.9374227523803711,0.5626509785652161,8,5
calib_02504,0.0,0.9930236339569092,0,9
calib_02505,0.9348881244659424,0.13187143206596375,9,1
calib_02506,0.19077831506729126,0.9341117143630981,1,9
calib_02507,0.0,0.8845442533493042,0,8
calib_02508,0.8206788301467896,0.2637297511100769,8,2
calib_02509,0.0,0.9199444651603699,0,9
calib_02510,0.0,0.9288181662559509,0,9
calib_02511,0.0,0.9767637252807617,0,8
calib_02512,0.8873791694641113,0.5842744708061218,8,3
calib_02513,0.9651509523391724,0.5130982995033264,8,9
calib_02514,0.5792039036750793,0.83781898021698,5,9
calib_02515,0.9272772669792175,0.8238422274589539,9,9
calib_02516,0.0,0.8866003155708313,0,8
calib_02517,0.4636026918888092,0.8921493887901306,5,8
calib_02518,0.6520322561264038,0.9848052263259888,4,9
calib_02519,0.0,0.9896894693374634,0,8
calib_02520,0.9879710674285889,0.0,8,0
calib_02521,0.6878917217254639,0.9690310955047607,6,8
calib_02522,0.42628201842308044,0.928614616394043,5,8
calib_02523,0.0,0.9398249387741089,0,9
calib_02524,0.9904230833053589,0.1453024297952652,8,1
calib_02525,0.28254660964012146,0.9500867128372192,5,8
calib_02526,0.0,0.9803597331047058,0,9
calib_02527,0.0,0.9668395519256592,0,8
calib_02528,0.9897593259811401,0.693248987197876,8,8
calib_02529,0.0,0.9800774455070496,0,9
calib_02530,0.7774257659912109,0.44620251655578613,8,4
calib_02531,0.990955650806427,0.21478840708732605,9,5
calib_02532,0.5643613338470459,0.8178421854972839,4,9
calib_02533,0.8027945756912231,0.45931434631347656,8,4
calib_02534,0.9666640162467957,0.21540343761444092,9,1
calib_02535,0.9286277294158936,0.0,8,0
calib_02536,0.9911277294158936,0.4270535409450531,8,3
calib_02537,0.8665546178817749,0.0,8,0
calib_02538,0.9583189487457275,0.6925525665283203,9,9
calib_02539,0.9513788223266602,0.0,9,0
calib_02540,0.0,0.98576420545578,0,8
calib_02541,0.24164697527885437,0.9128955602645874,2,8
calib_02542,0.18052998185157776,0.9492524266242981,2,9
calib_02543,0.6289002299308777,0.8210425972938538,5,7
calib_02544,0.8490143418312073,0.4458649158477783,9,2
calib_02545,0.0,0.9521108269691467,0,8
calib_02546,0.32275891304016113,0.9305570721626282,2,8
calib_02547,0.9091598987579346,0.0,8,0
calib_02548,0.9123238325119019,0.3352251946926117,8,3
calib_02549,0.9304709434509277,0.0,10,0
calib_02550,0.95753014087677,0.2560308277606964,9,3
calib_02551,0.0,0.9943215250968933,0,9
calib_02552,0.1788567304611206,0.9719971418380737,1,8
calib_02553,0.8704311847686768,0.8302894830703735,8,7
calib_02554,0.9911422729492188,0.32220974564552307,8,1
calib_02555,0.0,0.9931765794754028,0,9
calib_02556,0.9346259236335754,0.0,9,0
calib_02557,0.0,0.9562246799468994,0,8
calib_02558,0.8968732953071594,0.46737733483314514,10,1
calib_02559,0.0,0.9887694120407104,0,8
calib_02560,0.9001917243003845,0.7713298201560974,9,8
calib_02561,0.8980116248130798,0.9886534810066223,6,7
calib_02562,0.3954457938671112,0.9648228883743286,6,8
calib_02563,0.3665454089641571,0.9161497354507446,4,8
calib_02564,0.4429328441619873,0.9020496010780334,2,8
calib_02565,0.24422645568847656,0.796539306640625,2,8
calib_02566,0.8050179481506348,0.9207413196563721,7,8
calib_02567,0.8863660097122192,0.28148549795150757,9,1
calib_02568,0.9811751246452332,0.0,9,0
calib_02569,0.9709604382514954,0.0,8,0
calib_02570,0.9269711375236511,0.0,9,0
calib_02571,0.0,0.9748081564903259,0,8
calib_02572,0.5654456615447998,0.9343041777610779,4,8
calib_02573,0.9396977424621582,0.8601774573326111,8,8
calib_02574,0.9742302298545837,0.0,8,0
calib_02575,0.24004173278808594,0.9732714891433716,5,8
calib_02576,0.1758250594139099,0.8946268558502197,1,9
calib_02577,0.0,0.9934835433959961,0,9
calib_02578,0.7053137421607971,0.7737757563591003,6,8
calib_02579,0.8631306886672974,0.0,8,0
calib_02580,0.0,0.9904655814170837,0,8
calib_02581,0.0,0.992949366569519,0,9
calib_02582,0.7546087503433228,0.33793124556541443,7,6
calib_02583,0.9805194735527039,0.43063610792160034,8,5
calib_02584,0.0,0.9920418858528137,0,9
calib_02585,0.0,0.9757330417633057,0,8
calib_02586,0.8358381986618042,0.0,9,0
calib_02587,0.0,0.9483800530433655,0,9
calib_02588,0.0,0.9811899662017822,0,9
calib_02589,0.48064321279525757,0.7972012758255005,4,8
calib_02590,0.9850468635559082,0.0,8,0
calib_02591,0.9341793060302734,0.0,9,0
calib_02592,0.18552742898464203,0.9945293068885803,1,8
calib_02593,0.8628150820732117,0.5286785364151001,8,7
calib_02594,0.9012856483459473,0.0,8,0
calib_02595,0.31027790904045105,0.9629375338554382,3,8
calib_02596,0.0,0.9181545972824097,0,8
calib_02597,0.0,0.8608120679855347,0,8
calib_02598,0.900236964225769,0.9783076047897339,8,8
calib_02599,0.9842665195465088,0.22961868345737457,9,1
calib_02600,0.0,0.9849450588226318,0,8
calib_02601,0.8661051988601685,0.0,9,0
calib_02602,0.0,0.9163751602172852,0,8
calib_02603,0.0,0.9842482805252075,0,9
calib_02604,0.917704164981842,0.0,8,0
calib_02605,0.2068958729505539,0.9373244643211365,1,8
calib_02606,0.9560884833335876,0.9691658616065979,9,7
calib_02607,0.888826847076416,0.0,8,0
calib_02608,0.948849081993103,0.8796785473823547,8,7
calib_02609,0.8983028531074524,0.0,8,0
calib_02610,0.0,0.9819804430007935,0,9
calib_02611,0.9940974116325378,0.2207128405570984,9,1
calib_02612,0.9676942825317383,0.0,9,0
calib_02613,0.9790462255477905,0.417050838470459,8,1
calib_02614,0.9467217326164246,0.4491463303565979,9,1
calib_02615,0.9476999640464783,0.0,9,0
calib_02616,0.0,0.9228876829147339,0,9
calib_02617,0.0,0.9532161355018616,0,8
calib_02618,0.9671806693077087,0.0,9,0
calib_02619,0.0,0.9807953238487244,0,9
calib_02620,0.9943510890007019,0.19758331775665283,9,3
calib_02621,0.9437086582183838,0.2948176860809326,9,4
calib_02622,0.44642534852027893,0.7904849648475647,3,9
calib_02623,0.9780539274215698,0.32492998242378235,9,3
calib_02624,0.795256495475769,0.8557546138763428,8,9
calib_02625,0.9010810852050781,0.0,9,0
calib_02626,0.0,0.9391965866088867,0,8
calib_02627,0.8950269222259521,0.55865079164505,9,6
calib_02628,0.8199175000190735,0.8830333948135376,6,9
calib_02629,0.4048577845096588,0.9973570704460144,8,8
calib_02630,0.5521067380905151,0.9365875720977783,1,9
calib_02631,0.9266024827957153,0.6237969398498535,8,7
calib_02632,0.986503005027771,0.17710663378238678,8,1
calib_02633,0.6956382393836975,0.8018094301223755,7,8
calib_02634,0.30382275581359863,0.9780625104904175,1,9
calib_02635,0.9588571190834045,0.0,8,0
calib_02636,0.0,0.9600764513015747,0,8
calib_02637,0.2954115867614746,0.8605460524559021,1,8
calib_02638,0.0,0.8941275477409363,0,9
calib_02639,0.8924455642700195,0.0,8,0
calib_02640,0.0,0.9481225609779358,0,9
calib_02641,0.3638819456100464,0.9007648825645447,4,9
calib_02642,0.0,0.9893275499343872,0,9
calib_02643,0.9374369382858276,0.0,9,0
calib_02644,0.9838535785675049,0.0,8,0
calib_02645,0.0,0.9360034465789795,0,9
calib_02646,0.9188210368156433,0.0,9,0
calib_02647,0.0,0.9889652729034424,0,8
calib_02648,0.0,0.9173420667648315,0,8
calib_02649,0.9043254852294922,0.3935753405094147,9,3
calib_02650,0.4129379093647003,0.8716346621513367,1,9
calib_02651,0.9869393706321716,0.25456559658050537,8,4
calib_02652,0.8734559416770935,0.0,9,0
calib_02653,0.1951097846031189,0.9115318655967712,1,9
calib_02654,0.0,0.9403942823410034,0,8
calib_02655,0.9452370405197144,0.3073411285877228,8,3
calib_02656,0.0,0.937481164932251,0,8
calib_02657,0.991561233997345,0.0,9,0
calib_02658,0.9651896953582764,0.40699195861816406,8,3
calib_02659,0.8985855579376221,0.0,9,0
calib_02660,0.9193276166915894,0.3142608106136322,9,3
calib_02661,0.42623162269592285,0.9586752653121948,6,8
calib_02662,0.2757820785045624,0.8516416549682617,1,8
calib_02663,0.2565199136734009,0.9945886135101318,3,8
calib_02664,0.9196757078170776,0.0,9,0
calib_02665,0.8583230972290039,0.5816036462783813,8,5
calib_02666,0.6959723234176636,0.8276726603507996,7,8
calib_02667,0.9831393957138062,0.41603511571884155,8,5
calib_02668,0.20280279219150543,0.932924747467041,3,8
calib_02669,0.9383002519607544,0.0,8,0
calib_02670,0.4386427402496338,0.9422816038131714,5,9
calib_02671,0.8149948120117188,0.9651012420654297,5,9
calib_02672,0.21241839230060577,0.8925293684005737,1,8
calib_02673,0.7333129048347473,0.8743448257446289,9,8
calib_02674,0.9205490946769714,0.0,9,0
calib_02675,0.0,0.9815129041671753,0,9
calib_02676,0.9530292749404907,0.23322802782058716,8,2
calib_02677,0.0,0.9740282893180847,0,8
calib_02678,0.29168564081192017,0.9549278616905212,5,9
calib_02679,0.9807276725769043,0.0,8,0
calib_02680,0.9840431213378906,0.0,8,0
calib_02681,0.7826821804046631,0.6132531762123108,8,7
calib_02682,0.900524377822876,0.9853643178939819,9,8
calib_02683,0.9917818307876587,0.0,8,0
calib_02684,0.6575762629508972,0.8582757711410522,5,8
calib_02685,0.9957216382026672,0.7376862168312073,8,6
calib_02686,0.0,0.9682486057281494,0,8
calib_02687,0.9429639577865601,0.33847057819366455,8,2
calib_02688,0.9064427614212036,0.0,9,0
calib_02689,0.9694187641143799,0.0,9,0
calib_02690,0.15459854900836945,0.9302586317062378,1,8
calib_02691,0.0,0.8978126049041748,0,9
calib_02692,0.941105842590332,0.0,9,0
calib_02693,0.0,0.9847397804260254,0,8
calib_02694,0.834199070930481,0.8006283044815063,8,7
calib_02695,0.9857491254806519,0.0,9,0
calib_02696,0.6040919423103333,0.9798645377159119,5,9
calib_02697,0.7658610343933105,0.8832352161407471,8,9
calib_02698,0.5765171051025391,0.974014401435852,8,9
calib_02699,0.0,0.9819014072418213,0,8
calib_02700,0.9758099317550659,0.0,8,0
calib_02701,0.9701727628707886,0.0,8,0
calib_02702,0.9577447175979614,0.29398128390312195,8,1
calib_02703,0.9224093556404114,0.5850688219070435,9,8
calib_02704,0.9092898964881897,0.6135919094085693,9,9
calib_02705,0.0,0.94440758228302,0,9
calib_02706,0.9279626607894897,0.0,8,0
calib_02707,0.8552684783935547,0.7010435461997986,8,6
calib_02708,0.31175655126571655,0.9568145275115967,2,9
calib_02709,0.166482612490654,0.9338964223861694,1,8
calib_02710,0.851946234703064,0.0,9,0
calib_02711,0.7180915474891663,0.8330985307693481,7,8
calib_02712,0.19685642421245575,0.9316062927246094,1,9
calib_02713,0.9564704895019531,0.8292967081069946,8,4
calib_02714,0.0,0.9304696321487427,0,9
calib_02715,0.0,0.9335569739341736,0,9
calib_02716,0.0,0.9205597639083862,0,8
calib_02717,0.2930210828781128,0.8306764364242554,3,8
calib_02718,0.9299677610397339,0.30196401476860046,9,2
calib_02719,0.0,0.9716157913208008,0,8
calib_02720,0.0,0.9040477275848389,0,9
calib_02721,0.0,0.8713560700416565,0,8
calib_02722,0.22457349300384521,0.9425663948059082,1,8
calib_02723,0.23599185049533844,0.9846814274787903,1,9
calib_02724,0.3772197961807251,0.9449107646942139,4,9
calib_02725,0.4451419413089752,0.9535375237464905,6,9
calib_02726,0.9906457662582397,0.0,8,0
calib_02727,0.33240488171577454,0.9787639379501343,3,8
calib_02728,0.5229806303977966,0.9400662183761597,7,9
calib_02729,0.9777654409408569,0.6023075580596924,8,6
calib_02730,0.9484694600105286,0.0,9,0
calib_02731,0.14493082463741302,0.8983771800994873,1,8
calib_02732,0.9803536534309387,0.0,9,0
calib_02733,0.9756209850311279,0.2396022230386734,8,2
calib_02734,0.9529162049293518,0.18579493463039398,8,3
calib_02735,0.907081127166748,0.0,8,0
calib_02736,0.8721080422401428,0.25817418098449707,8,1
calib_02737,0.9713876247406006,0.0,9,0
calib_02738,0.9850976467132568,0.0,8,0
calib_02739,0.9828511476516724,0.0,9,0
calib_02740,0.0,0.9603363871574402,0,8
calib_02741,0.40132570266723633,0.9017647504806519,6,8
calib_02742,0.0,0.974506139755249,0,9
calib_02743,0.900096595287323,0.34871628880500793,9,7
calib_02744,0.0,0.9136778712272644,0,9
calib_02745,0.953834056854248,0.0,8,0
calib_02746,0.9740267992019653,0.2618405520915985,9,4
calib_02747,0.98362135887146,0.0,9,0
calib_02748,0.8775776028633118,0.1356176882982254,8,1
calib_02749,0.0,0.9903491139411926,0,9
calib_02750,0.9546285271644592,0.0,9,0
calib_02751,0.9598280787467957,0.0,9,0
calib_02752,0.2975737750530243,0.9681210517883301,1,8
calib_02753,0.9125021696090698,0.0,8,0
calib_02754,0.8113653659820557,0.44700589776039124,9,5
calib_02755,0.943396806716919,0.3608844578266144,8,7
calib_02756,0.8571090698242188,0.5005134344100952,9,5
calib_02757,0.825954794883728,0.8939749598503113,8,8
calib_02758,0.0,0.9715359807014465,0,9
calib_02759,0.6087716817855835,0.9309344291687012,4,8
calib_02760,0.0,0.9617102146148682,0,8
calib_02761,0.9766921997070312,0.2137460708618164,8,1
calib_02762,0.0,0.9669358730316162,0,8
calib_02763,0.170211061835289,0.9893679618835449,1,8
calib_02764,0.0,0.9881673455238342,0,9
calib_02765,0.9783694744110107,0.0,9,0
calib_02766,0.21287553012371063,0.9844602346420288,3,8
calib_02767,0.9529893398284912,0.31621411442756653,8,4
calib_02768,0.9729198813438416,0.0,9,0
calib_02769,0.9798904061317444,0.5047797560691833,9,3
calib_02770,0.9588714241981506,0.4084700644016266,9,6
calib_02771,0.7188090682029724,0.9667917490005493,6,8
calib_02772,0.9969756603240967,0.31995993852615356,8,4
calib_02773,0.9512612223625183,0.0,9,0
calib_02774,0.9783779978752136,0.0,9,0
calib_02775,0.9809474945068359,0.0,9,0
calib_02776,0.0,0.9320499897003174,0,8
calib_02777,0.0,0.87480628490448,0,9
calib_02778,0.93048095703125,0.16065475344657898,8,1
calib_02779,0.0,0.8671201467514038,0,8
calib_02780,0.8623934984207153,0.0,8,0
calib_02781,0.0,0.7834123373031616,0,8
calib_02782,0.5393028855323792,0.9920380711555481,1,9
calib_02783,0.22951821982860565,0.9955894947052002,2,9
calib_02784,0.7830103039741516,0.8738438487052917,6,8
calib_02785,0.9277045726776123,0.0,8,0
calib_02786,0.9698814153671265,0.368100106716156,8,7
calib_02787,0.9249647855758667,0.4436631202697754,9,6
calib_02788,0.35101205110549927,0.8187406659126282,2,9
calib_02789,0.9728987216949463,0.6705763339996338,9,6
calib_02790,0.9840455651283264,0.0,9,0
calib_02791,0.9365649223327637,0.47770681977272034,8,3
calib_02792,0.9879876375198364,0.35288599133491516,8,4
calib_02793,0.7975776791572571,0.9645416140556335,5,8
calib_02794,0.9973738789558411,0.3084544241428375,8,4
calib_02795,0.9635969996452332,0.7635355591773987,8,3
calib_02796,0.8487656116485596,0.3199121654033661,8,3
calib_02797,0.9943192005157471,0.0,9,0
calib_02798,0.3695946931838989,0.9881049394607544,5,9
calib_02799,0.9759867191314697,0.15072821080684662,8,1
calib_02800,0.4840772747993469,0.8752286434173584,1,9
calib_02801,0.2645343840122223,0.9399184584617615,4,8
calib_02802,0.0,0.977961540222168,0,8
calib_02803,0.9373892545700073,0.2700732350349426,9,3
calib_02804,0.9608539938926697,0.3207888603210449,9,2
calib_02805,0.6057824492454529,0.9387591481208801,8,9
calib_02806,0.98076331615448,0.18125629425048828,9,1
calib_02807,0.17518357932567596,0.9582197666168213,1,8
calib_02808,0.9464482069015503,0.22027964890003204,9,2
calib_02809,0.9375987648963928,0.0,9,0
calib_02810,0.4782683253288269,0.9096362590789795,4,9
calib_02811,0.0,0.9635261297225952,0,8
calib_02812,0.9686025977134705,0.7462944984436035,9,7
calib_02813,0.992003321647644,0.8168749809265137,8,7
calib_02814,0.17552126944065094,0.921044111251831,1,9
calib_02815,0.0,0.8966928720474243,0,10
calib_02816,0.8665974140167236,0.0,8,0
calib_02817,0.9396363496780396,0.8769039511680603,9,6
calib_02818,0.9724946618080139,0.24958527088165283,9,1
calib_02819,0.9450995326042175,0.30837398767471313,9,4
calib_02820,0.9484507441520691,0.0,9,0
calib_02821,0.0,0.8868857622146606,0,9
calib_02822,0.0,0.9882123470306396,0,8
calib_02823,0.9581788182258606,0.3483025133609772,9,3
calib_02824,0.0,0.9783989787101746,0,8
calib_02825,0.9732036590576172,0.0,8,0
calib_02826,0.9284369945526123,0.0,9,0
calib_02827,0.971770703792572,0.0,9,0
calib_02828,0.6029370427131653,0.9453450441360474,9,9
calib_02829,0.22197264432907104,0.8735418319702148,1,9
calib_02830,0.9921199083328247,0.0,9,0
calib_02831,0.8731532096862793,0.8317763805389404,9,9
calib_02832,0.14942584931850433,0.9503551125526428,1,9
calib_02833,0.9833959341049194,0.16192539036273956,8,1
calib_02834,0.9730088114738464,0.0,8,0
calib_02835,0.261348158121109,0.9861987829208374,2,8
calib_02836,0.0,0.9886394739151001,0,8
calib_02837,0.9872579574584961,0.35482922196388245,8,4
calib_02838,0.0,0.8271502256393433,0,8
calib_02839,0.306188702583313,0.8189895153045654,4,9
calib_02840,0.9749571681022644,0.5872501730918884,9,6
calib_02841,0.983509361743927,0.0,9,0
calib_02842,0.3531462252140045,0.9303513169288635,5,8
calib_02843,0.935454785823822,0.0,9,0
calib_02844,0.18351709842681885,0.8794596791267395,1,8
calib_02845,0.9430339932441711,0.4182658791542053,8,2
calib_02846,0.11520862579345703,0.9893566370010376,1,8
calib_02847,0.12663233280181885,0.9457167387008667,1,8
calib_02848,0.9822967052459717,0.45045772194862366,8,4
calib_02849,0.9743208289146423,0.24849915504455566,9,2
calib_02850,0.0,0.9778023958206177,0,8
calib_02851,0.9551839232444763,0.0,8,0
calib_02852,0.884965181350708,0.0,9,0
calib_02853,0.9230760335922241,0.13274963200092316,8,1
calib_02854,0.9389708042144775,0.0,8,0
calib_02855,0.0,0.9661232233047485,0,8
calib_02856,0.9901865720748901,0.0,9,0
calib_02857,0.9950121641159058,0.48899170756340027,9,1
calib_02858,0.9951335191726685,0.43824589252471924,9,3
calib_02859,0.9360616207122803,0.4793298542499542,9,7
calib_02860,0.772029459476471,0.9518334865570068,8,8
calib_02861,0.0,0.9703230261802673,0,8
calib_02862,0.9128841757774353,0.3194754123687744,8,1
calib_02863,0.37993326783180237,0.9290645122528076,6,9
calib_02864,0.9861158728599548,0.0,9,0
calib_02865,0.0,0.908598780632019,0,8
calib_02866,0.9421972036361694,0.28664159774780273,8,3
calib_02867,0.0,0.9802541732788086,0,9
calib_02868,0.0,0.9172335267066956,0,8
calib_02869,0.47634387016296387,0.9859728813171387,2,8
calib_02870,0.9619441628456116,0.5493039488792419,9,4
calib_02871,0.0,0.9531685709953308,0,9
calib_02872,0.9796730875968933,0.42954468727111816,8,7
calib_02873,0.42802342772483826,0.9542348384857178,7,8
calib_02874,0.9637331366539001,0.49605363607406616,9,7
calib_02875,0.0,0.9826021194458008,0,8
calib_02876,0.993662416934967,0.18557293713092804,9,1
calib_02877,0.0,0.9265252351760864,0,8
calib_02878,0.9485808610916138,0.0,9,0
calib_02879,0.557144820690155,0.9577457904815674,7,9
calib_02880,0.9382596611976624,0.0,9,0
calib_02881,0.334246426820755,0.9308704733848572,2,9
calib_02882,0.0,0.9456478953361511,0,9
calib_02883,0.9368603229522705,0.5055457949638367,8,3
calib_02884,0.0,0.9473957419395447,0,8
calib_02885,0.0,0.975784420967102,0,8
calib_02886,0.8957440853118896,0.2185513824224472,8,1
calib_02887,0.0,0.9527647495269775,0,8
calib_02888,0.9740721583366394,0.30640897154808044,9,7
calib_02889,0.8935630321502686,0.24633823335170746,8,2
calib_02890,0.0,0.9708213806152344,0,9
calib_02891,0.9572484493255615,0.0,8,0
calib_02892,0.9905121326446533,0.5009244084358215,9,4
calib_02893,0.9323589205741882,0.5684955716133118,8,6
calib_02894,0.34317275881767273,0.9758059978485107,1,9
calib_02895,0.9442826509475708,0.2519949674606323,8,3
calib_02896,0.0,0.9464685916900635,0,9
calib_02897,0.9672847390174866,0.0,9,0
calib_02898,0.3581639230251312,0.9698755741119385,6,9
calib_02899,0.9738024473190308,0.0,9,0
calib_02900,0.9810721278190613,0.2981402575969696,9,4
calib_02901,0.9024280309677124,0.0,8,0
calib_02902,0.7711262106895447,0.9162412285804749,6,6
calib_02903,0.6264252066612244,0.8636821508407593,6,8
calib_02904,0.9920563101768494,0.0,9,0
calib_02905,0.21086429059505463,0.9485858678817749,1,8
calib_02906,0.0,0.9090307950973511,0,9
calib_02907,0.9703547358512878,0.33167359232902527,8,3
calib_02908,0.2083490490913391,0.8793807625770569,4,8
calib_02909,0.2670130133628845,0.9196581840515137,1,8
calib_02910,0.0,0.9445092678070068,0,9
calib_02911,0.0,0.8623610138893127,0,9
calib_02912,0.9531245231628418,0.0,8,0
calib_02913,0.9370739459991455,0.3280155062675476,9,1
calib_02914,0.8050994873046875,0.7929601669311523,4,8
calib_02915,0.6878075003623962,0.5026707053184509,7,7
calib_02916,0.5827835202217102,0.8758612275123596,5,9
calib_02917,0.8484252095222473,0.41593804955482483,9,6
calib_02918,0.0,0.9442864656448364,0,9
calib_02919,0.913415789604187,0.3322020471096039,8,1
calib_02920,0.9788599014282227,0.0,9,0
calib_02921,0.35508328676223755,0.8682984709739685,2,8
calib_02922,0.25883105397224426,0.9492260813713074,4,9
calib_02923,0.8581008911132812,0.27225208282470703,8,3
calib_02924,0.9885748624801636,0.0,8,0
calib_02925,0.8956276774406433,0.2642352879047394,9,1
calib_02926,0.0,0.9807074069976807,0,9
calib_02927,0.9484131336212158,0.5314847230911255,8,4
calib_02928,0.18107745051383972,0.9895180463790894,4,8
calib_02929,0.9938297271728516,0.2597401440143585,9,1
calib_02930,0.9547742009162903,0.47030025720596313,8,5
calib_02931,0.9433311820030212,0.0,9,0
calib_02932,0.31306853890419006,0.9278809428215027,3,9
calib_02933,0.9012119770050049,0.2263754904270172,8,1
calib_02934,0.905113697052002,0.0,8,0
calib_02935,0.35695239901542664,0.9873607158660889,1,8
calib_02936,0.0,0.9608228206634521,0,8
calib_02937,0.0,0.9873467683792114,0,9
calib_02938,0.9904603958129883,0.0,9,0
calib_02939,0.0,0.9368346929550171,0,8
calib_02940,0.9117752313613892,0.31014442443847656,8,3
calib_02941,0.9815519452095032,0.32709601521492004,8,3
calib_02942,0.0,0.9629104137420654,0,8
calib_02943,0.3707837462425232,0.9893035888671875,2,9
calib_02944,0.96677565574646,0.0,8,0
calib_02945,0.9532378315925598,0.90689617395401,9,8
calib_02946,0.0,0.9404733180999756,0,9
calib_02947,0.91355299949646,0.0,9,0
calib_02948,0.0,0.9474425911903381,0,9
calib_02949,0.9563877582550049,0.0,8,0
calib_02950,0.9295535683631897,0.8795379996299744,8,9
calib_02951,0.9435427784919739,0.8242295980453491,9,8
calib_02952,0.0,0.9307591915130615,0,8
calib_02953,0.9362577795982361,0.23430612683296204,9,2
calib_02954,0.9606198072433472,0.23213176429271698,8,1
calib_02955,0.9781917929649353,0.0,9,0
calib_02956,0.3141953945159912,0.9275606274604797,3,10
calib_02957,0.7211341857910156,0.9703410267829895,6,8
calib_02958,0.6509569883346558,0.8670076727867126,5,8
calib_02959,0.9288026094436646,0.14318762719631195,9,1
calib_02960,0.8574029803276062,0.20766408741474152,9,1
calib_02961,0.6794154047966003,0.9229264855384827,4,9
calib_02962,0.0,0.9888156652450562,0,8
calib_02963,0.9910922050476074,0.36895108222961426,8,4
calib_02964,0.873879611492157,0.0,10,0
calib_02965,0.0,0.9822441935539246,0,9
calib_02966,0.22926770150661469,0.9901452660560608,1,9
calib_02967,0.9192994832992554,0.158329039812088,8,1
calib_02968,0.0,0.9828130006790161,0,8
calib_02969,0.9429932832717896,0.0,9,0
calib_02970,0.23481549322605133,0.9234805107116699,2,8
calib_02971,0.9630926847457886,0.0,9,0
calib_02972,0.8388680219650269,0.9261335134506226,8,8
calib_02973,0.0,0.9114598035812378,0,9
calib_02974,0.0,0.9730125069618225,0,9
calib_02975,0.9867789149284363,0.0,9,0
calib_02976,0.8670998811721802,0.7321981191635132,8,4
calib_02977,0.9116694331169128,0.326907217502594,8,4
calib_02978,0.9685866832733154,0.19711419939994812,9,1
calib_02979,0.9850813746452332,0.6276659965515137,8,4
calib_02980,0.9877996444702148,0.0,9,0
calib_02981,0.12402531504631042,0.9671347737312317,1,9
calib_02982,0.9892045259475708,0.0,8,0
calib_02983,0.8687308430671692,0.3546898365020752,9,3
calib_02984,0.935940146446228,0.5413906574249268,8,5
calib_02985,0.0,0.9828797578811646,0,8
calib_02986,0.0,0.870840847492218,0,8
calib_02987,0.0,0.9793515801429749,0,9
calib_02988,0.0,0.9794598817825317,0,8
calib_02989,0.45871222019195557,0.9420768618583679,2,8
calib_02990,0.0,0.9233914017677307,0,8
calib_02991,0.9572041034698486,0.0,9,0
calib_02992,0.26485583186149597,0.9291204810142517,1,9
calib_02993,0.0,0.9736654758453369,0,9
calib_02994,0.989086389541626,0.2414718121290207,9,2
calib_02995,0.0,0.9719561338424683,0,8
calib_02996,0.2157040685415268,0.9464081525802612,1,8
calib_02997,0.9606895446777344,0.8358742594718933,8,7
calib_02998,0.23891115188598633,0.9407002329826355,2,8
calib_02999,0.6250957250595093,0.9861575365066528,5,9
calib_03000,0.9502534866333008,0.20112182199954987,8,2
calib_03001,0.6006977558135986,0.908867597579956,8,8
calib_03002,0.3933502435684204,0.9670196771621704,2,8
calib_03003,0.7721410989761353,0.7963410019874573,8,9
calib_03004,0.867673933506012,0.0,8,0
calib_03005,0.9707612991333008,0.0,8,0
calib_03006,0.5329674482345581,0.9572439193725586,5,8
calib_03007,0.9808130860328674,0.0,8,0
calib_03008,0.9743143320083618,0.0,8,0
calib_03009,0.9755619764328003,0.0,9,0
calib_03010,0.8835113048553467,0.0,9,0
calib_03011,0.9272547960281372,0.41110602021217346,9,4
calib_03012,0.9035929441452026,0.3741292953491211,9,5
calib_03013,0.40546149015426636,0.950718879699707,4,8
calib_03014,0.3967304229736328,0.7931116819381714,2,9
calib_03015,0.0,0.9849827885627747,0,9
calib_03016,0.9783992767333984,0.24303460121154785,8,3
calib_03017,0.9803282618522644,0.0,9,0
calib_03018,0.0,0.910918116569519,0,10
calib_03019,0.9425827264785767,0.6036778688430786,8,5
calib_03020,0.6433122158050537,0.8844853043556213,6,8
calib_03021,0.29522573947906494,0.9901882410049438,1,8
calib_03022,0.0,0.9523299932479858,0,8
calib_03023,0.0,0.9895988702774048,0,8
calib_03024,0.9931026101112366,0.0,9,0
calib_03025,0.0,0.9778780341148376,0,9
calib_03026,0.9675983786582947,0.0,9,0
calib_03027,0.9675619602203369,0.17738981544971466,8,1
calib_03028,0.9875547885894775,0.0,8,0
calib_03029,0.0,0.907254159450531,0,8
calib_03030,0.0,0.9386811852455139,0,9
calib_03031,0.9553325176239014,0.0,8,0
calib_03032,0.0,0.919957160949707,0,8
calib_03033,0.9910504817962646,0.557860791683197,9,7
calib_03034,0.0,0.9831593632698059,0,9
calib_03035,0.9376015067100525,0.0,9,0
calib_03036,0.9694991111755371,0.0,8,0
calib_03037,0.0,0.9896671175956726,0,8
calib_03038,0.9127025604248047,0.7509706616401672,8,3
calib_03039,0.961219847202301,0.0,8,0
calib_03040,0.9736817479133606,0.2964027523994446,8,3
calib_03041,0.9335726499557495,0.0,9,0
calib_03042,0.20057885348796844,0.9674499034881592,1,9
calib_03043,0.9367426633834839,0.3490270674228668,8,2
calib_03044,0.0,0.9589150547981262,0,9
calib_03045,0.0,0.9657371044158936,0,8
calib_03046,0.6490761637687683,0.978540301322937,8,8
calib_03047,0.9876115918159485,0.0,8,0
calib_03048,0.9757469892501831,0.0,8,0
calib_03049,0.0,0.8584903478622437,0,10
calib_03050,0.0,0.9812005758285522,0,8
calib_03051,0.3927304744720459,0.8358736634254456,2,8
calib_03052,0.884419858455658,0.5732892751693726,9,7
calib_03053,0.9710159301757812,0.447915643453598,9,1
calib_03054,0.4432990550994873,0.993220865726471,5,9
calib_03055,0.982634961605072,0.7434617280960083,9,9
calib_03056,0.0,0.9011971950531006,0,8
calib_03057,0.8688634037971497,0.0,8,0
calib_03058,0.905650794506073,0.0,9,0
calib_03059,0.9703328013420105,0.0,9,0
calib_03060,0.7925532460212708,0.9147746562957764,7,8
calib_03061,0.983691394329071,0.373968243598938,8,1
calib_03062,0.8701814413070679,0.0,8,0
calib_03063,0.7463593482971191,0.8675098419189453,8,8
calib_03064,0.0,0.9271775484085083,0,8
calib_03065,0.6333614587783813,0.9323629140853882,6,8
calib_03066,0.7148206233978271,0.8301128149032593,4,9
calib_03067,0.9450291395187378,0.2878832519054413,8,3
calib_03068,0.9083141684532166,0.30814826488494873,9,1
calib_03069,0.9350641965866089,0.33861589431762695,9,3
calib_03070,0.9866889119148254,0.0,9,0
calib_03071,0.9676371812820435,0.5248672962188721,8,1
calib_03072,0.932668924331665,0.2163829803466797,9,1
calib_03073,0.0,0.9411967396736145,0,9
calib_03074,0.4813412129878998,0.9028151035308838,6,9
calib_03075,0.9849085807800293,0.0,8,0
calib_03076,0.8741933107376099,0.0,10,0
calib_03077,0.9812930822372437,0.38076362013816833,8,7
calib_03078,0.24479565024375916,0.9296929836273193,2,9
calib_03079,0.8694655895233154,0.8446263074874878,8,7
calib_03080,0.0,0.8786436915397644,0,9
calib_03081,0.0,0.970076322555542,0,9
calib_03082,0.9699320197105408,0.0,9,0
calib_03083,0.9459205269813538,0.0,9,0
calib_03084,0.0,0.9918841123580933,0,9
calib_03085,0.42288604378700256,0.9868263602256775,4,8
calib_03086,0.8379272222518921,0.8054012060165405,5,10
calib_03087,0.287216454744339,0.9580533504486084,3,8
calib_03088,0.4729360044002533,0.9298234581947327,1,9
calib_03089,0.9373974800109863,0.0,8,0
calib_03090,0.21797171235084534,0.9484395980834961,2,8
calib_03091,0.3416184186935425,0.905335545539856,1,9
calib_03092,0.0,0.9169331789016724,0,8
calib_03093,0.0,0.8809345364570618,0,9
calib_03094,0.0,0.9486945271492004,0,8
calib_03095,0.664702296257019,0.9889841675758362,8,8
calib_03096,0.6868659257888794,0.9750611186027527,8,9
calib_03097,0.9315553307533264,0.0,9,0
calib_03098,0.0,0.9798227548599243,0,8
calib_03099,0.0,0.9473026990890503,0,9
calib_03100,0.3708252012729645,0.9811972379684448,5,8
calib_03101,0.9910674691200256,0.5063950419425964,9,7
calib_03102,0.8831937313079834,0.2303406149148941,9,1
calib_03103,0.9070725440979004,0.9398393630981445,8,9
calib_03104,0.0,0.9882872700691223,0,8
calib_03105,0.9837772846221924,0.5057158470153809,9,4
calib_03106,0.9682285189628601,0.7099135518074036,8,9
calib_03107,0.9754675626754761,0.36523759365081787,8,3
calib_03108,0.9608824253082275,0.0,8,0
calib_03109,0.32791900634765625,0.8396883010864258,5,8
calib_03110,0.20893988013267517,0.9627412557601929,5,8
calib_03111,0.9943233728408813,0.0,8,0
calib_03112,0.8839482665061951,0.0,8,0
calib_03113,0.817491888999939,0.6414791345596313,9,7
calib_03114,0.9218135476112366,0.0,8,0
calib_03115,0.38447970151901245,0.9127833247184753,1,9
calib_03116,0.9947317838668823,0.0,8,0
calib_03117,0.7778991460800171,0.5207248330116272,8,3
calib_03118,0.28030261397361755,0.872092068195343,2,10
calib_03119,0.0,0.9359970092773438,0,9
calib_03120,0.9230023622512817,0.2430267333984375,8,1
calib_03121,0.9934310913085938,0.0,8,0
calib_03122,0.9797399044036865,0.0,8,0
calib_03123,0.9730197191238403,0.0,8,0
calib_03124,0.17882710695266724,0.9672982692718506,2,8
calib_03125,0.985392153263092,0.40339604020118713,8,6
calib_03126,0.9840563535690308,0.3835814893245697,8,1
calib_03127,0.1361682265996933,0.9883667230606079,1,8
calib_03128,0.9545392990112305,0.0,9,0
calib_03129,0.0,0.9508011937141418,0,9
calib_03130,0.0,0.9173843860626221,0,9
calib_03131,0.0,0.9890013933181763,0,8
calib_03132,0.9339815378189087,0.0,8,0
calib_03133,0.0,0.9898030757904053,0,8
calib_03134,0.8559080958366394,0.5286816358566284,9,5
calib_03135,0.9904658794403076,0.24368655681610107,8,3
calib_03136,0.42905187606811523,0.9430614113807678,3,9
calib_03137,0.9810634851455688,0.3704160153865814,8,5
calib_03138,0.9439821243286133,0.16119910776615143,9,3
calib_03139,0.0,0.9725570678710938,0,8
calib_03140,0.2740768790245056,0.9393842816352844,1,8
calib_03141,0.6115665435791016,0.9860250949859619,2,8
calib_03142,0.8939176797866821,0.2773773670196533,8,3
calib_03143,0.8716294169425964,0.0,9,0
calib_03144,0.0,0.959571123123169,0,9
calib_03145,0.9938427209854126,0.4125297963619232,8,2
calib_03146,0.9876116514205933,0.5798200368881226,8,4
calib_03147,0.0,0.9434479475021362,0,9
calib_03148,0.3297463655471802,0.953526496887207,4,9
calib_03149,0.0,0.9827324748039246,0,9
calib_03150,0.94333416223526,0.0,9,0
calib_03151,0.7722781896591187,0.4626079797744751,8,4
calib_03152,0.9482852816581726,0.27130192518234253,8,2
calib_03153,0.6357553601264954,0.9068747758865356,6,8
calib_03154,0.1704033464193344,0.9903178811073303,1,9
calib_03155,0.350729763507843,0.9138867855072021,4,9
calib_03156,0.5182103514671326,0.8704392910003662,3,8
calib_03157,0.0,0.9110738039016724,0,8
calib_03158,0.6875717639923096,0.950904130935669,2,9
calib_03159,0.9441272020339966,0.7986022233963013,8,8
calib_03160,0.2479197233915329,0.9490718841552734,1,9
calib_03161,0.0,0.9832187294960022,0,9
calib_03162,0.9859834909439087,0.0,8,0
calib_03163,0.45163479447364807,0.9760480523109436,5,9
calib_03164,0.0,0.982746958732605,0,8
calib_03165,0.0,0.9072217345237732,0,8
calib_03166,0.9798334836959839,0.0,9,0
calib_03167,0.9218411445617676,0.6559610366821289,8,8
calib_03168,0.0,0.9163610935211182,0,9
calib_03169,0.12949341535568237,0.9615422487258911,1,8
calib_03170,0.9927966594696045,0.4486340582370758,9,5
calib_03171,0.0,0.9575371146202087,0,9
calib_03172,0.9771898984909058,0.12602783739566803,8,1
calib_03173,0.8654945492744446,0.0,9,0
calib_03174,0.9795303344726562,0.25175318121910095,8,1
calib_03175,0.25301793217658997,0.881605327129364,1,9
calib_03176,0.6475257277488708,0.8901941180229187,7,8
calib_03177,0.0,0.9170804619789124,0,8
calib_03178,0.46068957448005676,0.9189796447753906,7,9
calib_03179,0.0,0.959405779838562,0,9
calib_03180,0.9238874912261963,0.0,8,0
calib_03181,0.9912334084510803,0.0,9,0
calib_03182,0.18190760910511017,0.9145320057868958,1,9
calib_03183,0.0,0.9321752786636353,0,8
calib_03184,0.8584471344947815,0.0,8,0
calib_03185,0.9723430275917053,0.24209155142307281,9,1
calib_03186,0.08969664573669434,0.8562697768211365,1,8
calib_03187,0.9875199794769287,0.0,8,0
calib_03188,0.9343038201332092,0.2521403133869171,9,1
calib_03189,0.34059858322143555,0.9154103398323059,6,9
calib_03190,0.0,0.9961608052253723,0,8
calib_03191,0.2738129794597626,0.9321779608726501,1,9
calib_03192,0.0,0.959507167339325,0,8
calib_03193,0.9566709995269775,0.32547712326049805,8,3
calib_03194,0.8348323702812195,0.5459706783294678,8,6
calib_03195,0.7509702444076538,0.8598648905754089,5,9
calib_03196,0.47546520829200745,0.9342772364616394,2,8
calib_03197,0.954102635383606,0.29529592394828796,9,1
calib_03198,0.6638028621673584,0.8646573424339294,8,8
calib_03199,0.0,0.9417870044708252,0,8
calib_03200,0.8381373882293701,0.40000444650650024,9,8
calib_03201,0.0,0.974122166633606,0,9
calib_03202,0.9636489152908325,0.0,9,0
calib_03203,0.8227390050888062,0.0,10,0
calib_03204,0.0,0.9846115112304688,0,8
calib_03205,0.9724451303482056,0.0,8,0
calib_03206,0.8878564834594727,0.0,8,0
calib_03207,0.49957796931266785,0.7410280704498291,3,9
calib_03208,0.19355465471744537,0.9510748386383057,2,9
calib_03209,0.0,0.9567852020263672,0,8
calib_03210,0.9603298306465149,0.0,8,0
calib_03211,0.5140246748924255,0.8309200406074524,9,8
calib_03212,0.9731680750846863,0.20878969132900238,8,3
calib_03213,0.9220410585403442,0.0,8,0
calib_03214,0.8357714414596558,0.3307691216468811,8,1
calib_03215,0.372687429189682,0.9316622614860535,2,9
calib_03216,0.11114677041769028,0.9745262861251831,1,9
calib_03217,0.0,0.992575466632843,0,8
calib_03218,0.0,0.9842478632926941,0,8
calib_03219,0.0,0.9529601335525513,0,8
calib_03220,0.30943727493286133,0.9918750524520874,1,8
calib_03221,0.9493910670280457,0.0,9,0
calib_03222,0.9886271953582764,0.0,9,0
calib_03223,0.875087320804596,0.2589769661426544,9,3
calib_03224,0.0,0.9600958228111267,0,9
calib_03225,0.0,0.8721424341201782,0,9
calib_03226,0.9840131402015686,0.0,8,0
calib_03227,0.9903451204299927,0.0,9,0
calib_03228,0.0,0.9697631001472473,0,8
calib_03229,0.9818091988563538,0.0,8,0
calib_03230,0.0,0.9587416052818298,0,9
calib_03231,0.8747742176055908,0.0,8,0
calib_03232,0.9253512024879456,0.6679904460906982,8,8
calib_03233,0.9878202080726624,0.42202138900756836,9,1
calib_03234,0.9640568494796753,0.0,9,0
calib_03235,0.0,0.8743513226509094,0,10
calib_03236,0.8911880850791931,0.5499762892723083,9,4
calib_03237,0.9609765410423279,0.8318713307380676,8,7
calib_03238,0.9959790110588074,0.24195143580436707,8,1
calib_03239,0.9927334189414978,0.0,8,0
calib_03240,0.8786899447441101,0.6842417120933533,9,6
calib_03241,0.9567234516143799,0.0,9,0
calib_03242,0.15517756342887878,0.9496501684188843,1,10
calib_03243,0.9738048315048218,0.0,8,0
calib_03244,0.0,0.9275139570236206,0,8
calib_03245,0.0,0.9254692792892456,0,8
calib_03246,0.21720173954963684,0.9143270254135132,2,8
calib_03247,0.9610388278961182,0.34448936581611633,9,4
calib_03248,0.0,0.9915299415588379,0,8
calib_03249,0.9284194707870483,0.20329871773719788,8,2
calib_03250,0.31467464566230774,0.9801967144012451,3,8
calib_03251,0.9801892042160034,0.30513668060302734,8,1
calib_03252,0.9658614993095398,0.6251014471054077,7,4
calib_03253,0.9386610984802246,0.10478011518716812,8,1
calib_03254,0.9037967324256897,0.0,9,0
calib_03255,0.9880717992782593,0.0,8,0
calib_03256,0.9191412329673767,0.23618541657924652,9,1
calib_03257,0.4326435625553131,0.9167460203170776,3,8
calib_03258,0.9945625066757202,0.0,8,0
calib_03259,0.8703039884567261,0.33689162135124207,9,3
calib_03260,0.9884849190711975,0.21881422400474548,9,1
calib_03261,0.9037539958953857,0.4433233439922333,9,2
calib_03262,0.3638899326324463,0.9704554677009583,1,9
calib_03263,0.8867585062980652,0.0,9,0
calib_03264,0.3034362196922302,0.891235888004303,2,9
calib_03265,0.9533255696296692,0.0,9,0
calib_03266,0.9666155576705933,0.0,8,0
calib_03267,0.19918107986450195,0.8550452589988708,2,9
calib_03268,0.9879459142684937,0.0,8,0
calib_03269,0.9566110968589783,0.7116433382034302,9,5
calib_03270,0.189711332321167,0.8766714334487915,1,8
calib_03271,0.0,0.9598048329353333,0,9
calib_03272,0.0,0.8463102579116821,0,8
calib_03273,0.0,0.9878813624382019,0,8
calib_03274,0.9440273642539978,0.3171115219593048,9,4
calib_03275,0.9418033957481384,0.0,9,0
calib_03276,0.8093397617340088,0.7167178988456726,9,4
calib_03277,0.5246094465255737,0.9541356563568115,5,9
calib_03278,0.9595183730125427,0.38867536187171936,8,2
calib_03279,0.9473546743392944,0.1742536723613739,8,1
calib_03280,0.9870501756668091,0.5579593181610107,9,4
calib_03281,0.28979113698005676,0.9191262722015381,3,9
calib_03282,0.0,0.8778167963027954,0,9
calib_03283,0.8961817622184753,0.6683647036552429,8,8
calib_03284,0.9771872758865356,0.0,8,0
calib_03285,0.9442154169082642,0.0,8,0
calib_03286,0.8389672040939331,0.4252760708332062,9,6
calib_03287,0.0,0.9581661224365234,0,9
calib_03288,0.0,0.9888631105422974,0,8
calib_03289,0.9279482364654541,0.0,9,0
calib_03290,0.9207783937454224,0.5749760866165161,8,7
calib_03291,0.8471704721450806,0.8148117065429688,9,7
calib_03292,0.9138649702072144,0.3120923638343811,8,1
calib_03293,0.9496379494667053,0.0,9,0
calib_03294,0.0,0.9772542119026184,0,8
calib_03295,0.0,0.9808278679847717,0,9
calib_03296,0.9764626026153564,0.0,8,0
calib_03297,0.24574008584022522,0.842339277267456,2,9
calib_03298,0.6411941051483154,0.9087045192718506,4,9
calib_03299,0.9759132862091064,0.0,8,0
calib_03300,0.0,0.8959941267967224,0,8
calib_03301,0.9903036952018738,0.15187712013721466,9,1
calib_03302,0.16289369761943817,0.9378191828727722,1,9
calib_03303,0.9896939396858215,0.0,9,0
calib_03304,0.9112999439239502,0.3897053003311157,8,6
calib_03305,0.0,0.9086505174636841,0,8
calib_03306,0.9319711327552795,0.6110562086105347,9,6
calib_03307,0.9190026521682739,0.3346216678619385,9,6
calib_03308,0.0,0.9061547517776489,0,9
calib_03309,0.9858327507972717,0.39783886075019836,9,7
calib_03310,0.9527969360351562,0.8676879405975342,7,8
calib_03311,0.8340295553207397,0.0,9,0
calib_03312,0.9210898876190186,0.0,9,0
calib_03313,0.8750962615013123,0.3506109416484833,9,3
calib_03314,0.5336139798164368,0.9901636242866516,1,8
calib_03315,0.9603860378265381,0.32845538854599,8,2
calib_03316,0.9807443618774414,0.0,8,0
calib_03317,0.35921233892440796,0.9689534902572632,2,8
calib_03318,0.0,0.9832190275192261,0,9
calib_03319,0.9411141276359558,0.26778727769851685,9,3
calib_03320,0.4502115249633789,0.9253166913986206,9,9
calib_03321,0.985493004322052,0.560875415802002,8,6
calib_03322,0.9899196624755859,0.35437583923339844,8,4
calib_03323,0.5366686582565308,0.9281771183013916,5,9
calib_03324,0.8759618997573853,0.6213673949241638,8,7
calib_03325,0.9352385401725769,0.16785526275634766,8,1
calib_03326,0.0,0.9209141135215759,0,9
calib_03327,0.9567214250564575,0.4189058542251587,9,9
calib_03328,0.0,0.9251837134361267,0,9
calib_03329,0.0,0.9823195934295654,0,8
calib_03330,0.0,0.9911434650421143,0,9
calib_03331,0.9879087209701538,0.6220155954360962,8,8
calib_03332,0.2044585943222046,0.9804880619049072,1,9
calib_03333,0.9718621373176575,0.0,9,0
calib_03334,0.9934837818145752,0.0,8,0
calib_03335,0.955221951007843,0.0,8,0
calib_03336,0.7666683793067932,0.9601953625679016,6,8
calib_03337,0.0,0.9530051350593567,0,9
calib_03338,0.914738118648529,0.597411036491394,8,6
calib_03339,0.9862415790557861,0.0,9,0
calib_03340,0.45241716504096985,0.9238101243972778,4,8
calib_03341,0.9960662126541138,0.0,9,0
calib_03342,0.9489379525184631,0.20136447250843048,9,1
calib_03343,0.9672634601593018,0.0,9,0
calib_03344,0.9554648399353027,0.5108060836791992,8,3
calib_03345,0.0,0.9537981748580933,0,9
calib_03346,0.9006376266479492,0.13962292671203613,9,1
calib_03347,0.9724060893058777,0.0,9,0
calib_03348,0.8231897354125977,0.6255077123641968,9,1
calib_03349,0.8767139315605164,0.6317480206489563,8,8
calib_03350,0.0,0.8949354887008667,0,9
calib_03351,0.4833502173423767,0.9927671551704407,5,8
calib_03352,0.9536246061325073,0.3334399461746216,9,4
calib_03353,0.8653579354286194,0.9941082000732422,9,9
calib_03354,0.24286113679409027,0.8993542194366455,1,8
calib_03355,0.0,0.8507439494132996,0,8
calib_03356,0.966058075428009,0.0,9,0
calib_03357,0.956566572189331,0.0,8,0
calib_03358,0.2149513065814972,0.9834819436073303,4,9
calib_03359,0.2346390336751938,0.9614683389663696,3,8
calib_03360,0.3442480266094208,0.9309911727905273,2,8
calib_03361,0.6970276832580566,0.9081434011459351,6,8
calib_03362,0.0,0.922778844833374,0,9
calib_03363,0.9330551624298096,0.0,8,0
calib_03364,0.9309899210929871,0.6340327262878418,9,5
calib_03365,0.5935755968093872,0.27856501936912537,8,4
calib_03366,0.0,0.907657265663147,0,8
calib_03367,0.9355636239051819,0.0,9,0
calib_03368,0.19813238084316254,0.9257104396820068,1,9
calib_03369,0.0,0.916330099105835,0,9
calib_03370,0.4362805485725403,0.9053637981414795,5,8
calib_03371,0.0,0.9878737926483154,0,9
calib_03372,0.0,0.9522166848182678,0,9
calib_03373,0.3110205829143524,0.8948783874511719,1,9
calib_03374,0.8996167182922363,0.0,10,0
calib_03375,0.41490042209625244,0.9648363590240479,1,9
calib_03376,0.9810551404953003,0.4052984118461609,8,4
calib_03377,0.0,0.9694123268127441,0,8
calib_03378,0.8979777097702026,0.41474059224128723,9,1
calib_03379,0.914683997631073,0.0,9,0
calib_03380,0.8621610403060913,0.19097751379013062,8,1
calib_03381,0.0,0.9293732643127441,0,8
calib_03382,0.9597727060317993,0.0,8,0
calib_03383,0.14448659121990204,0.9065943360328674,1,8
calib_03384,0.22657808661460876,0.9753485918045044,2,8
calib_03385,0.0,0.9148662686347961,0,8
calib_03386,0.9948190450668335,0.0,8,0
calib_03387,0.0,0.973507285118103,0,8
calib_03388,0.9452952146530151,0.0,9,0
calib_03389,0.0,0.9873164892196655,0,8
calib_03390,0.4176217317581177,0.9906150102615356,6,9
calib_03391,0.9682834148406982,0.0,9,0
calib_03392,0.0,0.9243276119232178,0,9
calib_03393,0.9774811267852783,0.21329890191555023,9,1
calib_03394,0.9099160432815552,0.0,8,0
calib_03395,0.9842631220817566,0.5892904996871948,8,6
calib_03396,0.8534197807312012,0.4791322946548462,8,3
calib_03397,0.9884027242660522,0.0,8,0
calib_03398,0.0,0.9308612942695618,0,10
calib_03399,0.3982827067375183,0.8902461528778076,1,8
calib_03400,0.3038979768753052,0.9484170079231262,3,8
calib_03401,0.9684313535690308,0.5541648268699646,8,7
calib_03402,0.3102368116378784,0.9840338826179504,1,9
calib_03403,0.37808191776275635,0.9796367287635803,2,9
calib_03404,0.8625400066375732,0.3830159604549408,9,1
calib_03405,0.9366747736930847,0.0,10,0
calib_03406,0.9779402613639832,0.0,9,0
calib_03407,0.7528871297836304,0.9928249716758728,9,8
calib_03408,0.20705744624137878,0.9105740785598755,2,9
calib_03409,0.26629045605659485,0.94099360704422,1,9
calib_03410,0.8368763327598572,0.906463623046875,9,9
calib_03411,0.9531018733978271,0.0,9,0
calib_03412,0.9580897092819214,0.0,9,0
calib_03413,0.9948192834854126,0.0,8,0
calib_03414,0.899541974067688,0.0,9,0
calib_03415,0.18231847882270813,0.9838496446609497,1,8
calib_03416,0.9284958839416504,0.1835065484046936,8,1
calib_03417,0.8564853668212891,0.3981938660144806,8,2
calib_03418,0.9562771916389465,0.2950342297554016,8,2
calib_03419,0.0,0.63704514503479,0,9
calib_03420,0.9257228374481201,0.39999517798423767,9,5
calib_03421,0.9325579404830933,0.0,8,0
calib_03422,0.98665851354599,0.0,9,0
calib_03423,0.0,0.9701762795448303,0,9
calib_03424,0.7646088600158691,0.8663647174835205,4,8
calib_03425,0.9846618175506592,0.0,8,0
calib_03426,0.9294760227203369,0.0,8,0
calib_03427,0.0,0.9732430577278137,0,9
calib_03428,0.9417721629142761,0.2610897123813629,9,1
calib_03429,0.8834711313247681,0.23743373155593872,8,1
calib_03430,0.3166511654853821,0.869026780128479,4,9
calib_03431,0.0,0.9102151393890381,0,9
calib_03432,0.0,0.9698489904403687,0,8
calib_03433,0.9723520278930664,0.6342523097991943,8,8
calib_03434,0.9123799204826355,0.19454318284988403,9,2
calib_03435,0.9657049179077148,0.0,8,0
calib_03436,0.8747116327285767,0.44700130820274353,8,1
calib_03437,0.19270874559879303,0.9064931869506836,1,8
calib_03438,0.8665645122528076,0.7824195623397827,9,9
calib_03439,0.9882885813713074,0.35525524616241455,8,1
calib_03440,0.22991041839122772,0.9003750085830688,1,8
calib_03441,0.23131345212459564,0.7881953716278076,1,8
calib_03442,0.9213844537734985,0.3015441298484802,8,2
calib_03443,0.9205323457717896,0.6063836812973022,9,5
calib_03444,0.6856801509857178,0.9859570264816284,8,8
calib_03445,0.9635518789291382,0.18916694819927216,8,1
calib_03446,0.8152040243148804,0.23090553283691406,9,1
calib_03447,0.9589833617210388,0.0,8,0
calib_03448,0.0,0.9692844748497009,0,9
calib_03449,0.0,0.9943209290504456,0,8
calib_03450,0.8470074534416199,0.3047283887863159,8,4
calib_03451,0.6780086755752563,0.9706972241401672,5,8
calib_03452,0.9809346795082092,0.0,9,0
calib_03453,0.8886868357658386,0.5397087931632996,8,6
calib_03454,0.9323810935020447,0.19919438660144806,9,2
calib_03455,0.8790959715843201,0.18691527843475342,9,1
calib_03456,0.9848664999008179,0.7682616114616394,8,6
calib_03457,0.6683884263038635,0.9711533784866333,6,8
calib_03458,0.5254477858543396,0.9271159768104553,4,9
calib_03459,0.9164043068885803,0.9016806483268738,8,7
calib_03460,0.7394499182701111,0.7846265435218811,7,8
calib_03461,0.0,0.9400685429573059,0,8
calib_03462,0.9901798963546753,0.0,8,0
calib_03463,0.25919872522354126,0.9529901146888733,2,9
calib_03464,0.9345576763153076,0.0,9,0
calib_03465,0.9402121305465698,0.0,9,0
calib_03466,0.8912442326545715,0.0,9,0
calib_03467,0.37534064054489136,0.975679874420166,4,8
calib_03468,0.9886481761932373,0.0,8,0
calib_03469,0.9556798934936523,0.0,9,0
calib_03470,0.27348318696022034,0.8534252643585205,3,8
calib_03471,0.7770391702651978,0.9470915198326111,7,8
calib_03472,0.9828715920448303,0.0,8,0
calib_03473,0.2199370414018631,0.9521593451499939,1,8
calib_03474,0.8866305947303772,0.29405027627944946,9,6
calib_03475,0.9596081376075745,0.5593340992927551,8,3
calib_03476,0.9867334365844727,0.44436556100845337,8,1
calib_03477,0.17585089802742004,0.9041253924369812,1,8
calib_03478,0.30861008167266846,0.8538553714752197,1,8
calib_03479,0.9348371624946594,0.9566177129745483,7,8
calib_03480,0.16838335990905762,0.9299190044403076,1,9
calib_03481,0.902168869972229,0.0,10,0
calib_03482,0.9484468698501587,0.5764079093933105,8,3
calib_03483,0.21536879241466522,0.9761381149291992,2,8
calib_03484,0.9693269729614258,0.0,8,0
calib_03485,0.19824807345867157,0.9134555459022522,1,9
calib_03486,0.9774889349937439,0.0,8,0
calib_03487,0.46370989084243774,0.9883440732955933,5,8
calib_03488,0.30040013790130615,0.8909172415733337,1,9
calib_03489,0.9876846075057983,0.23256102204322815,8,1
calib_03490,0.9468381404876709,0.75935959815979,8,6
calib_03491,0.9285162687301636,0.0,8,0
calib_03492,0.9691227674484253,0.0,8,0
calib_03493,0.9742038249969482,0.33218440413475037,8,6
calib_03494,0.9468167424201965,0.0,9,0
calib_03495,0.2098766416311264,0.9868459701538086,2,8
calib_03496,0.4511602520942688,0.9594683051109314,2,8
calib_03497,0.9305874109268188,0.0,8,0
calib_03498,0.9712175130844116,0.259189248085022,8,1
calib_03499,0.9825217127799988,0.0,9,0
calib_03500,0.5069513320922852,0.799439013004303,3,2
calib_03501,0.449656218290329,0.6161082983016968,7,7
calib_03502,0.17977958917617798,0.4368138909339905,3,4
calib_03503,0.0,0.6167076826095581,0,10
calib_03504,0.7561829090118408,0.26660263538360596,8,2
calib_03505,0.6087950468063354,0.37830600142478943,11,4
calib_03506,0.822137713432312,0.6025669574737549,8,8
calib_03507,0.7428682446479797,0.4013747274875641,6,2
calib_03508,0.38644954562187195,0.5702204704284668,7,8
calib_03509,0.5185531377792358,0.526625394821167,10,12
calib_03510,0.5063260793685913,0.4714910089969635,12,10
calib_03511,0.8707641959190369,0.5403510928153992,11,6
calib_03512,0.46973004937171936,0.5937894582748413,18,15
calib_03513,0.44873732328414917,0.3615598678588867,10,12
calib_03514,0.648431658744812,0.5765541791915894,4,2
calib_03515,0.3945041298866272,0.45457693934440613,13,14
calib_03516,0.4797790050506592,0.6657082438468933,7,1
calib_03517,0.5571410655975342,0.46727147698402405,17,6
calib_03518,0.42661359906196594,0.7105380296707153,7,8
calib_03519,0.7418420910835266,0.0,11,0
calib_03520,0.6202967762947083,0.3937477767467499,11,12
calib_03521,0.5312404036521912,0.7182217240333557,4,4
calib_03522,0.582643449306488,0.4911287724971771,7,4
calib_03523,0.3947083353996277,0.37094005942344666,1,9
calib_03524,0.48901858925819397,0.6567269563674927,8,13
calib_03525,0.6780946254730225,0.0,6,0
calib_03526,0.6109806299209595,0.47113507986068726,5,5
calib_03527,0.5334470868110657,0.7367149591445923,6,10
calib_03528,0.5275847315788269,0.5680140852928162,7,10
calib_03529,0.541000485420227,0.4026797413825989,7,8
calib_03530,0.4746432602405548,0.5296072363853455,8,8
calib_03531,0.5035005211830139,0.5293074250221252,11,6
calib_03532,0.4661548435688019,0.42345452308654785,11,4
calib_03533,0.5967288613319397,0.44876834750175476,14,2
calib_03534,0.923751175403595,0.681964635848999,10,4
calib_03535,0.0,0.58988356590271,0,9
calib_03536,0.5037299394607544,0.0,8,0
calib_03537,0.43862712383270264,0.6438101530075073,9,9
calib_03538,0.4577479362487793,0.5260432958602905,14,2
calib_03539,0.326620876789093,0.6065734624862671,11,10
calib_03540,0.3438129127025604,0.7242342829704285,6,10
calib_03541,0.39735305309295654,0.5176168084144592,8,7
calib_03542,0.3627220094203949,0.6278706192970276,8,12
calib_03543,0.4252574145793915,0.41679367423057556,13,9
calib_03544,0.8795168399810791,0.5002637505531311,9,6
calib_03545,0.5186748504638672,0.44640985131263733,8,1
calib_03546,0.6995654106140137,0.7645635604858398,10,9
calib_03547,0.5179471969604492,0.38718533515930176,3,5
calib_03548,0.724998414516449,0.2627471089363098,8,2
calib_03549,0.9241925477981567,0.5726907253265381,10,9
calib_03550,0.5812922120094299,0.5017833709716797,12,9
calib_03551,0.35844048857688904,0.4809858202934265,10,15
calib_03552,0.7995010018348694,0.4774855077266693,9,5
calib_03553,0.5752633213996887,0.5479074120521545,17,18
calib_03554,0.5729072690010071,0.5706073045730591,10,5
calib_03555,0.5615950226783752,0.38157013058662415,10,11
calib_03556,0.0,0.47752636671066284,0,11
calib_03557,0.3728756904602051,0.43576523661613464,5,3
calib_03558,0.4435104429721832,0.44689929485321045,6,9
calib_03559,0.8537460565567017,0.44859185814857483,7,4
calib_03560,0.46411317586898804,0.5778091549873352,2,4
calib_03561,0.5530637502670288,0.4240250587463379,10,7
calib_03562,0.8915020823478699,0.5317384004592896,4,5
calib_03563,0.7630745768547058,0.5440243482589722,5,5
calib_03564,0.5760838985443115,0.4934075176715851,10,11
calib_03565,0.43111029267311096,0.6659403443336487,15,15
calib_03566,0.7631446719169617,0.4759913384914398,4,3
calib_03567,0.35609641671180725,0.6961467266082764,7,8
calib_03568,0.5431874394416809,0.5132865309715271,11,12
calib_03569,0.8348630666732788,0.9907811880111694,8,10
calib_03570,0.4509780704975128,0.6251102685928345,8,9
calib_03571,0.7928091883659363,0.9969736337661743,4,4
calib_03572,0.793445885181427,0.992901086807251,6,6
calib_03573,0.5654432773590088,0.6493769288063049,4,8
calib_03574,0.5851179957389832,0.967837393283844,9,11
calib_03575,0.6115322709083557,0.4570467472076416,8,4
calib_03576,0.4217531085014343,0.44318684935569763,13,9
calib_03577,0.0,0.528679370880127,0,14
calib_03578,0.590545117855072,0.3631512224674225,11,8
calib_03579,0.4690852165222168,0.40079551935195923,2,7
calib_03580,0.432576984167099,0.6902512907981873,6,11
calib_03581,0.5854629278182983,0.0,15,0
calib_03582,0.36957597732543945,0.4451726973056793,6,11
calib_03583,0.5004714727401733,0.7068954110145569,7,7
calib_03584,0.5874612927436829,0.36862263083457947,6,5
calib_03585,0.35924315452575684,0.5780426859855652,5,5
calib_03586,0.4251900613307953,0.2948494851589203,4,6
calib_03587,0.5574399828910828,0.6233099699020386,9,9
calib_03588,0.5846975445747375,0.0,5,0
calib_03589,0.46582379937171936,0.6362470984458923,6,6
calib_03590,0.4471410810947418,0.8200655579566956,5,7
calib_03591,0.6287640929222107,0.5432263016700745,16,14
calib_03592,0.611464262008667,0.6986310482025146,9,9
calib_03593,0.6901124119758606,0.3513009250164032,8,4
calib_03594,0.4597243368625641,0.3853866457939148,7,8
calib_03595,0.40464383363723755,0.6853809952735901,15,15
calib_03596,0.6517547965049744,0.4255759119987488,11,11
calib_03597,0.6211128234863281,0.641480565071106,8,11
calib_03598,0.3227613866329193,0.622261106967926,7,10
calib_03599,0.5397170186042786,0.4291291832923889,3,5
calib_03600,0.5664939284324646,0.7443891763687134,8,8
calib_03601,0.45881152153015137,0.4283534288406372,1,15
calib_03602,0.7431815266609192,0.4895598888397217,7,6
calib_03603,0.43564245104789734,0.7842448353767395,6,7
calib_03604,0.4838384985923767,0.6104503273963928,5,5
calib_03605,0.5725950598716736,0.31478190422058105,9,3
calib_03606,0.47824034094810486,0.0,6,0
calib_03607,0.5038648843765259,0.39099785685539246,10,12
calib_03608,0.6234248280525208,0.4836139678955078,13,10
calib_03609,0.6712173223495483,0.6524175405502319,7,7
calib_03610,0.4597090780735016,0.6010141968727112,5,5
calib_03611,0.7663915753364563,0.5473684668540955,6,1
calib_03612,0.7166633009910583,0.6721628904342651,12,8
calib_03613,0.966702938079834,0.4829482436180115,10,8
calib_03614,0.47014757990837097,0.0,6,0
calib_03615,0.45607760548591614,0.36355966329574585,8,7
calib_03616,0.8915198445320129,0.4078287184238434,10,7
calib_03617,0.9275711178779602,0.6623314619064331,10,6
calib_03618,0.5196670293807983,0.9468066096305847,5,10
calib_03619,0.638651430606842,0.926663339138031,6,12
calib_03620,0.8835765719413757,0.6154590845108032,12,9
calib_03621,0.4782307744026184,0.8455381989479065,5,9
calib_03622,0.3921317458152771,0.5821035504341125,5,10
calib_03623,0.7005539536476135,0.35322892665863037,17,8
calib_03624,0.42319685220718384,0.626032829284668,5,11
calib_03625,0.3875446617603302,0.38416770100593567,11,11
calib_03626,0.591042697429657,0.3622862994670868,6,6
calib_03627,0.6693301200866699,0.260464608669281,10,3
calib_03628,0.4658292829990387,0.621892511844635,5,4
calib_03629,0.31273290514945984,0.36722809076309204,3,8
calib_03630,0.6511902809143066,0.0,11,0
calib_03631,0.5224485397338867,0.3121313750743866,8,7
calib_03632,0.3094951808452606,0.6165100336074829,11,9
calib_03633,0.2538968026638031,0.40811577439308167,4,9
calib_03634,0.6118279099464417,0.4450104832649231,6,2
calib_03635,0.42979899048805237,0.6767702102661133,6,7
calib_03636,0.2403455674648285,0.33682510256767273,2,1
calib_03637,0.5209348201751709,0.4421313405036926,2,8
calib_03638,0.23588432371616364,0.5108411908149719,1,10
calib_03639,0.8549588322639465,0.2889520227909088,1,6
calib_03640,0.6987962126731873,0.6934654116630554,6,5
calib_03641,0.5352272391319275,0.38113757967948914,7,4
calib_03642,0.5043992400169373,0.3392367362976074,14,11
calib_03643,0.3780222535133362,0.36793413758277893,9,15
calib_03644,0.2981051206588745,0.3433304727077484,5,2
calib_03645,0.7451866269111633,0.600748598575592,11,7
calib_03646,0.46904972195625305,0.5534416437149048,8,8
calib_03647,0.6411577463150024,0.4274953007698059,11,10
calib_03648,0.43124327063560486,0.589062511920929,2,6
calib_03649,0.21184730529785156,0.2154628038406372,3,3
calib_03650,0.42653465270996094,0.31319135427474976,6,8
calib_03651,0.4202076196670532,0.3406336009502411,9,7
calib_03652,0.6946399807929993,0.0,10,0
calib_03653,0.3871791362762451,0.7163735032081604,9,12
calib_03654,0.5459797978401184,0.0,15,0
calib_03655,0.7846620678901672,0.708410382270813,6,7
calib_03656,0.5773450136184692,0.616451621055603,9,9
calib_03657,0.7007321715354919,0.6885153651237488,6,7
calib_03658,0.646081805229187,0.8378803730010986,5,11
calib_03659,0.46890926361083984,0.43196460604667664,12,6
calib_03660,0.39443960785865784,0.4604000151157379,3,16
calib_03661,0.7481499314308167,0.4912753105163574,7,2
calib_03662,0.6431021094322205,0.8443061709403992,9,9
calib_03663,0.7922701835632324,0.4023258686065674,5,5
calib_03664,0.47284966707229614,0.5533193349838257,16,14
calib_03665,0.4485153555870056,0.5397966504096985,7,12
calib_03666,0.3358423113822937,0.8438810110092163,5,5
calib_03667,0.7167680263519287,0.4185730814933777,9,5
calib_03668,0.6326136589050293,0.7065444588661194,8,8
calib_03669,0.5485936999320984,0.5286763906478882,14,7
calib_03670,0.4293001592159271,0.498585969209671,6,14
calib_03671,0.5530217885971069,0.6834303736686707,2,3
calib_03672,0.4485538601875305,0.48204654455184937,5,13
calib_03673,0.4078735113143921,0.3924936354160309,4,12
calib_03674,0.37923482060432434,0.0,6,0
calib_03675,0.6921889781951904,0.7375212907791138,6,5
calib_03676,0.43527504801750183,0.700435996055603,9,13
calib_03677,0.6079581379890442,0.5107530951499939,7,7
calib_03678,0.534577488899231,0.5353570580482483,11,15
calib_03679,0.7016526460647583,0.6720240116119385,11,9
calib_03680,0.4956463575363159,0.5405851602554321,11,4
calib_03681,0.8243057727813721,0.527487576007843,12,9
calib_03682,0.7899428009986877,0.6038386821746826,11,8
calib_03683,0.49151793122291565,0.5396273136138916,6,9
calib_03684,0.5797433257102966,0.8276397585868835,9,11
calib_03685,0.4829389452934265,0.9342135190963745,8,10
calib_03686,0.4311811029911041,0.0,4,0
calib_03687,0.473254531621933,0.4091678559780121,3,6
calib_03688,0.0,0.9623496532440186,0,12
calib_03689,0.39584115147590637,0.4241478443145752,6,6
calib_03690,0.39412006735801697,0.4156876504421234,5,8
calib_03691,0.3788723051548004,0.3450966775417328,6,12
calib_03692,0.7084972858428955,0.49074700474739075,10,6
calib_03693,0.7527884840965271,0.6682093143463135,10,9
calib_03694,0.6216216683387756,0.7645713686943054,7,10
calib_03695,0.6481977701187134,0.39413246512413025,7,4
calib_03696,0.4545338749885559,0.5127067565917969,8,2
calib_03697,0.6286144256591797,0.3145999014377594,13,3
calib_03698,0.4047170877456665,0.5249981880187988,8,14
calib_03699,0.45736485719680786,0.5729455351829529,5,5
calib_03700,0.4147164225578308,0.5995238423347473,2,12
calib_03701,0.0,0.6517086625099182,0,6
calib_03702,0.5776928663253784,0.49612003564834595,9,7
calib_03703,0.46621716022491455,0.5066855549812317,4,9
calib_03704,0.21638408303260803,0.4748368263244629,2,7
calib_03705,0.432076632976532,0.2629466652870178,8,7
calib_03706,0.5998568534851074,0.4539479613304138,14,8
calib_03707,0.4375874102115631,0.0,10,0
calib_03708,0.3995172083377838,0.4355583190917969,7,8
calib_03709,0.0,0.5481302738189697,0,9
calib_03710,0.6145815849304199,0.39703482389450073,8,9
calib_03711,0.6908899545669556,0.36232706904411316,8,6
calib_03712,0.9715304970741272,0.9174475073814392,9,7
calib_03713,0.5323218703269958,0.4717363715171814,7,5
calib_03714,0.5813759565353394,0.6882108449935913,5,9
calib_03715,0.49728479981422424,0.43898946046829224,11,5
calib_03716,0.7796658873558044,0.6180287599563599,9,8
calib_03717,0.3850555121898651,0.680907130241394,3,4
calib_03718,0.6130525469779968,0.5347639918327332,6,4
calib_03719,0.5117165446281433,0.5101100206375122,15,10
calib_03720,0.5258461236953735,0.4999474883079529,4,4
calib_03721,0.0,0.7089556455612183,0,8
calib_03722,0.6729781627655029,0.41928762197494507,8,5
calib_03723,0.34680303931236267,0.4494510889053345,6,11
calib_03724,0.5977678894996643,0.4775547385215759,17,9
calib_03725,0.6064803004264832,0.0,7,0
calib_03726,0.0,0.40459200739860535,0,7
calib_03727,0.29941606521606445,0.3391297459602356,5,13
calib_03728,0.2975490689277649,0.6145532727241516,5,9
calib_03729,0.0,0.7503966689109802,0,6
calib_03730,0.452705055475235,0.6421027183532715,2,6
calib_03731,0.5618863105773926,0.6537272930145264,6,8
calib_03732,0.6746637225151062,0.0,8,0
calib_03733,0.43841028213500977,0.32857516407966614,6,3
calib_03734,0.0,0.43480485677719116,0,20
calib_03735,0.5503276586532593,0.41687560081481934,16,9
calib_03736,0.5977950692176819,0.0,10,0
calib_03737,0.5028888583183289,0.5949161052703857,15,21
calib_03738,0.23095975816249847,0.384181946516037,1,7
calib_03739,0.0,0.5078638792037964,0,7
calib_03740,0.25157180428504944,0.5210557579994202,3,5
calib_03741,0.44771596789360046,0.601187527179718,4,4
calib_03742,0.5229343175888062,0.6128239035606384,8,6
calib_03743,0.34515953063964844,0.4888395071029663,1,9
calib_03744,0.8050578832626343,0.6600979566574097,4,4
calib_03745,0.4273969233036041,0.5302813053131104,8,15
calib_03746,0.4520466923713684,0.17798379063606262,8,2
calib_03747,0.37890371680259705,0.38850539922714233,6,8
calib_03748,0.2243955135345459,0.4098781645298004,4,14
calib_03749,0.27098923921585083,0.5558128952980042,2,6
calib_03750,0.6396361589431763,0.641973614692688,2,4
calib_03751,0.0,0.30244937539100647,0,6
calib_03752,0.38665518164634705,0.4246865212917328,1,5
calib_03753,0.740994930267334,0.6453243494033813,4,5
calib_03754,0.511387288570404,0.5424387454986572,9,13
calib_03755,0.6715946793556213,0.5299798846244812,5,6
calib_03756,0.3752721846103668,0.39719176292419434,11,10
calib_03757,0.6006407737731934,0.0,1,0
calib_03758,0.16652651131153107,0.3195760250091553,6,3
calib_03759,0.3906773030757904,0.7967817783355713,4,9
calib_03760,0.3752131462097168,0.5056900978088379,9,10
calib_03761,0.5374709367752075,0.4072733521461487,9,8
calib_03762,0.41817930340766907,0.5714243650436401,7,9
calib_03763,0.45339375734329224,0.32317987084388733,5,10
calib_03764,0.5199794769287109,0.506985604763031,9,7
calib_03765,0.7092442512512207,0.35461699962615967,6,8
calib_03766,0.5831668376922607,0.35420435667037964,6,10
calib_03767,0.36688438057899475,0.38719165325164795,13,2
calib_03768,0.0,0.5021795034408569,0,9
calib_03769,0.5467680096626282,0.4497569501399994,6,8
calib_03770,0.4088345468044281,0.5204293727874756,9,11
calib_03771,0.7614827752113342,0.5159035325050354,6,5
calib_03772,0.11399924755096436,0.3557784855365753,1,5
calib_03773,0.32755059003829956,0.5953124761581421,8,6
calib_03774,0.3527478873729706,0.39946699142456055,3,7
calib_03775,0.5820786356925964,0.47973108291625977,5,10
calib_03776,0.5575985312461853,0.6388282775878906,7,7
calib_03777,0.5903774499893188,0.4872537851333618,16,0
calib_03778,0.4777698516845703,0.6985776424407959,9,11
calib_03779,0.45334649085998535,0.31035274267196655,10,4
calib_03780,0.5102025270462036,0.4334127902984619,4,8
calib_03781,0.4090352952480316,0.661381185054779,7,9
calib_03782,0.661958634853363,0.6683752536773682,4,9
calib_03783,0.5960290431976318,0.49339938163757324,9,4
calib_03784,0.4547395706176758,0.45794954895973206,12,5
calib_03785,0.31030529737472534,0.360337495803833,4,7
calib_03786,0.0,0.40188851952552795,0,2
calib_03787,0.41451236605644226,0.46623796224594116,6,7
calib_03788,0.34947583079338074,0.37717676162719727,11,11
calib_03789,0.328807532787323,0.24848397076129913,5,3
calib_03790,0.5917137861251831,0.3694041669368744,6,5
calib_03791,0.47222834825515747,0.5580140948295593,8,9
calib_03792,0.6725714206695557,0.2313004732131958,13,3
calib_03793,0.3248550295829773,0.7601407766342163,4,11
calib_03794,0.3304385244846344,0.5479753613471985,6,5
calib_03795,0.39303043484687805,0.4121626317501068,9,9
calib_03796,0.4613429605960846,0.5281781554222107,3,8
calib_03797,0.5031959414482117,0.3701208531856537,8,7
calib_03798,0.7696238160133362,0.2718444764614105,6,3
calib_03799,0.684057891368866,0.48587480187416077,12,1
calib_03800,0.463223934173584,0.46289053559303284,2,12
calib_03801,0.38947203755378723,0.6611460447311401,9,13
calib_03802,0.9594275951385498,0.34695908427238464,11,4
calib_03803,0.5245455503463745,0.5241648554801941,7,12
calib_03804,0.5202797651290894,0.6373357176780701,5,8
calib_03805,0.9562927484512329,0.5484813451766968,11,7
calib_03806,0.2354319542646408,0.7843337059020996,1,7
calib_03807,0.4988642930984497,0.46185749769210815,12,7
calib_03808,0.5082839131355286,0.4344995617866516,4,5
calib_03809,0.5192977786064148,0.7128680348396301,8,9
calib_03810,0.3706629276275635,0.36535152792930603,12,9
calib_03811,0.2387317419052124,0.8358044028282166,3,9
calib_03812,0.6702430248260498,0.4704223573207855,9,10
calib_03813,0.37782561779022217,0.42534902691841125,9,15
calib_03814,0.0,0.5340092182159424,0,12
calib_03815,0.5532467365264893,0.2751449942588806,8,4
calib_03816,0.4092901647090912,0.41126748919487,14,12
calib_03817,0.7023035287857056,0.9384974241256714,8,10
calib_03818,0.4610237777233124,0.4695907533168793,1,6
calib_03819,0.4349924623966217,0.8691585659980774,6,6
calib_03820,0.8451969027519226,0.41662469506263733,10,9
calib_03821,0.3894132673740387,0.8755159974098206,12,11
calib_03822,0.5201124548912048,0.48234856128692627,3,9
calib_03823,0.4487136900424957,0.7253077030181885,5,4
calib_03824,0.4473787844181061,0.46801769733428955,10,13
calib_03825,0.5377811193466187,0.5552924871444702,14,9
calib_03826,0.4441927373409271,0.6072149276733398,14,12
calib_03827,0.0,0.7617636322975159,0,5
calib_03828,0.2856319546699524,0.3992170989513397,4,13
calib_03829,0.7516665458679199,0.7671225666999817,3,4
calib_03830,0.7811449766159058,0.0,10,0
calib_03831,0.8700202703475952,0.4684494733810425,9,8
calib_03832,0.4666249454021454,0.6608580946922302,7,11
calib_03833,0.29497164487838745,0.0,9,0
calib_03834,0.3345101475715637,0.4163941740989685,8,10
calib_03835,0.38563528656959534,0.9459048509597778,5,5
calib_03836,0.43007293343544006,0.6954131126403809,13,16
calib_03837,0.5992894172668457,0.5228226780891418,5,5
calib_03838,0.3705950677394867,0.6573827266693115,2,9
calib_03839,0.3551115095615387,0.5428591370582581,3,11
calib_03840,0.5285325050354004,0.2717840373516083,8,3
calib_03841,0.0,0.7218818664550781,0,10
calib_03842,0.0,0.31935063004493713,0,10
calib_03843,0.2457045316696167,0.7341009974479675,1,7
calib_03844,0.36166641116142273,0.7157623767852783,7,15
calib_03845,0.3634639382362366,0.4801962971687317,5,8
calib_03846,0.542156457901001,0.5832197666168213,8,8
calib_03847,0.5062292814254761,0.5615319013595581,6,10
calib_03848,0.4559616446495056,0.6054869890213013,9,7
calib_03849,0.3324926495552063,0.5344381332397461,1,9
calib_03850,0.7639458775520325,0.41723304986953735,17,4
calib_03851,0.5422317981719971,0.631343424320221,18,16
calib_03852,0.42333099246025085,0.38966241478919983,8,10
calib_03853,0.57647705078125,0.7467367649078369,7,6
calib_03854,0.8155375123023987,0.9827954173088074,16,20
calib_03855,0.9936737418174744,0.7211083769798279,19,17
calib_03856,0.7034295797348022,0.9340143203735352,17,20
calib_03857,0.8125719428062439,0.9953535795211792,9,9
calib_03858,0.6407445073127747,0.6899840235710144,6,6
calib_03859,0.4289119243621826,0.5921449065208435,3,10
calib_03860,0.27278220653533936,0.9050487875938416,1,11
calib_03861,0.43746721744537354,0.3917046785354614,8,4
calib_03862,0.6247010827064514,0.6488872766494751,6,6
calib_03863,0.529704213142395,0.6448709964752197,8,10
calib_03864,0.3595556616783142,0.38951316475868225,7,2
calib_03865,0.48823413252830505,0.2986406981945038,6,5
calib_03866,0.4438832402229309,0.5655340552330017,1,14
calib_03867,0.4371534287929535,0.5254981517791748,7,18
calib_03868,0.6628525853157043,0.4999292194843292,7,9
calib_03869,0.37816372513771057,0.6571484208106995,4,11
calib_03870,0.37581950426101685,0.37783604860305786,9,1
calib_03871,0.20405840873718262,0.3948150873184204,2,9
calib_03872,0.3958489000797272,0.6820024251937866,4,9
calib_03873,0.4407583475112915,0.507839024066925,6,5
calib_03874,0.47355780005455017,0.615288257598877,5,8
calib_03875,0.6887311339378357,0.6326300501823425,11,11
calib_03876,0.6909183859825134,0.46746090054512024,11,11
calib_03877,0.6839543581008911,0.5323882699012756,8,8
calib_03878,0.45894309878349304,0.518222987651825,7,12
calib_03879,0.6679114103317261,0.520125687122345,11,3
calib_03880,0.5158436298370361,0.6540935039520264,10,9
calib_03881,0.7988601922988892,0.0,8,0
calib_03882,0.5813174247741699,0.49484220147132874,10,3
calib_03883,0.5595024824142456,0.6311160922050476,8,11
calib_03884,0.5213680863380432,0.6216750144958496,5,10
calib_03885,0.6896542310714722,0.5861644148826599,15,11
calib_03886,0.37354224920272827,0.5829840302467346,4,12
calib_03887,0.8310287594795227,0.0,6,0
calib_03888,0.595757782459259,0.4174547791481018,13,7
calib_03889,0.7736151814460754,0.43274590373039246,12,6
calib_03890,0.7104153037071228,0.46633660793304443,8,6
calib_03891,0.5121666789054871,0.0,9,0
calib_03892,0.533118724822998,0.681130588054657,8,10
calib_03893,0.359899640083313,0.5656352639198303,9,17
calib_03894,0.5186533331871033,0.556553840637207,6,6
calib_03895,0.7805202007293701,0.5104102492332458,6,4
calib_03896,0.0,0.6796121597290039,0,12
calib_03897,0.34940028190612793,0.5670366883277893,11,15
calib_03898,0.5002098083496094,0.4901530146598816,13,13
calib_03899,0.6239895820617676,0.4153960347175598,4,5
calib_03900,0.5024666786193848,0.5101128816604614,4,11
calib_03901,0.6163660883903503,0.5312544107437134,9,8
calib_03902,0.42332467436790466,0.6863887310028076,12,15
calib_03903,0.0,0.6438794732093811,0,9
calib_03904,0.47107648849487305,0.3596450686454773,4,5
calib_03905,0.5943646430969238,0.5924084782600403,4,7
calib_03906,0.3327229917049408,0.4632416367530823,12,10
calib_03907,0.4334130883216858,0.42071691155433655,7,7
calib_03908,0.45569318532943726,0.502289354801178,4,7
calib_03909,0.7135072350502014,0.8563257455825806,7,8
calib_03910,0.5206917524337769,0.36596429347991943,10,6
calib_03911,0.6222110390663147,0.0,11,0
calib_03912,0.34337884187698364,0.0,7,0
calib_03913,0.5706499814987183,0.9600784182548523,7,10
calib_03914,0.7756330966949463,0.4563148021697998,11,8
calib_03915,0.4980818033218384,0.880987286567688,0,14
calib_03916,0.7600585222244263,0.28134891390800476,16,1
calib_03917,0.4668446481227875,0.3892713487148285,8,3
calib_03918,0.3987821340560913,0.5042362809181213,3,8
calib_03919,0.47573593258857727,0.5899914503097534,6,10
calib_03920,0.3195091784000397,0.32758253812789917,5,5
calib_03921,0.5032551288604736,0.0,6,0
calib_03922,0.5663564801216125,0.44681423902511597,8,4
calib_03923,0.39999306201934814,0.5117670297622681,3,12
calib_03924,0.4881032407283783,0.34574732184410095,12,15
calib_03925,0.0,0.7047570943832397,0,13
calib_03926,0.6695159673690796,0.8095388412475586,8,5
calib_03927,0.4841737747192383,0.7960602045059204,9,14
calib_03928,0.7517433166503906,0.5532566905021667,6,7
calib_03929,0.0,0.5211572647094727,0,8
calib_03930,0.4836750626564026,0.5739043951034546,8,6
calib_03931,0.51081782579422,0.6965175867080688,7,16
calib_03932,0.0,0.47911337018013,0,6
calib_03933,0.4676733613014221,0.5217117071151733,2,12
calib_03934,0.578906774520874,0.4300602972507477,9,3
calib_03935,0.45630842447280884,0.4222748279571533,16,16
calib_03936,0.4387376606464386,0.6992934346199036,7,7
calib_03937,0.7146305441856384,0.6171284914016724,19,14
calib_03938,0.5420969724655151,0.5484179258346558,17,16
calib_03939,0.6389337778091431,0.6174824237823486,10,12
calib_03940,0.3383563458919525,0.6481850743293762,1,13
calib_03941,0.3918123245239258,0.4944198429584503,2,8
calib_03942,0.44271814823150635,0.3046475648880005,9,3
calib_03943,0.37314483523368835,0.48919832706451416,5,6
calib_03944,0.45992642641067505,0.46487581729888916,11,19
calib_03945,0.4750807583332062,0.3671586811542511,6,1
calib_03946,0.6045564413070679,0.7257882952690125,12,14
calib_03947,0.6150661110877991,0.638100802898407,7,6
calib_03948,0.4566018879413605,0.5322463512420654,9,7
calib_03949,0.6857517957687378,0.6795840859413147,5,5
calib_03950,0.5167108774185181,0.35635319352149963,13,1
calib_03951,0.4330163896083832,0.8648061752319336,5,7
calib_03952,0.5931644439697266,0.49093949794769287,13,8
calib_03953,0.508718729019165,0.7024164199829102,9,12
calib_03954,0.7333051562309265,0.4922168552875519,10,7
calib_03955,0.6051502823829651,0.35215458273887634,13,1
calib_03956,0.4632539451122284,0.49000537395477295,6,6
calib_03957,0.0,0.38147568702697754,0,8
calib_03958,0.3436363637447357,0.607932448387146,4,6
calib_03959,0.6076900362968445,0.3478126525878906,3,5
calib_03960,0.3041449785232544,0.9990803599357605,2,10
calib_03961,0.6681692004203796,0.4544946253299713,12,7
calib_03962,0.6458174586296082,0.41982245445251465,14,12
calib_03963,0.5159822702407837,0.5716571807861328,7,6
calib_03964,0.42843231558799744,0.6584566831588745,3,5
calib_03965,0.763416051864624,0.548018753528595,13,7
calib_03966,0.6807855367660522,0.5658645629882812,10,10
calib_03967,0.517454981803894,0.6128409504890442,4,12
calib_03968,0.6954760551452637,0.4489682614803314,8,12
calib_03969,0.3135431408882141,0.5536678433418274,16,10
calib_03970,0.5923586487770081,0.5580310821533203,14,15
calib_03971,0.7366052865982056,0.4465964734554291,1,6
calib_03972,0.6475109457969666,0.7488890290260315,11,11
calib_03973,0.41199377179145813,0.6048310995101929,14,11
calib_03974,0.6161115169525146,0.8584113121032715,6,7
calib_03975,0.28197717666625977,0.6790510416030884,1,13
calib_03976,0.36373770236968994,0.46220943331718445,9,9
calib_03977,0.5111777186393738,0.30170828104019165,16,5
calib_03978,0.46010759472846985,0.5217300057411194,11,11
calib_03979,0.28619852662086487,0.522154688835144,1,9
calib_03980,0.5971297025680542,0.6908488869667053,14,16
calib_03981,0.5187668800354004,0.7107304930686951,7,9
calib_03982,0.7151338458061218,0.4755643904209137,5,4
calib_03983,0.4854193329811096,0.4713253080844879,10,12
calib_03984,0.48493343591690063,0.5999718904495239,5,9
calib_03985,0.5014024972915649,0.4566686451435089,12,15
calib_03986,0.5061181783676147,0.41192522644996643,10,3
calib_03987,0.28047293424606323,0.3774252235889435,6,3
calib_03988,0.9260612726211548,0.5713774561882019,7,6
calib_03989,0.42391151189804077,0.6820914149284363,9,9
calib_03990,0.6730678081512451,0.43132051825523376,8,6
calib_03991,0.6563804149627686,0.0,4,0
calib_03992,0.6460970044136047,0.395384281873703,11,11
calib_03993,0.6907185316085815,0.5449867844581604,7,6
calib_03994,0.5629929900169373,0.6507777571678162,6,13
calib_03995,0.3924298882484436,0.520853579044342,5,6
calib_03996,0.40877610445022583,0.3384980261325836,11,5
calib_03997,0.0,0.2704201340675354,0,7
calib_03998,0.48149821162223816,0.8882056474685669,6,8
calib_03999,0.5609960556030273,0.35255470871925354,8,5
calib_04000,0.37263068556785583,0.43459856510162354,6,2
calib_04001,0.49443483352661133,0.4798610210418701,15,12
calib_04002,0.6047147512435913,0.44197162985801697,17,5
calib_04003,0.4491044282913208,0.6213216185569763,11,13
calib_04004,0.4343857169151306,0.5641372799873352,15,5
calib_04005,0.46047526597976685,0.7749066948890686,10,10
calib_04006,0.5912039279937744,0.5374958515167236,13,10
calib_04007,0.6453222036361694,0.4556300640106201,8,10
calib_04008,0.13122877478599548,0.36691316962242126,1,14
calib_04009,0.5756487846374512,0.30988505482673645,8,7
calib_04010,0.623975396156311,0.5282096266746521,14,0
calib_04011,0.31783023476600647,0.5168436765670776,3,5
calib_04012,0.34758684039115906,0.4072837233543396,4,10
calib_04013,0.6768181920051575,0.6681981086730957,19,17
calib_04014,0.8897807002067566,0.5813770890235901,8,4
calib_04015,0.581530749797821,0.6737245321273804,9,10
calib_04016,0.3652641475200653,0.4460233449935913,9,9
calib_04017,0.4892803132534027,0.47252899408340454,16,13
calib_04018,0.5032601952552795,0.4148290455341339,6,14
calib_04019,0.5629561543464661,0.3384488821029663,4,6
calib_04020,0.5531269311904907,0.574486494064331,8,12
calib_04021,0.511992335319519,0.6464678645133972,8,13
calib_04022,0.3676246106624603,0.6127313375473022,3,9
calib_04023,0.3991614282131195,0.5472458600997925,14,15
calib_04024,0.48344314098358154,0.2836814820766449,12,12
calib_04025,0.0,0.4846595823764801,0,6
calib_04026,0.4871809482574463,0.56231290102005,7,5
calib_04027,0.7082671523094177,0.44569656252861023,10,11
calib_04028,0.9369587898254395,0.5538132786750793,10,4
calib_04029,0.7873282432556152,0.6148929595947266,6,5
calib_04030,0.42439183592796326,0.5667092800140381,2,11
calib_04031,0.6754734516143799,0.541569709777832,12,15
calib_04032,0.8840524554252625,0.5993459820747375,12,10
calib_04033,0.5232617855072021,0.0,14,0
calib_04034,0.3961862325668335,0.4531382918357849,5,1
calib_04035,0.38858968019485474,0.46041107177734375,8,3
calib_04036,0.6967872977256775,0.4624041020870209,0,10
calib_04037,0.5297456383705139,0.4801632761955261,11,11
calib_04038,0.0,0.46519696712493896,0,9
calib_04039,0.7355730533599854,0.5096728205680847,13,12
calib_04040,0.47328412532806396,0.6240378022193909,9,1
calib_04041,0.5139322280883789,0.5035578012466431,6,10
calib_04042,0.8176738619804382,0.31268835067749023,6,4
calib_04043,0.4362465441226959,0.7792989611625671,7,5
calib_04044,0.5271887183189392,0.281912624835968,9,1
calib_04045,0.518933892250061,0.4684262275695801,14,10
calib_04046,0.5221527218818665,0.5745193362236023,5,5
calib_04047,0.45924028754234314,0.5170859694480896,12,15
calib_04048,0.3224071264266968,0.0,2,0
calib_04049,0.5764361023902893,0.5188450813293457,7,6
calib_04050,0.0,0.40478748083114624,0,13
calib_04051,0.5735224485397339,0.561252236366272,8,9
calib_04052,0.39743196964263916,0.3190092444419861,4,2
calib_04053,0.9601236581802368,0.503472089767456,8,2
calib_04054,0.5739811062812805,0.5601236820220947,4,6
calib_04055,0.4086528420448303,0.5773307085037231,8,0
calib_04056,0.44018232822418213,0.46165040135383606,15,13
calib_04057,0.3660927712917328,0.49328792095184326,9,11
calib_04058,0.3671974241733551,0.3143562972545624,5,8
calib_04059,0.48837411403656006,0.4923427700996399,13,10
calib_04060,0.7069718837738037,0.495495080947876,4,2
calib_04061,0.9291555285453796,0.8207072019577026,8,8
calib_04062,0.6126701831817627,0.5825971961021423,13,10
calib_04063,0.3410870432853699,0.40883082151412964,2,10
calib_04064,0.4715860188007355,0.3641025722026825,7,6
calib_04065,0.5122767686843872,0.9461925625801086,7,10
calib_04066,0.267069011926651,0.3124964237213135,5,4
calib_04067,0.43564972281455994,0.35008352994918823,6,11
calib_04068,0.8176793456077576,0.5169760584831238,15,13
calib_04069,0.7162249684333801,0.45891299843788147,18,13
calib_04070,0.32013168931007385,0.0,7,0
calib_04071,0.735505223274231,0.4245120584964752,15,15
calib_04072,0.6232351660728455,0.6408907175064087,7,6
calib_04073,0.5866655707359314,0.48799753189086914,10,7
calib_04074,0.0,0.5448676347732544,0,6
calib_04075,0.5771575570106506,0.7886267900466919,12,14
calib_04076,0.3582199513912201,0.921734631061554,5,10
calib_04077,0.6352416276931763,0.4659133553504944,10,14
calib_04078,0.4939795434474945,0.4493575096130371,5,10
calib_04079,0.4132155179977417,0.3816356360912323,8,1
calib_04080,0.6667026281356812,0.4453219473361969,10,10
calib_04081,0.8092572093009949,0.5391631126403809,7,4
calib_04082,0.988061249256134,0.5246970653533936,8,4
calib_04083,0.6752859950065613,0.7084683179855347,5,8
calib_04084,0.9919209480285645,0.338238388299942,8,3
calib_04085,0.517654538154602,0.5083767175674438,7,10
calib_04086,0.7297874689102173,0.7826766967773438,5,3
calib_04087,0.5987762212753296,0.64794921875,10,9
calib_04088,0.8785389065742493,0.6109638214111328,6,7
calib_04089,0.6581856608390808,0.3668791651725769,5,5
calib_04090,0.5992820262908936,0.4076819121837616,17,15
calib_04091,0.6713167428970337,0.9065357446670532,17,17
calib_04092,0.4613015949726105,0.5638730525970459,7,11
calib_04093,0.46435633301734924,0.6756687164306641,10,10
calib_04094,0.7965205311775208,0.571225643157959,3,2
calib_04095,0.6186286807060242,0.39055556058883667,8,11
calib_04096,0.45742693543434143,0.2868906259536743,6,8
calib_04097,0.4131873548030853,0.0,5,0
calib_04098,0.9542713165283203,0.5402780175209045,7,6
calib_04099,0.5838614106178284,0.625900149345398,4,7
calib_04100,0.5246593356132507,0.5681216716766357,6,9
calib_04101,0.7454726099967957,0.41697070002555847,10,8
calib_04102,0.5731621384620667,0.3703356981277466,10,11
calib_04103,0.8000186085700989,0.330524206161499,6,4
calib_04104,0.46174561977386475,0.6923528909683228,2,2
calib_04105,0.6923766136169434,0.5301356911659241,3,4
calib_04106,0.7443549036979675,0.4471449851989746,6,5
calib_04107,0.47021540999412537,0.4191215932369232,5,7
calib_04108,0.37202322483062744,0.3304130434989929,4,4
calib_04109,0.45545223355293274,0.882961630821228,8,7
calib_04110,0.3675941824913025,0.4957162141799927,7,8
calib_04111,0.5807554125785828,0.3823590576648712,4,3
calib_04112,0.5624075531959534,0.5995060801506042,7,6
calib_04113,0.6345695853233337,0.3388740122318268,6,3
calib_04114,0.4419154226779938,0.4580393135547638,5,6
calib_04115,0.5293523073196411,0.45677635073661804,7,9
calib_04116,0.6999514102935791,0.8282887935638428,4,1
calib_04117,0.36872509121894836,0.6307341456413269,9,8
calib_04118,0.8112627863883972,0.6799637675285339,7,6
calib_04119,0.4504833221435547,0.3415381908416748,10,2
calib_04120,0.4352187514305115,0.7046660780906677,8,12
calib_04121,0.3785519301891327,0.44586458802223206,4,5
calib_04122,0.7078317999839783,0.16551083326339722,8,1
calib_04123,0.5460094809532166,0.5663446187973022,7,5
calib_04124,0.5208784937858582,0.46581414341926575,13,11
calib_04125,0.7819607257843018,0.3232234716415405,8,9
calib_04126,0.45713552832603455,0.7698651552200317,8,7
calib_04127,0.5804544687271118,0.6693111658096313,5,5
calib_04128,0.2711796164512634,0.24382171034812927,4,2
calib_04129,0.733501136302948,0.3896315395832062,3,3
calib_04130,0.4696148633956909,0.6611524224281311,9,7
calib_04131,0.5206437706947327,0.8205039501190186,3,4
calib_04132,0.7443532347679138,0.4172760546207428,9,6
calib_04133,0.5728223919868469,0.5482475161552429,12,10
calib_04134,0.7011858820915222,0.37922942638397217,10,8
calib_04135,0.6264481544494629,0.8082945942878723,8,7
calib_04136,0.45992064476013184,0.5619544386863708,12,9
calib_04137,0.8096757531166077,0.40163034200668335,15,14
calib_04138,0.46842655539512634,0.7598034739494324,3,4
calib_04139,0.8757643699645996,0.7105172872543335,4,4
calib_04140,0.4625697135925293,0.6110700964927673,10,9
calib_04141,0.620031476020813,0.5599724054336548,11,11
calib_04142,0.38170814514160156,0.6821066737174988,6,6
calib_04143,0.5207574367523193,0.6917692422866821,4,5
calib_04144,0.7568410634994507,0.4034355878829956,2,2
calib_04145,0.8970821499824524,0.38361862301826477,7,7
calib_04146,0.8318650126457214,0.7614789009094238,5,5
calib_04147,0.42987117171287537,0.7067260146141052,4,5
calib_04148,0.5792825222015381,0.48711007833480835,4,5
calib_04149,0.32373276352882385,0.5057058334350586,3,10
calib_04150,0.30826547741889954,0.40549197793006897,5,7
calib_04151,0.7995827794075012,0.6893286108970642,19,15
calib_04152,0.9344489574432373,0.5026949048042297,17,14
calib_04153,0.35214295983314514,0.36984866857528687,6,9
calib_04154,0.5721282362937927,0.6314355731010437,6,4
calib_04155,0.6351637244224548,0.7662153244018555,8,12
calib_04156,0.0,0.529238224029541,0,10
calib_04157,0.42936980724334717,0.6055470108985901,4,6
calib_04158,0.47724905610084534,0.39912688732147217,10,4
calib_04159,0.4900094270706177,0.6120982766151428,8,9
calib_04160,0.6088876128196716,0.5343773365020752,9,4
calib_04161,0.4916279911994934,0.8108248710632324,5,8
calib_04162,0.8106500506401062,0.7772507667541504,3,3
calib_04163,0.45635998249053955,0.8124800324440002,4,4
calib_04164,0.32354027032852173,0.5136605501174927,5,6
calib_04165,0.7329208850860596,0.27432769536972046,3,2
calib_04166,0.36307021975517273,0.47554364800453186,12,7
calib_04167,0.6426630616188049,0.6117205619812012,6,7
calib_04168,0.0,0.5815539360046387,0,11
calib_04169,0.6007781028747559,0.32737797498703003,8,9
calib_04170,0.4070638120174408,0.4655721187591553,6,4
calib_04171,0.9071504473686218,0.8107737302780151,3,2
calib_04172,0.4672629237174988,0.4313623607158661,5,6
calib_04173,0.6077654361724854,0.6298621296882629,1,6
calib_04174,0.31052541732788086,0.38897114992141724,4,5
calib_04175,0.57087641954422,0.0,7,0
calib_04176,0.4328891932964325,0.7350504994392395,4,5
calib_04177,0.5455837249755859,0.48846137523651123,5,9
calib_04178,0.0,0.42027702927589417,0,8
calib_04179,0.45730963349342346,0.506722092628479,6,7
calib_04180,0.5066676735877991,0.5120944976806641,11,9
calib_04181,0.4243910610675812,0.445596307516098,6,10
calib_04182,0.41255858540534973,0.439553827047348,7,11
calib_04183,0.4123598039150238,0.5938131809234619,7,8
calib_04184,0.3741852343082428,0.65292888879776,5,9
calib_04185,0.7414631843566895,0.8672158122062683,3,3
calib_04186,0.4347589910030365,0.7238430976867676,7,6
calib_04187,0.32566022872924805,0.8980952501296997,3,5
calib_04188,0.13236258924007416,0.4115924537181854,1,7
calib_04189,0.40547382831573486,0.6830445528030396,4,5
calib_04190,0.5953870415687561,0.4454282820224762,5,5
calib_04191,0.6479157209396362,0.7444626092910767,4,5
calib_04192,0.3409629464149475,0.530220091342926,8,13
calib_04193,0.5194540619850159,0.0,6,0
calib_04194,0.5921974778175354,0.48806673288345337,8,8
calib_04195,0.7548679709434509,0.9179099202156067,4,2
calib_04196,0.4225233495235443,0.5701249241828918,5,6
calib_04197,0.4482038915157318,0.6275675892829895,6,6
calib_04198,0.5321072936058044,0.3999796211719513,6,4
calib_04199,0.0,0.5549240708351135,0,8
calib_04200,0.3054106533527374,0.2789633870124817,6,7
calib_04201,0.0,0.8017252683639526,0,4
calib_04202,0.8062057495117188,0.4745803475379944,8,7
calib_04203,0.712420642375946,0.37599673867225647,9,9
calib_04204,0.5157848596572876,0.3708990812301636,7,2
calib_04205,0.719601035118103,0.4297237694263458,4,4
calib_04206,0.3706662058830261,0.0,8,0
calib_04207,0.43331602215766907,0.3488554060459137,13,9
calib_04208,0.4651516377925873,0.6276794672012329,6,1
calib_04209,0.3346671760082245,0.6090973615646362,7,5
calib_04210,0.21372897922992706,0.4743739068508148,5,7
calib_04211,0.3234817683696747,0.4521890878677368,4,9
calib_04212,0.5016723871231079,0.6269580125808716,8,10
calib_04213,0.47838735580444336,0.45812106132507324,6,4
calib_04214,0.5336507558822632,0.6517971754074097,7,5
calib_04215,0.4797542095184326,0.3866906464099884,5,4
calib_04216,0.6132102012634277,0.45248737931251526,5,7
calib_04217,0.3169040381908417,0.3854912519454956,10,2
calib_04218,0.5296165943145752,0.0,8,0
calib_04219,0.4297381043434143,0.40508174896240234,1,5
calib_04220,0.603130578994751,0.39348793029785156,6,4
calib_04221,0.42290353775024414,0.4058358371257782,3,4
calib_04222,0.27832770347595215,0.6355514526367188,1,2
calib_04223,0.4306856095790863,0.5580200552940369,5,7
calib_04224,0.5495582818984985,0.21941757202148438,5,6
calib_04225,0.3660169243812561,0.5438363552093506,4,11
calib_04226,0.4472348392009735,0.7125241756439209,13,12
calib_04227,0.5783202052116394,0.37980642914772034,7,6
calib_04228,0.6116678714752197,0.5231718420982361,5,6
calib_04229,0.0,0.17978747189044952,0,5
calib_04230,0.391946941614151,0.5411231517791748,5,2
calib_04231,0.6732719540596008,0.42686983942985535,12,8
calib_04232,0.6906285285949707,0.4983232021331787,8,7
calib_04233,0.5302162766456604,0.42106422781944275,3,8
calib_04234,0.48044973611831665,0.0,5,0
calib_04235,0.6198748350143433,0.0,8,0
calib_04236,0.6668360829353333,0.6872556805610657,7,9
calib_04237,0.7222061157226562,0.0,5,0
calib_04238,0.37920746207237244,0.2896984815597534,6,4
calib_04239,0.6052901148796082,0.35784783959388733,4,1
calib_04240,0.0,0.8877102136611938,0,5
calib_04241,0.3485272228717804,0.5928658246994019,6,14
calib_04242,0.0,0.9500135183334351,0,8
calib_04243,0.43983015418052673,0.5741496682167053,4,6
calib_04244,0.41400861740112305,0.664987325668335,5,4
calib_04245,0.4109855592250824,0.48930683732032776,7,10
calib_04246,0.5357124209403992,0.3671192228794098,5,4
calib_04247,0.6493922472000122,0.5318583250045776,8,7
calib_04248,0.6208085417747498,0.9779579043388367,3,3
calib_04249,0.39173761010169983,0.5329189896583557,7,6
calib_04250,0.6432441473007202,0.7545139789581299,5,5
calib_04251,0.4858308434486389,0.2598850131034851,10,2
calib_04252,0.5247732996940613,0.4589788615703583,7,3
calib_04253,0.6844336986541748,0.5671865344047546,4,6
calib_04254,0.7149494886398315,0.6726379990577698,2,2
calib_04255,0.4114740788936615,0.46841078996658325,5,7
calib_04256,0.6042298078536987,0.5169647336006165,8,6
calib_04257,0.5074194669723511,0.3162296414375305,6,1
calib_04258,0.44399160146713257,0.43695133924484253,7,8
calib_04259,0.9528108239173889,0.8190741539001465,2,4
calib_04260,0.42978230118751526,0.0,5,0
calib_04261,0.5923256278038025,0.48434340953826904,12,4
calib_04262,0.669278621673584,0.5897518396377563,8,8
calib_04263,0.5466028451919556,0.6129205226898193,7,6
calib_04264,0.6399484276771545,0.2685571312904358,6,7
calib_04265,0.747154176235199,0.6603959798812866,6,8
calib_04266,0.31836411356925964,0.0,5,0
calib_04267,0.7317192554473877,0.29528072476387024,5,3
calib_04268,0.6914858222007751,0.45446497201919556,11,10
calib_04269,0.9668529033660889,0.35793936252593994,2,2
calib_04270,0.7203016877174377,0.29028239846229553,10,8
calib_04271,0.4993590712547302,0.5707791447639465,1,6
calib_04272,0.7231189608573914,0.606559157371521,6,1
calib_04273,0.5834982991218567,0.1534251868724823,3,2
calib_04274,0.4316980540752411,0.7754669189453125,1,1
calib_04275,0.4561711251735687,0.0,5,0
calib_04276,0.5550576448440552,0.4632287323474884,6,6
calib_04277,0.5599358081817627,0.45471125841140747,3,4
calib_04278,0.3923884332180023,0.5764263868331909,3,7
calib_04279,0.5929991602897644,0.2671818733215332,5,4
calib_04280,0.49378910660743713,0.6107165217399597,3,2
calib_04281,0.6624805927276611,0.0,3,0
calib_04282,0.5936119556427002,0.7719364166259766,4,3
calib_04283,0.4825820028781891,0.31768128275871277,3,7
calib_04284,0.4508034288883209,0.6258941888809204,4,1
calib_04285,0.4955376088619232,0.3737438917160034,9,8
calib_04286,0.46623891592025757,0.0,5,0
calib_04287,0.378866046667099,0.4135802686214447,4,8
calib_04288,0.8335790634155273,0.4578969180583954,12,9
calib_04289,0.7593315839767456,0.3153380751609802,9,8
calib_04290,0.47020265460014343,0.5682395100593567,14,8
calib_04291,0.0,0.40653547644615173,0,8
calib_04292,0.4969003200531006,0.7805431485176086,3,5
calib_04293,0.3628420829772949,0.29846855998039246,5,6
calib_04294,0.7537238597869873,0.6465217471122742,4,3
calib_04295,0.8708917498588562,0.5639596581459045,5,3
calib_04296,0.7077849507331848,0.5133476853370667,5,3
calib_04297,0.9746708869934082,0.31334513425827026,10,8
calib_04298,0.845428466796875,0.3969506621360779,6,1
calib_04299,0.6708542108535767,0.3942699432373047,4,5
calib_04300,0.6562392711639404,0.48861566185951233,3,3
calib_04301,0.39963918924331665,0.8085165023803711,5,5
calib_04302,0.0,0.6810564994812012,0,6
calib_04303,0.5585862994194031,0.32738563418388367,7,3
calib_04304,0.40231579542160034,0.0,5,0
calib_04305,0.6697213053703308,0.5151410102844238,3,3
calib_04306,0.880695104598999,0.0,3,0
calib_04307,0.7376443147659302,0.41573095321655273,4,4
calib_04308,0.567564070224762,0.0,6,0
calib_04309,0.8746689558029175,0.8862364292144775,4,2
calib_04310,0.0,0.6659618020057678,0,6
calib_04311,0.47104501724243164,0.5417816638946533,11,8
calib_04312,0.4063816964626312,0.848922610282898,6,5
calib_04313,0.7285528182983398,0.5102577209472656,7,6
calib_04314,0.4091068506240845,0.2502512037754059,2,3
calib_04315,0.3216139078140259,0.7142488360404968,2,1
calib_04316,0.4669741094112396,0.45186296105384827,9,13
calib_04317,0.0,0.8791656494140625,0,5
calib_04318,0.7981311678886414,0.41459307074546814,7,3
calib_04319,0.0,0.5356143116950989,0,7
calib_04320,0.437692791223526,0.0,6,0
calib_04321,0.4241063594818115,0.0,6,0
calib_04322,0.0,0.4907698631286621,0,10
calib_04323,0.693233072757721,0.19881606101989746,5,2
calib_04324,0.7139968872070312,0.3627387583255768,6,3
calib_04325,0.3150775134563446,0.0,8,0
calib_04326,0.82758629322052,0.6148397326469421,5,4
calib_04327,0.47907161712646484,0.47492074966430664,2,3
calib_04328,0.30095380544662476,0.5180351138114929,4,8
calib_04329,0.34601813554763794,0.4768434762954712,7,8
calib_04330,0.2934652268886566,0.4595010578632355,6,6
calib_04331,0.24983887374401093,0.2980082929134369,1,6
calib_04332,0.2925945520401001,0.5186808705329895,4,6
calib_04333,0.4139680862426758,0.0,9,0
calib_04334,0.8950707316398621,0.7349539399147034,4,4
calib_04335,0.6441558599472046,0.6771491765975952,4,4
calib_04336,0.4477294981479645,0.5545434951782227,10,9
calib_04337,0.3721270263195038,0.0,8,0
calib_04338,0.5296408534049988,0.46474242210388184,10,8
calib_04339,0.3759276866912842,0.5095912218093872,6,5
calib_04340,0.37975284457206726,0.21760691702365875,7,1
calib_04341,0.6619758009910583,0.6575281620025635,16,5
calib_04342,0.3938920497894287,0.6761500239372253,9,11
calib_04343,0.5062568187713623,0.36888033151626587,6,9
calib_04344,0.48173344135284424,0.517825722694397,9,10
calib_04345,0.464963436126709,0.9317651987075806,4,2
calib_04346,0.5726931691169739,0.35823529958724976,5,7
calib_04347,0.3819388747215271,0.3158275783061981,2,9
calib_04348,0.4981497824192047,0.7012730240821838,12,17
calib_04349,0.6006534099578857,0.4990745782852173,16,2
calib_04350,0.5020046234130859,0.5243949890136719,11,11
calib_04351,0.41263511776924133,0.49255532026290894,2,10
calib_04352,0.8736065626144409,0.4496442377567291,4,3
calib_04353,0.4301944077014923,0.4757622182369232,7,3
calib_04354,0.4797414243221283,0.49892458319664,9,7
calib_04355,0.7375738024711609,0.49258214235305786,7,7
calib_04356,0.529474675655365,0.35848966240882874,8,7
calib_04357,0.44397610425949097,0.4904946982860565,10,1
calib_04358,0.4548276364803314,0.4389227330684662,6,5
calib_04359,0.524993360042572,0.40027061104774475,7,12
calib_04360,0.6438579559326172,0.6941247582435608,11,11
calib_04361,0.4910881221294403,0.37322908639907837,9,5
calib_04362,0.48456358909606934,0.6842244267463684,5,5
calib_04363,0.7928200364112854,0.4176509380340576,12,7
calib_04364,0.5454258918762207,0.48558512330055237,8,6
calib_04365,0.5624089241027832,0.5140447020530701,7,9
calib_04366,0.7864074110984802,0.5987361073493958,19,14
calib_04367,0.6164565682411194,0.4123480021953583,14,8
calib_04368,0.6380961537361145,0.0,7,0
calib_04369,0.5786466598510742,0.3465117812156677,6,5
calib_04370,0.5801361799240112,0.9338575601577759,8,10
calib_04371,0.8220916986465454,0.5769269466400146,9,2
calib_04372,0.4571417570114136,0.6883388161659241,6,9
calib_04373,0.8801531195640564,0.5031993389129639,15,13
calib_04374,0.8634282946586609,0.30442580580711365,10,10
calib_04375,0.5314130783081055,0.7404679656028748,10,15
calib_04376,0.6542307734489441,0.661051332950592,5,3
calib_04377,0.44539180397987366,0.4745844006538391,6,10
calib_04378,0.5084447860717773,0.33311018347740173,4,6
calib_04379,0.5115910172462463,0.34331128001213074,6,7
calib_04380,0.4256563186645508,0.627498984336853,4,5
calib_04381,0.3278941214084625,0.652899444103241,1,7
calib_04382,0.5256673097610474,0.4012991786003113,7,5
calib_04383,0.7877025604248047,0.6866203546524048,5,4
calib_04384,0.4379592537879944,0.4401792883872986,8,7
calib_04385,0.7787404656410217,0.3742744028568268,7,9
calib_04386,0.37190917134284973,0.6668383479118347,4,7
calib_04387,0.8119845390319824,0.0,2,0
calib_04388,0.4291604161262512,0.4913078844547272,4,3
calib_04389,0.8833115696907043,0.6290079355239868,5,4
calib_04390,0.5449200868606567,0.7737835645675659,10,10
calib_04391,0.5382493734359741,0.47423645853996277,5,6
calib_04392,0.37505200505256653,0.6657634973526001,5,3
calib_04393,0.8293758034706116,0.50586998462677,4,2
calib_04394,0.4059974253177643,0.31796154379844666,3,3
calib_04395,0.511247992515564,0.3588297665119171,7,6
calib_04396,0.36346563696861267,0.4102087914943695,7,3
calib_04397,0.6902859210968018,0.8716786503791809,4,4
calib_04398,0.33370888233184814,0.5633841156959534,6,2
calib_04399,0.5610248446464539,0.35796982049942017,6,5
calib_04400,0.8724529147148132,0.38790279626846313,3,2
calib_04401,0.3657640218734741,0.38783952593803406,2,3
calib_04402,0.44952642917633057,0.4220826029777527,1,9
calib_04403,0.7009965181350708,0.3784213960170746,8,4
calib_04404,0.4482848346233368,0.3135658800601959,6,3
calib_04405,0.23366180062294006,0.5846851468086243,1,10
calib_04406,0.0,0.8691149353981018,0,19
calib_04407,0.0,0.554717481136322,0,8
calib_04408,0.6825582981109619,0.0,9,0
calib_04409,0.6502380967140198,0.7181097865104675,4,4
calib_04410,0.8555917739868164,0.5246930122375488,5,5
calib_04411,0.8789141774177551,0.0,14,0
calib_04412,0.8222032785415649,0.1813497096300125,5,2
calib_04413,0.0,0.7171416878700256,0,9
calib_04414,0.4278194308280945,0.5584148168563843,7,6
calib_04415,0.5971287488937378,0.7264293432235718,4,4
calib_04416,0.0,0.8901484608650208,0,5
calib_04417,0.3899866044521332,0.16553641855716705,5,1
calib_04418,0.4971001446247101,0.6767628192901611,4,3
calib_04419,0.6342366337776184,0.0,9,0
calib_04420,0.5608561038970947,0.4772031307220459,4,1
calib_04421,0.9796521067619324,0.0,5,0
calib_04422,0.532573401927948,0.595247745513916,6,7
calib_04423,0.5202218890190125,0.0,9,0
calib_04424,0.6558591723442078,0.7422801852226257,6,4
calib_04425,0.3126119375228882,0.47214242815971375,2,7
calib_04426,0.0,0.945693850517273,0,8
calib_04427,0.0,0.6147922873497009,0,9
calib_04428,0.0,0.4946697950363159,0,8
calib_04429,0.5798760652542114,0.6252890825271606,7,5
calib_04430,0.6817021369934082,0.647100567817688,10,10
calib_04431,0.581536054611206,0.47154974937438965,9,10
calib_04432,0.5914445519447327,0.3570421040058136,7,7
calib_04433,0.555661678314209,0.4452628195285797,6,5
calib_04434,0.337667852640152,0.29385027289390564,14,6
calib_04435,0.5668395757675171,0.0,14,0
calib_04436,0.6689473390579224,0.24153652787208557,11,2
calib_04437,0.0,0.5009157657623291,0,11
calib_04438,0.25413352251052856,0.5432467460632324,2,5
calib_04439,0.732270359992981,0.6160950064659119,7,6
calib_04440,0.3123767077922821,0.2917249798774719,5,4
calib_04441,0.7666343450546265,0.3985847234725952,2,2
calib_04442,0.8317530751228333,0.40735533833503723,7,7
calib_04443,0.783877968788147,0.7846983671188354,5,5
calib_04444,0.6848397850990295,0.37690669298171997,7,7
calib_04445,0.7719345092773438,0.0,7,0
calib_04446,0.0,0.6483468413352966,0,13
calib_04447,0.5549842715263367,0.3786911368370056,5,4
calib_04448,0.41261833906173706,0.29336658120155334,7,4
calib_04449,0.34780406951904297,0.8180683255195618,7,7
calib_04450,0.4317764937877655,0.705730676651001,7,11
calib_04451,0.35976651310920715,0.8183868527412415,5,5
calib_04452,0.22414711117744446,0.0,2,0
calib_04453,0.3160002827644348,0.6050341129302979,5,8
calib_04454,0.4548981189727783,0.2702958583831787,6,1
calib_04455,0.4072988033294678,0.865196704864502,6,8
calib_04456,0.4997809827327728,0.2588467299938202,6,6
calib_04457,0.47186964750289917,0.3019575774669647,8,7
calib_04458,0.6552263498306274,0.431833952665329,5,7
calib_04459,0.31817182898521423,0.8966100811958313,5,5
calib_04460,0.8916206955909729,0.2708861827850342,6,4
calib_04461,0.6056007146835327,0.8296201825141907,5,5
calib_04462,0.35821425914764404,0.4515717029571533,3,5
calib_04463,0.15532174706459045,0.8102319240570068,4,9
calib_04464,0.5823389291763306,0.0,7,0
calib_04465,0.0,0.5474143028259277,0,5
calib_04466,0.0,0.46304652094841003,0,11
calib_04467,0.7304156422615051,0.0,7,0
calib_04468,0.7012621760368347,0.3967408835887909,6,6
calib_04469,0.5249133706092834,0.7135288119316101,4,5
calib_04470,0.7588982582092285,0.5371654033660889,5,5
calib_04471,0.5970154404640198,0.24903368949890137,13,3
calib_04472,0.409808874130249,0.5415818691253662,8,6
calib_04473,0.5626564621925354,0.29374876618385315,6,1
calib_04474,0.9128192663192749,0.7270478010177612,4,4
calib_04475,0.32385414838790894,0.7557274103164673,4,4
calib_04476,0.45525315403938293,0.6946036219596863,7,8
calib_04477,0.36847686767578125,0.8140719532966614,5,6
calib_04478,0.283274382352829,0.783160388469696,1,8
calib_04479,0.5043653249740601,0.4791223108768463,8,5
calib_04480,0.868712306022644,0.3736152946949005,5,2
calib_04481,0.4168786108493805,0.642963707447052,3,3
calib_04482,0.3531877100467682,0.286648690700531,7,4
calib_04483,0.20805035531520844,0.4478488862514496,1,12
calib_04484,0.0,0.40433138608932495,0,5
calib_04485,0.4042685329914093,0.46009594202041626,8,10
calib_04486,0.6739554405212402,0.4793257415294647,4,3
calib_04487,0.2922360897064209,0.3413492441177368,5,6
calib_04488,0.2512751519680023,0.8469131588935852,1,8
calib_04489,0.0,0.9801949262619019,0,5
calib_04490,0.6011567711830139,0.4558732211589813,12,9
calib_04491,0.9475005269050598,0.284572035074234,3,1
calib_04492,0.333686500787735,0.53458571434021,8,8
calib_04493,0.9447581768035889,0.2447679489850998,6,5
calib_04494,0.0,0.8442968130111694,0,11
calib_04495,0.0,0.8200663924217224,0,14
calib_04496,0.3404870629310608,0.42223238945007324,2,5
calib_04497,0.3500758409500122,0.6242459416389465,4,3
calib_04498,0.6747588515281677,0.6876955032348633,5,2
calib_04499,0.5657947063446045,0.6812324523925781,7,8
calib_04500,0.4861670434474945,0.3581606447696686,6,2
calib_04501,0.5974753499031067,0.6582034826278687,9,9
calib_04502,0.49409905076026917,0.9186938405036926,1,1
calib_04503,0.38564127683639526,0.30946025252342224,8,6
calib_04504,0.4630033075809479,0.0,10,0
calib_04505,0.25437772274017334,0.1807813048362732,1,1
calib_04506,0.7553203701972961,0.610866367816925,5,5
calib_04507,0.7633671760559082,0.4339933395385742,7,7
calib_04508,0.39326217770576477,0.5578935146331787,6,6
calib_04509,0.7295109629631042,0.6735156774520874,6,4
calib_04510,0.6148309111595154,0.572785496711731,5,5
calib_04511,0.5893911123275757,0.53327476978302,5,5
calib_04512,0.5981234312057495,0.5739864110946655,8,7
calib_04513,0.8706912994384766,0.8190736770629883,6,8
calib_04514,0.7903233170509338,0.29456108808517456,6,7
calib_04515,0.33666467666625977,0.6749423742294312,7,7
calib_04516,0.5368466973304749,0.6856521964073181,8,10
calib_04517,0.9315363764762878,0.7241923213005066,3,3
calib_04518,0.399893581867218,0.7496789693832397,8,7
calib_04519,0.8514267206192017,0.4517688751220703,4,4
calib_04520,0.7251325249671936,0.8087162971496582,3,3
calib_04521,0.6191758513450623,0.29206034541130066,5,3
calib_04522,0.994594395160675,0.6227347254753113,1,1
calib_04523,0.523917555809021,0.4547837972640991,4,4
calib_04524,0.31592297554016113,0.7595475316047668,4,13
calib_04525,0.6544645428657532,0.3254161477088928,6,5
calib_04526,0.9517008066177368,0.45260703563690186,4,4
calib_04527,0.7331120371818542,0.7650324702262878,6,7
calib_04528,0.3879458010196686,0.4122701585292816,5,5
calib_04529,0.1302044689655304,0.8452765345573425,1,5
calib_04530,0.6717385053634644,0.4198794960975647,10,9
calib_04531,0.7321304082870483,0.43806520104408264,5,1
calib_04532,0.7076990008354187,0.6265187859535217,3,3
calib_04533,0.7070452570915222,0.0,10,0
calib_04534,0.5828576683998108,0.7737224698066711,3,5
calib_04535,0.0,0.4623965919017792,0,7
calib_04536,0.26418355107307434,0.5505766272544861,4,7
calib_04537,0.3964710235595703,0.5477818250656128,10,8
calib_04538,0.5716762542724609,0.7164905071258545,7,11
calib_04539,0.0,0.748858630657196,0,6
calib_04540,0.42017441987991333,0.5979765057563782,2,5
calib_04541,0.5671201944351196,0.4780943989753723,2,11
calib_04542,0.36489224433898926,0.6971317529678345,8,8
calib_04543,0.4643378257751465,0.7464299201965332,9,8
calib_04544,0.32682886719703674,0.552011251449585,1,10
calib_04545,0.0,0.8605276942253113,0,6
calib_04546,0.6083101630210876,0.7076942920684814,9,9
calib_04547,0.5691093802452087,0.4608341157436371,12,7
calib_04548,0.5981340408325195,0.5307130813598633,9,10
calib_04549,0.46189653873443604,0.6831106543540955,4,3
calib_04550,0.7469565868377686,0.29602834582328796,5,1
calib_04551,0.6149387359619141,0.4155765771865845,3,2
calib_04552,0.3673532009124756,0.6981052756309509,7,11
calib_04553,0.6812585592269897,0.37531793117523193,13,13
calib_04554,0.8216078281402588,0.6605256795883179,4,2
calib_04555,0.3793312609195709,0.27813446521759033,5,5
calib_04556,0.6047230958938599,0.933268129825592,2,3
calib_04557,0.746269166469574,0.49574145674705505,8,4
calib_04558,0.3914371430873871,0.6047999858856201,2,1
calib_04559,0.5811754465103149,0.43498164415359497,5,4
calib_04560,0.3627561926841736,0.3352949321269989,5,2
calib_04561,0.5328020453453064,0.0,5,0
calib_04562,0.3655398488044739,0.4957335889339447,10,6
calib_04563,0.6730116009712219,0.7242336273193359,7,6
calib_04564,0.7121586799621582,0.7922370433807373,5,3
calib_04565,0.6667901873588562,0.4465802311897278,6,4
calib_04566,0.26913321018218994,0.5913547873497009,6,3
calib_04567,0.8095375895500183,0.4506728947162628,4,4
calib_04568,0.4927046000957489,0.4298245906829834,6,6
calib_04569,0.34123095870018005,0.7097829580307007,5,4
calib_04570,0.28104063868522644,0.5201596021652222,3,6
calib_04571,0.2731855809688568,0.5816203355789185,2,5
calib_04572,0.5638638734817505,0.5366089940071106,7,6
calib_04573,0.7731369137763977,0.5180771946907043,3,2
calib_04574,0.7740198969841003,0.5566587448120117,3,2
calib_04575,0.7561900615692139,0.4895244240760803,4,5
calib_04576,0.5142636299133301,0.5337335467338562,1,7
calib_04577,0.5918146967887878,0.704914927482605,7,5
calib_04578,0.5099330544471741,0.0,5,0
calib_04579,0.6670291423797607,0.6804486513137817,10,10
calib_04580,0.4696792662143707,0.2249268740415573,7,3
calib_04581,0.8099691867828369,0.41637757420539856,6,4
calib_04582,0.472369909286499,0.8537454009056091,3,3
calib_04583,0.6928175687789917,0.6045055985450745,5,2
calib_04584,0.4562467932701111,0.0,7,0
calib_04585,0.4849368631839752,0.421003520488739,7,8
calib_04586,0.7326236963272095,0.5877652168273926,5,2
calib_04587,0.4451541006565094,0.4749407470226288,5,6
calib_04588,0.37413015961647034,0.3129863142967224,7,6
calib_04589,0.4254773259162903,0.29583874344825745,5,3
calib_04590,0.2695300281047821,0.5943942666053772,5,12
calib_04591,0.3001953363418579,0.655689537525177,4,6
calib_04592,0.3440668284893036,0.4702507555484772,2,5
calib_04593,0.663119912147522,0.47485849261283875,8,7
calib_04594,0.32854196429252625,0.7708690762519836,1,5
calib_04595,0.253746896982193,0.3976156413555145,5,6
calib_04596,0.3805597722530365,0.4916362762451172,9,7
calib_04597,0.48736077547073364,0.4662241041660309,8,6
calib_04598,0.6786962747573853,0.7871665954589844,5,1
calib_04599,0.3406597077846527,0.3686423897743225,6,9
calib_04600,0.48731088638305664,0.3400380611419678,7,9
calib_04601,0.841591477394104,0.5397205352783203,4,4
calib_04602,0.6797884106636047,0.38721194863319397,3,3
calib_04603,0.3328750729560852,0.7764870524406433,5,6
calib_04604,0.4155336022377014,0.40227431058883667,4,2
calib_04605,0.21489664912223816,0.6197572946548462,2,7
calib_04606,0.6789587736129761,0.45947298407554626,4,5
calib_04607,0.4015302360057831,0.37747299671173096,6,2
calib_04608,0.39859920740127563,0.45912599563598633,8,3
calib_04609,0.5292143821716309,0.7137014865875244,2,6
calib_04610,0.7524464130401611,0.5494363307952881,10,3
calib_04611,0.7830493450164795,0.2666444778442383,6,5
calib_04612,0.4199508726596832,0.2965814769268036,6,7
calib_04613,0.706097424030304,0.6668203473091125,6,5
calib_04614,0.5281713008880615,0.2613244354724884,8,1
calib_04615,0.5648382902145386,0.3790944516658783,10,3
calib_04616,0.5363999605178833,0.4091635048389435,13,6
calib_04617,0.3939865529537201,0.5559468269348145,3,10
calib_04618,0.514719545841217,0.0,15,0
calib_04619,0.7603687047958374,0.42625534534454346,15,6
calib_04620,0.5390681624412537,0.3704824149608612,6,13
calib_04621,0.34664514660835266,0.5646951794624329,10,12
calib_04622,0.3100854754447937,0.6779364347457886,7,9
calib_04623,0.4968050718307495,0.5349931120872498,8,6
calib_04624,0.5342570543289185,0.4623560905456543,7,9
calib_04625,0.392411470413208,0.5169962644577026,3,7
calib_04626,0.3858966529369354,0.7084296941757202,6,11
calib_04627,0.4259076714515686,0.5960363149642944,9,16
calib_04628,0.4212819039821625,0.781930685043335,6,9
calib_04629,0.4120389521121979,0.45625069737434387,10,2
calib_04630,0.4028453528881073,0.6313759684562683,3,8
calib_04631,0.35717228055000305,0.5042213797569275,5,12
calib_04632,0.0,0.39280831813812256,0,9
calib_04633,0.42136821150779724,0.3827736973762512,7,7
calib_04634,0.5311769843101501,0.5699239373207092,7,6
calib_04635,0.35699620842933655,0.4332256317138672,8,19
calib_04636,0.6349296569824219,0.8511622548103333,11,10
calib_04637,0.277316689491272,0.40436914563179016,3,7
calib_04638,0.7491058111190796,0.7730588912963867,10,12
calib_04639,0.7545498609542847,0.47561776638031006,19,16
calib_04640,0.6357530355453491,0.27980437874794006,9,10
calib_04641,0.5269762873649597,0.552463173866272,5,13
calib_04642,0.6275876760482788,0.5670058131217957,14,12
calib_04643,0.4602892994880676,0.5144041180610657,10,7
calib_04644,0.42589980363845825,0.523195743560791,14,11
calib_04645,0.448024719953537,0.5020578503608704,7,6
calib_04646,0.0,0.3941495418548584,0,10
calib_04647,0.3530370891094208,0.5148125886917114,2,8
calib_04648,0.7043474912643433,0.280809223651886,14,2
calib_04649,0.6523936986923218,0.4159776568412781,8,5
calib_04650,0.4180649518966675,0.453749418258667,8,6
calib_04651,0.8355569243431091,0.4212910532951355,13,14
calib_04652,0.428963303565979,0.49155911803245544,9,8
calib_04653,0.3936656415462494,0.8087391257286072,6,7
calib_04654,0.5772809982299805,0.5925586223602295,14,13
calib_04655,0.6296260952949524,0.5921218395233154,15,13
calib_04656,0.871039092540741,0.33176910877227783,7,6
calib_04657,0.5806961059570312,0.5470617413520813,7,6
calib_04658,0.40476566553115845,0.6528517603874207,4,10
calib_04659,0.4218018054962158,0.26577097177505493,9,1
calib_04660,0.42589813470840454,0.29166626930236816,8,4
calib_04661,0.39375075697898865,0.3863336443901062,3,9
calib_04662,0.2810479998588562,0.4872702956199646,2,7
calib_04663,0.7796083688735962,0.5709445476531982,5,7
calib_04664,0.43844446539878845,0.5335986614227295,4,5
calib_04665,0.6319440007209778,0.5394900441169739,8,2
calib_04666,0.6005634665489197,0.7365454435348511,7,7
calib_04667,0.5715494751930237,0.555404782295227,5,6
calib_04668,0.3648114800453186,0.43671658635139465,8,15
calib_04669,0.6068637371063232,0.4929404854774475,3,4
calib_04670,0.6406625509262085,0.38555240631103516,4,5
calib_04671,0.30767980217933655,0.7647504210472107,4,6
calib_04672,0.25292375683784485,0.633185863494873,3,6
calib_04673,0.34596097469329834,0.5526418089866638,6,11
calib_04674,0.6825472116470337,0.4081604480743408,8,6
calib_04675,0.24830637872219086,0.3040684759616852,3,1
calib_04676,0.39300552010536194,0.40356016159057617,6,7
calib_04677,0.648504912853241,0.48338451981544495,5,8
calib_04678,0.4201121926307678,0.43963560461997986,7,9
calib_04679,0.32996392250061035,0.6944416761398315,7,8
calib_04680,0.3592243194580078,0.3333309292793274,4,5
calib_04681,0.3094179332256317,0.7576769590377808,8,8
calib_04682,0.5332159399986267,0.4820999503135681,7,8
calib_04683,0.6906599998474121,0.524457573890686,4,8
calib_04684,0.5047904849052429,0.5698025226593018,6,9
calib_04685,0.39646637439727783,0.5103756785392761,8,6
calib_04686,0.4508174657821655,0.6319334506988525,8,10
calib_04687,0.36113789677619934,0.6180022954940796,6,10
calib_04688,0.0,0.40556779503822327,0,7
calib_04689,0.29182547330856323,0.5619364976882935,4,6
calib_04690,0.3979555666446686,0.4115375280380249,7,2
calib_04691,0.3079683482646942,0.5934266448020935,6,7
calib_04692,0.3637794554233551,0.3095802068710327,10,8
calib_04693,0.6407527327537537,0.647911012172699,11,1
calib_04694,0.2874411940574646,0.42319032549858093,5,7
calib_04695,0.5514199733734131,0.0,6,0
calib_04696,0.9958142638206482,0.6732221841812134,6,4
calib_04697,0.2909136712551117,0.4083329141139984,6,6
calib_04698,0.5484937429428101,0.4192769229412079,3,6
calib_04699,0.6020040512084961,0.5274171233177185,6,3
calib_04700,0.4830173850059509,0.7239173650741577,5,8
calib_04701,0.32126906514167786,0.507506787776947,5,0
calib_04702,0.7133869528770447,0.23248843848705292,9,2
calib_04703,0.43280160427093506,0.4603559076786041,13,5
calib_04704,0.4890546500682831,0.4005222022533417,14,7
calib_04705,0.5638577342033386,0.6862810254096985,6,6
calib_04706,0.34983596205711365,0.5129280686378479,5,6
calib_04707,0.43996158242225647,0.7063079476356506,7,15
calib_04708,0.5516383051872253,0.6955384016036987,6,10
calib_04709,0.6092199683189392,0.45319321751594543,14,7
calib_04710,0.49503907561302185,0.6679006218910217,11,11
calib_04711,0.8537977933883667,0.5322057008743286,5,4
calib_04712,0.7103666663169861,0.6730928421020508,13,19
calib_04713,0.18664836883544922,0.5627428889274597,2,7
calib_04714,0.7431557178497314,0.45404815673828125,9,8
calib_04715,0.4061485528945923,0.8942725658416748,6,6
calib_04716,0.34495630860328674,0.4613661468029022,5,13
calib_04717,0.4469272792339325,0.608579158782959,6,10
calib_04718,0.4187867045402527,0.6441377401351929,5,2
calib_04719,0.3157329559326172,0.4317726194858551,7,6
calib_04720,0.36002734303474426,0.47714748978614807,2,15
calib_04721,0.43187451362609863,0.6239247918128967,7,9
calib_04722,0.5573181509971619,0.5474566221237183,9,10
calib_04723,0.0,0.4317781329154968,0,16
calib_04724,0.0,0.9249400496482849,0,11
calib_04725,0.3426183760166168,0.40207234025001526,3,7
calib_04726,0.38513439893722534,0.32886743545532227,7,8
calib_04727,0.32607585191726685,0.4203256666660309,3,10
calib_04728,0.776421070098877,0.30508264899253845,7,5
calib_04729,0.38078832626342773,0.4658658504486084,8,5
calib_04730,0.4373711049556732,0.4054575264453888,7,3
calib_04731,0.525665819644928,0.26935333013534546,7,1
calib_04732,0.0,0.5100426077842712,0,6
calib_04733,0.18173958361148834,0.33104437589645386,1,6
calib_04734,0.4922075569629669,0.4724179208278656,6,10
calib_04735,0.5119677186012268,0.42686226963996887,7,6
calib_04736,0.6073093414306641,0.0,9,0
calib_04737,0.8096003532409668,0.5413742661476135,7,6
calib_04738,0.2918885350227356,0.6230689287185669,1,7
calib_04739,0.768302321434021,0.3759200870990753,7,1
calib_04740,0.781965434551239,0.0,9,0
calib_04741,0.31698930263519287,0.6299100518226624,4,7
calib_04742,0.4870034158229828,0.4006141424179077,6,9
calib_04743,0.3673178255558014,0.7777402997016907,6,6
calib_04744,0.6759507656097412,0.43137580156326294,18,9
calib_04745,0.37789973616600037,0.3349001705646515,5,6
calib_04746,0.6960511803627014,0.36876991391181946,12,5
calib_04747,0.6170478463172913,0.3595704734325409,13,3
calib_04748,0.4883439838886261,0.3629189431667328,9,6
calib_04749,0.6051270365715027,0.6299083232879639,7,9
calib_04750,0.512147843837738,0.40904751420021057,6,7
calib_04751,0.48948541283607483,0.4340786933898926,9,12
calib_04752,0.4727332592010498,0.2909175157546997,14,8
calib_04753,0.5797203779220581,0.2867080271244049,4,3
calib_04754,0.6070258021354675,0.5852853059768677,6,7
calib_04755,0.23408490419387817,0.29107189178466797,2,5
calib_04756,0.6393397450447083,0.33498454093933105,11,4
calib_04757,0.694555401802063,0.41184231638908386,0,14
calib_04758,0.38568785786628723,0.5005051493644714,8,5
calib_04759,0.18916963040828705,0.2497107833623886,6,3
calib_04760,0.3207663297653198,0.3774729073047638,3,7
calib_04761,0.6810358166694641,0.9254075884819031,6,6
calib_04762,0.3157981038093567,0.7761757969856262,5,5
calib_04763,0.549665629863739,0.43006986379623413,19,16
calib_04764,0.4936017692089081,0.39120182394981384,16,13
calib_04765,0.2673197090625763,0.2946421802043915,4,9
calib_04766,0.6979348659515381,0.7156977653503418,12,6
calib_04767,0.3313654363155365,0.5473611354827881,9,17
calib_04768,0.44400349259376526,0.5923565626144409,12,15
calib_04769,0.6491174101829529,0.49122709035873413,10,7
calib_04770,0.48994025588035583,0.23717910051345825,12,2
calib_04771,0.43306905031204224,0.5988631248474121,10,12
calib_04772,0.775459885597229,0.5988093018531799,2,6
calib_04773,0.5609217286109924,0.7984521985054016,6,6
calib_04774,0.4196796119213104,0.5516968965530396,4,6
calib_04775,0.405203253030777,0.4849757254123688,5,5
calib_04776,0.7553321123123169,0.4896761476993561,5,1
calib_04777,0.36705806851387024,0.6694974303245544,11,10
calib_04778,0.4317223131656647,0.4549151062965393,5,5
calib_04779,0.43138042092323303,0.476480096578598,7,3
calib_04780,0.5265291333198547,0.8187043070793152,9,10
calib_04781,0.586159348487854,0.5359992384910583,8,6
calib_04782,0.27097994089126587,0.4780278205871582,2,13
calib_04783,0.2848568260669708,0.5597323775291443,1,13
calib_04784,0.0,0.6113706827163696,0,8
calib_04785,0.5224629640579224,0.3550812304019928,13,8
calib_04786,0.5697957873344421,0.21948963403701782,15,3
calib_04787,0.2508643865585327,0.23804646730422974,5,1
calib_04788,0.5493641495704651,0.5038496255874634,6,6
calib_04789,0.47792449593544006,0.5571320652961731,3,9
calib_04790,0.6286476850509644,0.42735499143600464,12,5
calib_04791,0.5129127502441406,0.40235114097595215,8,8
calib_04792,0.20360565185546875,0.521517276763916,1,8
calib_04793,0.6955026388168335,0.47431638836860657,15,13
calib_04794,0.4916883111000061,0.6589556932449341,13,21
calib_04795,0.49380093812942505,0.7367628216743469,15,20
calib_04796,0.4891646206378937,0.44450101256370544,8,8
calib_04797,0.5309163331985474,0.6304502487182617,12,15
calib_04798,0.0,0.5260317325592041,0,9
calib_04799,0.3624503016471863,0.535153329372406,7,8
calib_04800,0.5651074051856995,0.49380454421043396,14,16
calib_04801,0.6483684182167053,0.6833063364028931,6,5
calib_04802,0.23611250519752502,0.4327332079410553,2,7
calib_04803,0.8134975433349609,0.4378419816493988,9,8
calib_04804,0.46988552808761597,0.6126143932342529,4,6
calib_04805,0.31972986459732056,0.5055226683616638,8,6
calib_04806,0.39517319202423096,0.7080991864204407,3,7
calib_04807,0.4881431758403778,0.4268862307071686,14,12
calib_04808,0.5310142636299133,0.4274970591068268,4,6
calib_04809,0.45592454075813293,0.4852059781551361,8,8
calib_04810,0.3078159689903259,0.5499861240386963,5,12
calib_04811,0.0,0.3685406446456909,0,9
calib_04812,0.5138033032417297,0.412600040435791,7,7
calib_04813,0.42250603437423706,0.4739435911178589,10,4
calib_04814,0.3936847448348999,0.6478824615478516,2,4
calib_04815,0.4457220137119293,0.5044573545455933,10,8
calib_04816,0.2852012813091278,0.6638528108596802,1,7
calib_04817,0.4590432643890381,0.8113916516304016,5,8
calib_04818,0.6339669823646545,0.4636843800544739,5,5
calib_04819,0.4333994686603546,0.6860601305961609,13,8
calib_04820,0.4786618649959564,0.33357980847358704,7,7
calib_04821,0.5722119212150574,0.5250978469848633,9,8
calib_04822,0.3719267249107361,0.6432942152023315,5,8
calib_04823,0.40672844648361206,0.52158123254776,14,11
calib_04824,0.5438433289527893,0.0,11,0
calib_04825,0.0,0.556830644607544,0,6
calib_04826,0.565894365310669,0.2712727189064026,8,2
calib_04827,0.27685022354125977,0.0,8,0
calib_04828,0.30092278122901917,0.5084840059280396,7,14
calib_04829,0.8093770742416382,0.3208469748497009,5,2
calib_04830,0.541664719581604,0.5264207720756531,10,7
calib_04831,0.4604872167110443,0.3338046669960022,8,4
calib_04832,0.35143154859542847,0.0,10,0
calib_04833,0.46387147903442383,0.47472497820854187,6,6
calib_04834,0.43004167079925537,0.4440409243106842,13,6
calib_04835,0.5532757639884949,0.5335316061973572,8,7
calib_04836,0.5489683747291565,0.4322819113731384,8,16
calib_04837,0.7184048295021057,0.24529950320720673,11,2
calib_04838,0.8281934261322021,0.39657384157180786,9,6
calib_04839,0.3146272897720337,0.41840898990631104,4,9
calib_04840,0.39420709013938904,0.47977662086486816,2,16
calib_04841,0.554432213306427,0.49548736214637756,6,6
calib_04842,0.33800962567329407,0.5520497560501099,4,18
calib_04843,0.29020076990127563,0.5023218393325806,2,10
calib_04844,0.8032031059265137,0.637717604637146,6,6
calib_04845,0.3380483090877533,0.5197950005531311,9,15
calib_04846,0.4550166726112366,0.4546540379524231,8,3
calib_04847,0.6870570778846741,0.2914530336856842,7,3
calib_04848,0.3361254930496216,0.5489934086799622,6,8
calib_04849,0.741809070110321,0.29241859912872314,17,1
calib_04850,0.5394606590270996,0.5068492889404297,4,4
calib_04851,0.36667999625205994,0.6407649517059326,8,6
calib_04852,0.5219288468360901,0.4081133008003235,8,5
calib_04853,0.30254578590393066,0.5952928066253662,5,12
calib_04854,0.5178102850914001,0.509462296962738,20,11
calib_04855,0.594958484172821,0.3799816966056824,7,5
calib_04856,0.43105921149253845,0.4378007650375366,3,18
calib_04857,0.6833269596099854,0.595180332660675,5,4
calib_04858,0.5267640948295593,0.3210492730140686,15,5
calib_04859,0.4980948567390442,0.0,11,0
calib_04860,0.8583669662475586,0.971247136592865,10,11
calib_04861,0.34835284948349,0.5752186179161072,4,13
calib_04862,0.44016969203948975,0.9059054255485535,11,14
calib_04863,0.5981106162071228,0.8922846913337708,12,15
calib_04864,0.5562714338302612,0.8443538546562195,12,15
calib_04865,0.8457648158073425,0.7915859818458557,15,11
calib_04866,0.7375223636627197,0.9969990849494934,20,20
calib_04867,0.5072861909866333,0.36988043785095215,5,4
calib_04868,0.9860326051712036,0.6810588240623474,20,20
calib_04869,0.9816296696662903,0.5842497944831848,20,19
calib_04870,0.731347382068634,0.5468122363090515,6,7
calib_04871,0.9941869974136353,0.63748699426651,20,20
calib_04872,0.6183035969734192,0.5631559491157532,13,10
calib_04873,0.49765512347221375,0.5018359422683716,13,9
calib_04874,0.5438913106918335,0.5621222257614136,12,11
calib_04875,0.4746008813381195,0.6204348802566528,10,7
calib_04876,0.0,0.7267580032348633,0,15
calib_04877,0.6685370802879333,0.2778906524181366,12,1
calib_04878,0.4639044404029846,0.49012985825538635,5,5
calib_04879,0.6376886963844299,0.49754899740219116,14,5
calib_04880,0.6365737318992615,0.9945012927055359,10,10
calib_04881,0.4188847839832306,0.6317816376686096,17,17
calib_04882,0.44308480620384216,0.5871515274047852,16,7
calib_04883,0.7412580847740173,0.42212992906570435,10,11
calib_04884,0.47871407866477966,0.5362576246261597,10,10
calib_04885,0.37547340989112854,0.6658133864402771,8,11
calib_04886,0.5990089178085327,0.5291295647621155,10,6
calib_04887,0.9449883699417114,0.7490720748901367,20,18
calib_04888,0.4436067044734955,0.4840320944786072,5,4
calib_04889,0.5193318724632263,0.4687563478946686,7,6
calib_04890,0.9240001440048218,0.6755646467208862,20,20
calib_04891,0.8516358137130737,0.6506417989730835,13,12
calib_04892,0.8359841108322144,0.4012683033943176,14,8
calib_04893,0.3985644578933716,0.25557634234428406,9,2
calib_04894,0.7174370288848877,0.665738582611084,9,14
calib_04895,0.5934162139892578,0.9856597781181335,8,10
calib_04896,0.7073749899864197,0.469894140958786,10,2
calib_04897,0.44822049140930176,0.8102371692657471,6,12
calib_04898,0.5531142950057983,0.6160578727722168,2,9
calib_04899,0.6962655186653137,0.9750908017158508,8,10
calib_04900,0.18843699991703033,0.5993068218231201,1,10
calib_04901,0.4849552810192108,0.8611679077148438,1,8
calib_04902,0.47596925497055054,0.29678875207901,7,4
calib_04903,0.47226682305336,0.9225095510482788,6,10
calib_04904,0.5429483652114868,0.6476946473121643,5,13
calib_04905,0.3559739291667938,0.6406819820404053,6,9
calib_04906,0.445532888174057,0.6410470604896545,8,10
calib_04907,0.43099698424339294,0.4001255929470062,11,2
calib_04908,0.3490404188632965,0.6867225170135498,2,6
calib_04909,0.5446397066116333,0.5066967010498047,12,8
calib_04910,0.3913708031177521,0.4245128631591797,3,12
calib_04911,0.6561362743377686,0.41998299956321716,10,2
calib_04912,0.41438397765159607,0.41459599137306213,6,4
calib_04913,0.4519982933998108,0.47375646233558655,10,13
calib_04914,0.533180832862854,0.7113474607467651,2,8
calib_04915,0.0,0.4231223464012146,0,15
calib_04916,0.5430988073348999,0.5248047709465027,5,9
calib_04917,0.8924241065979004,0.503844678401947,7,6
calib_04918,0.4956202507019043,0.5047516226768494,11,10
calib_04919,0.3834005892276764,0.4581076204776764,3,9
calib_04920,0.5425831079483032,0.810584545135498,9,10
calib_04921,0.5249280333518982,0.35846027731895447,3,3
calib_04922,0.5947144627571106,0.4079964756965637,3,5
calib_04923,0.2775571346282959,0.36595410108566284,6,10
calib_04924,0.5153581500053406,0.3665858209133148,5,5
calib_04925,0.3511357307434082,0.5370988845825195,9,9
calib_04926,0.47150272130966187,0.4335668087005615,2,3
calib_04927,0.4790184199810028,0.4774664044380188,3,5
calib_04928,0.6583169102668762,0.5191812515258789,7,4
calib_04929,0.39649882912635803,0.5947203040122986,4,7
calib_04930,0.5542111992835999,0.5407233238220215,7,10
calib_04931,0.37298721075057983,0.37368085980415344,15,14
calib_04932,0.29358845949172974,0.33891505002975464,5,8
calib_04933,0.11707960069179535,0.7022237181663513,1,13
calib_04934,0.663527250289917,0.4816131591796875,13,14
calib_04935,0.6422238349914551,0.7704958915710449,5,5
calib_04936,0.6599154472351074,0.8435288071632385,4,4
calib_04937,0.3654913008213043,0.9640472531318665,6,6
calib_04938,0.4209982454776764,0.9898166656494141,4,10
calib_04939,0.48681074380874634,0.3825052082538605,15,11
calib_04940,0.9922682046890259,0.5703646540641785,10,7
calib_04941,0.37554556131362915,0.0,8,0
calib_04942,0.39545738697052,0.17552149295806885,8,2
calib_04943,0.0,0.5554612278938293,0,8
calib_04944,0.9272662997245789,0.7815054059028625,10,9
calib_04945,0.1429055780172348,0.5239160656929016,1,11
calib_04946,0.4890124201774597,0.6373772621154785,5,7
calib_04947,0.6136121153831482,0.9246810078620911,8,10
calib_04948,0.46756547689437866,0.9979501962661743,4,4
calib_04949,0.7232624888420105,0.9981808066368103,6,6
calib_04950,0.7479454278945923,0.6914643049240112,11,11
calib_04951,0.6146568059921265,0.5549978017807007,18,16
calib_04952,0.7061299085617065,0.6943804025650024,7,7
calib_04953,0.5289057493209839,0.4692482650279999,5,6
calib_04954,0.3457309901714325,0.701327919960022,6,5
calib_04955,0.5961264967918396,0.51976078748703,14,14
calib_04956,0.6558508276939392,0.8853622078895569,9,12
calib_04957,0.6498076915740967,0.4526273012161255,16,8
calib_04958,0.713209331035614,0.3158593475818634,7,5
calib_04959,0.4917876124382019,0.5174996256828308,0,9
calib_04960,0.0,0.4476587772369385,0,17
calib_04961,0.5302219986915588,0.7106784582138062,5,7
calib_04962,0.6713854670524597,0.6014013290405273,13,14
calib_04963,0.5749337673187256,0.5815946459770203,8,7
calib_04964,0.2179701179265976,0.9043108820915222,1,3
calib_04965,0.399196594953537,0.7060051560401917,7,6
calib_04966,0.4434560239315033,0.7293956279754639,5,10
calib_04967,0.5459384918212891,0.57936030626297,8,9
calib_04968,0.9542944431304932,0.7622206807136536,12,8
calib_04969,0.53511643409729,0.454037606716156,10,9
calib_04970,0.9314732551574707,0.7803319096565247,7,7
calib_04971,0.6512286067008972,0.5433685183525085,9,6
calib_04972,0.508062481880188,0.6374001502990723,13,14
calib_04973,0.3966951370239258,0.4581310451030731,5,6
calib_04974,0.472687304019928,0.4509771168231964,5,4
calib_04975,0.8614251017570496,0.6999034881591797,7,6
calib_04976,0.42573246359825134,0.8587749600410461,3,4
calib_04977,0.7244553565979004,0.37094348669052124,9,1
calib_04978,0.5618923306465149,0.5545663833618164,13,3
calib_04979,0.6230963468551636,0.209132120013237,9,1
calib_04980,0.4165347218513489,0.42917600274086,5,9
calib_04981,0.24751615524291992,0.29211196303367615,5,7
calib_04982,0.4844326972961426,0.6247244477272034,6,6
calib_04983,0.2650039494037628,0.4370568096637726,6,7
calib_04984,0.34065574407577515,0.5408257842063904,2,4
calib_04985,0.40208908915519714,0.6644027233123779,3,5
calib_04986,0.5811636447906494,0.23643605411052704,6,3
calib_04987,0.0,0.4126547873020172,0,6
calib_04988,0.625058114528656,0.0,6,0
calib_04989,0.5520490407943726,0.5827597379684448,4,5
calib_04990,0.6387732028961182,0.40749919414520264,1,1
calib_04991,0.5198196768760681,0.46743178367614746,13,2
calib_04992,0.6231512427330017,0.6091352701187134,6,8
calib_04993,0.6195340156555176,0.35292503237724304,10,3
calib_04994,0.393542617559433,0.5654597878456116,10,7
calib_04995,0.627515435218811,0.6617761850357056,5,5
calib_04996,0.21139559149742126,0.35436317324638367,5,3
calib_04997,0.46565571427345276,0.539629340171814,7,9
calib_04998,0.8172327876091003,0.15961195528507233,7,1
calib_04999,0.40429651737213135,0.2550634741783142,6,2
calib_05000,0.5882678627967834,0.0,7,0
calib_05001,0.34063100814819336,0.34205183386802673,6,6
calib_05002,0.2784270644187927,0.5699478983879089,5,6
calib_05003,0.6630445718765259,0.8735715746879578,3,5
calib_05004,0.4319726526737213,0.43766120076179504,10,6
calib_05005,0.6641055345535278,0.3988178074359894,9,6
calib_05006,0.36856019496917725,0.5214844942092896,9,9
calib_05007,0.617500364780426,0.5664785504341125,7,8
calib_05008,0.49771344661712646,0.5289905667304993,8,7
calib_05009,0.38894879817962646,0.6899170279502869,9,6
calib_05010,0.6793322563171387,0.8220912218093872,6,9
calib_05011,0.6725616455078125,0.6004942655563354,10,8
calib_05012,0.7205183506011963,0.5744937062263489,4,4
calib_05013,0.26168957352638245,0.437844455242157,4,8
calib_05014,0.4480147361755371,0.5024791955947876,6,8
calib_05015,0.4843653440475464,0.5195977687835693,8,11
calib_05016,0.4989567697048187,0.5414629578590393,5,7
calib_05017,0.5417677760124207,0.331030011177063,7,10
calib_05018,0.6206514835357666,0.5593452453613281,9,10
calib_05019,0.6868761777877808,0.0,17,0
calib_05020,0.3476406931877136,0.5245607495307922,7,4
calib_05021,0.6200960874557495,0.5030110478401184,4,3
calib_05022,0.7959502339363098,0.3470917344093323,7,4
calib_05023,0.5727807283401489,0.44134676456451416,9,13
calib_05024,0.6075239181518555,0.0,4,0
calib_05025,0.5479040741920471,0.3963280916213989,7,3
calib_05026,0.7208934426307678,0.55815589427948,11,12
calib_05027,0.4595645070075989,0.5875504016876221,5,6
calib_05028,0.570402204990387,0.8421822786331177,4,9
calib_05029,0.4734283983707428,0.0,5,0
calib_05030,0.6015233993530273,0.32775309681892395,7,4
calib_05031,0.4156797230243683,0.0,13,0
calib_05032,0.46134448051452637,0.5055873990058899,5,12
calib_05033,0.34926900267601013,0.5501967668533325,6,8
calib_05034,0.24703392386436462,0.5018144249916077,5,10
calib_05035,0.45425334572792053,0.27290236949920654,4,2
calib_05036,0.5109308958053589,0.33864790201187134,5,1
calib_05037,0.5052989721298218,0.5410012602806091,9,6
calib_05038,0.6148690581321716,0.5473505258560181,7,7
calib_05039,0.4063650667667389,0.5725431442260742,6,11
calib_05040,0.760974109172821,0.45208093523979187,9,7
calib_05041,0.47659748792648315,0.5650350451469421,5,6
calib_05042,0.45511916279792786,0.6993818879127502,7,10
calib_05043,0.0,0.6122609376907349,0,10
