image_id,s_x,s_rot,len_x,len_rot,text_x,text_rot
calib_00000,0.6204146146774292,0.358316570520401,4,3,uten,31n
calib_00001,0.6540395021438599,0.38862842321395874,2,2,Pc,ad
calib_00002,0.5571231245994568,0.21994470059871674,3,2,T.T,LT
calib_00003,0.9827932715415955,0.2541140019893646,7,3,SHERBET,SNE
calib_00004,0.42707929015159607,0.43218421936035156,3,4,SAG,gyle
calib_00005,0.8427273631095886,0.7655656337738037,3,4,AAA,ASAN
calib_00006,0.8629818558692932,0.4451501965522766,6,4,Dafing,PUPO
calib_00007,0.18515987694263458,0.9209384322166443,1,2,A,AL
calib_00008,0.7460297346115112,0.844017744064331,5,6,DOCON,"41,200"
calib_00009,0.0,0.0,0,0,,
calib_00010,0.4806576371192932,0.2545623183250427,4,4,Thta,CnUr
calib_00011,0.6671625375747681,0.74994957447052,5,5,tsIst,15151
calib_00012,0.3288102149963379,0.7887736558914185,2,2,7A,F4
calib_00013,0.9729906320571899,0.8167033195495605,2,2,98,BG
calib_00014,0.2560501992702484,0.7637594938278198,1,2,>,47
calib_00015,0.4130166172981262,0.8900295495986938,2,5,ee,etc.:
calib_00016,0.6880552768707275,0.3137666881084442,8,7,Kamkooes,1O0OUex
calib_00017,0.83823561668396,0.4679321050643921,3,3,YAJ,AAA
calib_00018,0.9995783567428589,0.35702621936798096,10,9,Supplement,Suewaddng
calib_00019,0.44762954115867615,0.9677730798721313,7,8,o1-0-01,Tag-a-To
calib_00020,0.9987003207206726,0.9231168627738953,3,3,Guy,Ang
calib_00021,0.692015528678894,0.6435990929603577,4,4,andd,Pgup
calib_00022,0.599812388420105,0.5588258504867554,2,2,AC,OB
calib_00023,0.23124127089977264,0.996903121471405,5,6,CAAIS,GRATIS
calib_00024,0.0,0.0,0,0,,
calib_00025,0.6284947395324707,0.36657753586769104,6,2,Uiverd,mn
calib_00026,0.2284003645181656,0.8717548251152039,4,5,cunn,Compe
calib_00027,0.4445353150367737,0.37059319019317627,4,4,1096,24R0
calib_00028,0.20033027231693268,0.9007492065429688,6,8,Nuoaie,Nicoting
calib_00029,0.5739736557006836,0.3496558666229248,4,4,eaid,2iee
calib_00030,0.735872209072113,0.2476416826248169,3,2,Pun,Fe
calib_00031,0.8438934087753296,0.3838060796260834,9,3,farmiands,pen
calib_00032,0.6184110045433044,0.6448470950126648,6,6,INUDND,ENCINE
calib_00033,0.2954098582267761,0.3060452938079834,1,1,2,2
calib_00034,0.932298481464386,0.2560938000679016,5,5,Sudca,Snuie
calib_00035,0.7493295669555664,0.4504173994064331,1,1,t,m
calib_00036,0.6328978538513184,0.5917914509773254,4,2,Jave,UD
calib_00037,0.564262330532074,0.33088937401771545,2,2,60,49
calib_00038,0.3680124580860138,0.9973127245903015,4,5,V£/j,f/3.4
calib_00039,0.0,0.10624973475933075,0,1,,W
calib_00040,0.834625244140625,0.9955422282218933,5,5,CIVMY,AWARD
calib_00041,0.0,0.36490222811698914,0,6,,phrlno
calib_00042,0.15580792725086212,0.4287128150463104,1,1,1,h
calib_00043,0.4636446535587311,0.5877358913421631,3,5,MpS,ufnet
calib_00044,0.3758523762226105,0.2358919382095337,2,1,RU,D
calib_00045,0.998386800289154,0.24764850735664368,7,1,Holywel,e
calib_00046,0.4385336637496948,0.4910145699977875,1,2,V,MA
calib_00047,0.31524911522865295,0.6741847991943359,4,4,+GR0,myo+
calib_00048,0.4892503619194031,0.382931113243103,2,1,Au,n
calib_00049,0.41778621077537537,0.6001251339912415,1,2,8,IR
calib_00050,0.7189211845397949,0.18505483865737915,6,4,MeQvey,Jonw
calib_00051,0.0,0.0,0,0,,
calib_00052,0.20323418080806732,0.9574266076087952,18,27,rantocaonttoraeecc,http.llcheyou360.taobao.com
calib_00053,0.9725664854049683,0.41333937644958496,9,3,Décor & A,VAA
calib_00054,0.7034049034118652,0.3541126549243927,8,4,VARINAIT,SLSA
calib_00055,0.7950632572174072,0.43242302536964417,6,6,KALLSI,16114N
calib_00056,0.9585959315299988,0.8012706637382507,2,2,OL,70
calib_00057,0.29380154609680176,0.9437336325645447,2,13,LA,I.A.Eifenmann
calib_00058,0.99781334400177,0.5740407705307007,5,5,SONAR,SVAAA
calib_00059,0.776213526725769,0.34635278582572937,4,3,NAME,JWN
calib_00060,0.1902008354663849,0.5036343932151794,4,3,tAWs,SVE
calib_00061,0.9982123970985413,0.21071219444274902,22,13,xiaomeng168.taobao.com,urrarettrecnx
calib_00062,0.9889331459999084,0.5822632312774658,4,3,MENT,ENL
calib_00063,0.0,0.0,0,0,,
calib_00064,0.825592577457428,0.6129888892173767,3,1,463,%
calib_00065,0.09431623667478561,0.5596400499343872,1,2,V,RA
calib_00066,0.3744128942489624,0.752862274646759,2,3,en,ita
calib_00067,0.7005497217178345,0.6556571125984192,2,2,mu,mW
calib_00068,0.22282469272613525,0.7873911261558533,2,10,ea,xhibitedar
calib_00069,0.7270328998565674,0.6498233079910278,6,6,GAZ2BO,DHRNTY
calib_00070,0.6231071949005127,0.4098842442035675,2,2,TT,AL
calib_00071,0.19519181549549103,0.2788550555706024,1,1,D,4
calib_00072,0.8654814958572388,0.6049349308013916,18,18,WELISEAPCOADVISORS,S8OSTAOYTCJ8TZSTEM
calib_00073,0.8130094408988953,0.4919438064098358,3,3,BAD,JAR
calib_00074,0.31916674971580505,0.4972277283668518,3,4,B13,Esth
calib_00075,0.4842219054698944,0.5425642132759094,1,6,u,Tom en
calib_00076,0.895081639289856,0.4502657949924469,2,3,11,111
calib_00077,0.7743167877197266,0.6859792470932007,2,2,17,61
calib_00078,0.3605252504348755,0.9991582036018372,3,4,PaS,PRIS
calib_00079,0.5558067560195923,0.3473861813545227,1,1,S,S
calib_00080,0.917389452457428,0.6831696629524231,6,6,Curren,uanine
calib_00081,0.4230116307735443,0.9367644786834717,6,6,adadde,appean
calib_00082,0.7994096875190735,0.7328607439994812,3,3,ing,Bay
calib_00083,0.6545940041542053,0.9225888848304749,10,11,saldeopurs,Sondekapies
calib_00084,0.4405175447463989,0.18608221411705017,2,1,PE,R
calib_00085,0.8145276308059692,0.6839043498039246,1,1,J,-
calib_00086,0.5130815505981445,0.4651806950569153,3,2,A S,"-"""
calib_00087,0.47550612688064575,0.5986506938934326,5,6,GAAIN,NiLVMS
calib_00088,0.5147541761398315,0.9492883682250977,5,6,S1668,5/1958
calib_00089,0.37283921241760254,0.9888014793395996,3,3,800,810
calib_00090,0.3541181981563568,0.25902342796325684,3,4,Pie,Cled
calib_00091,0.6260794401168823,0.8073878884315491,2,3,81,18.
calib_00092,0.5437147617340088,0.5159019231796265,3,3,300,506
calib_00093,0.9877076148986816,0.9606195688247681,3,2,NO.,ON
calib_00094,0.9977743625640869,0.48897647857666016,3,3,ICT,LCT
calib_00095,0.3450852334499359,0.3730661869049072,1,2,1,Cl
calib_00096,0.28507766127586365,0.9875615239143372,4,3,AaaY,2AV
calib_00097,0.6123071312904358,0.45669806003570557,3,3,273,cc2
calib_00098,0.0,0.0,0,0,,
calib_00099,0.0,0.8534213900566101,0,3,,loj
calib_00100,0.5531578660011292,0.20300237834453583,3,3,140,110
calib_00101,0.32155507802963257,0.5040634870529175,1,1,4,k
calib_00102,0.9571634531021118,0.15275418758392334,5,2,BREAD,B3
calib_00103,0.9996953010559082,0.7539229393005371,2,2,20,20
calib_00104,0.40191957354545593,0.0,3,0,Con,
calib_00105,0.8406573534011841,0.6864572167396545,5,4,CWloc,JOTM
calib_00106,0.4399823844432831,0.9950668811798096,2,2,4p,th
calib_00107,0.9796507954597473,0.4323156476020813,5,5,TELLA,ITLLA
calib_00108,0.29844561219215393,0.7753261923789978,6,16,TTAM-Y,LEE RR-WAMD.D.S.
calib_00109,0.5469808578491211,0.9667849540710449,2,2,10,al
calib_00110,0.9187009930610657,0.9976776242256165,1,1,9,6
calib_00111,0.8725950717926025,0.3727211356163025,2,2,Co,00
calib_00112,0.2512481212615967,0.6687265038490295,5,5,S00SS,Looks
calib_00113,0.6853331327438354,0.21164825558662415,5,2,feffe,A5
calib_00114,0.9992610812187195,0.3935694992542267,7,6,BW400CN,GOOOCN
calib_00115,0.991357684135437,0.4128037095069885,5,5,Proc.,PPood
calib_00116,0.44979482889175415,0.6836973428726196,2,2,30,DE
calib_00117,0.0,0.2300831824541092,0,4,,CHNI
calib_00118,0.5242311358451843,0.4933497905731201,1,1,I,","
calib_00119,0.5246263146400452,0.806117057800293,6,8,B252-T,432-2528
calib_00120,0.1969698667526245,0.4921618402004242,3,6,A0B,FRITED
calib_00121,0.7893205881118774,0.6610451936721802,1,2,8,80
calib_00122,0.4121723175048828,0.5060663223266602,5,4,DATHE,CHLE
calib_00123,0.9975511431694031,0.5028301477432251,2,2,be,x4
calib_00124,0.40309178829193115,0.9495097994804382,3,5,Neh,valti
calib_00125,0.39558902382850647,0.4864182472229004,4,4,119S,SeTC
calib_00126,0.8966996669769287,0.770020067691803,2,2,de,PT
calib_00127,0.6296753287315369,0.3359142541885376,2,2,55,5T
calib_00128,0.0,0.15342497825622559,0,1,,B
calib_00129,0.7509332895278931,0.22532156109809875,1,2,J,a0
calib_00130,0.0,0.0,0,0,,
calib_00131,0.848656952381134,0.6296911835670471,3,3,980,088
calib_00132,0.36859533190727234,0.9589036703109741,7,8,MEERDIW,MICHELIN
calib_00133,0.6332372426986694,0.14281246066093445,1,1,3,%
calib_00134,0.9990332722663879,0.2221100628376007,7,5,sistemi,Sssed
calib_00135,0.5860180854797363,0.24886809289455414,2,1,bo,5
calib_00136,0.3054174780845642,0.09224648773670197,1,1,K,X
calib_00137,0.4062296450138092,0.5988729596138,3,4,awy,Jagy
calib_00138,0.4195658266544342,0.5535758137702942,4,4,seel,1438
calib_00139,0.7916558384895325,0.5207089185714722,7,5,burcomp,ducna
calib_00140,0.4721890091896057,0.27585214376449585,4,2,dile,JP
calib_00141,0.08077442646026611,0.17522788047790527,1,1,-,-
calib_00142,0.36651283502578735,0.8509349822998047,4,8,TTEE,EXINGILE
calib_00143,0.9530700445175171,0.3620789349079132,14,5,First Republic,FRBIL
calib_00144,0.5991910099983215,0.9797409176826477,4,6,IAAA,ITALIA
calib_00145,0.16069956123828888,0.572062075138092,1,3,4,3SP
calib_00146,0.5278211832046509,0.937129557132721,4,4,TARZ,2271
calib_00147,0.3157750964164734,0.5661458969116211,1,2,O,10
calib_00148,0.0,0.19351528584957123,0,1,,I
calib_00149,0.38833940029144287,0.5622533559799194,2,2,00,oo
calib_00150,0.3588441014289856,0.8832552433013916,4,8,CEEN,CENATIUN
calib_00151,0.5463534593582153,0.4985882043838501,2,2,20,01
calib_00152,0.9960055947303772,0.9745921492576599,1,1,H,H
calib_00153,0.6434115171432495,0.5498199462890625,1,4,n,OURT
calib_00154,0.43935561180114746,0.9113317131996155,5,6,VOIN),(MICA)
calib_00155,0.1962200552225113,0.2533610463142395,1,1,H,S
calib_00156,0.666761040687561,0.4415920674800873,4,3,ARTS,FUY
calib_00157,0.6786566972732544,0.4360669255256653,7,7,FRRKING,ONEAFNR
calib_00158,0.47502946853637695,0.7832785844802856,1,2,S,S.
calib_00159,0.740291953086853,0.5737646222114563,4,2,2011,ho
calib_00160,0.6129641532897949,0.3661235570907593,2,1,10,O
calib_00161,0.5097684860229492,0.22583359479904175,6,4,ROLEAT,AUEE
calib_00162,0.5957846641540527,0.9061935544013977,4,4,A'dd,PP.t
calib_00163,0.7673153281211853,0.5468803644180298,5,5,KJ/AL,SHICS
calib_00164,0.9967235326766968,0.3311116397380829,17,8,IMMOBILIENZENTRUM,WMLILIWW
calib_00165,0.40436163544654846,0.213878333568573,4,2,PIRE,14
calib_00166,0.8096088767051697,0.7937861680984497,6,2,Boudle,og
calib_00167,0.0,0.781017541885376,0,16,,capensis (Bain::
calib_00168,0.20084941387176514,0.6139153242111206,4,4,0a2N,NEED
calib_00169,0.779757022857666,0.7614821195602417,4,4,1015,STOL
calib_00170,0.9993076324462891,0.48271942138671875,4,3,Kill,HII
calib_00171,0.35052981972694397,0.0,2,0,20,
calib_00172,0.5111781358718872,0.8842587471008301,5,6,TAOOL,TAMONL
calib_00173,0.441039502620697,0.5416877269744873,2,3,A7,WAT
calib_00174,0.6314281225204468,0.8363562822341919,2,2,S1,TS
calib_00175,0.9708712100982666,0.5826838612556458,13,10,$1.59........,.....65'1$
calib_00176,0.5903792381286621,0.8551170229911804,1,1,N,N
calib_00177,0.8061590194702148,0.4233110249042511,3,3,Mid,PID
calib_00178,0.921085774898529,0.4943014681339264,6,6,URRITT,LIINNO
calib_00179,0.9912909269332886,0.5084654688835144,5,5,AOCFM,WOOOW
calib_00180,0.9981021285057068,0.828925609588623,3,3,New,MaN
calib_00181,0.8406789898872375,0.49439072608947754,6,4,Preebe,opod
calib_00182,0.6836175322532654,0.9815218448638916,7,8,SORPITY,Malditos
calib_00183,0.8644841909408569,0.26801228523254395,22,4,LABELRUM TEQULA.CINOIN,AREI
calib_00184,0.9427015781402588,0.27690574526786804,6,3,RECORD,ERE
calib_00185,0.15138335525989532,0.7926862239837646,2,6,ci,Ocline
calib_00186,0.9846299886703491,0.45198410749435425,5,5,WATER,MAAEE
calib_00187,0.9952961802482605,0.44289523363113403,3,4,tem,LU04
calib_00188,0.34346911311149597,0.9930679202079773,3,12,nAy,Ayuntamiento
calib_00189,0.0,0.1226508691906929,0,1,,T
calib_00190,0.632380485534668,0.6293242573738098,1,1,T,B
calib_00191,0.5321887135505676,0.8720396757125854,5,5,LESCY,K2647
calib_00192,0.19430458545684814,0.34174835681915283,1,1,3,A
calib_00193,0.8448664546012878,0.9772028923034668,3,3,12W,mel
calib_00194,0.6897050142288208,0.5369699001312256,2,1,UR,m
calib_00195,0.4422686994075775,0.9283431768417358,5,5,ABOVE,BADEN
calib_00196,0.9550468325614929,0.9514790773391724,1,1,1,-
calib_00197,0.5324355959892273,0.6710936427116394,1,1,1,t
calib_00198,0.5796242952346802,0.43828287720680237,5,5,heips,SAIRN
calib_00199,0.9567777514457703,0.3682754933834076,5,5,PROTE,BlOOd
calib_00200,0.2997698485851288,0.2128952443599701,1,1,O,S
calib_00201,0.49105405807495117,0.13217826187610626,6,1,Aoalie,m
calib_00202,0.2562481760978699,0.4040556848049164,2,3,2E,B12
calib_00203,0.418697714805603,0.5050401091575623,1,1,Q,O
calib_00204,0.2392374575138092,0.7557743191719055,1,6,R,Slence
calib_00205,0.8310487270355225,0.3122614026069641,2,2,35,Of
calib_00206,0.6600227355957031,0.7146735787391663,2,3,MA,VAN
calib_00207,0.549950361251831,0.8648374676704407,4,4,RIVK,MADE
calib_00208,0.987229585647583,0.42973288893699646,6,6,CENTRO,CEINGO
calib_00209,0.0,0.7046648263931274,0,5,,NALRN
calib_00210,0.47349509596824646,0.2631882131099701,5,2,Comoa,Ca
calib_00211,0.8523508906364441,0.9296744465827942,6,6,00:610,819:00
calib_00212,0.9298273324966431,0.5905237197875977,5,4,£1.25,S217
calib_00213,0.49446362257003784,0.16139204800128937,2,2,PN,Fa
calib_00214,0.9574311375617981,0.4951397180557251,5,4,AWARD,ciay
calib_00215,0.4648233950138092,0.3429594337940216,2,3,OT,190
calib_00216,0.9672468900680542,0.24358680844306946,9,7,residente,rteiaee
calib_00217,0.9808554649353027,0.8935794830322266,2,2,VI,IA
calib_00218,0.7324178814888,0.3742145895957947,1,1,2,Z
calib_00219,0.7938787341117859,0.1782931238412857,6,2,"(Prow,",wo
calib_00220,0.25271114706993103,0.6684104800224304,3,5,A00,M2002
calib_00221,0.9870935678482056,0.5935564041137695,5,2,ALICE,EE
calib_00222,0.6883516311645508,0.646979033946991,1,1,X,X
calib_00223,0.8055963516235352,0.3901771605014801,3,3,100,10L
calib_00224,0.4672571122646332,0.6018425822257996,7,5,4A2EBAL,TIY83
calib_00225,0.8486402034759521,0.3135157525539398,8,3,vitamesd,pst
calib_00226,0.7660622000694275,0.49590161442756653,7,8,TEAMODE,SITURVEL
calib_00227,0.7788262367248535,0.8425016403198242,6,6,AOMSET,AFEWAY
calib_00228,0.8046921491622925,0.07559366524219513,4,1,dite,2
calib_00229,0.9574452638626099,0.9177489876747131,2,2,du,np
calib_00230,0.08708394318819046,0.2762720584869385,1,2,o,so
calib_00231,0.0,0.1478615254163742,0,1,,O
calib_00232,0.8984755873680115,0.2714083790779114,7,2,Colling,MM
calib_00233,0.19275401532649994,0.314008891582489,1,4,C,LEAD
calib_00234,0.8643778562545776,0.853379487991333,2,2,91,16
calib_00235,0.5217974185943604,0.5954521894454956,2,2,0O,00
calib_00236,0.9994346499443054,0.42514505982398987,4,4,GRAD,CEAA
calib_00237,0.9784461855888367,0.2731252908706665,16,15,aussiebeader.com,arcaepeeaeeesre
calib_00238,0.9227034449577332,0.44286298751831055,3,3,ECE,EOE
calib_00239,0.2564045786857605,0.18293748795986176,5,2,FELEE,PE
calib_00240,0.8361139297485352,0.2867719233036041,6,5,Suivez,cases
calib_00241,0.9962538480758667,0.46054041385650635,7,6,IBARRAN,IAAAAN
calib_00242,0.34229305386543274,0.1685398668050766,1,1,&,W
calib_00243,0.6339877247810364,0.9485530853271484,4,4,CEET,3833
calib_00244,0.3499470353126526,0.6122631430625916,2,4,dD,Gija
calib_00245,0.5338159203529358,0.6595562696456909,3,4,"""OD",Lo..
calib_00246,0.6596056222915649,0.25127658247947693,9,6,CROBSFEAR,SEERSE
calib_00247,0.6287476420402527,0.34024930000305176,1,1,o,6
calib_00248,0.3446536064147949,0.3801673352718353,1,2,W,Im
calib_00249,0.6792894601821899,0.5229097604751587,5,5,PEEXT,LEKI0
calib_00250,0.0,0.0,0,0,,
calib_00251,0.2422652542591095,0.6914219856262207,2,3,54,145
calib_00252,0.9970863461494446,0.21290332078933716,4,2,Velh,un
calib_00253,0.8742586970329285,0.7568647861480713,5,5,FUNNI,INNIE
calib_00254,0.932039737701416,0.346816748380661,6,6,PURPLE,PlPPnE
calib_00255,0.0,0.6016435623168945,0,5,,Prnas
calib_00256,0.38308265805244446,0.9266815185546875,2,2,o0,ad
calib_00257,0.5978663563728333,0.6815477013587952,3,3,DOA,YAd
calib_00258,0.676508903503418,0.8127665519714355,3,1,NO-,-
calib_00259,0.35223424434661865,0.9910848736763,3,3,BHY,RAZ
calib_00260,0.3601932227611542,0.7109715938568115,7,8,10oorzo,02/00.ml
calib_00261,0.9983856081962585,0.2428094744682312,5,4,Quick,oinr
calib_00262,0.6356991529464722,0.7039328813552856,8,5,HEANRIQE,JANAT
calib_00263,0.5672478079795837,0.9112399220466614,7,7,GOLLION,COITION
calib_00264,0.41363853216171265,0.27102288603782654,2,1,14,P
calib_00265,0.3800223767757416,0.45953741669654846,3,3,"""……",…….
calib_00266,0.6899755001068115,0.7782819867134094,3,3,n10,OLI
calib_00267,0.30924293398857117,0.0,11,0,Siealetfurr,
calib_00268,0.9745382070541382,0.952508807182312,2,2,de,ap
calib_00269,0.2541062533855438,0.46479496359825134,2,4,OR,falc
calib_00270,0.3400487005710602,0.29186487197875977,2,3,OC,5.5
calib_00271,0.3271641433238983,0.8496389985084534,4,4,BSLE,ESTO
calib_00272,0.3650647699832916,0.3662373125553131,2,6,ny,IUtAx2
calib_00273,0.5467348694801331,0.5981842875480652,3,1,Fr.,4
calib_00274,0.5401432514190674,0.569495439529419,4,3,Bngs,Dua
calib_00275,0.09032874554395676,0.1382741779088974,1,1,W,S
calib_00276,0.8161135911941528,0.29449403285980225,4,4,dose,S00e
calib_00277,0.4114326238632202,0.588746190071106,2,2,e1,Ia
calib_00278,0.3937199115753174,0.6072030663490295,3,3,noN,NCA
calib_00279,0.2518027722835541,0.5360655188560486,7,7,sragply,fedines
calib_00280,0.3715325593948364,0.2737416923046112,4,3,B4AX,XOS
calib_00281,0.9993057250976562,0.21747952699661255,8,4,Platform,poer
calib_00282,0.41296645998954773,0.7352939248085022,4,6,onou,noturo
calib_00283,0.29369136691093445,0.9991508722305298,6,15,Jteser,Vertragshandler
calib_00284,0.9829306602478027,0.3152613341808319,6,3,Cortee,CEE
calib_00285,0.9388885498046875,0.8762511014938354,2,2,de,op
calib_00286,0.4722183644771576,0.5579268932342529,5,2,IROEE,S0
calib_00287,0.6445020437240601,0.9102216362953186,2,1,80,8
calib_00288,0.1905830055475235,0.5877158641815186,1,1,X,4
calib_00289,0.8796069025993347,0.9874535799026489,1,1,2,L
calib_00290,0.1761786788702011,0.2267618179321289,1,3,2,L1T
calib_00291,0.48659515380859375,0.3115891218185425,10,3,"Ergeamnis,",su3
calib_00292,0.9283972382545471,0.44722506403923035,4,4,HALE,HALL
calib_00293,0.949783444404602,0.6033576130867004,8,8,Cassates,SUPSSPOD
calib_00294,0.17749060690402985,0.0,1,0,n,
calib_00295,0.9146285653114319,0.3498302102088928,1,2,C,Mm
calib_00296,0.7200506925582886,0.32952165603637695,4,4,1520,sS20
calib_00297,0.69920414686203,0.9984344840049744,3,3,StI,Its
calib_00298,0.8900853991508484,0.19982433319091797,5,4,Ohiol,IoiO
calib_00299,0.5315202474594116,0.9123249650001526,1,1,1,t
calib_00300,0.29211413860321045,0.925279438495636,4,12,obeg,Lil. Dagover
calib_00301,0.16978105902671814,0.10560917109251022,1,1,H,X
calib_00302,0.4519014358520508,0.49700748920440674,4,6,oney,Aoraas
calib_00303,0.6482210159301758,0.2781393229961395,1,1,A,Y
calib_00304,0.4212559163570404,0.15238507091999054,1,1,V,A
calib_00305,0.9998442530632019,0.4045494794845581,3,3,tax,x11
calib_00306,0.13232086598873138,0.37144356966018677,1,1,T,D
calib_00307,0.4113873541355133,0.6938050389289856,1,1,5,C
calib_00308,0.2618337571620941,0.47057420015335083,4,5,MOrN,Mikon
calib_00309,0.0,0.2539527714252472,0,3,,203
calib_00310,0.21940456330776215,0.36643049120903015,2,2,S0,44
calib_00311,0.5609662532806396,0.42771127820014954,9,9,DNTBSNCOA,PODMEEUNG
calib_00312,0.25730466842651367,0.25136154890060425,3,2,EAP,RM
calib_00313,0.798903226852417,0.984563946723938,9,10,HOTSTATTE,TELEVISION
calib_00314,0.8800603747367859,0.5548157095909119,3,3,hat,new
calib_00315,0.8657901287078857,0.1826549470424652,8,5,TR.GASTA,TAS8R
calib_00316,0.9929571151733398,0.32020625472068787,5,5,MODEL,MOG0H
calib_00317,0.49219366908073425,0.8594893217086792,4,5,DAAE,GIAKE
calib_00318,0.9459812641143799,0.728935182094574,3,3,you,TOA
calib_00319,0.9995691776275635,0.5174320340156555,9,7,PUGNANTES,PEVNNES
calib_00320,0.5315052270889282,0.8948470950126648,5,6,rodha,Drupol
calib_00321,0.5647562146186829,0.16059015691280365,6,2,JeaTeP,Co
calib_00322,0.7787041664123535,0.9339584112167358,2,2,ve,as
calib_00323,0.2539757490158081,0.9899377822875977,9,9,Boszdurnn,Guangzhou
calib_00324,0.6522154808044434,0.5469187498092651,4,5,NOE1,-T3ON
calib_00325,0.3404631018638611,0.8450278043746948,2,2,CT,12
calib_00326,0.2869645953178406,0.9958752393722534,7,8,HIVAIO.,CHICAGO.
calib_00327,0.6902907490730286,0.8636353611946106,3,3,uol,ion
calib_00328,0.43592604994773865,0.5663189888000488,2,2,Re,Sy
calib_00329,0.4502170979976654,0.9999669194221497,8,10,cortsuce,conscience
calib_00330,0.506243884563446,0.29577139019966125,3,3,COS,SIO
calib_00331,0.4008432924747467,0.9157750010490417,1,3,0,LOC
calib_00332,0.9365350008010864,0.18218576908111572,2,4,Ev,E00N
calib_00333,0.49829021096229553,0.3291909992694855,3,2,572,4G
calib_00334,0.8970375657081604,0.24435055255889893,6,3,DEEDER,CCR
calib_00335,0.9779868125915527,0.6361852884292603,3,3,TEI,TEL
calib_00336,0.9991978406906128,0.44489458203315735,7,6,STAPLES,SAPEES
calib_00337,0.7256247401237488,0.5485714673995972,4,2,Doue,ma
calib_00338,0.5522463917732239,0.9985830187797546,5,5,panod,Found
calib_00339,0.25104090571403503,0.29640811681747437,1,1,2,C
calib_00340,0.35864147543907166,0.9782695770263672,18,26,TEECEEEEEEEEECECES,LCD GLASS SCREEN PROTECTOR
calib_00341,0.9953581690788269,0.3546173870563507,7,6,Federal,Feerad
calib_00342,0.4098692536354065,0.5902841687202454,2,2,14,27
calib_00343,0.7815820574760437,0.7187968492507935,3,2,BUD,an
calib_00344,0.5711113214492798,0.6767615675926208,4,4,1002,2001
calib_00345,0.19694280624389648,0.19480973482131958,2,2,T0,mU
calib_00346,0.9733490347862244,0.5595549941062927,2,2,TH,HL
calib_00347,0.4014836847782135,0.5768544673919678,1,1,I,-
calib_00348,0.2012740671634674,0.46054425835609436,1,1,1,1
calib_00349,0.8001006245613098,0.40794405341148376,2,3,WE,all
calib_00350,0.9954689741134644,0.6075390577316284,4,4,RING,ONIG
calib_00351,0.6335393786430359,0.9959117770195007,3,3,551,155
calib_00352,0.7693865299224854,0.7472236752510071,3,3,070,010
calib_00353,0.3427591025829315,0.21322210133075714,6,5,or/eAs,POpi0
calib_00354,0.3697345554828644,0.8042857050895691,7,7,SUONION,NURNBES
calib_00355,0.16669493913650513,0.9131657481193542,3,10,har,hrockville
calib_00356,0.3507068157196045,0.7612035274505615,3,3,Las,see
calib_00357,0.9955309629440308,0.281141072511673,7,6,seduced,cramed
calib_00358,0.44201722741127014,0.6669011116027832,1,3,1,Tep
calib_00359,0.9939597249031067,0.3548581302165985,18,9,Strumpfbandnatter.,'snuuqun.
calib_00360,0.9784206748008728,0.8054885268211365,1,1,n,U
calib_00361,0.8280326724052429,0.3370792269706726,4,4,STRE,JHIS
calib_00362,0.9321118593215942,0.0,16,0,Ocypetesetulosa.,
calib_00363,0.41817528009414673,0.5553338527679443,1,1,2,G
calib_00364,0.8963776230812073,0.2183750867843628,3,3,2Av,2=A
calib_00365,0.7662179470062256,0.9005155563354492,4,4,SINN,NALS
calib_00366,0.5901339650154114,0.2571169137954712,3,1,277,m
calib_00367,0.8400786519050598,0.6516381502151489,3,3,617,419
calib_00368,0.93723464012146,0.8324246406555176,2,2,no,DU
calib_00369,0.7805848121643066,0.8001080751419067,2,2,if,11
calib_00370,0.49866780638694763,0.7763270139694214,3,4,SYA,VA.F
calib_00371,0.28141868114471436,0.9118199348449707,7,8,NOVIOiN,WILGUARE
calib_00372,0.43092775344848633,0.3179207146167755,1,1,O,O
calib_00373,0.5870053172111511,0.8537308573722839,6,5,.snomw,muus.
calib_00374,0.1564066857099533,0.9161122441291809,1,1,2,M
calib_00375,0.647687554359436,0.5388737320899963,2,2,3-,#E
calib_00376,0.35838279128074646,0.23191003501415253,1,1,S,5
calib_00377,0.2257167398929596,0.9260761737823486,5,6,PDIIA,DANCEA
calib_00378,0.3629305958747864,0.9436500668525696,8,10,SSMEPENN,O SUPERMAN
calib_00379,0.44091030955314636,0.6504942178726196,3,3,MON,AOW
calib_00380,0.8810031414031982,0.29817119240760803,4,4,Isla,ttee
calib_00381,0.7080619931221008,0.9779738187789917,12,13,suogesiuedio,organisations
calib_00382,0.8548843860626221,0.9998680353164673,1,1,3,3
calib_00383,0.5474896430969238,0.19469678401947021,2,1,70,U
calib_00384,0.7684564590454102,0.740618884563446,3,3,127,471
calib_00385,0.5832182765007019,0.9616573452949524,4,4,VIOW,MBIA
calib_00386,0.2938705086708069,0.764313280582428,1,2,S,VS
calib_00387,0.40136638283729553,0.6326284408569336,3,4,CME,TAAS
calib_00388,0.26578760147094727,0.9253432154655457,5,10,aeesp,des_Kalten
calib_00389,0.618026077747345,0.9563872814178467,6,6,(1212),(213g)
calib_00390,0.2384316474199295,0.34753453731536865,1,1,N,7
calib_00391,0.2487766444683075,0.37934115529060364,2,5,eb,molie
calib_00392,0.4141632914543152,0.2672690451145172,1,1,0,O
calib_00393,0.291626513004303,0.2234189361333847,2,1,CL,T
calib_00394,0.3327676057815552,0.19242508709430695,4,3,8111,IHR
calib_00395,0.47393012046813965,0.9911854267120361,2,2,Je,of
calib_00396,0.9265896081924438,0.30280938744544983,4,1,life,C
calib_00397,0.16316445171833038,0.17424871027469635,2,1,ST,T
calib_00398,0.6234728097915649,0.5974842309951782,2,2,Or,1O
calib_00399,0.5579739809036255,0.47158193588256836,2,2,SE,3E
calib_00400,0.7074480056762695,0.24604780972003937,4,3,a Ou,1Oe
calib_00401,0.569318413734436,0.6290242075920105,4,4,9901,TOEK
calib_00402,0.9746691584587097,0.3859560489654541,8,5,Ordnung.,Sunun
calib_00403,0.9489536285400391,0.685215413570404,2,2,ID,01
calib_00404,0.4338780641555786,0.20196112990379333,2,1,Le,3
calib_00405,0.6646080017089844,0.8720402121543884,3,3,WAW,www
calib_00406,0.6098309755325317,0.188457652926445,2,1,17,2
calib_00407,0.44386911392211914,0.8793749809265137,5,5,ls'Se,IN.se
calib_00408,0.6367940306663513,0.7282474637031555,4,3,MNNA,NNW
calib_00409,0.24986927211284637,0.9382452368736267,5,9,beeeg,bolischer
calib_00410,0.2462817281484604,0.27957266569137573,1,1,1,m
calib_00411,0.8996976613998413,0.2904582917690277,5,1,Darry,P
calib_00412,0.3888874053955078,0.7075981497764587,3,1,CIE,R
calib_00413,0.6159149408340454,0.19057489931583405,1,1,A,4
calib_00414,0.6826913952827454,0.6172978281974792,6,6,CRCSON,NOFOES
calib_00415,0.6154118180274963,0.7729037404060364,2,3,AW,JAV
calib_00416,0.5348613262176514,0.5417383909225464,4,5,ECON,MUDCS
calib_00417,0.9704753160476685,0.6096391081809998,5,3,Milla,Wll
calib_00418,0.5096198916435242,0.8063014149665833,5,5,KAVII,Draws
calib_00419,0.5962827205657959,0.4906504154205322,6,4,A.MoTT,WoWy
calib_00420,0.3075193464756012,0.11682568490505219,4,2,RTEs,Pa
calib_00421,0.16707843542099,0.29656583070755005,1,1,S,I
calib_00422,0.9455093741416931,0.2514561414718628,14,1,PimexPaxalives,e
calib_00423,0.9993972778320312,0.371488094329834,4,4,R301,RACO
calib_00424,0.3890336751937866,0.9801450967788696,5,5,Jaeer,evier
calib_00425,0.29707419872283936,0.9951109886169434,4,4,22A2,2423
calib_00426,0.9170527458190918,0.2903929054737091,7,5,RICHARD,HCCHA
calib_00427,0.5500434637069702,0.9159582257270813,3,4,aud,Pret
calib_00428,0.7818759083747864,0.33651143312454224,9,4,sfecpwesr,oMdo
calib_00429,0.9967372417449951,0.26131966710090637,12,6,Proceedings:,ropnnd
calib_00430,0.11372096836566925,0.30965277552604675,1,2,N,mm
calib_00431,0.2881658673286438,0.9857983589172363,1,1,*,&
calib_00432,0.503505289554596,0.421650230884552,1,2,2,37
calib_00433,0.8967662453651428,0.6236786842346191,4,4,CSU2,ensa
calib_00434,0.08815961331129074,0.22789311408996582,1,1,S,A
calib_00435,0.2605675160884857,0.5781811475753784,5,7,sedjg,Srelpes
calib_00436,0.5508055090904236,0.6357377171516418,4,5,OAZO,-OZVO
calib_00437,0.6098111271858215,0.6972310543060303,3,3,162,E1T
calib_00438,0.3925114572048187,0.5212289690971375,2,1,Hl,1
calib_00439,0.9407288432121277,0.280884712934494,3,2,LUE,an
calib_00440,0.9474775195121765,0.913825273513794,1,1,8,8
calib_00441,0.8347594738006592,0.27309080958366394,2,2,Mi,NW
calib_00442,0.768540620803833,0.23786523938179016,3,1,42.,E
calib_00443,0.5494691729545593,0.2014264613389969,5,3,OARER,COO
calib_00444,0.3437669277191162,0.9997445940971375,4,12,beou,tegenwoordig
calib_00445,0.9634614586830139,0.43565505743026733,12,5,contemporary,(rad)
calib_00446,0.9991497993469238,0.9982209205627441,4,4,1968,8961
calib_00447,0.6462215185165405,0.6543996334075928,8,6,INASUSOH,HORSNN
calib_00448,0.4776383936405182,0.75814288854599,6,5,KREIM2,CINTD
calib_00449,0.7549024224281311,0.7569442987442017,1,1,/,/
calib_00450,0.8439896702766418,0.5488975048065186,3,3,TES,SHL
calib_00451,0.30205073952674866,0.9999058842658997,4,7,reee,Answer:
calib_00452,0.8175559639930725,0.26213112473487854,1,1,2,5
calib_00453,0.8502956032752991,0.9249735474586487,1,1,>,4
calib_00454,0.7937130331993103,0.6253405809402466,8,7,SHOPWINA,CNMDOHS
calib_00455,0.8107248544692993,0.48951423168182373,4,3,Bacn,ots
calib_00456,0.0,0.6648314595222473,0,3,,400
calib_00457,0.36082446575164795,0.2737017869949341,2,2,4O,00
calib_00458,0.9410526752471924,0.1986471265554428,15,5,"Ih,avok,alk,kph",heaet
calib_00459,0.2882373631000519,0.8347938656806946,2,6,AE,SUANSE
calib_00460,0.7196101546287537,0.5791739821434021,3,3,172,TLL
calib_00461,0.8592513203620911,0.0,4,0,RANT,
calib_00462,0.7741567492485046,0.2751060426235199,3,3,SPA,Bdy
calib_00463,0.5429789423942566,0.3332856297492981,2,2,56,89
calib_00464,0.5665059685707092,0.8081633448600769,5,5,EANSL,TSNHS
calib_00465,0.545295000076294,0.5675863027572632,1,2,O,CO
calib_00466,0.939612090587616,0.9599004983901978,3,4,TIH,HILL
calib_00467,0.1723303645849228,0.0,1,0,Z,
calib_00468,0.4444255530834198,0.9409237504005432,3,4,320,avec
calib_00469,0.555151104927063,0.5842477679252625,4,5,COMN,HOHOO
calib_00470,0.7752753496170044,0.1956578642129898,2,1,24,A
calib_00471,0.3783417344093323,0.2437770962715149,2,2,90,T6
calib_00472,0.3350750803947449,0.747037947177887,2,2,C3,ED
calib_00473,0.7223180532455444,0.9917144775390625,2,2,LI,17
calib_00474,0.43176934123039246,0.4563060402870178,1,1,3,&
calib_00475,0.3599025011062622,0.7801226377487183,3,30,COI,CHINA ECONOMICAND SOCALCOUNCIL
calib_00476,0.33527612686157227,0.9996751546859741,2,2,'n,U.
calib_00477,0.7374206781387329,0.6221026182174683,4,4,1944,7701
calib_00478,0.7072070837020874,0.9794581532478333,2,2,E+,43
calib_00479,0.9697563648223877,0.30425402522087097,4,4,that,thee
calib_00480,0.5787166953086853,0.5770435929298401,6,6,12U915,ceknet
calib_00481,0.4440063536167145,0.37979063391685486,4,4,2505,SART
calib_00482,0.6900812387466431,0.8429949283599854,2,2,11,11
calib_00483,0.9741560816764832,0.32071176171302795,20,13,WWW.MEJIAPERALTA.COM,MAAVAAVDVEMMM
calib_00484,0.5009536147117615,0.6674273610115051,1,1,D,N
calib_00485,0.15814362466335297,0.2728363573551178,1,1,E,S
calib_00486,0.7692975401878357,0.8217628002166748,3,3,L55,557
calib_00487,0.7509686946868896,0.9734076261520386,1,1,2,2
calib_00488,0.3486919403076172,0.6039312481880188,3,4,AAE,JBAN
calib_00489,0.25313079357147217,0.3654593825340271,1,2,E,PT
calib_00490,0.46174463629722595,0.4125901162624359,1,1,O,O
calib_00491,0.9783710241317749,0.38085034489631653,5,2,Velis,DA
calib_00492,0.9710597991943359,0.24495983123779297,9,2,gleichen.,ge
calib_00493,0.3339359164237976,0.8570691347122192,4,18,p ug,Soneniurance Walk.
calib_00494,0.47246965765953064,0.8134286999702454,6,10,SOTORS,SHOMALTERS
calib_00495,0.9459062814712524,0.0,4,0,reul,
calib_00496,0.5284915566444397,0.5961011052131653,3,3,MNL,MNW
calib_00497,0.7666094899177551,0.4099286198616028,5,1,nur h,m
calib_00498,0.33473867177963257,0.916377604007721,7,9,SNUNINS,MUBLICANS
calib_00499,0.6837773323059082,0.2187507450580597,1,1,3,C
calib_00500,0.6201660633087158,0.3457637131214142,4,4,500-,9005
calib_00501,0.22147321701049805,0.13940206170082092,1,1,0,0
calib_00502,0.39248126745224,0.2628341317176819,4,5,t0-1,atmas
calib_00503,0.09478846937417984,0.30036213994026184,1,1,W,m
calib_00504,0.4177156090736389,0.5429696440696716,4,4,NAZp,daiN
calib_00505,0.40428441762924194,0.24143867194652557,5,1,PEWAN,E
calib_00506,0.8999083042144775,0.46671050786972046,8,7,C.CEMUSA,CECSNAA
calib_00507,0.3373793363571167,0.8112921118736267,2,1,EO,U
calib_00508,0.9666992425918579,0.2496172934770584,4,3,Feld,Ril
calib_00509,0.32470959424972534,0.3744836151599884,1,3,O,170
calib_00510,0.9999651908874512,0.20914840698242188,8,5,visitors,Sttss
calib_00511,0.7731947898864746,0.8618206977844238,3,3,EIC,213
calib_00512,0.348292738199234,0.5572577118873596,3,3,aPL,SCE
calib_00513,0.2536947727203369,0.2347639948129654,2,2,ST,1P
calib_00514,0.28217411041259766,0.8843778967857361,8,9,LEEEEEEE,TELA65119
calib_00515,0.206067755818367,0.0,1,0,-,
calib_00516,0.9973382949829102,0.7502216100692749,4,4,67.6,9'L9
calib_00517,0.5172480344772339,0.0,2,0,10,
calib_00518,0.6112992167472839,0.5154054164886475,5,4,imbeL,TRQH
calib_00519,0.7128526568412781,0.3825095593929291,6,6,tinmed,PALRIA
calib_00520,0.6703599095344543,0.574694037437439,6,5,Mbooet,8000e
calib_00521,0.9136103391647339,0.336974173784256,20,13,sTronqwomenstheughts,SEbssawobu.ns
calib_00522,0.8824771642684937,0.3814883232116699,2,1,ep,1
calib_00523,0.968831479549408,0.9303541779518127,1,1,n,n
calib_00524,0.7502235174179077,0.4485641419887543,1,1,E,3
calib_00525,0.1843869686126709,0.47398680448532104,1,1,W,R
calib_00526,0.6289975643157959,0.0,4,0,Lock,
calib_00527,0.787593424320221,0.3984101414680481,2,2,22,22
calib_00528,0.3199388086795807,0.44870391488075256,3,3,poT,ued
calib_00529,0.3873874247074127,0.9988394379615784,4,4,NIIR,NIKE
calib_00530,0.45575252175331116,0.7260086536407471,5,5,7d076,PROPL
calib_00531,0.23464086651802063,0.2949129641056061,1,1,S,S
calib_00532,0.9352004528045654,0.6429075598716736,2,2,TM,WI
calib_00533,0.7617210745811462,0.5604363679885864,2,2,23,22
calib_00534,0.5662311315536499,0.9425023794174194,5,5,NAAAN,NAV#2
calib_00535,0.25243791937828064,0.8725005984306335,3,7,TEE,IRELLTI
calib_00536,0.22207796573638916,0.09773684293031693,2,1,AN,a
calib_00537,0.24570633471012115,0.2694839537143707,3,3,RME,PUE
calib_00538,0.36171722412109375,0.6170812845230103,3,2,HTS,HE
calib_00539,0.45036745071411133,0.6951959729194641,6,6,HouRIR,ferenc
calib_00540,0.3301984369754791,0.6623413562774658,2,4,Da,PART
calib_00541,0.9914960861206055,0.8496085405349731,5,4,VICES,SOLA
calib_00542,0.360184907913208,0.8644712567329407,8,12,EERUENEE,GLENMORIANET
calib_00543,0.6921728849411011,0.9323509335517883,8,10,satwerol,Toluamides
calib_00544,0.6077245473861694,0.9951671361923218,5,5,ELAIO,01473
calib_00545,0.9636600613594055,0.8467918634414673,4,5,suen,crans
calib_00546,0.5716257095336914,0.5649537444114685,3,3,MAL,DYU
calib_00547,0.0,0.625351071357727,0,14,,ANCE RUP CHINA
calib_00548,0.6001612544059753,0.5716878175735474,5,5,20110,OITOR
calib_00549,0.8623942732810974,0.4140821099281311,6,5,Coffce,aotfo
calib_00550,0.7231850624084473,0.8096827268600464,5,5,SLUOU,nohts
calib_00551,0.54176265001297,0.9989527463912964,3,4,IXI,TAXI
calib_00552,0.6403784155845642,0.9032753705978394,4,4,0000,1000
calib_00553,0.995110809803009,0.2502005696296692,6,4,Kirche,aeie
calib_00554,0.575533390045166,0.37061718106269836,1,2,o,of
calib_00555,0.535252034664154,0.9961559772491455,2,2,19,of
calib_00556,0.34979942440986633,0.40376055240631104,3,2,:00,00
calib_00557,0.31842902302742004,0.46549686789512634,6,7,Gepeam,Wetdieg
calib_00558,0.2592385411262512,0.0,2,0,Te,
calib_00559,0.42980441451072693,0.9999077916145325,3,6,NON,FULTON
calib_00560,0.3780721426010132,0.9663949012756348,6,10,sayals,Scheefiges
calib_00561,0.999644935131073,0.30486732721328735,5,4,Third,pinl
calib_00562,0.8336696624755859,0.8780842423439026,4,3,UEAA,wan
calib_00563,0.34097492694854736,0.3332884609699249,1,1,S,1
calib_00564,0.635108232498169,0.4734804630279541,4,4,7809,COFL
calib_00565,0.6841247081756592,0.5322433114051819,5,4,SUFER,TERS
calib_00566,0.9512877464294434,0.6176132559776306,3,3,121,121
calib_00567,0.5835583806037903,0.7834573984146118,4,4,FEEI,1335
calib_00568,0.41788923740386963,0.5875838994979858,9,8,0U00M11DO,Locnutio
calib_00569,0.3323708176612854,0.6776356101036072,2,3,IU,ORT
calib_00570,0.5668321847915649,0.9997485280036926,7,7,"1,useop",doesn't
calib_00571,0.9094103574752808,0.1949419230222702,2,1,12,2
calib_00572,0.9969820976257324,0.38042178750038147,2,2,UT,UT
calib_00573,0.27106577157974243,0.3310539126396179,2,2,wE,UN
calib_00574,0.6706943511962891,0.5895140767097473,4,6,NLTS,SKObEN
calib_00575,0.5162234902381897,0.7198657393455505,5,6,wuang,furmee
calib_00576,0.6347923874855042,0.5011101365089417,2,2,MT,AL
calib_00577,0.3757757246494293,0.47545140981674194,3,4,H15,STeR
calib_00578,0.5232470035552979,0.9983379244804382,4,4,10'0,"1,00"
calib_00579,0.6108648180961609,0.6842000484466553,1,1,m,E
calib_00580,0.599504828453064,0.31615641713142395,2,2,17,Is
calib_00581,0.7162598967552185,0.6838056445121765,1,3,8,THE
calib_00582,0.3690379858016968,0.5450507402420044,4,5,moth,Vfoun
calib_00583,0.47917991876602173,0.23253938555717468,1,1,D,D
calib_00584,0.45985138416290283,0.26344501972198486,1,1,B,a
calib_00585,0.9996526837348938,0.2804287374019623,3,3,the,14e
calib_00586,0.16632020473480225,0.3569847345352173,1,1,I,1
calib_00587,0.793566882610321,0.8788238763809204,4,4,PhiL,7149
calib_00588,0.8449623584747314,0.49968549609184265,1,1,m,W
calib_00589,0.3260267376899719,0.9624321460723877,5,8,SraNS,STTUENTS
calib_00590,0.8486931920051575,0.4228604733943939,4,4,1640,047A
calib_00591,0.3679560422897339,0.9994140863418579,13,35,HEEEEHENEEHNL,HIGH END BEAUTIFUL HAVE TEMPERAMENT
calib_00592,0.8166258931159973,0.21950305998325348,6,1,netino,O
calib_00593,0.9825255870819092,0.5919511914253235,1,1,H,H
calib_00594,0.9784912467002869,0.19396379590034485,11,7,Instruzioni,juoznsu
calib_00595,0.8376786112785339,0.3660459816455841,5,5,13.35,a2'61
calib_00596,0.8124531507492065,0.18163008987903595,5,3,SIGON,NOS
calib_00597,0.24865257740020752,0.6987258791923523,4,5,9d0d,POPCO
calib_00598,0.9101135730743408,0.2884187698364258,6,6,OCTANE,JNTL3E
calib_00599,0.21331970393657684,0.993565559387207,3,3,P00,Det
calib_00600,0.2660893499851227,0.9859194755554199,6,8,Ietsie,Visitase
calib_00601,0.0,0.5825907588005066,0,4,,fere
calib_00602,0.43679991364479065,0.4572944641113281,2,5,P0,o t h
calib_00603,0.9263360500335693,0.3465026915073395,3,4,KOR,WhOS
calib_00604,0.30206701159477234,0.6354458928108215,7,10,CHOIWOO,CoOMSUICHT
calib_00605,0.9661695957183838,0.6628458499908447,1,1,5,S
calib_00606,0.22138185799121857,0.9978928565979004,3,5,eee,Carol
calib_00607,0.0,0.750887930393219,0,4,,SERI
calib_00608,0.0,0.0,0,0,,
calib_00609,0.3953324854373932,0.5795717835426331,3,5,HRN,ALBIE
calib_00610,0.8914307355880737,0.31404298543930054,5,4,PEPLE,31GE
calib_00611,0.0,0.0,0,0,,
calib_00612,0.20723313093185425,0.2682509124279022,3,1,1RE,3
calib_00613,0.7861574292182922,0.6764422655105591,4,4,IAAN,NAAN
calib_00614,0.9279265403747559,0.24966278672218323,8,7,PICKLING,ONITAIO
calib_00615,0.8836692571640015,0.12823861837387085,4,2,1850,cs
calib_00616,0.8713747262954712,0.25645798444747925,1,1,F,y
calib_00617,0.5702587366104126,0.48613184690475464,4,5,036.,40C/6
calib_00618,0.5488197803497314,0.5389358997344971,4,4,OFOR,Hany
calib_00619,0.5245442390441895,0.3190373480319977,3,3,tay,Bup
calib_00620,0.25883275270462036,0.8517559170722961,5,5,SAape,SACUR
calib_00621,0.5182989239692688,0.7893927097320557,6,6,cae'0+,+0.051
calib_00622,0.6857688426971436,0.6571565866470337,2,2,s9,6S
calib_00623,0.8098647594451904,0.7947216033935547,2,2,KV,WN
calib_00624,0.7913382649421692,0.43285268545150757,6,5,Howall,YOwEH
calib_00625,0.7411978840827942,0.0,9,0,LARDESLER,
calib_00626,0.8133948445320129,0.4703652858734131,5,3,TrusS,$an
calib_00627,0.8716099262237549,0.3710106313228607,4,4,AGKE,HMHE
calib_00628,0.6282469630241394,0.7264025211334229,2,2,AI,Al
calib_00629,0.3126577138900757,0.5797525644302368,3,17,t n,Sly Hine Foeny Fe
calib_00630,0.4995851516723633,0.3537862300872803,1,2,6,16
calib_00631,0.19413602352142334,0.9967784881591797,4,10,azns,Schizofren
calib_00632,0.624032199382782,0.6130837202072144,4,2,FICA,OH
calib_00633,0.342299222946167,0.221965491771698,1,1,o,P
calib_00634,0.9998522996902466,0.27727755904197693,13,8,Computerspiel,Cedeedcr
calib_00635,0.345636248588562,0.44765305519104004,1,1,7,d
calib_00636,0.2544383704662323,0.0,3,0,E70,
calib_00637,0.50017911195755,0.46944156289100647,4,3,STDE,ALS
calib_00638,0.6231783628463745,0.357105553150177,2,2,4y,6Z
calib_00639,0.34628990292549133,0.6699884533882141,3,3,the,CUR
calib_00640,0.8222352266311646,0.0,2,0,la,
calib_00641,0.5298722386360168,0.9973570704460144,1,1,Y,A
calib_00642,0.8899314403533936,0.6539071202278137,4,5,FENI,KINDd
calib_00643,0.0,0.2998141646385193,0,2,,Jr
calib_00644,0.10870677977800369,0.09186159074306488,1,1,A,H
calib_00645,0.9245465993881226,0.663233757019043,4,3,DIX.,XIO
calib_00646,0.8576433658599854,0.4671710431575775,4,3,1964,PH1
calib_00647,0.5193090438842773,0.5226622819900513,1,2,D,IC
calib_00648,0.9966367483139038,0.3377389907836914,10,8,RECORDS LP,REEEOOOE
calib_00649,0.0,0.5887399911880493,0,1,,6
calib_00650,0.5787070989608765,0.23832093179225922,1,1,D,C
calib_00651,0.6171448230743408,0.9994776844978333,1,1,R,R
calib_00652,0.3765036165714264,0.8044797778129578,3,3,LES,123
calib_00653,0.14776763319969177,0.554892361164093,1,2,9,.3
calib_00654,0.6840471029281616,0.6758466958999634,1,1,S,K
calib_00655,0.7787302136421204,0.7370977401733398,3,3,a0y,600
calib_00656,0.29369670152664185,0.9363231658935547,3,4,WaN,HTAL
calib_00657,0.3843015432357788,0.8691227436065674,4,6,AS81,JERSTY
calib_00658,0.0,0.9812642335891724,0,10,,Plainville
calib_00659,0.7426840662956238,0.9887769222259521,3,4,wah,year
calib_00660,0.40900954604148865,0.6309081315994263,3,4,S0T,1.0S
calib_00661,0.7813171148300171,0.33158254623413086,2,2,14,7/
calib_00662,0.7253422141075134,0.5210735201835632,1,2,S,25
calib_00663,0.24208027124404907,0.3201203942298889,1,2,A,MN
calib_00664,0.30650565028190613,0.31046006083488464,3,3,MOL,AUE
calib_00665,0.2523510456085205,0.2441214919090271,1,1,.,S
calib_00666,0.9326286911964417,0.4199408292770386,7,6,627-REN,EEE-4L
calib_00667,0.9221013188362122,0.23776426911354065,9,5,HEQMITAGE,U2ETO
calib_00668,0.9486936330795288,0.32897019386291504,1,1,e,o
calib_00669,0.5263074636459351,0.15831898152828217,8,2,VENOLITC,AL
calib_00670,0.42340168356895447,0.9918845295906067,5,9,Zraaa,DmeCG8422
calib_00671,0.223971426486969,0.21623286604881287,1,1,8,S
calib_00672,0.9986020922660828,0.1634978950023651,4,2,DRIN,RT
calib_00673,0.40502750873565674,0.9997039437294006,4,4,6936,5529
calib_00674,0.30523940920829773,0.9837625026702881,19,23,chun cuanun jnn inq,iber fruit enzyme drink
calib_00675,0.22895383834838867,0.9376017451286316,4,7,THTE,THEATRE
calib_00676,0.35178428888320923,0.3025035858154297,5,5,UPANA,RENEA
calib_00677,0.21418704092502594,0.9651021957397461,3,10,ooy,Photoqaphy
calib_00678,0.3450096547603607,0.685551106929779,1,3,N,Swo
calib_00679,0.19348269701004028,0.9405296444892883,2,10,pg,Botanfting
calib_00680,0.9233486652374268,0.8577380776405334,1,1,A,V
calib_00681,0.48060065507888794,0.8596938848495483,2,2,MO,OK
calib_00682,0.4092754125595093,0.19249100983142853,2,2,SO,HO
calib_00683,0.9465650916099548,0.5391255617141724,7,7,SAHAMAS,SHNYHTS
calib_00684,0.7912046909332275,0.9993972182273865,5,6,Sixe-,Y-axis
calib_00685,0.2278691679239273,0.9989631175994873,4,8,eeoe,befought
calib_00686,0.30013805627822876,0.6603201627731323,1,1,9,i
calib_00687,0.6092318296432495,0.8183566927909851,5,6,soute,ROTION
calib_00688,0.5080334544181824,0.8886687159538269,6,6,ihpmng,Brudy?
calib_00689,0.3284817337989807,0.5690158605575562,4,4,P118,BLLa
calib_00690,0.22870157659053802,0.16942693293094635,1,1,E,a
calib_00691,0.5684165954589844,0.16390231251716614,3,1,cok,X
calib_00692,0.5154396891593933,0.9792247414588928,1,7,H,Height:
calib_00693,0.6801679730415344,0.10038009285926819,3,1,1C0,S
calib_00694,0.9240207672119141,0.27538666129112244,11,10,SANOTROOPER,BMOOERAAEE
calib_00695,0.7364256978034973,0.15382978320121765,4,4,T48G,Tu16
calib_00696,0.22436287999153137,0.2510824501514435,2,1,20,O
calib_00697,0.7363715171813965,0.6336778402328491,2,2,11,11
calib_00698,0.9594813585281372,0.18790006637573242,5,2,PERDU,FU
calib_00699,0.9902443885803223,0.2739328444004059,10,3,Commission,con
calib_00700,0.2237030267715454,0.12943841516971588,2,1,PU,N
calib_00701,0.9196377396583557,0.7403034567832947,3,3,sen,Jas
calib_00702,0.8444585800170898,0.17394493520259857,5,1,Dreht,e
calib_00703,0.592628002166748,0.0,1,0,",",
calib_00704,0.831261157989502,0.5368294715881348,6,5,GOSS!P,SSSSD
calib_00705,0.5650256276130676,0.2929075062274933,4,1,KANM,K
calib_00706,0.6219457387924194,0.5457072854042053,2,2,NA,EN
calib_00707,0.9959293007850647,0.42454665899276733,8,4,Woolwich,wmoa
calib_00708,0.8493140935897827,0.5295475125312805,1,1,3,E
calib_00709,0.5380837321281433,0.46203726530075073,3,2,RS-,-5
calib_00710,0.8645763993263245,0.311311811208725,4,2,DLCE,DC
calib_00711,0.9996563196182251,0.42524227499961853,5,4,UNITE,UNIE
calib_00712,0.21827295422554016,0.9020242691040039,4,7,3005,CASCADE
calib_00713,0.49138832092285156,0.4561275541782379,4,7,sant,"falbua,"
calib_00714,0.7478089928627014,0.3227337598800659,6,4,Obiens,SWgO
calib_00715,0.9590149521827698,0.3690343201160431,6,4,PROTON,MOOG
calib_00716,0.999829888343811,0.5253760814666748,7,6,Compart,codwrn
calib_00717,0.9011799693107605,0.3405846059322357,7,3,CIPPERS,SPS
calib_00718,0.44710439443588257,0.8130102157592773,4,5,4243,tmith
calib_00719,0.34347400069236755,0.1596781462430954,1,1,4,3
calib_00720,0.5592227578163147,0.5994988679885864,1,1,3,S
calib_00721,0.9000743627548218,0.1855843961238861,5,4,1.0km,CEMM
calib_00722,0.326170414686203,0.7962784767150879,2,12,se,coeformances
calib_00723,0.9190858006477356,0.23821833729743958,3,1,Lor,8
calib_00724,0.8782209753990173,0.2771505117416382,9,4,(Werbespe,adeq
calib_00725,0.4001685678958893,0.8322694897651672,1,1,8,0
calib_00726,0.712053656578064,0.7200144529342651,4,4,FONB,8h24
calib_00727,0.48714518547058105,0.6939010620117188,2,3,91,146
calib_00728,0.2788790762424469,0.8346383571624756,1,3,p,Pod
calib_00729,0.1358041614294052,0.26224997639656067,1,2,8,EP
calib_00730,0.8488543629646301,0.38368669152259827,10,6,Riboflovin,MADRTE
calib_00731,0.9211100935935974,0.3733649253845215,6,6,HANDLE,ERIOEH
calib_00732,0.12014967203140259,0.4723510146141052,1,2,S,OF
calib_00733,0.8165866136550903,0.6053236126899719,2,2,1i,11
calib_00734,0.77646803855896,0.37998107075691223,4,3,gata,sud
calib_00735,0.25493860244750977,0.5817722678184509,6,9,ARUPTO,Gaidhaler
calib_00736,0.6605224609375,0.45045292377471924,13,1,bidaflenerica,m
calib_00737,0.1887572556734085,0.48059844970703125,3,3,AAE,A55
calib_00738,0.4940895438194275,0.12242726981639862,1,1,L,S
calib_00739,0.2648618519306183,0.7167983651161194,3,3,Sas,SFa
calib_00740,0.8393573760986328,0.39210399985313416,4,3,TUAL,TOA
calib_00741,0.49928343296051025,0.8286355137825012,4,9,OESM,WASTE TRO
calib_00742,0.29408955574035645,0.8495302200317383,2,8,45,Dislatch
calib_00743,0.9950670599937439,0.5961592197418213,2,2,of,go
calib_00744,0.865081787109375,0.8245792388916016,8,8,05/08/06,90/90/90
calib_00745,0.9876483082771301,0.22951219975948334,9,4,Cristiano,caea
calib_00746,0.9899075627326965,0.19530268013477325,30,22,http://shop62109122.taoba0.com,faoa0aa0a20a00gdo8Cga0
calib_00747,0.9860919117927551,0.1827440708875656,3,2,BAL,7L
calib_00748,0.5685205459594727,0.0,2,0,ws,
calib_00749,0.2231883853673935,0.9392848610877991,4,7,PmCc,mercial
calib_00750,0.8610718846321106,0.47247737646102905,3,4,Ape,edty
calib_00751,0.2514995038509369,0.9974710941314697,7,11,CesnsMn,GZsuose.com
calib_00752,0.5165553092956543,0.7460256218910217,3,4,HSn,AUSK
calib_00753,0.7868075966835022,0.3119860887527466,2,1,SX,X
calib_00754,0.4948497414588928,0.999701201915741,4,4,Aaxe,Axel
calib_00755,0.22758527100086212,0.49870309233665466,3,2,Tor,OL
calib_00756,0.607602059841156,0.9000463485717773,12,14,ueg-ipaipaaA,Vendredi-Saint
calib_00757,0.33460330963134766,0.9997256994247437,5,5,tnone,nuova
calib_00758,0.15768516063690186,0.27801528573036194,1,2,a,1e
calib_00759,0.7604464292526245,0.396016925573349,2,2,55,99
calib_00760,0.7323119044303894,0.5152994990348816,3,2,L00,00
calib_00761,0.6676123738288879,0.27759721875190735,3,2,NYC,DA
calib_00762,0.38870084285736084,0.5851427912712097,3,3,NUH,NAN
calib_00763,0.865737795829773,0.2628363072872162,2,2,Ic,2e
calib_00764,0.3196582794189453,0.6738355159759521,1,1,C,3
calib_00765,0.522445797920227,0.23606567084789276,4,1,Gaho,0
calib_00766,0.7470573782920837,0.5959956645965576,6,4,W WANS,SNMM
calib_00767,0.7086858153343201,0.5183485150337219,3,3,029,600
calib_00768,0.7932669520378113,0.8075770735740662,3,3,SXT,Exs
calib_00769,0.951968789100647,0.31867387890815735,8,5,ENLEPORT,SEEEE
calib_00770,0.9086480736732483,0.8571398258209229,3,2,THS,SH
calib_00771,0.7358043193817139,0.19650425016880035,6,4,Rutres,Fend
calib_00772,0.7313217520713806,0.5232657790184021,2,2,80,OS
calib_00773,0.7988768815994263,0.9343679547309875,4,4,1901,1064
calib_00774,0.8347453474998474,0.9689528942108154,4,4,EAOT,Lova
calib_00775,0.3143867552280426,0.4115426540374756,2,2,IA,2T
calib_00776,0.9826180338859558,0.5620766878128052,7,7,ANCIENT,INIIJNY
calib_00777,0.979529857635498,0.8457925319671631,2,2,IV,AI
calib_00778,0.9998828768730164,0.43564191460609436,5,3,Heath,Hht
calib_00779,0.3705579936504364,0.5446520447731018,1,2,e,fa
calib_00780,0.14196142554283142,0.33570945262908936,2,2,SC,JP
calib_00781,0.45277175307273865,0.5245981216430664,1,2,4,CT
calib_00782,0.5066167116165161,0.998348593711853,8,10,'aaaejee,"available,"
calib_00783,0.5617655515670776,0.8330878615379333,3,3,tOy,204
calib_00784,0.44967299699783325,0.8675346374511719,4,5,BHIE,Vitia
calib_00785,0.4020974636077881,0.23342424631118774,2,2,PA,Ya
calib_00786,0.22389483451843262,0.5538558959960938,1,1,I,T
calib_00787,0.2301485240459442,0.41757732629776,1,2,a,12
calib_00788,0.728929340839386,0.80112224817276,3,3,old,PTU
calib_00789,0.6646532416343689,0.18986427783966064,1,1,-,7
calib_00790,0.5725890398025513,0.9339087009429932,2,1,1O,O
calib_00791,0.8242679834365845,0.3614596724510193,11,7,CREAT PRICE,2034119
calib_00792,0.20980709791183472,0.434719979763031,3,1,III,1
calib_00793,0.5520992279052734,0.5446761250495911,8,8,SINKSEOM,18A35109
calib_00794,0.7002911567687988,0.313823401927948,3,3,OND,OND
calib_00795,0.4099818766117096,0.3117586076259613,3,3,S0.,108
calib_00796,0.35633358359336853,0.6007599234580994,2,2,2-,22
calib_00797,0.4913284480571747,0.41487404704093933,1,1,C,2
calib_00798,0.3699914216995239,0.391615092754364,2,2,36,9E
calib_00799,0.27307459712028503,0.3792056143283844,4,4,SOTr,4105
calib_00800,0.6717997789382935,0.23893019556999207,2,1,IE,3
calib_00801,0.27478620409965515,0.9543874859809875,9,23,Cinon cun,China Construction Bank
calib_00802,0.490556001663208,0.6099323630332947,3,4,ENN,NVAS
calib_00803,0.31503137946128845,0.5096133947372437,3,3,SI2,Tcs
calib_00804,0.40122827887535095,0.40312445163726807,3,2,ESS,55
calib_00805,0.2537665367126465,0.5981957912445068,1,1,U,2
calib_00806,0.361558735370636,0.46456074714660645,1,1,2,W
calib_00807,0.6627404689788818,0.7544106841087341,4,5,ISES,SAAST
calib_00808,0.40309301018714905,0.7794476747512817,9,13,ESSFJ953O,CHECXSSCASISE
calib_00809,0.4366249144077301,0.4976751208305359,4,5,heyp,Saliy
calib_00810,0.6004490852355957,0.9932333827018738,8,9,Censtauy,Treasury.
calib_00811,0.7432286739349365,0.7888913750648499,4,5,YSTA,.YISA
calib_00812,0.10612256079912186,0.4551047384738922,1,1,I,T
calib_00813,0.2737860679626465,0.386398047208786,1,1,-,-
calib_00814,0.31260746717453003,0.30143070220947266,4,2,RERA,AR
calib_00815,0.9289825558662415,0.398111492395401,5,3,Mejia,low
calib_00816,0.8694705963134766,0.3405519127845764,4,4,bene,pend
calib_00817,0.0,0.24959056079387665,0,1,,2
calib_00818,0.7054707407951355,0.2867525815963745,3,2,191,44
calib_00819,0.7236434817314148,0.3830011188983917,3,1,Mad,P
calib_00820,0.9399064183235168,0.3533674478530884,14,8,JEFF HERTZBERG,FEEEEBEE
calib_00821,0.5304826498031616,0.22788067162036896,5,3,tTet*,Tee
calib_00822,0.8633572459220886,0.758181095123291,3,3,A90,O6Y
calib_00823,0.5381247401237488,0.9672240614891052,6,7,(1012),(2.10T)
calib_00824,0.7202166318893433,0.7782779335975647,5,5,30232,ZEZIE
calib_00825,0.0,0.6443498730659485,0,5,,KigeT
calib_00826,0.6203504800796509,0.9455868005752563,4,4,SOSY,1505
calib_00827,0.5754786133766174,0.9496291279792786,3,3,FNO,ONE
calib_00828,0.9937784671783447,0.9666756391525269,2,2,MS,SW
calib_00829,0.42897316813468933,0.4142090976238251,1,1,C,D
calib_00830,0.5393276810646057,0.7515476942062378,7,7,1020S05,3054206
calib_00831,0.20028948783874512,0.9342682361602783,3,8,JAE,"however,"
calib_00832,0.2184714525938034,0.9986131191253662,14,29,taseutaerereei,that reflects hot trends from
calib_00833,0.9675272703170776,0.32676270604133606,13,10,FAMILY DOLIAR,EIACUAAAII
calib_00834,0.18574054539203644,0.24872875213623047,1,1,T,A
calib_00835,0.2963634133338928,0.9568012356758118,5,6,RIFIO,DEATH.
calib_00836,0.9607579112052917,0.6024080514907837,6,6,Solmap,dewjas
calib_00837,0.9755080342292786,0.36704689264297485,5,5,INAIO,IIAIO
calib_00838,0.617084264755249,0.5333881378173828,3,2,ASC,oS
calib_00839,0.9676570892333984,0.4019649028778076,7,5,PIONEER,PaINO
calib_00840,0.5837597250938416,0.472975492477417,4,3,GPEN,NED
calib_00841,0.7215406894683838,0.17455852031707764,2,1,Rn,r
calib_00842,0.3184587359428406,0.9998064041137695,3,4,BIL,BIRD
calib_00843,0.10172870010137558,0.3983680307865143,1,1,C,R
calib_00844,0.7527127861976624,0.17427492141723633,7,2,WINfeer,WN
calib_00845,0.5689682364463806,0.1637621968984604,1,1,E,3
calib_00846,0.0,0.9994054436683655,0,9,,extremely
calib_00847,0.13173989951610565,0.13559474050998688,1,1,B,9
calib_00848,0.2097465991973877,0.3808478116989136,4,5,ROMN,TMAOY
calib_00849,0.6255161762237549,0.7703094482421875,2,3,EV,All
calib_00850,0.6996505856513977,0.875098705291748,4,3,ZIVJ,Miz
calib_00851,0.297547847032547,0.9460325837135315,12,31,MAAVR'OE'VAO,"MADE INU.S.A., ANDOVER,MA 01810"
calib_00852,0.8118551969528198,0.30837517976760864,5,5,Skoda,ewont
calib_00853,0.8495984673500061,0.7145926356315613,4,4,7054,1504
calib_00854,0.32993659377098083,0.14484786987304688,1,1,-,""""
calib_00855,0.3536025583744049,0.9958615303039551,4,4,MAVW,MARY
calib_00856,0.8797731399536133,0.2814369797706604,5,5,RENCE,SENEE
calib_00857,0.6063269972801208,0.9121569991111755,1,1,A,T
calib_00858,0.4917230010032654,0.9162783622741699,2,1,I:,T
calib_00859,0.19584019482135773,0.30210554599761963,4,4,220D,285:
calib_00860,0.17353607714176178,0.7845481634140015,5,8,m0anS,cerenats
calib_00861,0.5765447020530701,0.5331876277923584,10,12,Popa Brpkg,dinptny adid
calib_00862,0.9067132472991943,0.9491233825683594,1,2,7,le
calib_00863,0.373753160238266,0.9619159698486328,3,3,ses,say
calib_00864,0.7979996800422668,0.6848734021186829,2,2,on,uo
calib_00865,0.5040896534919739,0.6765851974487305,2,2,Ad,AN
calib_00866,0.8131635785102844,0.8012897372245789,6,6,eiesun,unsera
calib_00867,0.6982777118682861,0.4672544598579407,2,2,00,0U
calib_00868,0.0,0.0,0,0,,
calib_00869,0.8704068064689636,0.45031821727752686,1,1,N,N
calib_00870,0.2229919582605362,0.9477247595787048,4,8,Wemn,"Wenwolf,"
calib_00871,0.996602475643158,0.36459875106811523,7,4,VACATED,AAIG
calib_00872,0.9972423315048218,0.22039766609668732,8,6,Rutledge,hbpale
calib_00873,0.3592582046985626,0.37411579489707947,2,2,SO,BO
calib_00874,0.5126500129699707,0.3053111433982849,2,2,22,TC
calib_00875,0.2975493371486664,0.5338143110275269,2,2,31,is
calib_00876,0.9997039437294006,0.4471496343612671,9,2,avcilable,Ce
calib_00877,0.5426846146583557,0.6438236832618713,4,3,.551,155
calib_00878,0.4229196310043335,0.4138769209384918,4,3,cd'e,9Pa
calib_00879,0.322135329246521,0.20661120116710663,3,1,taa,I
calib_00880,0.282686710357666,0.3655069172382355,1,1,S,S
calib_00881,0.3324103355407715,0.8474107384681702,19,21,m00 0806090E969004s,sh0p59632504.1030.c0m
calib_00882,0.6748833060264587,0.6247904896736145,2,3,Ab,9to
calib_00883,0.5000998377799988,0.949242889881134,3,5,Jan,lower
calib_00884,0.4821029305458069,0.7748726606369019,2,4,MM,BAIR
calib_00885,0.42455291748046875,0.6123442649841309,3,2,S37,45
calib_00886,0.8732643127441406,0.9242531657218933,4,5,ONST,LISNO
calib_00887,0.30837953090667725,0.99837726354599,5,6,Sotch,Scotch
calib_00888,0.9665800333023071,0.6143908500671387,10,8,d'Espagnat,iutedigp
calib_00889,0.5928409099578857,0.9993957877159119,5,6,SMEEN,SWEDEN
calib_00890,0.3511331081390381,0.9114924669265747,6,7,3OM-90,064-MYE
calib_00891,0.2211942821741104,0.0,1,0,S,
calib_00892,0.9992923736572266,0.31538334488868713,5,5,Dozen,Dozen
calib_00893,0.5357568860054016,0.3566789925098419,4,4,Aels,S1EN
calib_00894,0.27771928906440735,0.2356804609298706,3,3,x6X,M0A
calib_00895,0.7809546589851379,0.5583567023277283,3,2,No-,WN
calib_00896,0.9927473664283752,0.5598914623260498,3,3,TYO,TAO
calib_00897,0.4635666608810425,0.9998973608016968,2,2,25,25
calib_00898,0.43883219361305237,0.0,2,0,S.,
calib_00899,0.8975900411605835,0.9078853130340576,1,2,X,AX
calib_00900,0.4742628037929535,0.996110737323761,6,6,022232,0.2257
calib_00901,0.3492826223373413,0.41298824548721313,1,1,H,A
calib_00902,0.5187317728996277,0.6719194650650024,4,4,SNCE,SONE
calib_00903,0.6790373921394348,0.7467712163925171,4,4,wnum,wnum
calib_00904,0.26349136233329773,0.583656370639801,1,1,O,C
calib_00905,0.5445283055305481,0.9531046748161316,8,9,gofouguo,Cmbrofoli
calib_00906,0.5645387768745422,0.06939481943845749,1,1,2,E
calib_00907,0.320133239030838,0.0,4,0,n an,
calib_00908,0.39287522435188293,0.42958882451057434,2,2,WM,hk
calib_00909,0.4705604612827301,0.2888247072696686,3,2,How,OW
calib_00910,0.7978907227516174,0.40872669219970703,3,2,STR,SE
calib_00911,0.3411908745765686,0.6611849069595337,5,8,39449,Foteste.
calib_00912,0.24089086055755615,0.45955395698547363,1,2,L,ST
calib_00913,0.5275208950042725,0.8983117341995239,4,7,Knun,CQuntry
calib_00914,0.3440966308116913,0.4345988631248474,1,1,2,2
calib_00915,0.6091343760490417,0.4606495201587677,5,4,BIERS,SEMI
calib_00916,0.931501567363739,0.2719305753707886,5,4,NCARE,SEAE
calib_00917,0.3524256944656372,0.14249275624752045,2,2,CE,23
calib_00918,0.5544024705886841,0.4287419319152832,2,2,RD,OH
calib_00919,0.2385743409395218,0.8863993287086487,3,15,wmm,srellefargo.com
calib_00920,0.7844341397285461,0.6480987071990967,4,4,VUS2,ZSnA
calib_00921,0.8052757382392883,0.3831145763397217,3,2,INC,MN
calib_00922,0.9094110727310181,0.6063517928123474,5,6,www.f,I'MAAN
calib_00923,0.4310886263847351,0.3067144751548767,1,1,M,K
calib_00924,0.9152291417121887,0.7876168489456177,1,1,V,^
calib_00925,0.5257624387741089,0.6699368357658386,2,2,Or,10
calib_00926,0.40331172943115234,0.7473630905151367,3,4,H49,Shin
calib_00927,0.3939220905303955,0.9729263186454773,5,16,Mde q,meeboofotography
calib_00928,0.6209006905555725,0.43379780650138855,6,4,PALIGD,DEIN
calib_00929,0.5041841864585876,0.8222931027412415,3,3,NOM,BOM
calib_00930,0.4936525523662567,0.9958117604255676,6,9,GAAAAN,GALLERIAN
calib_00931,0.8928930163383484,0.9900798201560974,8,8,7002-566,995-2004
calib_00932,0.0,0.3028191924095154,0,1,,T
calib_00933,0.8070312738418579,0.19045433402061462,5,5,Crant,tunit
calib_00934,0.999904453754425,0.42556747794151306,6,6,Lampen,Laduen
calib_00935,0.6656973958015442,0.5713066458702087,4,3,POAN,NOM
calib_00936,0.3984818458557129,0.9994919300079346,4,4,pipd,adid
calib_00937,0.5923033952713013,0.9226669073104858,5,5,JAAAD,CABAC
calib_00938,0.39841005206108093,0.28177762031555176,3,2,DNy,ST
calib_00939,0.5288931727409363,0.9518631100654602,5,5,capal,Mides
calib_00940,0.1923515796661377,0.8220358490943909,3,7,ROL,CAPITON
calib_00941,0.23938614130020142,0.28027021884918213,2,2,S0,55
calib_00942,0.9228230714797974,0.8352817296981812,5,5,260C4,-309%
calib_00943,0.3478183150291443,0.34295472502708435,1,3,U,B10
calib_00944,0.8235207200050354,0.3569824695587158,4,3,FINE,INH
calib_00945,0.98392653465271,0.24973489344120026,11,8,combustible,oeunquae
calib_00946,0.3690745532512665,0.5284302830696106,5,5,MINAS,SUTAA
calib_00947,0.39005473256111145,0.6043643951416016,4,4,EU8T,1813
calib_00948,0.25547343492507935,0.0,1,0,I,
calib_00949,0.569490373134613,0.6815229058265686,7,7,MYSONGY,AOTOSAE
calib_00950,0.5844196677207947,0.9275581240653992,3,4,IAA,YALE
calib_00951,0.15817931294441223,0.3764638900756836,1,1,I,T
calib_00952,0.4113088846206665,0.4163302779197693,3,2,T05,SS
calib_00953,0.9242580533027649,0.2862870693206787,7,6,IMMERGE,OEEEEE
calib_00954,0.17618846893310547,0.38156425952911377,1,1,S,e
calib_00955,0.3957173526287079,0.31156039237976074,2,2,02,RO
calib_00956,0.894849956035614,0.5264461636543274,5,4,"1,110",OLLL
calib_00957,0.290401428937912,0.8775038123130798,1,3,u,Lhe
calib_00958,0.0,0.0,0,0,,
calib_00959,0.8334966897964478,0.13928687572479248,1,1,2,R
calib_00960,0.3821970224380493,0.7800111770629883,4,5,CZ00,10023
calib_00961,0.811294436454773,0.0,7,0,LRRC!!!,
calib_00962,0.37064129114151,0.35933050513267517,2,1,BU,S
calib_00963,0.9997838735580444,0.3279627859592438,5,3,thefe,tte
calib_00964,0.44785434007644653,0.8003766536712646,8,9,ITVNESNO,CHUSSNALK
calib_00965,0.8692460656166077,0.132741317152977,3,1,CKE,E
calib_00966,0.4044601619243622,0.40133699774742126,1,1,C,C
calib_00967,0.790626585483551,0.4069046080112457,3,3,FEK,SE4
calib_00968,0.2335842251777649,0.5882859826087952,4,1,PAER,O
calib_00969,0.27754703164100647,0.2817004919052124,1,1,M,L
calib_00970,0.17780117690563202,0.9825848937034607,3,6,Ran,Valley
calib_00971,0.7465914487838745,0.6862188577651978,2,2,--,--
calib_00972,0.24443069100379944,0.8356115221977234,4,4,M7AN,CALU
calib_00973,0.836874783039093,0.38048338890075684,7,4,weaith.,WoOm
calib_00974,0.5031436681747437,0.7460745573043823,8,9,COINEOGD,090317155
calib_00975,0.3941797912120819,0.21372754871845245,4,3,LAoL,MSA
calib_00976,0.42304402589797974,0.7756132483482361,4,5,SNEL,TURNS
calib_00977,0.9993191957473755,0.39721155166625977,8,7,TRAINING,AINIINL
calib_00978,0.5485659837722778,0.6119562387466431,2,1,7X,X
calib_00979,0.5889968872070312,0.0,6,0,KCKMAD,
calib_00980,0.45037078857421875,0.9150621294975281,6,8,pauelt,11.0%rol
calib_00981,0.1356951743364334,0.9990585446357727,3,3,2Ae,Eye
calib_00982,0.9941709041595459,0.5861623883247375,3,3,GEP,CEE
calib_00983,0.9360920190811157,0.6933735013008118,4,4,8622,2298
calib_00984,0.8655440807342529,0.5829835534095764,6,6,DIBSEL,1ESE10
calib_00985,0.5381370186805725,0.23200851678848267,6,2,PICTRS,58
calib_00986,0.17344477772712708,0.9993976354598999,5,8,rntnu,Anderson
calib_00987,0.3208111822605133,0.4169238805770874,1,1,K,3
calib_00988,0.6149627566337585,0.785685122013092,3,3,es2,25g
calib_00989,0.4948028326034546,0.45018449425697327,3,3,POS,200
calib_00990,0.9238417744636536,0.38170018792152405,1,1,R,8
calib_00991,0.46561068296432495,0.5539620518684387,5,4,HarHL,ThOH
calib_00992,0.23610816895961761,0.9515137076377869,3,4,NAA,MAYO
calib_00993,0.5610853433609009,0.751983106136322,1,1,d,R
calib_00994,0.44199952483177185,0.7484819889068604,1,2,θ,O.
calib_00995,0.3802322447299957,0.9991334080696106,6,9,TAATIE,LAFAYETTE
calib_00996,0.4926421344280243,0.2544625997543335,6,5,CLDuRs,Seans
calib_00997,0.361402690410614,0.9220276474952698,2,2,21,12
calib_00998,0.8207041621208191,0.6392406225204468,5,5,WEILS,STISM
calib_00999,0.19859720766544342,0.16075637936592102,1,1,E,5
calib_01000,0.9222041368484497,0.5282582640647888,7,7,JUNPERO,Cu3dNnE
calib_01001,0.3659924268722534,0.8721317052841187,5,5,ANLTO,IAUTO
calib_01002,0.5981107354164124,0.6919906139373779,1,1,T,A
calib_01003,0.30589210987091064,0.6183262467384338,1,3,0,Fno
calib_01004,0.8862650990486145,0.6984993815422058,5,6,bagen,palleg
calib_01005,0.6157137155532837,0.8822964429855347,2,2,17,Lk
calib_01006,0.471170574426651,0.5051803588867188,1,1,.,#
calib_01007,0.49147844314575195,0.24157872796058655,2,2,90,0A
calib_01008,0.9288013577461243,0.4166170656681061,1,1,5,S
calib_01009,0.5446792244911194,0.9905081391334534,4,4,2000,2001
calib_01010,0.47513943910598755,0.6222931146621704,4,5,14'3,w.Net
calib_01011,0.8619869351387024,0.40917813777923584,17,12,www.krajiigek.net,RoU2pbjEDN.N
calib_01012,0.2432967871427536,0.25421738624572754,3,2,BTE,ad
calib_01013,0.7740287780761719,0.3764691948890686,3,1,(3),0
calib_01014,0.9170320630073547,0.7136601209640503,4,4,FOTE,3104
calib_01015,0.9246411323547363,0.24430757761001587,6,2,"3"" Ave",S.
calib_01016,0.5626723766326904,0.33494436740875244,1,2,0,O0
calib_01017,0.5388517379760742,0.2596782147884369,2,2,ae,a0
calib_01018,0.9007678627967834,0.8310190439224243,3,4,808,BOBD
calib_01019,0.2730049788951874,0.4779658317565918,3,4,HAT,SITA
calib_01020,0.7921055555343628,0.3096749484539032,7,4,UeLises,esss
calib_01021,0.6384913325309753,0.0,2,0,19,
calib_01022,0.36010611057281494,0.338454008102417,2,3,32,26.
calib_01023,0.4096902310848236,0.3893212676048279,1,2,2,10
calib_01024,0.2176005244255066,0.24658796191215515,2,1,ST,1
calib_01025,0.6561932563781738,0.5157970786094666,2,2,54,IS
calib_01026,0.7892852425575256,0.9635221362113953,4,4,C281,1873
calib_01027,0.7939796447753906,0.8981134295463562,3,2,"SE""",.3
calib_01028,0.29986149072647095,0.5325339436531067,1,1,N,M
calib_01029,0.5902265310287476,0.22689040005207062,5,5,13220,1ECRE
calib_01030,0.3629702031612396,0.4400928020477295,7,6,ESoToOL,TOLONE
calib_01031,0.8561403155326843,0.32404300570487976,3,2,F11,E1
calib_01032,0.9939335584640503,0.8765677213668823,5,5,UNION,NOIND
calib_01033,0.6591536402702332,0.2580937445163727,1,1,+,X
calib_01034,0.9081089496612549,0.9481991529464722,4,4,9.46,9761
calib_01035,0.285123735666275,0.9896777868270874,5,5,NOOEN,NORTH
calib_01036,0.9262053966522217,0.3128155767917633,9,5,four-feaf,tae-e
calib_01037,0.0,0.19107291102409363,0,2,,Da
calib_01038,0.6922739148139954,0.37428712844848633,5,5,CSHDE,30HS0
calib_01039,0.7909049987792969,0.3265112638473511,3,1,San,y
calib_01040,0.7400091886520386,0.7936329245567322,5,6,D/900,2/06/0
calib_01041,0.4637795388698578,0.2879056930541992,1,1,:,:
calib_01042,0.0,0.0,0,0,,
calib_01043,0.2796957492828369,0.202188178896904,3,2,L46,JR
calib_01044,0.9995827674865723,0.30374544858932495,17,2,"ristrutturazione,",on
calib_01045,0.7575919032096863,0.7061872482299805,4,4,INIL,MINI
calib_01046,0.2872796952724457,0.9393901228904724,7,8,PAAAARA,PASADENA
calib_01047,0.18701478838920593,0.45981457829475403,2,2,A#,4k
calib_01048,0.0,0.1205526813864708,0,1,,""""
calib_01049,0.8912558555603027,0.5622316002845764,3,2,BL9,68
calib_01050,0.857038676738739,0.2270108461380005,7,2,mortals,se
calib_01051,0.42692530155181885,0.4020417630672455,8,5,MTHLOERT,LERRR
calib_01052,0.9876331090927124,0.2924489676952362,30,22,PACKAGING SUPPLIES & MATERIALS,PAVEEEEESEEPRESEEEEEAS
calib_01053,0.20641924440860748,0.14555644989013672,1,1,S,B
calib_01054,0.4414058327674866,0.3108742833137512,4,4,100S,S801
calib_01055,0.7355822324752808,0.34141236543655396,5,5,Sucer,JHUHS
calib_01056,0.6834901571273804,0.8507777452468872,4,5,penl,Srosa
calib_01057,0.5314927697181702,0.4048655927181244,3,3,SIN,19S
calib_01058,0.7175498008728027,0.5693678259849548,1,1,W,M
calib_01059,0.35323479771614075,0.3071192502975464,3,3,C1L,TEI
calib_01060,0.7950005531311035,0.9022733569145203,4,4,1E03,E031
calib_01061,0.2975366413593292,0.4127541780471802,1,2,A,HF
calib_01062,0.20327767729759216,0.6988322734832764,2,4,BO,COVA
calib_01063,0.964512288570404,0.6319816708564758,4,4,gro-,-ou2
calib_01064,0.9408011436462402,0.4721083641052246,24,7,Fingertips NALL SALON WA,MM NT T
calib_01065,0.6761983036994934,0.9733767509460449,5,5,N62hW,M4291
calib_01066,0.35375308990478516,0.6418944597244263,3,3,0I8,B10
calib_01067,0.49119099974632263,0.49176502227783203,3,5,DOS,CCAOG
calib_01068,0.922073245048523,0.4462895393371582,5,4,Webwe,agaM
calib_01069,0.8095690011978149,0.5302212238311768,1,1,+,X
calib_01070,0.408697247505188,0.9371054768562317,3,9,fad,Profilins
calib_01071,0.5224397778511047,0.9994713068008423,8,10,paty-unj,fun-filled
calib_01072,0.32351523637771606,0.857225775718689,5,5,Suans,SharS
calib_01073,0.9482378959655762,0.44098466634750366,6,5,friend,poalg
calib_01074,0.3131418824195862,0.49009957909584045,8,8,TMOUNRIS,brdkmoan
calib_01075,0.4220902621746063,0.2060360610485077,2,2,00,t0
calib_01076,0.3390619456768036,0.2500597834587097,3,2,Van,Ce
calib_01077,0.7841629981994629,0.6224963068962097,17,14,QundHD+SuperAMouI,unoW.adng+aHpd
calib_01078,0.5765089988708496,0.0,2,0,MA,
calib_01079,0.5968747138977051,0.9980301856994629,4,4,BEEE,REEL
calib_01080,0.49908527731895447,0.8586544990539551,7,8,13SSvMI,HIWASSEE
calib_01081,0.3949676752090454,0.7884235382080078,4,4,B5RP,4853
calib_01082,0.2979903817176819,0.24588635563850403,4,4,1004,P200
calib_01083,0.5073359608650208,0.2875479757785797,2,3,ES,C14
calib_01084,0.255496621131897,0.4211883246898651,1,1,S,5
calib_01085,0.7443273663520813,0.9995511174201965,5,5,NAAAN,JAPAN
calib_01086,0.7153676152229309,0.24985693395137787,5,4,CREER,CEEO
calib_01087,0.776826024055481,0.89277583360672,5,4,Velta,CIKA
calib_01088,0.779285192489624,0.5707306861877441,2,2,an,ne
calib_01089,0.8206218481063843,0.3500392735004425,5,1,April,M
calib_01090,0.2855767607688904,0.7792046070098877,3,3,Jeh,MAr
calib_01091,0.9255817532539368,0.2758643329143524,20,1,www.helicopter.co.nz,a
calib_01092,0.38556328415870667,0.2968515157699585,4,2,-ULE,-P
calib_01093,0.0,0.0,0,0,,
calib_01094,0.9336684942245483,0.9358282089233398,4,2,HN's,NH
calib_01095,0.41172972321510315,0.3298517167568207,2,2,O0,6D
calib_01096,0.5046232342720032,0.9541445374488831,2,2,RA,TM
calib_01097,0.38336706161499023,0.7430858612060547,3,3,5tO,015
calib_01098,0.7838894724845886,0.5316022038459778,5,6,dlcys,shiaup
calib_01099,0.8861757516860962,0.6044868230819702,5,5,AX-12,2L-xY
calib_01100,0.8958763480186462,0.5239078998565674,2,2,1/,%s
calib_01101,0.13217556476593018,0.7248454093933105,1,4,S,TAPS
calib_01102,0.4660942852497101,0.6064186692237854,4,6,MBST,LISTER
calib_01103,0.9888409972190857,0.8382301926612854,1,1,M,W
calib_01104,0.24144743382930756,0.8299378156661987,1,1,1,7
calib_01105,0.8844471573829651,0.45588406920433044,6,6,MELHOR,MOMTaN
calib_01106,0.45720332860946655,0.1633605659008026,4,2,J000,OR
calib_01107,0.8336633443832397,0.26499325037002563,1,1,1,I
calib_01108,0.8855420351028442,0.7963525652885437,1,1,0,0
calib_01109,0.7390449047088623,0.8301714062690735,10,11,-E---25LOW,MO15T----E-
calib_01110,0.648757815361023,0.8101807236671448,5,6,hosne,BUSCK.
calib_01111,0.0,0.12474668771028519,0,1,,-
calib_01112,0.31841930747032166,0.3176143765449524,1,4,q,ihee
calib_01113,0.34154051542282104,0.15818169713020325,2,2,19,65
calib_01114,0.22225728631019592,0.16950461268424988,1,1,9,2
calib_01115,0.3729066848754883,0.3609764575958252,2,6,TO,DLOLiA
calib_01116,0.8734021186828613,0.9948348999023438,1,1,E,E
calib_01117,0.33958515524864197,0.12531110644340515,1,1,1,1
calib_01118,0.41679370403289795,0.7944762706756592,4,8,PAAE,DAYPEOER
calib_01119,0.8923118114471436,0.4907815456390381,16,14,RACHELIS ITALIAN,NETTEUSJTEHORO
calib_01120,0.30516648292541504,0.5509141087532043,2,3,OT,1:O
calib_01121,0.5499610900878906,0.7369392514228821,4,4,C8EO,0180
calib_01122,0.6317327618598938,0.40143856406211853,9,6,Berot.com,100.-0
calib_01123,0.525025486946106,0.9618950486183167,5,6,Spwos,Somala
calib_01124,0.9971792697906494,0.6378772854804993,3,3,Two,ong
calib_01125,0.7456532716751099,0.5510476231575012,1,1,a,P
calib_01126,0.9218612909317017,0.5050835609436035,11,9,"illsommans,",suowwosgn
calib_01127,0.4046158790588379,0.8298583030700684,2,3,Ol,llo
calib_01128,0.7622250914573669,0.4124636650085449,3,3,118,14L
calib_01129,0.717546284198761,0.4556989073753357,5,5,udhfo,ogipn
calib_01130,0.35396313667297363,0.2944597899913788,2,3,tt,ATE
calib_01131,0.4086281657218933,0.8546998500823975,5,8,EREEE,TENEREID
calib_01132,0.31246086955070496,0.8453379273414612,4,4,2O12,2142
calib_01133,0.9403294324874878,0.180482879281044,5,2,PAPER,AV
calib_01134,0.9998502731323242,0.1848992109298706,6,4,gratis,agas
calib_01135,0.34346383810043335,0.37840142846107483,2,2,no,00
calib_01136,0.0,0.0,0,0,,
calib_01137,0.5913187265396118,0.2851842939853668,2,1,PE,J
calib_01138,0.9817131161689758,0.8956152200698853,1,2,L,47
calib_01139,0.4631842076778412,0.31798264384269714,3,5,SCA,SRLDE
calib_01140,0.8974694609642029,0.7575922608375549,8,6,ENF 9119,611633
calib_01141,0.4283123314380646,0.5767439007759094,3,3,1E1,2a1
calib_01142,0.9281701445579529,0.5346581339836121,6,1,IRELLI,E
calib_01143,0.28978875279426575,0.7840261459350586,3,7,IPA,virtial
calib_01144,0.9048274755477905,0.0,8,0,Conclsin,
calib_01145,0.1413855105638504,0.2134256660938263,1,1,",",.
calib_01146,0.250000923871994,0.5350314974784851,3,3,KAL,TEN
calib_01147,0.9156418442726135,0.30218225717544556,3,2,160,oa
calib_01148,0.941412091255188,0.23267753422260284,7,3,biljett,Hig
calib_01149,0.5679003596305847,0.8204962015151978,1,1,"""",""""
calib_01150,0.44385308027267456,0.440248966217041,2,2,cn,40
calib_01151,0.9955679774284363,0.2807963490486145,8,1,@wfryer-,r
calib_01152,0.5292354226112366,0.9855092763900757,8,11,Brwadesu,engagemang.
calib_01153,0.19841037690639496,0.9490826725959778,2,9,IE,PREMIERES
calib_01154,0.16036665439605713,0.6283645033836365,2,3,FR,113
calib_01155,0.6848761439323425,0.8834582567214966,4,4,nwes,Samy
calib_01156,0.7914363145828247,0.42933526635169983,4,3,Thig,615
calib_01157,0.8662305474281311,0.157684788107872,13,1,Introductions,t
calib_01158,0.14940530061721802,0.5744965076446533,2,8,SM,WASHINSE
calib_01159,0.4052421748638153,0.35742682218551636,1,1,H,1
calib_01160,0.26709234714508057,0.2358415424823761,1,1,9,8
calib_01161,0.20602019131183624,0.9377897381782532,4,5,Peer,Devon
calib_01162,0.21055278182029724,0.7975448369979858,1,2,2,to
calib_01163,0.9816479086875916,0.24144645035266876,9,3,Bertuccis,Srs
calib_01164,0.942327082157135,0.3657398819923401,4,4,C2OL,C020
calib_01165,0.9671223163604736,0.9080380201339722,1,1,N,N
calib_01166,0.1853284388780594,0.3574587404727936,1,2,T,mu
calib_01167,0.9503539204597473,0.3395349085330963,5,4,carly,Areo
calib_01168,0.9641067981719971,0.5809733271598816,6,7,signal,yeutire
calib_01169,0.30881884694099426,0.9124687910079956,3,7,M0D,CAUTION
calib_01170,0.34132900834083557,0.5202111601829529,1,1,8,3
calib_01171,0.9992304444313049,0.35641273856163025,6,3,DIFUSO,OUO
calib_01172,0.8106473684310913,0.5445082783699036,1,1,D,C
calib_01173,0.490383118391037,0.9952433109283447,2,2,On,Mo
calib_01174,0.9252491593360901,0.2339223176240921,8,2,Riley&co,R0
calib_01175,0.9996076226234436,0.3109350800514221,18,17,www.LosMocanos.com,WOM'MOUoMOWSOMMMM
calib_01176,0.8569999933242798,0.3464568555355072,8,6,Spotless,sopacs
calib_01177,0.4751359522342682,0.6467044353485107,6,6,INPAnO,DutoNh
calib_01178,0.9781548380851746,0.9512996077537537,4,4,-009,600-
calib_01179,0.6624825596809387,0.6355978846549988,1,1,2,2
calib_01180,0.9539185762405396,0.3134315609931946,8,5,Operated,posde
calib_01181,0.7711082696914673,0.4803125560283661,7,4,Compory,Koda
calib_01182,0.672986626625061,0.7149444222450256,2,1,to,+
calib_01183,0.891573429107666,0.9894315600395203,4,4,1426,9871
calib_01184,0.6540179252624512,0.6369550228118896,4,4,2407,LOPE
calib_01185,0.922797441482544,0.6207453012466431,8,7,644-733-,EEL-L19
calib_01186,0.6317857503890991,0.5201688408851624,1,1,M,w
calib_01187,0.9921452403068542,0.5868111252784729,6,6,LBA-48,17-087
calib_01188,0.9148831963539124,0.5060023665428162,1,1,1,1
calib_01189,0.2914545238018036,0.9108486175537109,6,9,"""soopa",outdoors.
calib_01190,0.5536448955535889,0.3920435905456543,2,2,V/,I1
calib_01191,0.6808331608772278,0.5810959339141846,3,3,C5O,OSO
calib_01192,0.3805250823497772,0.925059974193573,6,6,PESSST,PENSKF
calib_01193,0.9969121217727661,0.41806575655937195,2,2,25,22
calib_01194,0.22260157763957977,0.9118192195892334,3,3,7LL,CAL
calib_01195,0.8637549877166748,0.40473318099975586,2,2,Me,al
calib_01196,0.4838795065879822,0.9849661588668823,4,5,roan,relax
calib_01197,0.3735053837299347,0.8002714514732361,1,3,m,Aac
calib_01198,0.7712985277175903,0.5766956806182861,5,5,11843,Epill
calib_01199,0.3279956877231598,0.9989780187606812,12,28,cedtrrr retJ,Clear Scratch Resistant Film
calib_01200,0.6098327040672302,0.4112253785133362,4,2,FICA,PS
calib_01201,0.6942936778068542,0.9972575306892395,3,4,ANA,ANCA
calib_01202,0.15843579173088074,0.6365847587585449,2,4,DO,MILL
calib_01203,0.2631615102291107,0.9849424958229065,3,6,hee,checks
calib_01204,0.8805139064788818,0.5799416303634644,8,7,PSATT ST,15 AVEd
calib_01205,0.8318198919296265,0.24743090569972992,5,3,CABLA,EVD
calib_01206,0.434124618768692,0.8574803471565247,5,7,11SB1,1ELSTRA
calib_01207,0.615678608417511,0.9364812970161438,6,7,A VMAA,IOWA AV
calib_01208,0.2619355320930481,0.5583750009536743,1,7,O,Na Rion
calib_01209,0.9958029389381409,0.7607985138893127,3,3,177,111
calib_01210,0.4271964728832245,0.8786330223083496,4,4,SOLL,7785
calib_01211,0.32504984736442566,0.7017024159431458,3,5,SaD,OURES
calib_01212,0.4172881543636322,0.3014209270477295,1,1,t,3
calib_01213,0.9198194742202759,0.3427838385105133,5,5,Testy,hisny
calib_01214,0.5326014161109924,0.37588897347450256,1,1,3,K
calib_01215,0.26426035165786743,0.9377135038375854,5,9,moogr,Wikileaks
calib_01216,0.5393370985984802,0.4919503927230835,2,1,-=,=
calib_01217,0.9519997835159302,0.5819885730743408,4,4,2905,3062
calib_01218,0.6847292184829712,0.9071851372718811,4,4,0022,7200
calib_01219,0.7089601755142212,0.40605250000953674,10,5,155@ga.com,wobba
calib_01220,0.8677330613136292,0.2941007614135742,7,3,GARAISH,CRN
calib_01221,0.5459319949150085,0.9986450672149658,3,3,958,356
calib_01222,0.3664584755897522,0.8898422718048096,2,2,CI,13
calib_01223,0.9766848087310791,0.6374406218528748,1,1,H,H
calib_01224,0.26681065559387207,0.9888266324996948,5,7,wrmee,Mosaico
calib_01225,0.8470172882080078,0.620966911315918,3,3,619,6L9
calib_01226,0.834745466709137,0.5325636863708496,6,4,Ammice,muMy
calib_01227,0.39743614196777344,0.9205869436264038,5,7,CEEVO,GLAVENO
calib_01228,0.16810041666030884,0.8906391263008118,3,8,G0e,BOUTIOUE
calib_01229,0.9868295788764954,0.8393850922584534,1,1,A,A
calib_01230,0.275949627161026,0.9181720018386841,4,9,Wgae,WiderhoPe
calib_01231,0.4834492802619934,0.5214285254478455,5,6,L4OCE,EM.CPT
calib_01232,0.1070166826248169,0.12832489609718323,1,1,a,1
calib_01233,0.9844036102294922,0.3582420349121094,9,7,GIBRALTAR,VIIVERS
calib_01234,0.2648473381996155,0.31641530990600586,3,3,OTE,HIL
calib_01235,0.12854251265525818,0.2562105357646942,1,1,*,A
calib_01236,0.454867959022522,0.6833873391151428,9,9,LUSWETION,MOTTEMETY
calib_01237,0.4029974639415741,0.9572170972824097,4,4,DOME,avec
calib_01238,0.41245707869529724,0.9842798113822937,3,3,NDG,NGE
calib_01239,0.9983019828796387,0.36301666498184204,3,2,bis,is
calib_01240,0.9265789985656738,0.7095527052879333,1,1,7,E
calib_01241,0.3510952591896057,0.7727199196815491,2,2,'S,S.
calib_01242,0.6138494610786438,0.8063427209854126,4,4,9927,2236
calib_01243,0.9107158184051514,0.18236297369003296,8,4,Hattiesb,heer
calib_01244,0.8665525913238525,0.9982923865318298,1,1,+,+
calib_01245,0.363992303609848,0.8706076741218567,6,6,ogrony,Tanato
calib_01246,0.9452735185623169,0.46228787302970886,7,2,FANTASH,AI
calib_01247,0.977367103099823,0.4361516535282135,3,3,MTA,WLW
calib_01248,0.7204911708831787,0.31635889410972595,3,3,GND,CAD
calib_01249,0.31564226746559143,0.666851818561554,3,3,0SS,950
calib_01250,0.2986161410808563,0.946479082107544,4,9,Cooo,Ciouscolo
calib_01251,0.0,0.8181015253067017,0,10,,PISMISTERY
calib_01252,0.25135546922683716,0.9925979971885681,4,4,HERH,Hack
calib_01253,0.7204604744911194,0.9808744192123413,2,2,h0,04
calib_01254,0.982425332069397,0.9849245548248291,4,4,NOZI,IZON
calib_01255,0.31164979934692383,0.9641322493553162,2,6,oo,morefo
calib_01256,0.2463524490594864,0.45949894189834595,4,4,1-74,VZA1
calib_01257,0.9894200563430786,0.8174339532852173,4,4,6336,9809
calib_01258,0.9994851350784302,0.2916146516799927,21,11,(www.beontheroad.com),(momooraoa)
calib_01259,0.8238568902015686,0.6303495168685913,4,4,3743,COLE
calib_01260,0.8600992560386658,0.42211246490478516,2,2,62,79
calib_01261,0.4806237816810608,0.3636430501937866,2,2,BC,00
calib_01262,0.7862586379051208,0.9365839958190918,3,3,asn,LED
calib_01263,0.9929494261741638,0.3913167119026184,7,5,LANCOME,TOOEE
calib_01264,0.6579661965370178,0.20161934196949005,7,5,Salratt,geyer
calib_01265,0.7549290657043457,0.3813815116882324,3,3,WAR,CAA
calib_01266,0.9988824129104614,0.26511529088020325,4,3,Edit,BP3
calib_01267,0.20655930042266846,0.8828959465026855,4,5,wyow,Match
calib_01268,0.9377506971359253,0.4903731644153595,4,4,5080,380S
calib_01269,0.747645378112793,0.9668883085250854,1,1,a,D
calib_01270,0.4165271520614624,0.5399455428123474,3,4,MIO,NOHA
calib_01271,0.4809819459915161,0.8055470585823059,1,1,o,o
calib_01272,0.4840240478515625,0.6045275330543518,3,4,SHV,Mils
calib_01273,0.9565891623497009,0.4436132311820984,1,1,-,-
calib_01274,0.9722710251808167,0.35908082127571106,8,6,CHAIVNUM,CONANN
calib_01275,0.3541070520877838,0.5356869101524353,3,3,ang,500
calib_01276,0.9845402836799622,0.39294394850730896,9,6,Yuengling,sjbuan
calib_01277,0.20377309620380402,0.6523621678352356,4,4,SouR,URCF
calib_01278,0.36095255613327026,0.584266185760498,2,2,07,10
calib_01279,0.8931196928024292,0.7430212497711182,10,8,KIDDVaIIeY,AIIACIMI
calib_01280,0.3740309178829193,0.5777720808982849,3,3,409,eon
calib_01281,0.3025769293308258,0.9969145655632019,3,5,Fao,Fitou
calib_01282,0.9208505153656006,0.2936071455478668,9,4,requiring,huer
calib_01283,0.949417769908905,0.3758813142776489,16,15,ASSOCIATION INC.,OSE AALIVIIOAST
calib_01284,0.9979214668273926,0.34461385011672974,23,16,http://techno.mayix.net,h'x!Aw'ouag//:dy
calib_01285,0.47440049052238464,0.6893065571784973,3,4,noy,hou=
calib_01286,0.7957544326782227,0.3400292694568634,6,2,VPONTS,NO
calib_01287,0.6267344951629639,0.9060027599334717,4,3,DOTO,awa
calib_01288,0.9338821768760681,0.5129774212837219,3,3,bis,819
calib_01289,0.5566534996032715,0.6707884073257446,2,2,El,13
calib_01290,0.4547079801559448,0.9519538879394531,4,4,TAAA,MARA
calib_01291,0.2934778034687042,0.9242615699768066,2,4,uh,Min.
calib_01292,0.3351568281650543,0.8465456962585449,3,3,LMT,LMT
calib_01293,0.3284884989261627,0.8624484539031982,2,2,Se,as
calib_01294,0.3590209484100342,0.857772171497345,2,5,ou,Ritmo
calib_01295,0.23736834526062012,0.980052649974823,4,9,COan,Costallat
calib_01296,0.4396292567253113,0.6927477121353149,2,2,DO,(N
calib_01297,0.2977774739265442,0.508452296257019,1,1,N,N
calib_01298,0.6512075662612915,0.9899100065231323,5,5,ONISO,CAINO
calib_01299,0.5937055349349976,0.8174671530723572,6,7,HIGNOI,MONSTER
calib_01300,0.42023545503616333,0.7056845426559448,2,2,EH,RA
calib_01301,0.5791614055633545,0.7364959716796875,2,2,ol,10
calib_01302,0.0,0.6900858879089355,0,2,,Co
calib_01303,0.9976086616516113,0.5065864324569702,5,4,HRIST,SPSH
calib_01304,0.6024859547615051,0.8904668092727661,5,5,50'5S,55.00
calib_01305,0.5776420831680298,0.9458006620407104,5,7,gayms,Suite B
calib_01306,0.41134268045425415,0.693555474281311,4,4,cgob,Gobo
calib_01307,0.6322259306907654,0.6574921011924744,6,6,ANSIEM,WHINAY
calib_01308,0.2901565730571747,0.9229986667633057,3,6,myy,Ouftaw
calib_01309,0.9242954850196838,0.25648483633995056,6,3,Format,pag
calib_01310,0.31278109550476074,0.998015284538269,8,8,PAAONNIE,PACKOUT&
calib_01311,0.8964425921440125,0.48410966992378235,4,2,STAR,SA
calib_01312,0.6975923180580139,0.9963527917861938,2,2,PO,04
calib_01313,0.9896368980407715,0.2773982882499695,2,2,13,E1
calib_01314,0.45763707160949707,0.7992973923683167,6,6,LOOLNS,SKIPPY
calib_01315,0.713693380355835,0.9904997944831848,2,2,AH,RY
calib_01316,0.8624719381332397,0.9537779688835144,4,1,PILL,T
calib_01317,0.600655734539032,0.7994492650032043,3,3,5ZS,523
calib_01318,0.992794394493103,0.6876958608627319,2,2,30,OE
calib_01319,0.876835823059082,0.5504229664802551,5,5,DAIVE,ZANNG
calib_01320,0.5428287386894226,0.24231503903865814,1,2,J,ot
calib_01321,0.9779845476150513,0.3716783821582794,9,1,Aktueller,J
calib_01322,0.248267263174057,0.9661701321601868,5,6,CSART,GAY ST
calib_01323,0.9903329610824585,0.9037080407142639,2,3,MN,NW.
calib_01324,0.529535174369812,0.9923898577690125,4,4,JOoN,Noon
calib_01325,0.9523181915283203,0.5488137006759644,2,2,AV,AA
calib_01326,0.8837102651596069,0.255500853061676,8,2,CocaCola,C0
calib_01327,0.8279917240142822,0.9002980589866638,3,3,200,002
calib_01328,0.7535242438316345,0.5037748217582703,5,5,JONAR,AVIel
calib_01329,0.7015298008918762,0.6915852427482605,3,4,:41,Vin.
calib_01330,0.9827426671981812,0.19202111661434174,7,5,infenem,tntti
calib_01331,0.9985795617103577,0.39880871772766113,18,4,WWW.LEATHERETC.COM,WMHE
calib_01332,0.22973981499671936,0.9962155222892761,2,4,ua,Dart
calib_01333,0.9775875806808472,0.6406534910202026,4,5,LIGH,LHDIT
calib_01334,0.9310135841369629,0.24457845091819763,3,2,TED,I1
calib_01335,0.8586921691894531,0.0,5,0,Mtake,
calib_01336,0.2698500454425812,0.22769947350025177,1,1,M,M
calib_01337,0.9979281425476074,0.3931434452533722,3,3,YPE,BPE
calib_01338,0.4418816566467285,0.36678916215896606,1,1,F,L
calib_01339,0.9376295208930969,0.316250741481781,5,4,tasre,CISE
calib_01340,0.44926702976226807,0.9733485579490662,3,3,Aea,say
calib_01341,0.7378935217857361,0.556774377822876,3,3,OVA,DAE
calib_01342,0.4348858594894409,0.713165283203125,4,6,HITA,LUALIT
calib_01343,0.8701579570770264,0.7779617309570312,3,3,655,589
calib_01344,0.7219769954681396,0.8532989025115967,2,2,OF,10
calib_01345,0.3509002923965454,0.7107847332954407,3,3,RUC,DRE
calib_01346,0.9649087190628052,0.46753448247909546,4,4,PEPS,Sa3d
calib_01347,0.9971696138381958,0.43587350845336914,2,2,es,So
calib_01348,0.4685301184654236,0.949001669883728,2,2,hq,by
calib_01349,0.7267728447914124,0.8840876221656799,1,1,9,&
calib_01350,0.4863574802875519,0.7618933916091919,1,1,y,&
calib_01351,0.5155439972877502,0.9170164465904236,3,3,96/,135
calib_01352,0.9887627363204956,0.34915006160736084,2,2,de,oe
calib_01353,0.9547584652900696,0.1518542617559433,3,3,Fat,EE0
calib_01354,0.7094432711601257,0.990816056728363,6,6,captay,Header
calib_01355,0.9507840275764465,0.5416147708892822,6,5,mixed.,partl
calib_01356,0.9030402898788452,0.4091728627681732,8,5,propofed,peood
calib_01357,0.2104213684797287,0.5216452479362488,1,6,E,AIGLIS
calib_01358,0.9766066074371338,0.2145446091890335,9,5,Chocolate,r0043
calib_01359,0.9299411773681641,0.2797578275203705,5,3,paulo,Puc
calib_01360,0.17722223699092865,0.8481389880180359,2,8,JE,YORKSMEE
calib_01361,0.9248597025871277,0.3215402364730835,9,9,MOTORS UC,MT SAOLOW
calib_01362,0.8473454713821411,0.782496452331543,4,4,3-17,L!-8
calib_01363,0.6394480466842651,0.9006674885749817,6,7,NdE-80,08:30PM
calib_01364,0.41603296995162964,0.6551044583320618,2,3,JM,iRC
calib_01365,0.4648582339286804,0.8543345928192139,2,2,op,de
calib_01366,0.9718749523162842,0.4350437819957733,6,6,PUBCON,NoD8na
calib_01367,0.6222264170646667,0.23825371265411377,1,1,H,1
calib_01368,0.9711004495620728,0.6796908974647522,4,4,ONLY,AINO
calib_01369,0.9809695482254028,0.728401243686676,1,1,&,y
calib_01370,0.18243370950222015,0.7026801705360413,1,3,d,PAR
calib_01371,0.7762860655784607,0.0,3,0,LAI,
calib_01372,0.649910569190979,0.2832633852958679,5,5,Niare,R1010
calib_01373,0.9832972288131714,0.9988178610801697,1,1,L,7
calib_01374,0.9829804301261902,0.4444008767604828,4,2,bike,PY
calib_01375,0.9978151321411133,0.42208415269851685,3,2,Alt,AT
calib_01376,0.8429709076881409,0.8323357701301575,3,3,out,tro
calib_01377,0.9853660464286804,0.9276911020278931,3,2,Nil,IN
calib_01378,0.20562534034252167,0.9951872825622559,3,5,JAJ,serve
calib_01379,0.26054754853248596,0.8434315919876099,5,9,MSRTN,Nicaragua
calib_01380,0.6212457418441772,0.8134715557098389,1,1,o,o
calib_01381,0.9837315678596497,0.40281158685684204,4,4,Beef,Feed
calib_01382,0.9743584394454956,0.23982267081737518,5,3,WORLD,OHM
calib_01383,0.4960514008998871,0.6185947060585022,1,1,M,R
calib_01384,0.7071352005004883,0.6770784258842468,1,1,n,U
calib_01385,0.9666371941566467,0.2802788019180298,2,2,MG,Ae
calib_01386,0.9582341909408569,0.4975709319114685,1,1,o,o
calib_01387,0.9598199725151062,0.17597709596157074,5,4,nitok,aotu
calib_01388,0.8524559140205383,0.9972639083862305,4,4,Jesp,dsac
calib_01389,0.46611571311950684,0.5947644710540771,2,2,1o,Of
calib_01390,0.7379527688026428,0.9791218638420105,2,3,65,579
calib_01391,0.9918379187583923,0.9862872958183289,1,1,H,H
calib_01392,0.7892916202545166,0.9774954319000244,6,6,YONDAN,KYUNDA
calib_01393,0.7694860100746155,0.3385296165943146,4,4,AMEN,MIBN
calib_01394,0.8657553791999817,0.4612046778202057,6,6,485-85,S8-58Y
calib_01395,0.3065809905529022,0.964790403842926,4,6,WHOM,ETWORK
calib_01396,0.9818412661552429,0.9680456519126892,3,3,-/+,+/-
calib_01397,0.7918328046798706,0.9964994788169861,5,4,%.001,100%
calib_01398,0.8505040407180786,0.2905406951904297,8,4,Pringles,Pbid
calib_01399,0.18552476167678833,0.30097174644470215,1,1,5,5
calib_01400,0.1361495554447174,0.9035130739212036,2,2,LD,RT
calib_01401,0.9255723357200623,0.9664084911346436,4,4,unow,Moun
calib_01402,0.8320796489715576,0.9954336285591125,4,4,OO6N,N900
calib_01403,0.9049060940742493,0.6011940240859985,3,3,100,000
calib_01404,0.145679771900177,0.9862694144248962,4,6,aeen,Berlin
calib_01405,0.7468510270118713,0.8043678402900696,3,4,avo,LOXD
calib_01406,0.9876188039779663,0.4902416467666626,2,2,TH,HI
calib_01407,0.9196949601173401,0.39874741435050964,3,2,Prt,Pd
calib_01408,0.49608635902404785,0.9599255323410034,10,10,1100096519,6159507011
calib_01409,0.2306249737739563,0.9921455383300781,6,6,peenng,French
calib_01410,0.275808721780777,0.20492033660411835,2,2,ws,Su
calib_01411,0.9073764681816101,0.17896521091461182,5,4,06448,0tea
calib_01412,0.2761974334716797,0.991927981376648,2,10,TE,CLORYCYLES
calib_01413,0.3025083839893341,0.9876496195793152,15,19,SAOA0NAOAAAOAIN,SINITALY.TAOBAO.COM
calib_01414,0.4371681213378906,0.8129069209098816,6,6,SIZING,GRIZZS
calib_01415,0.3934189975261688,0.9715946316719055,5,5,Ons03,COSMO
calib_01416,0.621722936630249,0.28216803073883057,2,1,20,&
calib_01417,0.2380530834197998,0.539156973361969,6,7,POTINK,NOILLas
calib_01418,0.24852001667022705,0.40383267402648926,3,2,WET,La
calib_01419,0.8910781145095825,0.5544484853744507,2,2,11,11
calib_01420,0.28908267617225647,0.7202191352844238,2,2,US,on
calib_01421,0.9233513474464417,0.11048778146505356,2,1,by,1
calib_01422,0.33227112889289856,0.6177587509155273,3,3,wno,OUM
calib_01423,0.9137738347053528,0.7262659668922424,6,3,(222m),(2)
calib_01424,0.4699918329715729,0.8782985806465149,2,4,Ce,CeBl
calib_01425,0.0,0.5639045834541321,0,5,,DERAL
calib_01426,0.9641247987747192,0.27067214250564575,10,9,VERSCHIJNT,EEEHEEEIL
calib_01427,0.44731828570365906,0.9265825152397156,3,5,MGN,Neart
calib_01428,0.285246342420578,0.8989357352256775,3,3,2o7,Log
calib_01429,0.9925669431686401,0.9884449243545532,1,1,H,H
calib_01430,0.6458629369735718,0.4778355062007904,2,2,G0,09
calib_01431,0.28408169746398926,0.9093864560127258,3,3,Gal,5er
calib_01432,0.6466898322105408,0.6388307809829712,3,4,BAN,WWEL
calib_01433,0.17675133049488068,0.8217485547065735,1,11,s,Vitamios &8
calib_01434,0.4457988440990448,0.8920096755027771,2,2,o0,30
calib_01435,0.5241764187812805,0.7829444408416748,3,4,MDH,HOPY
calib_01436,0.99807208776474,0.5323518514633179,7,5,finally,Ajeuy
calib_01437,0.9707571864128113,0.2553691864013672,7,4,MONEKSI,MORN
calib_01438,0.48970046639442444,0.6788471937179565,5,4,WoODs,ooom
calib_01439,0.4225732386112213,0.9927142262458801,5,5,FOOES,CORDS
calib_01440,0.42710888385772705,0.4996711313724518,4,5,USEE,VLLSD
calib_01441,0.9737997055053711,0.9978443384170532,2,2,LS,ST
calib_01442,0.16515032947063446,0.7951020002365112,5,7,RLiVS,BRITISH
calib_01443,0.663156270980835,0.273194819688797,1,1,C,2
calib_01444,0.9899049401283264,0.37551039457321167,6,4,RENAUL,RENE
calib_01445,0.771665632724762,0.2851458489894867,3,1,wel,a
calib_01446,0.22095924615859985,0.83111971616745,4,5,mauL,THULE
calib_01447,0.9948988556861877,0.9136444330215454,1,1,D,a
calib_01448,0.4052165448665619,0.9227052927017212,3,5,115,GLASS
calib_01449,0.2654995620250702,0.9643996953964233,6,8,REOANA,ARISTONA
calib_01450,0.48646265268325806,0.8019120693206787,4,4,X200,302*
calib_01451,0.8548265099525452,0.1482800543308258,2,1,am,S
calib_01452,0.8276087641716003,0.9967344403266907,3,3,HIO,OTH
calib_01453,0.9896033406257629,0.16599631309509277,4,1,head,A
calib_01454,0.9913914203643799,0.4384526014328003,3,3,523,CZ5
calib_01455,0.21292348206043243,0.6566000580787659,1,1,6,8
calib_01456,0.5151084065437317,0.7797450423240662,3,3,WNE,GUM
calib_01457,0.7514796257019043,0.7456779479980469,1,1,S,S
calib_01458,0.932613730430603,0.7984369993209839,1,1,#,#
calib_01459,0.9962752461433411,0.8967863917350769,4,4,oody,Apoc
calib_01460,0.40621882677078247,0.9950146079063416,5,9,occon,traction.
calib_01461,0.9492392539978027,0.26291513442993164,3,2,&c.,o1
calib_01462,0.19072498381137848,0.12917175889015198,1,1,A,I
calib_01463,0.8074009418487549,0.651736855506897,2,2,On,40
calib_01464,0.5853680968284607,0.5095626711845398,1,1,1,I
calib_01465,0.19846373796463013,0.7105591893196106,2,3,Ho,MDB
calib_01466,0.5175977349281311,0.9595789909362793,1,1,i,?
calib_01467,0.6850924491882324,0.6790354251861572,2,2,5T,iS
calib_01468,0.4683184027671814,0.6507044434547424,1,1,o,o
calib_01469,0.9045074582099915,0.2139042317867279,7,5,PREMIOM,WMRON
calib_01470,0.5014653205871582,0.20138072967529297,3,3,FME,TLy
calib_01471,0.99052494764328,0.23411667346954346,5,4,Sentr,suas
calib_01472,0.8196709752082825,0.9968348741531372,2,2,op,de
calib_01473,0.5547154545783997,0.5183997750282288,5,5,0000c,Dooot
calib_01474,0.9767470359802246,0.9192947745323181,2,2,07,LO
calib_01475,0.7147156596183777,0.8500182032585144,3,3,gep,dal
calib_01476,0.4861331582069397,0.9178037047386169,2,4,80,08.3
calib_01477,0.9034300446510315,0.2666729986667633,1,1,-,I
calib_01478,0.6594194173812866,0.5088025331497192,2,2,ON,10
calib_01479,0.9095596671104431,0.9137983918190002,3,3,MDH,HOW
calib_01480,0.5191507935523987,0.8753530383110046,3,3,PVG,DAI
calib_01481,0.9405364990234375,0.3136431574821472,3,1,MAY,W
calib_01482,0.2523380517959595,0.9574666619300842,1,6,i,Bitter
calib_01483,0.5664985179901123,0.9207695722579956,2,2,QT,10
calib_01484,0.5464807748794556,0.9993484616279602,3,3,300,300
calib_01485,0.8446024060249329,0.5422256588935852,3,3,jkI,1x5
calib_01486,0.28539472818374634,0.8986333608627319,4,7,gime,Gulf of
calib_01487,0.6766621470451355,0.7922482490539551,2,2,10,of
calib_01488,0.6851994395256042,0.7677689790725708,3,2,Lee,22
calib_01489,0.982371985912323,0.555876612663269,1,1,8,&
calib_01490,0.8128417134284973,0.7550784349441528,5,5,560 *,* 005
calib_01491,0.9477511644363403,0.5286702513694763,7,2,Affairs,An
calib_01492,0.9905527830123901,0.2722970247268677,5,3,CLAM),AYO
calib_01493,0.45210546255111694,0.20435644686222076,2,1,A7,Z
calib_01494,0.9123615026473999,0.2109479308128357,7,1,Fairfax,e
calib_01495,0.6731113195419312,0.9196086525917053,7,7,BENYION,VOLANTE
calib_01496,0.3369501233100891,0.6939888000488281,2,7,EE,ALERICO
calib_01497,0.7001057863235474,0.44353026151657104,2,2,D5,gO
calib_01498,0.5460999011993408,0.8058158159255981,1,2,A,an
calib_01499,0.4219260811805725,0.32697930932044983,1,2,D,-0
calib_01500,0.9852305054664612,0.6125072240829468,1,1,E,3
calib_01501,0.4727513790130615,0.5943266749382019,2,1,"""1",""""
calib_01502,0.8767295479774475,0.8365200161933899,1,2,L,Je
calib_01503,0.929702639579773,0.9728583693504333,4,4,quan,uenb
calib_01504,0.2603543996810913,0.9175827503204346,1,9,R,FORISATTA
calib_01505,0.4379977583885193,0.7221033573150635,4,4,ezka,Prze
calib_01506,0.5075563192367554,0.26713046431541443,11,3,COMERTIGOON,MOM
calib_01507,0.2809601128101349,0.5900282859802246,4,4,XAAG,STRK
calib_01508,0.607948899269104,0.9894724488258362,8,8,29998608,20985555
calib_01509,0.7647279500961304,0.8573701977729797,1,1,7,L
calib_01510,0.5533837676048279,0.333545058965683,3,2,Pak,Td
calib_01511,0.16264468431472778,0.7261256575584412,3,3,NRL,124
calib_01512,0.6622306108474731,0.8930950164794922,4,4,1216,5124
calib_01513,0.3859917223453522,0.8894357681274414,5,5,NYETS,CLEAN
calib_01514,0.7292231917381287,0.32553282380104065,2,2,31,/1
calib_01515,0.8900847434997559,0.7128880620002747,2,2,GG,39
calib_01516,0.7638658285140991,0.7674184441566467,1,1,S,S
calib_01517,0.7293453812599182,0.7797717452049255,3,3,XMr,JNX
calib_01518,0.1620127558708191,0.23635828495025635,1,1,3,G
calib_01519,0.5454359650611877,0.7753108143806458,3,3,OX=,EKC
calib_01520,0.27303051948547363,0.46610313653945923,1,1,:,H
calib_01521,0.9251770377159119,0.23316407203674316,6,5,"ARBOR,",AAROY
calib_01522,0.30469241738319397,0.9286894798278809,2,5,mo,"otti,"
calib_01523,0.998643696308136,0.5364383459091187,3,3,CYN,CAN
calib_01524,0.4019257426261902,0.0,4,0,ahgh,
calib_01525,0.9174044728279114,0.18055786192417145,6,1,Blance,e
calib_01526,0.4855929911136627,0.33353695273399353,6,4,EDirEg,Bild
calib_01527,0.4645361006259918,0.9558219909667969,4,5,SIVE,STAIE
calib_01528,0.3735859990119934,0.9630414247512817,7,7,GIMSOET,GROSSET
calib_01529,0.3068370521068573,0.9457377791404724,3,6,Sih,spiril
calib_01530,0.6254023313522339,0.5160777568817139,4,2,USCS,on
calib_01531,0.7646692991256714,0.2981836795806885,7,7,BLAKKIA,BAAaAAA
calib_01532,0.9966230988502502,0.9760149717330933,2,2,0%,%0
calib_01533,0.2921271324157715,0.8004195690155029,1,9,h,Erectingg
calib_01534,0.6128119230270386,0.9844071865081787,5,4,67.dd,PRLY
calib_01535,0.9675736427307129,0.7025688290596008,8,6,security,Aunoas
calib_01536,0.31870537996292114,0.899060845375061,4,5,awod,Power
calib_01537,0.33372029662132263,0.9515981674194336,1,3,P,DCH
calib_01538,0.9499565362930298,0.4693473279476166,10,3,Genevenfes,sah
calib_01539,0.502476692199707,0.9978419542312622,3,4,x01,lijk
calib_01540,0.8011208772659302,0.2528860867023468,4,3,EQUI,Moa
calib_01541,0.34518933296203613,0.8791694045066833,6,7,GAETRO,Celliet
calib_01542,0.9435606002807617,0.20405039191246033,3,1,The,2
calib_01543,0.9283408522605896,0.18816542625427246,8,4,Graphics,Soat
calib_01544,0.9977161288261414,0.821774959564209,3,3,776,9LL
calib_01545,0.3691231608390808,0.9663496017456055,2,2,22,25
calib_01546,0.9743617177009583,0.2798203229904175,6,4,untied,mnun
calib_01547,0.4255027770996094,0.9954960346221924,6,6,VAONOD,COMPRA
calib_01548,0.9076253175735474,0.21236829459667206,10,3,T.Teliskog,Trl
calib_01549,0.7415342330932617,0.7341957092285156,3,4,und,2071
calib_01550,0.9996074438095093,0.662708044052124,2,2,T1,11
calib_01551,0.25669366121292114,0.9935162663459778,1,9,m,Mactinitt
calib_01552,0.9955650568008423,0.5582386255264282,2,2,on,UO
calib_01553,0.5048516988754272,0.14217433333396912,5,1,Roule,t
calib_01554,0.13619646430015564,0.9680857062339783,1,2,A,FM
calib_01555,0.9504904747009277,0.8000047206878662,1,1,S,5
calib_01556,0.9094223380088806,0.3752802908420563,4,3,Fast,501
calib_01557,0.9891566038131714,0.3700712323188782,4,4,2512,2iST
calib_01558,0.831403911113739,0.0,4,0,DARK,
calib_01559,0.3683530390262604,0.9117796421051025,3,3,TBY,ARE
calib_01560,0.24078577756881714,0.14689724147319794,2,4,AI,COUI
calib_01561,0.37953054904937744,0.9773037433624268,6,6,SUEMOS,Towans
calib_01562,0.9506648778915405,0.9363621473312378,1,1,0,0
calib_01563,0.9069826602935791,0.17234672605991364,2,1,RY,A
calib_01564,0.8952823877334595,0.9063552618026733,1,1,s,s
calib_01565,0.6084259748458862,0.2787325382232666,6,3,brewed,raM
calib_01566,0.4627571105957031,0.27326178550720215,2,1,U7,5
calib_01567,0.1780797392129898,0.5106491446495056,1,1,3,D
calib_01568,0.7279979586601257,0.9991817474365234,5,5,saund,Tunes
calib_01569,0.5364264845848083,0.6687800288200378,2,1,J.,r
calib_01570,0.8545108437538147,0.43722835183143616,6,4,EKAABI,1AV3
calib_01571,0.9821401238441467,0.344527930021286,4,4,GATE,3119
calib_01572,0.40853747725486755,0.21369999647140503,1,1,I,7
calib_01573,0.8394894599914551,0.7380459904670715,3,3,TON,NOL
calib_01574,0.9863588213920593,0.8506802916526794,3,3,AND,ONV
calib_01575,0.44074106216430664,0.1986609399318695,5,2,HavOS,SC
calib_01576,0.871931254863739,0.4462529718875885,11,10,INGREDIENTS,SIERIGIUDN
calib_01577,0.3298110365867615,0.9995519518852234,5,10,suqin,fruticibus
calib_01578,0.3851240873336792,0.9733400344848633,6,12,SRANAA,SLAVCYLINDER
calib_01579,0.9356107711791992,0.9972992539405823,2,2,30,DE
calib_01580,0.9110440611839294,0.3281453251838684,7,7,EXCITER,BILIEEE
calib_01581,0.9310693740844727,0.3336895704269409,7,5,Platfor,Paeld
calib_01582,0.24608291685581207,0.9997926950454712,4,7,ninn,Jartine
calib_01583,0.80775386095047,0.9207493662834167,3,3,gui,inb
calib_01584,0.9807672500610352,0.3046197295188904,6,4,/Narin,JUEN
calib_01585,0.34542766213417053,0.9966672658920288,2,2,O0,50
calib_01586,0.31070491671562195,0.48487356305122375,1,2,M,Wi
calib_01587,0.46792376041412354,0.7568212747573853,2,2,EN,AR
calib_01588,0.5521339178085327,0.9945733547210693,4,4,EEER,BEER
calib_01589,0.7307773232460022,0.15994438529014587,1,1,M,y
calib_01590,0.9991908073425293,0.33679044246673584,21,3,CarDesignTo@Gmail.com,cak
calib_01591,0.9204931259155273,0.26682284474372864,9,4,KeonGuard,pueg
calib_01592,0.2636090815067291,0.9610453844070435,6,7,coiies,carnica
calib_01593,0.0,0.45913371443748474,0,1,,-
calib_01594,0.3767646849155426,0.8876975178718567,4,5,hoog,touch
calib_01595,0.6631314754486084,0.9596131443977356,4,4,06EV,A390
calib_01596,0.9719419479370117,0.15714922547340393,5,2,Mast-,mE
calib_01597,0.4606165885925293,0.8670903444290161,4,5,TIHE,CHILI
calib_01598,0.66844642162323,0.3908001482486725,1,1,②,@
calib_01599,0.988155722618103,0.7066832184791565,5,5,77210,01044
calib_01600,0.7706697583198547,0.9041631817817688,4,4,INTW,MINI
calib_01601,0.8828350901603699,0.34930551052093506,4,2,CIWF,CM
calib_01602,0.9801194667816162,0.754545271396637,3,3,-08,20-
calib_01603,0.2675166130065918,0.9033309817314148,3,4,WOC,INCE
calib_01604,0.2832493185997009,0.9440902471542358,5,7,waane,auglsta
calib_01605,0.2827400267124176,0.9174596071243286,7,10,unugaps,Schiffiman
calib_01606,0.45217856764793396,0.7695097327232361,3,4,Daa,DEEF
calib_01607,0.9863445162773132,0.9712392091751099,2,2,85,98
calib_01608,0.7462189793586731,0.9237464666366577,5,5,J0219,erzor
calib_01609,0.3338479697704315,0.7390794157981873,5,6,SOWVO,DEAMES
calib_01610,0.85134357213974,0.9980567693710327,2,2,J!,il
calib_01611,0.9967880845069885,0.3172672390937805,6,6,Evgeni,guadan
calib_01612,0.0,0.6835139989852905,0,4,,ERTI
calib_01613,0.9558548927307129,0.5177927613258362,2,3,Wt,MAA
calib_01614,0.9722235202789307,0.3016018271446228,9,3,Ever-Rery,eee
calib_01615,0.9970872402191162,0.350075364112854,2,2,ES,SH
calib_01616,0.6778174042701721,0.23353128135204315,3,3,CL4,C15
calib_01617,0.35088714957237244,0.49411553144454956,3,4,Dou,roNd
calib_01618,0.5731712579727173,0.543144941329956,2,2,oy,Ro
calib_01619,0.9976741671562195,0.4200699031352997,6,6,Oaxaca,Exexvo
calib_01620,0.5703116655349731,0.2910217344760895,1,1,E,9
calib_01621,0.452299565076828,0.8114641904830933,3,4,NON,Nicx
calib_01622,0.6315847635269165,0.41965368390083313,5,6,R-UGE,3ST-AI
calib_01623,0.8109357953071594,0.40319761633872986,6,4,Scrim:,muns
calib_01624,0.7443409562110901,0.9717926979064941,2,1,IN,N
calib_01625,0.9509979486465454,0.7019568681716919,2,2,N.,'N
calib_01626,0.25026026368141174,0.9678714871406555,1,17,w,Mill Ridge Circle
calib_01627,0.9796582460403442,0.9856706261634827,1,1,8,8
calib_01628,0.4383319616317749,0.9804984331130981,2,2,UT,15
calib_01629,0.38238590955734253,0.8159111142158508,5,7,ELEIE,BKEITLE
calib_01630,0.6205909252166748,0.6770550012588501,6,7,HVUOAI,IBIUNAH
calib_01631,0.6805390119552612,0.9587925672531128,8,7,SISHBANI,INVERSE
calib_01632,0.987633466720581,0.6050125956535339,8,7,day-Ally,Liv-kop
calib_01633,0.5322189331054688,0.998745322227478,8,10,jeuteded,Department
calib_01634,0.3025786876678467,0.7711690068244934,4,6,SOMo,CIRCLS
calib_01635,0.9412459135055542,0.43999791145324707,4,4,GOVA,COOD
calib_01636,0.660712718963623,0.7461181879043579,2,2,TH,HL
calib_01637,0.25480419397354126,0.9995530247688293,2,8,ee,ydration
calib_01638,0.9740033149719238,0.6895592212677002,4,4,6892,8809
calib_01639,0.9551965594291687,0.31393611431121826,3,3,Por,Jod
calib_01640,0.3492004871368408,0.5616849064826965,2,2,1O,OL
calib_01641,0.516279399394989,0.29778921604156494,2,2,RG,2H
calib_01642,0.9877831339836121,0.4819425344467163,3,4,-11,L L-
calib_01643,0.5404617786407471,0.4436860978603363,1,1,U,n
calib_01644,0.4802868366241455,0.7081088423728943,3,3,Ell,mia
calib_01645,0.9922236204147339,0.992886483669281,1,1,%,%
calib_01646,0.14314614236354828,0.0,1,0,a,
calib_01647,0.9983198642730713,0.3019355535507202,18,18,www.LosMocanos.com,Woo'SOuoMoWSOn'MMM
calib_01648,0.36819687485694885,0.9828388690948486,3,3,PNR,P&R
calib_01649,0.3226638436317444,0.6147080063819885,1,2,Q,rO
calib_01650,0.3205735981464386,0.3983055055141449,1,1,C,D
calib_01651,0.9032459259033203,0.980905294418335,2,1,nl,u
calib_01652,0.41070348024368286,0.6061525344848633,2,2,28,&2
calib_01653,0.9747332334518433,0.9749454259872437,1,1,H,H
calib_01654,0.9964326620101929,0.25660914182662964,5,4,taxis,Sx0t
calib_01655,0.8438563346862793,0.39416980743408203,5,2,TESTL,L1
calib_01656,0.1804121434688568,0.6971964836120605,1,7,0,alserat
calib_01657,0.8224616050720215,0.6093624830245972,6,7,511/5H,HISAI1S
calib_01658,0.18142946064472198,0.6809934377670288,3,9,FUA,visititng
calib_01659,0.0,0.8168061375617981,0,6,,Fallie
calib_01660,0.9945443868637085,0.2900969982147217,8,5,celefti.,ctell
calib_01661,0.9752290844917297,0.7802598476409912,3,3,ADT,JOV
calib_01662,0.4080072045326233,0.9645514488220215,5,5,ITIAN,/OTAN
calib_01663,0.8175749778747559,0.5808528065681458,1,1,O,O
calib_01664,0.4324144124984741,0.9870854616165161,3,10,REE,REGENBOGEN
calib_01665,0.3724493384361267,0.9886215329170227,4,5,Sono,otros
calib_01666,0.8661059737205505,0.26512253284454346,4,3,Parm,wir
calib_01667,0.3663312792778015,0.6521523594856262,1,1,8,2
calib_01668,0.9463428854942322,0.28513506054878235,6,4,Action,togy
calib_01669,0.6980364322662354,0.9956305623054504,2,2,np,du
calib_01670,0.37370094656944275,0.9444617629051208,4,12,RT R,ORTS LOTTERY
calib_01671,0.9043195843696594,0.26212170720100403,6,3,fecret,fee
calib_01672,0.908780574798584,0.5367311239242554,2,2,39,6E
calib_01673,0.9037672281265259,0.35011765360832214,7,4,COLAVIA,COVI
calib_01674,0.2759355306625366,0.2782699167728424,1,3,S,TSO
calib_01675,0.9972902536392212,0.8730524182319641,2,2,va,BA
calib_01676,0.6951426267623901,0.26999616622924805,1,1,C,","
calib_01677,0.49620023369789124,0.6992488503456116,4,4,CiCH,HOre
calib_01678,0.48829224705696106,0.6460208892822266,1,1,X,X
calib_01679,0.5793387293815613,0.2195320874452591,11,1,BnIDcestone,C
calib_01680,0.0,0.4354708194732666,0,3,,lae
calib_01681,0.4192120432853699,0.9782854914665222,7,6,ONINIIO,DURING
calib_01682,0.2808840274810791,0.9798309803009033,4,4,WEIE,WIFT
calib_01683,0.4451749622821808,0.9175463914871216,7,8,H9V3NOR,MORTCAGE
calib_01684,0.8687834739685059,0.576813817024231,5,5,BENNY,AANIS
calib_01685,0.5883146524429321,0.5573722124099731,2,2,%6,%8
calib_01686,0.38648104667663574,0.9888972640037537,1,1,u,m
calib_01687,0.8544106483459473,0.5562976598739624,2,3,gs,SHE
calib_01688,0.3363357186317444,0.991809606552124,5,6,HENNN,MENTAL
calib_01689,0.8924524188041687,0.8973884582519531,5,5,7069B,9690L
calib_01690,0.6495323181152344,0.3945607841014862,4,3,4622,tos
calib_01691,0.9985771179199219,0.2802182734012604,6,6,GLOVES,GOEEOE
calib_01692,0.32460644841194153,0.6449135541915894,4,4,Does,s10p
calib_01693,0.7812181115150452,0.9265028238296509,7,7,IS UIEW,Main St
calib_01694,0.8808863759040833,0.6695461869239807,2,2,By,A8
calib_01695,0.9166350960731506,0.30118557810783386,8,7,ESPRESSI,bstddsy
calib_01696,0.5106194019317627,0.6018487215042114,4,4,TAAL,IlAM
calib_01697,0.6487356424331665,0.45305734872817993,4,4,1002,ROON
calib_01698,0.7621290683746338,0.9001501202583313,6,6,doysam,weshop
calib_01699,0.17129988968372345,0.952782154083252,1,2,2,12
calib_01700,0.2007419317960739,0.8003230690956116,4,4,usoy,Rosa
calib_01701,0.261013925075531,0.9192069172859192,2,4,BL,P.I.
calib_01702,0.9954577088356018,0.6778097152709961,2,2,LO,01
calib_01703,0.5564152598381042,0.971270740032196,5,6,hipor,tually
calib_01704,0.4084567725658417,0.8539770245552063,1,1,9,5
calib_01705,0.9889672994613647,0.669788658618927,2,2,OY,AO
calib_01706,0.3984214663505554,0.9174796938896179,2,2,O0,30
calib_01707,0.31316250562667847,0.8362821340560913,2,2,po,ml
calib_01708,0.4009224772453308,0.7010530829429626,4,11,UAA9,CREADADVESI
calib_01709,0.3866809904575348,0.9202158451080322,1,12,M,TWeNTY8TWELV
calib_01710,0.9516318440437317,0.44753941893577576,5,5,BANCO,AANCO
calib_01711,0.9885738492012024,0.7213122248649597,3,3,bod,poq
calib_01712,0.5977023839950562,0.2865232825279236,3,4,UEI,ALEn
calib_01713,0.4006728231906891,0.9280279874801636,5,5,SIIAM,STORM
calib_01714,0.34845948219299316,0.9498730301856995,6,6,Raeeee,Radier
calib_01715,0.736295223236084,0.2810229957103729,4,2,CHPS,CS
calib_01716,0.9982999563217163,0.4636881649494171,10,9,principaux,aned(auad
calib_01717,0.8873460292816162,0.9482201933860779,2,2,(),(1
calib_01718,0.8512979745864868,0.7598431706428528,2,1,la,2
calib_01719,0.8564873337745667,0.2506086230278015,16,2,Csikszentmihalyi,Ct
calib_01720,0.9264655709266663,0.0,17,0,Perkins Intoriors,
calib_01721,0.62388676404953,0.9857007265090942,5,5,13SSA,YEREL
calib_01722,0.7893028259277344,0.6640381813049316,3,3,804,POR
calib_01723,0.8008675575256348,0.34043341875076294,5,4,PLZZA,TEnd
calib_01724,0.2808745801448822,0.9508911371231079,3,8,mhc,mulheres
calib_01725,0.9983323216438293,0.4423811733722687,3,3,ett,210
calib_01726,0.9006022214889526,0.43679678440093994,4,4,sLaM,wels
calib_01727,0.7354716062545776,0.7945136427879333,1,1,5,5
calib_01728,0.5953807234764099,0.9980353116989136,3,4,uom,nion
calib_01729,0.13973291218280792,0.3223950266838074,1,1,1,a
calib_01730,0.48660528659820557,0.9318065643310547,3,4,NOE,JUNe
calib_01731,0.9385508298873901,0.9205154180526733,1,1,-,-
calib_01732,0.20252206921577454,0.457949697971344,1,1,A,V
calib_01733,0.15664274990558624,0.430422842502594,1,1,3,E
calib_01734,0.47096219658851624,0.921095073223114,1,1,V,1
calib_01735,0.389797568321228,0.9925292730331421,1,4,1,alle
calib_01736,0.9877911806106567,0.7134422063827515,2,2,10,01
calib_01737,0.8973435163497925,0.6389739513397217,4,3,"281,",LRC
calib_01738,0.9246386885643005,0.7244173884391785,3,3,PUB,and
calib_01739,0.45245954394340515,0.6855633854866028,1,1,O,O
calib_01740,0.4816579520702362,0.990627646446228,2,2,ag,Be
calib_01741,0.4253900349140167,0.9746801257133484,4,5,mueg,Bahar
calib_01742,0.0,0.28778308629989624,0,1,,n
calib_01743,0.9368048906326294,0.5366043448448181,4,2,OSIE,ST
calib_01744,0.92350172996521,0.429086834192276,11,8,QQ 34335052,07033000
calib_01745,0.6907219886779785,0.9141765236854553,2,2,mo,du
calib_01746,0.8924164772033691,0.6779088377952576,4,4,COLA,WIOD
calib_01747,0.7361316084861755,0.9987736940383911,4,4,HAOH,HOVE
calib_01748,0.8210083842277527,0.7205908894538879,5,4,mangi,forw
calib_01749,0.9449092149734497,0.12374983727931976,2,2,IR,I8
calib_01750,0.36642467975616455,0.41443347930908203,1,2,G,51
calib_01751,0.8282703757286072,0.9788413643836975,6,6,pospop,cothed
calib_01752,0.4452527165412903,0.7993176579475403,4,8,OOMM,#HAWOULD
calib_01753,0.1865389347076416,0.3115514814853668,3,3,ADa,BaY
calib_01754,0.9545653462409973,0.3648512065410614,5,4,OLIVE,JANE
calib_01755,0.6600257754325867,0.32508376240730286,1,1,©,2
calib_01756,0.4830743968486786,0.48038357496261597,4,4,3569,6S5P
calib_01757,0.8992009162902832,0.6671781539916992,4,4,SAND,UNVS
calib_01758,0.9621265530586243,0.9885003566741943,1,1,=,=
calib_01759,0.9709525108337402,0.9205552935600281,3,3,ex-,-X3
calib_01760,0.3461252748966217,0.9977703094482422,6,7,aprpaw,vrdude:
calib_01761,0.6809871196746826,0.9924472570419312,2,2,xZ,2x
calib_01762,0.9474998116493225,0.4642437994480133,6,4,Fig.3.,EbiL
calib_01763,0.5020564794540405,0.7848933339118958,5,6,NOATH,HUTONE
calib_01764,0.8332223892211914,0.9923914074897766,3,3,001,100
calib_01765,0.9877715110778809,0.6866685152053833,3,2,100,00
calib_01766,0.6463344693183899,0.8960583806037903,1,1,n,U
calib_01767,0.5346300601959229,0.9990509748458862,6,7,TECOOS,TECIDOS
calib_01768,0.0,0.20886480808258057,0,1,,T
calib_01769,0.42904502153396606,0.8235695362091064,2,2,7A,AF
calib_01770,0.8188619017601013,0.9978013038635254,2,2,ju,ml
calib_01771,0.322820782661438,0.9664678573608398,4,4,1238,825/
calib_01772,0.338096022605896,0.971073567867279,2,8,Ma,Memories
calib_01773,0.9151703119277954,0.19001010060310364,4,4,M136,NETL
calib_01774,0.9970349669456482,0.32964256405830383,3,3,&EX,EE5
calib_01775,0.9553744792938232,0.9824625849723816,2,2,ap,de
calib_01776,0.17185495793819427,0.8723519444465637,2,3,io,Inn
calib_01777,0.9052497744560242,0.6851730942726135,8,7,ELONOMIC,DIWONOS
calib_01778,0.40605390071868896,0.6904171705245972,4,5,SSIN,MISSR
calib_01779,0.8699460029602051,0.6955522298812866,7,5,giggle!,j9666
calib_01780,0.3815073072910309,0.9006550312042236,3,3,AIA,NAA
calib_01781,0.3831959664821625,0.9108501672744751,3,4,Cee,Cake
calib_01782,0.9795305132865906,0.9806298613548279,3,3,NON,NON
calib_01783,0.23918108642101288,0.8374425172805786,5,7,frien,levanju
calib_01784,0.3803815245628357,0.9524716734886169,2,2,SA,VG
calib_01785,0.8074610829353333,0.7661749720573425,3,3,NPS,SaN
calib_01786,0.44745686650276184,0.6806057095527649,2,3,A0,OLY
calib_01787,0.8798935413360596,0.22946250438690186,12,3,/vc Donald's,las
calib_01788,0.6597015261650085,0.5508293509483337,2,2,on,im
calib_01789,0.6101999878883362,0.3471173048019409,1,1,6,G
calib_01790,0.9350370168685913,0.9969221949577332,1,1,8,&
calib_01791,0.9320895075798035,0.5366994142532349,1,1,@,©
calib_01792,0.6396180987358093,0.9517466425895691,2,2,wS,SM
calib_01793,0.8768786787986755,0.7369276881217957,4,3,knol,OUH
calib_01794,0.6509369611740112,0.7913922071456909,2,2,op,do
calib_01795,0.5905607342720032,0.9184612035751343,3,5,OWF,CAVON
calib_01796,0.5512230396270752,0.43702787160873413,4,4,SUUE,3ANS
calib_01797,0.7887647747993469,0.38446488976478577,3,3,122,221
calib_01798,0.2868444323539734,0.28476229310035706,4,2,SUTY,Ae
calib_01799,0.33249542117118835,0.5220713019371033,3,7,0OO,DOUOOOO
calib_01800,0.9985930919647217,0.8936120867729187,3,3,hey,hay
calib_01801,0.2689020037651062,0.9628331065177917,5,6,HReeE,HERWEA
calib_01802,0.949299693107605,0.3984183073043823,4,2,Figh,4b
calib_01803,0.3823818862438202,0.42735573649406433,3,3,U7D,6.1
calib_01804,0.9827997088432312,0.6193655729293823,3,3,223,222
calib_01805,0.47878187894821167,0.990946352481842,8,12,BEEEESEE,BEST FREIGHT
calib_01806,0.35660216212272644,0.7508453130722046,1,1,D,G
calib_01807,0.35998591780662537,0.7438888549804688,3,4,o0o,Lobo
calib_01808,0.978985607624054,0.7451913952827454,3,3,AID,ary
calib_01809,0.12589013576507568,0.7036740183830261,1,2,S,VB
calib_01810,0.9228811264038086,0.4010423719882965,4,3,PATA,FAA
calib_01811,0.9870540499687195,0.9645142555236816,1,1,8,8
calib_01812,0.17816394567489624,0.8510406017303467,2,4,cj,Teen
calib_01813,0.521026611328125,0.9971107244491577,1,8,e,Chipolle
calib_01814,0.8966205716133118,0.49868959188461304,5,4,dureo,ounp
calib_01815,0.0,0.10744629055261612,0,1,,S
calib_01816,0.2759173810482025,0.8786764144897461,2,7,"t""",""" ment,"
calib_01817,0.6658225059509277,0.6315456628799438,2,3,cm,114
calib_01818,0.9672113656997681,0.5387244820594788,5,3,TATER,LIT
calib_01819,0.7141748070716858,0.9938087463378906,5,5,SIO1A,ALOIS
calib_01820,0.9734104871749878,0.4336228668689728,1,1,D,Q
calib_01821,0.5164843797683716,0.41504037380218506,1,2,A,3D
calib_01822,0.41738036274909973,0.9975396394729614,3,5,106,14:05
calib_01823,0.11856259405612946,0.45990028977394104,1,1,2,","
calib_01824,0.2850404977798462,0.9090735912322998,4,8,(enc,Criminal
calib_01825,0.8579676747322083,0.31311360001564026,3,3,T/A,TAF
calib_01826,0.19958005845546722,0.20450933277606964,1,1,0,O
calib_01827,0.43545809388160706,0.9979268312454224,5,5,juoni,front
calib_01828,0.711027979850769,0.6727238893508911,2,2,W/,IM
calib_01829,0.9545499086380005,0.4842911660671234,9,7,system-it,i-wasks
calib_01830,0.42238089442253113,0.935532808303833,14,17,sreperpueddenm,unappendiculatus.
calib_01831,0.30038923025131226,0.9657701253890991,4,4,1eee,Jeal
calib_01832,0.48287126421928406,0.19845297932624817,2,2,RF,La
calib_01833,0.6974037289619446,0.2137642800807953,3,1,Yor,p
calib_01834,0.2130354642868042,0.6330741047859192,3,3,oJ0,CrO
calib_01835,0.568453311920166,0.9126408100128174,3,3,Z7E,347
calib_01836,0.9788843989372253,0.15178005397319794,5,1,aliis,h
calib_01837,0.2599402964115143,0.8806279301643372,3,4,tie,Tyce
calib_01838,0.7630755305290222,0.6565034985542297,6,6,CONIAD,CHINOD
calib_01839,0.2854824662208557,0.9951574802398682,9,22,TOOTVOZLO,KONTZERTUA / CONCIERTO
calib_01840,0.79017573595047,0.29062557220458984,9,5,BALSANIGO,BOTTE
calib_01841,0.8948777318000793,0.7029040455818176,6,6,fageas,seabel
calib_01842,0.26008233428001404,0.3197837173938751,3,3,SIA,VAN
calib_01843,0.4663178026676178,0.785064697265625,6,7,copons,Orioles
calib_01844,0.5786777138710022,0.49694061279296875,2,1,t0,o
calib_01845,0.7861605286598206,0.9736770391464233,5,5,DINON,KONIG
calib_01846,0.5105301737785339,0.6604849100112915,2,3,00,DOE
calib_01847,0.5543001890182495,0.6398336887359619,1,1,8,8
calib_01848,0.8019064664840698,0.5059185028076172,5,4,ENRTH,HANE
calib_01849,0.990806519985199,0.2372482270002365,4,3,With,Y!M
calib_01850,0.6962741017341614,0.24239341914653778,6,5,ARaund,HAIay
calib_01851,0.5831302404403687,0.2672572731971741,1,2,5,CT
calib_01852,0.547813355922699,0.8548481464385986,5,4,PAREE,naya
calib_01853,0.8197420239448547,0.36379748582839966,8,4,-Vincent,POA-
calib_01854,0.8094286918640137,0.7247365117073059,3,3,808,BOS
calib_01855,0.8784260749816895,0.4818837642669678,12,5,PARK-IN-SHOP,PANOD
calib_01856,0.7988860011100769,0.9897444248199463,3,3,OAN,NYC
calib_01857,0.5201873779296875,0.8500011563301086,5,5,23:11,11:38
calib_01858,0.5045609474182129,0.9625958204269409,2,2,oo,lo
calib_01859,0.9869049787521362,0.2909623980522156,9,5,LOLAGIANT,UIVLT
calib_01860,0.43962132930755615,0.9264081120491028,2,2,90,UE
calib_01861,0.4111440181732178,0.7259258031845093,3,4,MoW,NCAA
calib_01862,0.8948460817337036,0.2951413094997406,10,7,Exhibition,MOTO4P3
calib_01863,0.38276925683021545,0.2636694610118866,3,2,DMT,Jd
calib_01864,0.6055047512054443,0.5255589485168457,2,2,70,az
calib_01865,0.7072861790657043,0.40239325165748596,3,3,jog,fof
calib_01866,0.9479085206985474,0.40477123856544495,19,17,LOADING & UNLOADING,INIIVOIN  ONIOVOL
calib_01867,0.7146278619766235,0.5013402700424194,2,2,EA,V2
calib_01868,0.8363165259361267,0.3396076261997223,4,4,1420,O0PT
calib_01869,0.8597108125686646,0.27877652645111084,8,5,lewelpel,oemee
calib_01870,0.4326936602592468,0.7879172563552856,1,2,3,OF
calib_01871,0.28918734192848206,0.9039327502250671,3,5,DEE,DAIVE
calib_01872,0.9958222508430481,0.7713831663131714,4,4,2005,9006
calib_01873,0.2779405415058136,0.9075270891189575,4,5,DKOC,POYAL
calib_01874,0.8454224467277527,0.4908659756183624,3,3,NTA,VAN
calib_01875,0.580459713935852,0.9814413189888,4,5,VORO,ZELDA
calib_01876,0.6100835800170898,0.897612988948822,7,9,S3013ND,UINCLUDES
calib_01877,0.9922544956207275,0.2208259254693985,4,1,oyal,e
calib_01878,0.47563594579696655,0.8147785067558289,4,4,aNVO,DAVD
calib_01879,0.1486133486032486,0.9190367460250854,3,8,owo,Qameshlo
calib_01880,0.3439227044582367,0.9192927479743958,3,4,675,5.49
calib_01881,0.44451889395713806,0.9571940302848816,8,12,mucwwosm,"tillsammans,"
calib_01882,0.351300984621048,0.40470731258392334,1,1,M,M
calib_01883,0.8265948295593262,0.644855797290802,4,3,mard,pet
calib_01884,0.6744656562805176,0.9902718663215637,3,3,(e),(a)
calib_01885,0.655415952205658,0.3629911243915558,3,3,THE,1HK
calib_01886,0.9959226846694946,0.6592012643814087,1,1,T,L
calib_01887,0.3385472893714905,0.9990893602371216,5,5,10S00,14500
calib_01888,0.2572208642959595,0.9673154354095459,6,13,FEERED,FOREVER-BUILD
calib_01889,0.9583815932273865,0.6162907481193542,8,8,(twoets),(#10004)
calib_01890,0.4420808255672455,0.9975703358650208,8,16,CIANAIII,GLI APPUNTAMENTI
calib_01891,0.23144884407520294,0.9075393676757812,4,5,Roor,Rohat
calib_01892,0.6978444457054138,0.9677839875221252,4,4,4ano,ough
calib_01893,0.327368825674057,0.9180593490600586,4,5,2322,1832.
calib_01894,0.5607056021690369,0.5319998264312744,1,1,©,O
calib_01895,0.9638277292251587,0.6941531896591187,1,1,L,1
calib_01896,0.4194674789905548,0.2549966275691986,4,1,CHSO,C
calib_01897,0.7597333788871765,0.15509407222270966,3,2,Enc,M3
calib_01898,0.9861248731613159,0.5896185636520386,2,2,01,IO
calib_01899,0.6934160590171814,0.6799864172935486,1,1,o,o
calib_01900,0.6950575113296509,0.20454858243465424,5,4,TRJ12,1UEL
calib_01901,0.3375457525253296,0.12199260294437408,4,2,1030,Da
calib_01902,0.9253730177879333,0.9546852111816406,1,1,x,x
calib_01903,0.2859145998954773,0.151219442486763,2,2,CH,Cu
calib_01904,0.9976961016654968,0.3990204632282257,7,6,IRM05WP,TMMORP
calib_01905,0.5785660743713379,0.8988468050956726,4,4,ILLV,ATTI
calib_01906,0.1880892813205719,0.9938423037528992,4,5,PE9e,Pabst
calib_01907,0.4515931308269501,0.9983859062194824,3,3,EOR,FOR
calib_01908,0.9000742435455322,0.2128196805715561,1,1,C,2
calib_01909,0.451620876789093,0.8663533926010132,2,2,go,of
calib_01910,0.9051502346992493,0.2776510715484619,5,4,BUOVA,BUCA
calib_01911,0.3823877274990082,0.5511172413825989,4,4,2O0S,SODE
calib_01912,0.9934110641479492,0.6921048164367676,4,4,SCAA,NNOS
calib_01913,0.9993656873703003,0.28964975476264954,4,4,hace,haee
calib_01914,0.9568195939064026,0.35458123683929443,3,2,LBS,SE
calib_01915,0.9670823812484741,0.4912800192832947,5,4,GIBB/,CIIE
calib_01916,0.3681558072566986,0.6362891793251038,4,3,SPUK,hes
calib_01917,0.5275644063949585,0.8920602798461914,6,6,EOSU32,Zenspa
calib_01918,0.6780706644058228,0.7033756375312805,2,2,08,8C
calib_01919,0.8322491645812988,0.9185556769371033,3,3,016,9ID
calib_01920,0.9233630895614624,0.8330824971199036,5,6,81955,556.J8
calib_01921,0.3217352032661438,0.7243934869766235,3,5,wOw,LTLAT
calib_01922,0.7773241400718689,0.3921891450881958,9,5,WEBSUMANT,WUNAM
calib_01923,0.9948095679283142,0.5191352367401123,12,12,045-564-9821,1086-699-970
calib_01924,0.9965675473213196,0.33336350321769714,7,6,(muitos,cnuio)
calib_01925,0.4012599587440491,0.8336431384086609,1,5,n,gouth
calib_01926,0.1978205293416977,0.9478546977043152,7,7,MrSSSIM,KISSACK
calib_01927,0.8507176637649536,0.4899093806743622,2,2,WT,10
calib_01928,0.6698952913284302,0.5124413967132568,13,10,5015179538762,29.8C8610S
calib_01929,0.9509830474853516,0.9751359820365906,3,3,811,118
calib_01930,0.1813235878944397,0.21362759172916412,1,1,S,9
calib_01931,0.5197647213935852,0.7535790801048279,4,5,ehzy,Kenya
calib_01932,0.9926156997680664,0.9868699908256531,1,1,T,1
calib_01933,0.9452856779098511,0.5532450675964355,1,1,Q,o
calib_01934,0.9068617820739746,0.6892748475074768,4,4,7325,6212
calib_01935,0.868315577507019,0.21344821155071259,7,6,FALCONS,RNENNS
calib_01936,0.7585179805755615,0.3812595009803772,2,1,to,&
calib_01937,0.25858235359191895,0.9822918772697449,6,9,ht Bal,Xiang Hal
calib_01938,0.5798271894454956,0.27076560258865356,5,4,SEIEN,NOUS
calib_01939,0.47370579838752747,0.8805750012397766,3,2,FaL,TA
calib_01940,0.17047268152236938,0.8857378959655762,2,8,Ce,Carsberg
calib_01941,0.5911874771118164,0.7852119207382202,1,2,C,CI
calib_01942,0.8960288763046265,0.42595845460891724,8,5,financal,rpung
calib_01943,0.3136451542377472,0.5221667289733887,2,2,3I,IE
calib_01944,0.7700061798095703,0.78782719373703,2,2,II,II
calib_01945,0.29852959513664246,0.33105239272117615,1,1,9,0
calib_01946,0.24928796291351318,0.2885378897190094,1,1,R,Y
calib_01947,0.6504557728767395,0.9985060691833496,1,1,N,&
calib_01948,0.9381495714187622,0.6775226593017578,4,4,COST,1100
calib_01949,0.8163629174232483,0.34462618827819824,6,1,Specal,2
calib_01950,0.8681640625,0.5835798978805542,3,3,G23,c22
calib_01951,0.9259758591651917,0.6542297005653381,7,4,STEVIES,SEES
calib_01952,0.19293446838855743,0.8987192511558533,4,7,Naue,Natural
calib_01953,0.9996008276939392,0.29625701904296875,7,4,Workfor,woce
calib_01954,0.22993683815002441,0.7286123037338257,3,4,HOH,Heam
calib_01955,0.9644920229911804,0.8276049494743347,5,2,Edith,ma
calib_01956,0.9703283309936523,0.9572760462760925,1,1,8,8
calib_01957,0.8419310450553894,0.9380561113357544,1,1,8,&
calib_01958,0.8492011427879333,0.5655909180641174,4,4,Geon,000n
calib_01959,0.4355311989784241,0.680488109588623,2,1,HN,M
calib_01960,0.9398350715637207,0.4062860310077667,7,6,Caravar,Ceaaaa
calib_01961,0.5771186351776123,0.9265863299369812,2,4,EM,WLF!
calib_01962,0.5327218174934387,0.3731093108654022,3,4,PXX,yxel
calib_01963,0.983847975730896,0.666926920413971,2,2,-5,S-
calib_01964,0.9300076365470886,0.9966753125190735,5,7,00009,500.000
calib_01965,0.9483767747879028,0.2769084870815277,16,5,Salon de Belleza,Sarod
calib_01966,0.6442910432815552,0.9963858127593994,1,2,p,ch
calib_01967,0.5437303185462952,0.6995469927787781,1,1,L,7
calib_01968,0.3375398814678192,0.558914840221405,3,4,NRN,MANC
calib_01969,0.20043469965457916,0.7214832901954651,1,1,4,F
calib_01970,0.4723784029483795,0.2730524241924286,4,5,MANN,EENON
calib_01971,0.9723659157752991,0.22411315143108368,3,3,Hen,tap
calib_01972,0.5605338215827942,0.8271859884262085,5,5,JGO8A,vacer
calib_01973,0.8941351771354675,0.34161052107810974,5,4,China,euna
calib_01974,0.3049633800983429,0.9939963221549988,3,3,J0W,Mac
calib_01975,0.4441983103752136,0.5460919737815857,4,4,MUOM,Wtir
calib_01976,0.926518440246582,0.29366442561149597,2,1,de,B
calib_01977,0.7663326859474182,0.37079617381095886,1,1,V,N
calib_01978,0.32236990332603455,0.9711904525756836,7,8,ceeednn,clephant
calib_01979,0.5246251225471497,0.2988586127758026,4,3,wold,rom
calib_01980,0.6678268909454346,0.9030748605728149,2,2,.I,I.
calib_01981,0.7531431913375854,0.918915331363678,9,9,WNIANTDHY,ARCENTINA
calib_01982,0.7333977222442627,0.39525243639945984,4,2,ACED,CE
calib_01983,0.5267471075057983,0.3597780764102936,1,1,c,J
calib_01984,0.9938480854034424,0.752860426902771,3,4,mol,1002
calib_01985,0.9844800233840942,0.2926524877548218,7,2,Browser,ao
calib_01986,0.8058375120162964,0.280392050743103,7,5,CAUTLIN,AMMUa
calib_01987,0.8642593026161194,0.3767114579677582,2,2,G-,e2
calib_01988,0.3396412432193756,0.9984136819839478,4,5,RAND,BRAND
calib_01989,0.8458078503608704,0.59038907289505,5,5,MEWIS,SMOEN
calib_01990,0.9458462595939636,0.8564717769622803,3,4,for,1201
calib_01991,0.3077731132507324,0.9526587128639221,4,4,geee,been
calib_01992,0.9427635669708252,0.5258820652961731,4,3,NAFS,SMN
calib_01993,0.6910742521286011,0.9859244227409363,5,5,VHOHY,AHORA
calib_01994,0.37514662742614746,0.9645429849624634,5,30,n aaq,Disabled Rehabilitation Center
calib_01995,0.45468005537986755,0.8724982142448425,1,1,1,T
calib_01996,0.9969043731689453,0.6290619373321533,2,2,ER,EE
calib_01997,0.981299638748169,0.42031246423721313,11,1,Five Rivers,B
calib_01998,0.5284948348999023,0.7890302538871765,6,12,wonbe.,Pratiquemn a
calib_01999,0.7662586569786072,0.6406755447387695,3,4,NOT,PLON
calib_02000,0.8444043397903442,0.7315483093261719,9,8,y4780x102,Z0LX08L7
calib_02001,0.9797934293746948,0.29782813787460327,8,6,P658EM34,PEEE8A
calib_02002,0.8754035830497742,0.5675262212753296,8,7,T009TC97,1616001
calib_02003,0.8652685284614563,0.45613035559654236,11,3,-Y701BE799.,66E
calib_02004,0.3344440162181854,0.9038136601448059,6,9,66A624,T539AY799
calib_02005,0.4010683298110962,0.8505603671073914,8,10,1618449X,×611BA190.
calib_02006,0.9976876378059387,0.34478071331977844,9,9,055600177,L2L009070
calib_02007,0.992604672908783,0.41015759110450745,9,4,C313KA161,CC A
calib_02008,0.28890368342399597,0.8985151648521423,2,9,LL,Y566TP116
calib_02009,0.0,0.9013838171958923,0,9,,X365PC178
calib_02010,0.5724209547042847,0.9069163203239441,8,9,LLLHAOLH,H105YH777
calib_02011,0.79730224609375,0.40745025873184204,9,7,c905yA125,C00OS65
calib_02012,0.9858105182647705,0.46083933115005493,8,4,K879KK34,4683
calib_02013,0.940283477306366,0.5846870541572571,9,8,E434BH82.,Z8H87373
calib_02014,0.5197791457176208,0.9635086059570312,7,8,LX8737.,H434BX37
calib_02015,0.9869318008422852,0.4217490553855896,9,8,B804BB124,B8L88088
calib_02016,0.24792176485061646,0.9351986646652222,2,9,R3,A525E0198
calib_02017,0.9320197701454163,0.262234628200531,9,2,CO05KP178,CL
calib_02018,0.8657457828521729,0.1901220977306366,9,2,Y167cy197,ZL
calib_02019,0.23051020503044128,0.9640424251556396,2,9,HX,K523TX161
calib_02020,0.9502171277999878,0.5335015058517456,9,7,E949XT750,E31X676
calib_02021,0.8395982384681702,0.25293228030204773,8,3,E451yK29,ES7
calib_02022,0.9851446151733398,0.32762226462364197,8,6,K5640054,507998
calib_02023,0.8985657095909119,0.8175230026245117,8,6,H670HH52,HHOL9H
calib_02024,0.8997551202774048,0.4528964161872864,8,8,A2560C92,A2509922
calib_02025,0.9195879697799683,0.38601621985435486,8,7,X005AP64,S9O0008
calib_02026,0.36660900712013245,0.9384937286376953,3,9,PLE,P055BE161
calib_02027,0.9517895579338074,0.49725592136383057,9,8,B456AX 35,B8859558
calib_02028,0.8491619825363159,0.6059563755989075,8,4,C900cc77,Z006
calib_02029,0.8310474753379822,0.3547278642654419,11,2,y266AB 750.,AA
calib_02030,0.9242269992828369,0.35471370816230774,9,3,A044CE196,9L0
calib_02031,0.2682774066925049,0.9051097631454468,6,8,LTHA4A,y123HK62
calib_02032,0.4348002076148987,0.9396898746490479,8,9,C262X972,C246KA799
calib_02033,0.3284372091293335,0.9451451301574707,8,8,28803733,A4440X25
calib_02034,0.9045299887657166,0.3555746078491211,8,7,A297HK92,A2HH67A
calib_02035,0.311781108379364,0.9537188410758972,4,9,60L6,K915AC799
calib_02036,0.9265769124031067,0.2694212794303894,9,5,C610EX750,02X0C
calib_02037,0.4294295310974121,0.9093362092971802,8,9,LL509L83,K8760C174
calib_02038,0.3349953889846802,0.9321016669273376,4,9,A760,A469CT750
calib_02039,0.5685593485832214,0.9582682847976685,5,8,26650,A059EY92
calib_02040,0.8959786295890808,0.24648024141788483,9,8,0255PP18.,FO0SRSS0
calib_02041,0.3247508406639099,0.9775909781455994,4,9,O98A,0576BA150
calib_02042,0.9506915807723999,0.4530503451824188,8,4,0793EC50,C006
calib_02043,0.6124715805053711,0.8808128237724304,8,10,OSLAX98H,H867xy 750
calib_02044,0.7552051544189453,0.8759304285049438,9,9,98HO7L6A.,y9140H86.
calib_02045,0.9111207127571106,0.34128156304359436,9,7,C158AY152,2CRS22.
calib_02046,0.962626039981842,0.38388416171073914,8,7,H777OB63,9800LLH
calib_02047,0.24343352019786835,0.8826078772544861,6,9,HHX322,H831CX173
calib_02048,0.8421320915222168,0.683824360370636,9,9,H001XE777,LLLEXLOOH
calib_02049,0.9562227725982666,0.3509962856769562,8,4,y212yy93,272A
calib_02050,0.1940075159072876,0.9501755237579346,2,9,CE,C538TB163
calib_02051,0.9689720273017883,0.3675619959831238,8,7,P646BC27,L738994
calib_02052,0.3399379253387451,0.9277369976043701,4,9,COOA,COO2HK777
calib_02053,0.8729691505432129,0.4583118259906769,8,3,P152yC54,PLC
calib_02054,0.2764917314052582,0.9254360198974609,4,10,S2LS,B235ET 125
calib_02055,0.873387336730957,0.820309579372406,9,9,y818ox799,66LXO8L8A
calib_02056,0.9620128273963928,0.5032733678817749,9,8,A888EE123,MALE888A
calib_02057,0.8610708713531494,0.21656036376953125,9,6,K770KY33.,1TTL4X
calib_02058,0.31100425124168396,0.977005124092102,5,9,39868,B983KK763
calib_02059,0.36440977454185486,0.8948812484741211,3,8,HH9,H6030E64
calib_02060,0.8941762447357178,0.31906673312187195,9,4,H6430T152,ZLTH
calib_02061,0.97099769115448,0.31247639656066895,9,1,A333HK123,L
calib_02062,0.8851596713066101,0.5422681570053101,11,5,K869PC 799.,66d68
calib_02063,0.9250370860099792,0.4806492030620575,9,6,0685AY797,L66890
calib_02064,0.23567400872707367,0.7840029001235962,6,8,CE0LLE,X630EY14
calib_02065,0.8802446722984314,0.31336450576782227,8,4,Y403BH15,H807
calib_02066,0.29163944721221924,0.9024669528007507,9,10,2AL11222.,K712TO 23.
calib_02067,0.7779361605644226,0.9200471043586731,9,9,664AH9LLX,X116HY799
calib_02068,0.5856784582138062,0.8101211786270142,8,11,LL86607A,y409HB 777.
calib_02069,0.2878134250640869,0.9371216297149658,5,8,5M67A,A349MP54
calib_02070,0.9502894282341003,0.37529000639915466,9,8,A080TA197,Z60O081A
calib_02071,0.8263020515441895,0.3710843622684479,8,4,"X385YY""2",Z38X
calib_02072,0.3396686017513275,0.9735055565834045,7,9,E68R89O,E678KB190
calib_02073,0.26715490221977234,0.9410765767097473,5,9,7O8S5,C480cT154
calib_02074,0.5222394466400146,0.925093412399292,9,9,2905X2000,A002XC763
calib_02075,0.8931296467781067,0.26971206068992615,10,5,-T417AA136,T2AA2
calib_02076,0.26249924302101135,0.9105097055435181,5,7,E5970,K465E00
calib_02077,0.7771316766738892,0.9283682703971863,10,10,Z0L HE6790,0649EH 102
calib_02078,0.9086697697639465,0.39033839106559753,9,1,H163YX163,X
calib_02079,0.5028699636459351,0.9490522146224976,8,8,CLEELLL0,0777EE16
calib_02080,0.9033807516098022,0.2810993790626526,8,3,A031EK54,POO
calib_02081,0.8865580558776855,0.48514965176582336,8,9,A7770A30,AA AALLLA
calib_02082,0.9209310412406921,0.2810458838939667,10,6,Y213BH197.,L2LHL2
calib_02083,0.8483700156211853,0.5291599631309509,9,3,Y848yT56.,878
calib_02084,0.9115878343582153,0.6165149807929993,7,6,B078Y83,848208
calib_02085,0.4975714683532715,0.9526655077934265,8,8,P8000864,P980AO31
calib_02086,0.9186534881591797,0.2727336585521698,8,3,K3170C32,5O2
calib_02087,0.8789034485816956,0.8515891432762146,9,6,y599AX 96,969669
calib_02088,0.434670627117157,0.9352997541427612,7,9,EEE8888,E888 CC42
calib_02089,0.9381352663040161,0.5689287781715393,9,7,C499BX150,O9L8667
calib_02090,0.9216597676277161,0.3017498254776001,10,1,C222yK777.,L
calib_02091,0.9072576761245728,0.8103650808334351,8,8,08560T69,69109980
calib_02092,0.8427284955978394,0.6588723063468933,9,8,-x6010c32,2200009X
calib_02093,0.4072625935077667,0.9909441471099854,6,9,A22R88,A282BK763
calib_02094,0.900818407535553,0.9617588520050049,8,6,591X6881,T889XT
calib_02095,0.891981840133667,0.0,9,0,0128CA178,
calib_02096,0.0,0.9064316153526306,0,8,,E357CE73
calib_02097,0.314901739358902,0.9435585737228394,5,9,ALC00,A470cC161
calib_02098,0.8904176950454712,0.2551555335521698,10,5,B357 TT 89,68118
calib_02099,0.29607629776000977,0.9839231967926025,7,9,R586628,K259BC138
calib_02100,0.3846319615840912,0.9172229766845703,5,9,OAAAA,FA011AB39
calib_02101,0.24318578839302063,0.9327365159988403,5,9,2A227,T422YK197
calib_02102,0.9379600286483765,0.39681798219680786,8,2,T499CY17,67
calib_02103,0.88813316822052,0.48421093821525574,8,6,Y882TA90,AA7880
calib_02104,0.9315322637557983,0.7173435091972351,8,7,B806PC82,28d9088
calib_02105,0.9302592277526855,0.5955137610435486,8,8,T888EX72,Z2X38881
calib_02106,0.8243643641471863,0.21643881499767303,9,5,EX156AC47,2C952
calib_02107,0.9524763822555542,0.4932805299758911,10,9,B5060P 152,SSLd09098
calib_02108,0.480787068605423,0.8100309371948242,6,8,68E588,8845CK39
calib_02109,0.6113487482070923,0.9768600463867188,8,8,OL008000,00380016
calib_02110,0.19109144806861877,0.9742648005485535,4,8,LT8C,K846TY70
calib_02111,0.6342229843139648,0.9216625094413757,7,8,T2XL771,T441xP71
calib_02112,0.9119522571563721,0.881493091583252,9,8,0888 PP86,98dd8880
calib_02113,0.29521024227142334,0.9437843561172485,8,8,29EE0228,B727OE62
calib_02114,0.4165804088115692,0.9488109946250916,9,9,LLL  7998,B664HT777
calib_02115,0.8927494883537292,0.28396862745285034,10,10,-0312yP197,2222PAA220
calib_02116,0.2188892960548401,0.8568753004074097,2,7,25,353YT72
calib_02117,0.9651410579681396,0.3725285828113556,8,7,A926AA11,24AA922
calib_02118,0.49250927567481995,0.8984693884849548,5,9,66800,TO07BC199
calib_02119,0.9891625046730042,0.9248422980308533,8,9,B9800064,79000868.
calib_02120,0.8690381050109863,0.48364150524139404,8,4,H013cY32,HOTL
calib_02121,0.912077784538269,0.2151813954114914,10,3,C959AY163.,966
calib_02122,0.9005336761474609,0.9055195450782776,8,8,68H8777Y,A444BH89
calib_02123,0.9440891146659851,0.5426865816116333,8,8,C976TO22,22111L62
calib_02124,0.2112080454826355,0.973174512386322,1,9,2,B318KE147
calib_02125,0.9054193496704102,0.5315135717391968,8,8,K200OK93,26000073
calib_02126,0.8871455788612366,0.27915751934051514,9,4,y080cE178,2LC8
calib_02127,0.7550972700119019,0.9131191968917847,8,8,Z9HOLLLO,0111OH62
calib_02128,0.919943630695343,0.21680796146392822,8,4,T387XT55,11X8
calib_02129,0.19382061064243317,0.9353832602500916,3,8,430,K235EC67
calib_02130,0.9821723699569702,0.3099115788936615,8,9,A505MP71,LLSSS0RA.
calib_02131,0.3611493706703186,0.9130004644393921,5,8,LL902,C061PC77
calib_02132,0.3954988718032837,0.9470654726028442,6,9,LEEO7H,H401EE154
calib_02133,0.9397066831588745,0.36521369218826294,9,7,B171XA178,82AX422
calib_02134,0.4844118058681488,0.9819490313529968,10,8,L6 dW867A.,A298MP97
calib_02135,0.8201515078544617,0.8859750628471375,8,9,853X769H,H594XE48.
calib_02136,0.9425419569015503,0.18031539022922516,7,2,H234KY1,3Z
calib_02137,0.46551182866096497,0.9793296456336975,1,9,6,B385KH198
calib_02138,0.8988843560218811,0.3570273220539093,8,5,O309KA60,09V6O
calib_02139,0.9092791080474854,0.4754098951816559,8,6,P137PT22,P11222
calib_02140,0.9904916286468506,0.2602952718734741,9,7,T888CB178,126E882
calib_02141,0.9506052732467651,0.6389017105102539,8,7,T999TO78,1201666
calib_02142,0.30801907181739807,0.9956408143043518,5,6,AMAL6,A791PK
calib_02143,0.42661166191101074,0.8848884701728821,9,9,112209721,T2460M76.
calib_02144,0.9501562118530273,0.3423680067062378,8,8,A549XK11,L3SX671V
calib_02145,0.8753671050071716,0.27029165625572205,9,7,-M5590K64,9K0695W
calib_02146,0.21166549623012543,0.956466019153595,6,8,BR2R38,B773PB54
calib_02147,0.8672337532043457,0.6226722598075867,8,7,Y499K014,7600667
calib_02148,0.3394954800605774,0.8138635158538818,4,9,AO0A,PA004OE23
calib_02149,0.6366815567016602,0.8787623643875122,6,8,ZZAHSE,A457HY27
calib_02150,0.21922674775123596,0.9447315335273743,2,8,ML,A652CY92
calib_02151,0.9868395924568176,0.4718760848045349,8,4,H443BH39,6H87
calib_02152,0.961314857006073,0.33234548568725586,7,7,A310CA2,AAT0020
calib_02153,0.7882775664329529,0.36810946464538574,8,1,Y055KY79,S
calib_02154,0.9760066270828247,0.24036701023578644,8,5,K315PY72,Z4R22
calib_02155,0.9650223851203918,0.23083068430423737,9,6,B912KB777,B28XL6
calib_02156,0.8695151209831238,0.6666516065597534,9,9,P489CX197,Z61X0687d
calib_02157,0.9082236289978027,0.0,8,0,P382OB77,
calib_02158,0.9853850603103638,0.4359217882156372,9,8,P745EH799,667ES774
calib_02159,0.5207194685935974,0.9670130014419556,6,8,108600,T009KB56
calib_02160,0.4091654419898987,0.8639190793037415,7,10,66X5590,0652AX799.
calib_02161,0.9919092655181885,0.4869914650917053,8,8,B228PP98,862R8778
calib_02162,0.39852163195610046,0.898417592048645,7,8,2200232,K433A022
calib_02163,0.9274930357933044,0.5880642533302307,8,9,M989XP31,LEdX686W.
calib_02164,0.2766427993774414,0.8555252552032471,4,9,ORS0,0253.PB40
calib_02165,0.9056991338729858,0.31616154313087463,8,2,185AC136,S8
calib_02166,0.3125947117805481,0.8091754913330078,4,7,EALL,T721yE7
calib_02167,0.8715991377830505,0.5364911556243896,8,8,Y727XP64,79dXLZLA
calib_02168,0.6533776521682739,0.8450506329536438,7,9,HOLLOH.,H017CHR11
calib_02169,0.49259012937545776,0.812730073928833,8,8,9600/27X,X477C896
calib_02170,0.9752915501594543,0.19556161761283875,9,4,P835AP136,CAAA
calib_02171,0.7758325338363647,0.4022883474826813,8,2,H827CT32,HE
calib_02172,0.917197585105896,0.3038293421268463,8,6,x470AK77,LLMALX
calib_02173,0.9125669002532959,0.0,8,0,K561KK57,
calib_02174,0.8486270904541016,0.24717383086681366,8,5,160EY125,O0LEC
calib_02175,0.9621216654777527,0.9452453851699829,7,8,8∠HX006,Y900XH78
calib_02176,0.28364813327789307,0.8918771743774414,5,9,M216X,K197TE197
calib_02177,0.0,0.9530078768730164,0,10,,y444yy150.
calib_02178,0.8388696908950806,0.8637639880180359,8,8,L6XXL60X,x097xx97
calib_02179,0.37623831629753113,0.9107813239097595,6,9,MO⊥HLO,PO17HT33.
calib_02180,0.3307890295982361,0.9560267925262451,5,8,PREE8,P851EC64
calib_02181,0.42163291573524475,0.917689859867096,3,9,CC6,C932CP154
calib_02182,0.9190531969070435,0.6096869111061096,9,10,X6990E125,S2LE0669X.
calib_02183,0.9953967332839966,0.8601815104484558,8,7,04570097,L600570
calib_02184,0.40462231636047363,0.9237649440765381,7,8,S5XX005,K500xx54
calib_02185,0.5159311890602112,0.9943242073059082,9,8,222287272,P232BP76
calib_02186,0.9266798496246338,0.5047798156738281,9,7,B002PX777,ZLLXC00
calib_02187,0.21927542984485626,0.968025803565979,5,8,T8L63,K917BY51
calib_02188,0.637016236782074,0.5979008078575134,8,9,x498Y812,E2.8A9674
calib_02189,0.24370649456977844,0.9117412567138672,5,8,00EOR,0260KE58
calib_02190,0.8560833930969238,0.7860155701637268,9,6,x598Y093.,601865
calib_02191,0.1326097697019577,0.8846743702888489,1,10,S,y500 BO 35
calib_02192,0.5966607332229614,0.9328703284263611,8,8,L2300800,0080YE31
calib_02193,0.23866890370845795,0.9360975027084351,3,8,FF0,B6230y40
calib_02194,0.8957424163818359,0.448008269071579,8,8,X388×K25,42X×8838
calib_02195,0.340974360704422,0.9138414859771729,7,8,LLE8LEL,T018YE71
calib_02196,0.713025689125061,0.962096631526947,7,8,6819098,B606TT89
calib_02197,0.9086053371429443,0.39006972312927246,9,9,T202yp199,666LA70AP
calib_02198,0.892284095287323,0.31880807876586914,9,6,E195XY131,E2AXTE
calib_02199,0.853435218334198,0.6081080436706543,9,9,Y582xB174,54L8X7854
calib_02200,0.8345134854316711,0.5110209584236145,8,7,x035Ky96,96AXSOX
calib_02201,0.9884522557258606,0.4092459976673126,9,3,H454AP797,677
calib_02202,0.470615953207016,0.9379116296768188,6,8,P98664,P198yT64
calib_02203,0.9733482003211975,0.36570459604263306,9,5,K444EY163,1E777
calib_02204,0.8963646292686462,0.5334503650665283,9,7,T888 TT70,O211888
calib_02205,0.95710289478302,0.5887906551361084,8,8,X446YE27,Z73A977X
calib_02206,0.9705519080162048,0.9636768698692322,9,9,66LHX8088,B808XH199
calib_02207,0.9931352138519287,0.33226460218429565,9,5,B732TB125,S2L38
calib_02208,0.9003304243087769,0.6335124373435974,8,7,x939yH52,SHA636X
calib_02209,0.33885398507118225,0.9473886489868164,6,8,ZE8X67,E495AX53
calib_02210,0.9396879076957703,0.24729573726654053,8,4,y283AC33,RA22
calib_02211,0.5437042713165283,0.8513352274894714,9,9,966889668,8796BP196
calib_02212,0.21240893006324768,0.8629394769668579,1,10,2,C220CB197.
calib_02213,0.9675142765045166,0.5457618832588196,9,6,B819CH198,6L6L88
calib_02214,0.8883427381515503,0.7501961588859558,8,6,C989cC95,636865
calib_02215,0.9092892408370972,0.27151811122894287,8,1,0333TY54,T
calib_02216,0.9024341702461243,0.3173973262310028,8,4,H9130y31,HL6H
calib_02217,0.36375126242637634,0.9400774240493774,3,8,A8E,A425HE82
calib_02218,0.4766528010368347,0.9347376823425293,8,8,L9WE668X,X819EM51
calib_02219,0.9696573615074158,0.29182058572769165,9,9,H062AB174,HLLAAA0H.
calib_02220,0.9239773154258728,0.5107662081718445,9,9,A090HB799,66L8H06O0
calib_02221,0.889231264591217,0.7388964891433716,9,8,A888X0178,LLOX8880
calib_02222,0.3016394376754761,0.9137676954269409,3,9,SSS,K453HK154
calib_02223,0.29958751797676086,0.9210410714149475,5,8,MLLOX,K011TP77
calib_02224,0.9604367017745972,0.2790426015853882,9,7,B500XK152,ESCXOOS
calib_02225,0.9432500004768372,0.5037713050842285,10,9,A896EB 102,Z0L8E968A
calib_02226,0.8719165325164795,0.43130937218666077,9,6,E1830B54.,E80885
calib_02227,0.8962108492851257,0.3683076500892639,8,4,T008YT54,TOT0
calib_02228,0.9554232358932495,0.317230224609375,8,7,K075BC32,Z22CC02
calib_02229,0.2485460638999939,0.8563047051429749,4,8,1LO0,0001TT52
calib_02230,0.26752084493637085,0.8748161792755127,1,8,3,E363yP54
calib_02231,0.38839226961135864,0.9747825264930725,8,9,A22AA270,A729AA150
calib_02232,0.4185514450073242,0.8904253840446472,3,9,6L6,A719TE198
calib_02233,0.5650519132614136,0.9397156834602356,9,9,LLL217L00,0074TC777
calib_02234,0.2694307863712311,0.946058452129364,6,5,GET614,0119E
calib_02235,0.252831369638443,0.9774687886238098,4,9,H3TA,K372AH136
calib_02236,0.7229814529418945,0.9214256405830383,6,8,OH89LA,Y768HC47
calib_02237,0.2905849814414978,0.8808192014694214,1,8,A,C370KP19
calib_02238,0.3487911820411682,0.9244982600212097,4,10,LA A,E880KA 177
calib_02239,0.8158329725265503,0.30261871218681335,9,3,C208xK53.,AX8
calib_02240,0.5828478932380676,0.9197016954421997,9,9,P770X8872,P488XO123
calib_02241,0.9202659726142883,0.7653383612632751,8,6,0843xM74,LWX780
calib_02242,0.25703656673431396,0.985683798789978,6,8,333683,C389CT36
calib_02243,0.44567131996154785,0.9201918840408325,3,9,HAL,H154AB777
calib_02244,0.9442920088768005,0.33884772658348083,8,9,0121ET62,O1LEL222.
calib_02245,0.4004851281642914,0.9636881351470947,7,8,E355658,B259AY50
calib_02246,0.5639684796333313,0.8755262494087219,9,9,SO OHLZ6H,H927HX 05
calib_02247,0.9086748361587524,0.3308770954608917,8,5,K411xX46,XX417
calib_02248,0.9660325050354004,0.24832749366760254,8,8,X733KB78,X28X332X
calib_02249,0.6535122394561768,0.9373016357421875,8,8,L000070.,A4000077
calib_02250,0.5725255012512207,0.9194855093955994,4,9,LHX0,B007KH197
calib_02251,0.9282357096672058,0.4394950270652771,9,5,K368xP161,L X8.
calib_02252,0.13489824533462524,0.9601973295211792,3,8,LAA,M236MO31
calib_02253,0.190813809633255,0.948715090751648,2,9,AD,K057PB750
calib_02254,0.9297192692756653,0.18953640758991241,9,6,M004YK116,ML6O00
calib_02255,0.316703200340271,0.9588431119918823,9,8,29232290.,A627E067
calib_02256,0.25637903809547424,0.8281687498092651,6,8,PE222E,B873AE37
calib_02257,0.35819005966186523,0.964402437210083,3,8,HSS,K451YP46
calib_02258,0.9165376424789429,0.913871169090271,8,8,86XH7961,Y964HX98
calib_02259,0.917917788028717,0.4396938681602478,8,8,E821CY82,2643L283
calib_02260,0.917870044708252,0.6084503531455994,8,7,A499AA09,AAAA667
calib_02261,0.5599417686462402,0.9026721119880676,9,9,66L d7O7d,P404PK799
calib_02262,0.785437822341919,0.9307687282562256,9,9,96d00LOX-,-x0100P96
calib_02263,0.4115491807460785,0.8951160907745361,7,8,Z6HH9LA,A167KH92
calib_02264,0.9684879779815674,0.2589671015739441,8,6,T663CC42,1L3399
calib_02265,0.9072280526161194,0.5994992852210999,8,3,X471PP64,L7X
calib_02266,0.8999414443969727,0.3451554775238037,10,6,HO46 BK16.,L897O.
calib_02267,0.339267373085022,0.908668041229248,6,10,1 O007,T400 KP 16
calib_02268,0.3788022994995117,0.8869177103042603,9,10,BOL P8008,B007BP 102
calib_02269,0.8683210015296936,0.3488703966140747,9,8,FA041TE31,AOOLLLEE
calib_02270,0.8540847897529602,0.5863465666770935,8,6,x144CC66,990277
calib_02271,0.8967002630233765,0.6049278378486633,11,8,X776PK 799.,66 9LLX.
calib_02272,0.0,0.9617229104042053,0,8,,E756XP38
calib_02273,0.8710619211196899,0.35441821813583374,8,7,Y004KA52,ZA0X700
calib_02274,0.9060940146446228,0.44292277097702026,9,5,E177XT77.,L XLL
calib_02275,0.9166010022163391,0.2981088161468506,10,3,E929TK 777,L16
calib_02276,0.8965809941291809,0.7123749852180481,9,9,K748XX178,8LLXX87LX
calib_02277,0.3869175314903259,0.9594936370849609,2,8,H8,H283KK68
calib_02278,0.95818030834198,0.3848015367984772,8,4,H651BX19,68LH
calib_02279,0.2555793523788452,0.9367244243621826,4,9,840A,A 160YP82
calib_02280,0.24212250113487244,0.8221085667610168,5,10,OR280,.0823PY54.
calib_02281,0.6599768400192261,0.8053925037384033,9,9,177XX0961,T960xX24.
calib_02282,0.38995006680488586,0.9904484748840332,5,8,HC892,H684CP32
calib_02283,0.3450160622596741,0.8965943455696106,5,9,PA08L,C180YP 56
calib_02284,0.9021055102348328,0.3089403808116913,10,6,BO08AK 136,SC8008
calib_02285,0.3977673053741455,0.9352230429649353,3,9,EET,E515TP 33
calib_02286,0.4449255168437958,0.9652092456817627,7,8,LAAAAAA,A733AA21
calib_02287,0.9460060596466064,0.20653188228607178,9,2,B758YK152,ES
calib_02288,0.8954861164093018,0.33800679445266724,9,5,C824cx163,29283
calib_02289,0.9312019348144531,0.33976122736930847,7,5,0373PT7,C1122
calib_02290,0.3483405113220215,0.9024370908737183,8,8,T2OAL6LL,T791yo71
calib_02291,0.3340159058570862,0.8752172589302063,5,10,10115,C167 TO 36
calib_02292,0.9392669200897217,0.9366393089294434,8,8,86HOLLLd,P111OH98
calib_02293,0.4264589846134186,0.9905694723129272,7,8,8856558,B459TA53
calib_02294,0.9512866735458374,0.4729379415512085,8,8,0929xT17,LL1X6160
calib_02295,0.0,0.9411296844482422,0,9,,K743CB 63
calib_02296,0.45847049355506897,0.9101648926734924,3,8,89L,H577yc68
calib_02297,0.994505763053894,0.4054606556892395,9,8,C311PA777,C2LAPL22
calib_02298,0.9767675399780273,0.30366250872612,8,3,P283TK47,PRA
calib_02299,0.4169933497905731,0.9012356996536255,8,9,SLLXAOLO,H010AX175
calib_02300,0.0,0.9534378051757812,0,10,,H363EY750.
calib_02301,0.6194963455200195,0.8862230777740479,7,8,2670766,A9920X92
calib_02302,0.8906528949737549,0.7218871712684631,9,8,PP998A070,0700866d
calib_02303,0.8690722584724426,0.7039124965667725,10,8,-H024Y8163,9.8A720H
calib_02304,0.9990170001983643,0.6089777946472168,8,8,K7860071,L1009827
calib_02305,0.15361107885837555,0.8150259256362915,5,8,SLTO5,y720xT54
calib_02306,0.9714773893356323,0.5186707377433777,9,8,C452PX102,20X22272
calib_02307,0.30050596594810486,0.8202911019325256,6,7,XXSZSX,x125KX1
calib_02308,0.5097759962081909,0.9789286851882935,9,9,191800861,T980CA161
calib_02309,0.9197964072227478,0.47125715017318726,8,8,C362XH98,263X7932
calib_02310,0.3808653652667999,0.9749448895454407,8,8,60080L0W,M070BM39
calib_02311,0.9337385296821594,0.22836486995220184,10,6,-E613YK178,23X493
calib_02312,0.22962981462478638,0.9647681713104248,4,9,7X6O,K697KK750
calib_02313,0.9110120534896851,0.21926335990428925,8,3,K745PY71,SS7
calib_02314,0.41436776518821716,0.9831990599632263,5,8,F87A8,B537HA28
calib_02315,0.23818300664424896,0.9259517788887024,4,10,ZL82,T763BP 142
calib_02316,0.44169989228248596,0.9131239056587219,4,8,89G9,H635yp68
calib_02317,0.8025962114334106,0.38556116819381714,8,8,y114yy90,06TA7400
calib_02318,0.3412342071533203,0.9384508728981018,7,8,C2CEA82,C218AE15
calib_02319,0.33618584275245667,0.9803944826126099,6,8,A8A72G,A943AB76
calib_02320,0.40503552556037903,0.9670518040657043,7,9,3685990,0563AA198
calib_02321,0.9503740072250366,0.4678540527820587,8,8,P710TT71,T211111D
calib_02322,0.35644277930259705,0.9932904243469238,6,8,L1T222,K737CA27
calib_02323,0.8925294876098633,0.8372679352760315,8,9,X600TX96,96X⊥009X.
calib_02324,0.8687790036201477,0.3839356005191803,9,4,P8330T77Z,P104
calib_02325,0.9798662066459656,0.7221879959106445,8,8,00320099,66000000
calib_02326,0.2838674485683441,0.9195537567138672,7,9,HT23783,H873PA572
calib_02327,0.26246875524520874,0.9022979140281677,5,8,C2622,C393cC77
calib_02328,0.3967086672782898,0.9876713752746582,8,8,Z2L8222A,A772BY92
calib_02329,0.9472193717956543,0.4018690288066864,8,6,E918XK38,EX8463
calib_02330,0.9702412486076355,0.345043808221817,9,9,A097BK122,ZALL8L60A
calib_02331,0.3808991014957428,0.9031937718391418,4,9,0603,E790 CK26
calib_02332,0.6692339777946472,0.9444223642349243,8,8,68805550,04540B39
calib_02333,0.9472572803497314,0.5118303298950195,9,9,E424XY196,9664×7273
calib_02334,0.9113625288009644,0.7951682806015015,8,8,B888xO46,95OX8888
calib_02335,0.4639507234096527,0.9113917946815491,5,9,A2878,A784TB 92
calib_02336,0.9918867349624634,0.24178752303123474,8,7,K7510071,410052T
calib_02337,0.9304465055465698,0.22512595355510712,9,4,A007CT163,ZL00
calib_02338,0.5948774218559265,0.9410294890403748,6,8,897968,K964yC68
calib_02339,0.9606246948242188,0.280019074678421,9,4,A524PE198,R267
calib_02340,0.9359406232833862,0.34037911891937256,8,8,A418TP79,77P1817A
calib_02341,0.48457860946655273,0.8505945205688477,3,8,565,X359KT16
calib_02342,0.8699066042900085,0.3375297784805298,9,9,x280c0750,422000800
calib_02343,0.4472755491733551,0.8396638035774231,6,10,06L180,0823YE190.
calib_02344,0.49824032187461853,0.9709116220474243,9,8,22586535.,A459BY92
calib_02345,0.40596485137939453,0.8434889316558838,6,9,MOd9LA,A767PO 82
calib_02346,0.42774882912635803,0.9558696746826172,6,8,L 0070,06430077
calib_02347,0.332794189453125,0.8948358297348022,5,8,TAAA2,T981yA71
calib_02348,0.4076962471008301,0.8780412673950195,7,8,LXX566E,H995KX37
calib_02349,0.9189092516899109,0.3770200312137604,10,8,P404KT199.,6661LL07
calib_02350,0.6607390642166138,0.32597827911376953,9,7,A033TP359,TEL55O0
calib_02351,0.3460822105407715,0.9452537894248962,8,9,POO0OOLT,P0200X115
calib_02352,0.9677846431732178,0.2291039228439331,9,5,H568EK116,SLE8N
calib_02353,0.2969876527786255,0.9388518333435059,5,7,SSS8S,K158MA1
calib_02354,0.38667967915534973,0.9204021692276001,4,8,A636,A935AY92
calib_02355,0.559103786945343,0.8473261594772339,6,7,SM967X,X496TK6
calib_02356,0.8690464496612549,0.35891294479370117,9,7,X544CX38.,8303778
calib_02357,0.730211079120636,0.654570460319519,9,8,E9C5HH 78,8LHHCA63
calib_02358,0.9604005813598633,0.2812829315662384,10,6,A667EP7.16,AG2E90
calib_02359,0.942488431930542,0.3972896933555603,8,5,E639EX70,OX369
calib_02360,0.4039495885372162,0.8091603517532349,5,9,09746,C914KY60.
calib_02361,0.435432106256485,0.963587760925293,8,8,86520772,B440CC72
calib_02362,0.9667713642120361,0.20932959020137787,9,4,E108KB750,E0R8
calib_02363,0.9843074679374695,0.38971078395843506,8,6,0658AA11,OL58A9
calib_02364,0.3803354799747467,0.9685543775558472,9,9,E2L087023,E204B0174
calib_02365,0.7425940632820129,0.9524790644645691,9,9,Z0L58686X,X989BC102
calib_02366,0.395717054605484,0.8401436805725098,6,8,088LAN,K018BA73
calib_02367,0.8718833923339844,0.9062629342079163,5,9,XH670,Y049HX 33
calib_02368,0.2409684807062149,0.9406644701957703,1,8,T,T077EE56
calib_02369,0.9112836122512817,0.2729007303714752,10,4,B553OK 28.,8SS8
calib_02370,0.23286253213882446,0.8537206053733826,6,9,2LT258,B427OK154
calib_02371,0.24219931662082672,0.9331828355789185,1,9,7,0141BP 76
calib_02372,0.9752481579780579,0.7340258359909058,8,8,09380A98,86508860
calib_02373,0.8767939805984497,0.3739149570465088,8,7,B032OP32,FEO0020
calib_02374,0.9681626558303833,0.534324586391449,8,7,C802TB47,2787082
calib_02375,0.9484348893165588,0.3341839611530304,8,5,M800TB47,8U08W
calib_02376,0.9276193380355835,0.4861847162246704,8,6,M566MY98,86SW99
calib_02377,0.8767418265342712,0.21859580278396606,9,2,y845Tc150,FI
calib_02378,0.5086535811424255,0.9066799283027649,7,8,OL0O000,00020070
calib_02379,0.8800955414772034,0.30727678537368774,9,7,PA104HC82,P80HOLA
calib_02380,0.973274827003479,0.34066852927207947,7,3,0703KH1,OOT
calib_02381,0.21116472780704498,0.8401391506195068,7,9,6KMO7OW,M040KY199
calib_02382,0.8043518662452698,0.9578193426132202,7,8,LSOH690,A069HO51
calib_02383,0.8889389038085938,0.28778064250946045,9,4,E646YT134,E 17
calib_02384,0.878743052482605,0.6503721475601196,8,11,H060HH10,FOL H O9OH.
calib_02385,0.9849033951759338,0.43619072437286377,8,8,T346XP71,L12X9721
calib_02386,0.9141867160797119,0.34658220410346985,8,3,V326HB19,6HH
calib_02387,0.6407147645950317,0.930674135684967,8,9,22000900,F02600075
calib_02388,0.9308270215988159,0.3567458689212799,9,3,P610AE16.,VAL
calib_02389,0.9829888939857483,0.3816469609737396,9,6,P678AE750,PAEA8O
calib_02390,0.9650929570198059,0.4725733995437622,9,6,A650TH198,6LHOS9
calib_02391,0.24297022819519043,0.9455063939094543,6,9,122823,K578PT178
calib_02392,0.8143526315689087,0.41804102063179016,8,6,E397OX29,6XO603
calib_02393,0.6474319100379944,0.9275896549224854,7,9,88WX998,-B636xM53
calib_02394,0.27047720551490784,0.8685473203659058,3,9,0CS,c945yT750
calib_02395,0.9111870527267456,0.0,8,0,K756KK39,
calib_02396,0.940201461315155,0.3701463043689728,9,7,0001TK178,LLXLOOO
calib_02397,0.9762811660766602,0.4898555874824524,8,8,P198XA71,LLAX86L2
calib_02398,0.8003206253051758,0.8996725082397461,9,9,953H670X.,X049HE56.
calib_02399,0.30744698643684387,0.9774083495140076,7,7,L837S60,0954EK1
calib_02400,0.4410785734653473,0.9365999102592468,6,8,668655,C691BA59
calib_02401,0.8668807148933411,0.44051140546798706,8,8,x081Bx52,20088808
calib_02402,0.4565393328666687,0.9649527072906494,8,9,B61  dLA,A747PP198
calib_02403,0.4272156059741974,0.9938710331916809,3,9,LLA,C753PA777
calib_02404,0.9067054390907288,0.32851386070251465,9,1,T111HK750,L
calib_02405,0.35876625776290894,0.9809273481369019,7,9,HO80032,H300BK152
calib_02406,0.3879023492336273,0.960800290107727,3,8,60.,H095HA68
calib_02407,0.24828533828258514,0.932475209236145,7,9,F756955,A546KE165
calib_02408,0.4491578936576843,0.9856668710708618,8,8,09EE6770,0249EK60
calib_02409,0.6437288522720337,0.9392147064208984,2,8,77,H444OK68
calib_02410,0.670207142829895,0.9856472015380859,8,9,066X9970,C466EX190
calib_02411,0.9051094055175781,0.26005423069000244,9,2,E046Cy161,E0
calib_02412,0.9321284890174866,0.600947380065918,9,7,x999EA178,LVE666X
calib_02413,0.9507244229316711,0.537399172782898,7,8,H829XB2,68886784
calib_02414,0.3889337480068207,0.9820156097412109,3,9,LL.,K442YT177
calib_02415,0.9020134210586548,0.2349686324596405,8,2,K585HT40,H0
calib_02416,0.8757606744766235,0.4988784193992615,8,8,0777yp55,NSALLLO.
calib_02417,0.7387515902519226,0.941291093826294,7,8,SAx9998,B666xY57
calib_02418,0.9309349060058594,0.5488882660865784,9,6,0344HT98.,861770
calib_02419,0.531498908996582,0.9730626344680786,5,8,AAAAA,A342AA34
calib_02420,0.3060634732246399,0.9698362946510315,6,6,L1LLLL,E191TB
calib_02421,0.9609227180480957,0.29759708046913147,8,4,C757EY45,SSS5
calib_02422,0.8826065063476562,0.8617337942123413,8,8,0061xc96,965X1900
calib_02423,0.8708339333534241,0.4262895882129669,8,4,E943y036,3076
calib_02424,0.5686301589012146,0.9442046284675598,7,8,69Hd990,0326PH69
calib_02425,0.941594660282135,0.3317159116268158,9,5,B347CA35.,F3T38
calib_02426,0.3807799220085144,0.8389312028884888,4,10,AOOC,FA062CT7ED
calib_02427,0.9093283414840698,0.4782639741897583,9,8,B600HP 35,SE H0098
calib_02428,0.8771398067474365,0.3191763162612915,9,5,.H268OK74,7O894
calib_02429,0.3780522644519806,0.8954483866691589,4,9,OAL7,B467y0177
calib_02430,0.46663379669189453,0.8428621888160706,9,9,LaMOH6L91,T619H0M16
calib_02431,0.867464005947113,0.6014751195907593,9,8,X911xB777,LLLXLL6X
calib_02432,0.9205722808837891,0.3480367362499237,8,6,K044EH29,67H303
calib_02433,0.8626177310943604,0.2691618800163269,9,1,C333CX177,3
calib_02434,0.22373192012310028,0.8447270393371582,3,8,CZC,H523CO32
calib_02435,0.2776445746421814,0.9560550451278687,1,8,H,E333HP38
calib_02436,0.3825080096721649,0.9717367887496948,3,8,09H,B536HY60
calib_02437,0.9517121911048889,0.3560710847377777,9,5,0941KB174,2LL60
calib_02438,0.7187652587890625,0.8949204087257385,8,8,00XX2690,0697Kx30
calib_02439,0.9366404414176941,0.6419026255607605,9,7,P846CH152,ZL H978
calib_02440,0.8136207461357117,0.0,10,0,E900 EE 30,
calib_02441,0.9612157344818115,0.2886873185634613,9,7,K252XE196,4238220
calib_02442,0.9353762865066528,0.42990031838417053,9,5,0197BA 39,20864
calib_02443,0.896203875541687,0.4696039855480194,9,6,y760yp174,LAO9LA
calib_02444,0.9109442830085754,0.6293880939483643,9,8,H017BH196,6H8LLOH.
calib_02445,0.9801653623580933,0.3027249872684479,8,6,E378BY21,L28823
calib_02446,0.8503735065460205,0.41600653529167175,11,8,T 149 BP 31,LL28674L
calib_02447,0.2512753903865814,0.9209412336349487,6,8,MNH0OX,KOO4HK77
calib_02448,0.7935687303543091,0.9367653727531433,8,9,Z0LXX998,y866xx102
calib_02449,0.9738677144050598,0.0,8,0,B424TB77,
calib_02450,0.8934586644172668,0.5018665790557861,9,8,B088CC26.,90008808
calib_02451,0.5038483142852783,0.9444277286529541,7,8,ZLO0L9H,H6670017
calib_02452,0.3279087543487549,0.9426037669181824,7,8,TOAAAAS,T063AA35
calib_02453,0.9138628840446472,0.5273350477218628,8,5,H529yB86,98S68
calib_02454,0.936090886592865,0.4691653549671173,8,6,y316MM18,LWWILA
calib_02455,0.74474036693573,0.9975231885910034,7,8,86WW8LW,M378MM98
calib_02456,0.72099769115448,0.7127424478530884,5,9,6600A,y009yY59.
calib_02457,0.8968937993049622,0.47268781065940857,8,8,T289xC77,L2206891
calib_02458,0.9812333583831787,0.24829158186912537,9,8,K177AK196,41242A2L
calib_02459,0.28994718194007874,0.9079586863517761,8,9,F3922258,B528TC63-
calib_02460,0.18583419919013977,0.9682486653327942,2,9,ZU,K295xB777
calib_02461,0.9118221998214722,0.20827260613441467,9,1,E439PK 31,7
calib_02462,0.2843884527683258,0.9664642214775085,7,8,11X4332,T333PX02
calib_02463,0.8829773664474487,0.5906705856323242,7,6,O900ET1,1E0060
calib_02464,0.6940658092498779,0.9706373810768127,5,7,H888d,P888HC6
calib_02465,0.5611458420753479,0.9698392152786255,4,9,6667,K499KE196
calib_02466,0.34587574005126953,0.9735487699508667,8,9,266T00L6,T9700K199
calib_02467,0.8907829523086548,0.5223315358161926,8,2,E025XT32,ZE
calib_02468,0.0,0.925107479095459,0,8,,T015PH77
calib_02469,0.5573373436927795,0.9510412216186523,9,9,98L010890,A680TP186
calib_02470,0.32354459166526794,0.9769904017448425,4,8,86G8,0835CA98
calib_02471,0.38893041014671326,0.9534909725189209,4,8,2X27,E422XE13
calib_02472,0.911569356918335,0.6983587741851807,9,9,K999TX150,OSLX1666M
calib_02473,0.9653370380401611,0.9875805974006653,8,8,69WH8L88,B818HM69
calib_02474,0.3611387312412262,0.9556243419647217,1,9,X,0373XA161
calib_02475,0.5098217725753784,0.9838325381278992,8,8,86GP8L98,B618PC98
calib_02476,0.9192690253257751,0.27869629859924316,9,5,B013BP13.,BRRL0
calib_02477,0.9823925495147705,0.2672904133796692,9,8,P126PK152,MAL AA3R
calib_02478,0.4525166153907776,0.9153912663459778,7,8,B880588,B853OB82
calib_02479,0.9328125715255737,0.2532217800617218,8,1,B660KO23,9
calib_02480,0.4455363154411316,0.9867254495620728,7,8,A21112A,A719TT27
calib_02481,0.5895538330078125,0.9353905320167542,7,8,Ld06970,02690P11
calib_02482,0.22265323996543884,0.914013147354126,8,9,B71TI118,B516ET125
calib_02483,0.40974918007850647,0.8629244565963745,2,8,AA,C157PA77
calib_02484,0.18815232813358307,0.8575884699821472,1,10,A,B503YT 750
calib_02485,0.30160292983055115,0.9636092185974121,7,8,A8P5LCG,A544CP86
calib_02486,0.24383333325386047,0.8046554327011108,4,10,X8A5,E570 BX 78
calib_02487,0.8424019813537598,0.548112690448761,8,8,x252xx11,2XXZSZX.
calib_02488,0.29299601912498474,0.8895467519760132,6,8,PO1S22,PO35yT26
calib_02489,0.9133265018463135,0.32155829668045044,8,6,E070KX08,0XXXO3
calib_02490,0.9867175221443176,0.30071234703063965,9,8,K007PA161,TOLA/0LO
calib_02491,0.2716825008392334,0.8738094568252563,7,8,22EX565,C795KY58
calib_02492,0.9287160634994507,0.2539410889148712,11,4,B372PE 750.,3222
calib_02493,0.3730260729789734,0.8855745792388916,0,9,,P263BH 36
calib_02494,0.5033029317855835,0.9413342475891113,8,8,M8EHL87A,A481HE82
calib_02495,0.9479182362556458,0.17993569374084473,9,2,T666AT142,TL
calib_02496,0.36167576909065247,0.8793455958366394,7,8,4555550,K452yc36
calib_02497,0.378462016582489,0.9905939102172852,5,9,32822,B223BX193
calib_02498,0.9739980697631836,0.2551007568836212,8,7,T954AX71,122A346
calib_02499,0.9836758375167847,0.4616429805755615,9,6,H848EC154,HEE88H
calib_02500,0.8747576475143433,0.6982099413871765,9,5,B7960y63.,90968
calib_02501,0.27531465888023376,0.9316476583480835,3,10,EEL,B777 EE 39
calib_02502,0.431054025888443,0.9439921975135803,10,9,AA.2A9875.,A286AP35.
calib_02503,0.8530478477478027,0.7122129201889038,10,7,B146 HE 89,68H97L8
calib_02504,0.34945148229599,0.983320951461792,5,9,SL885,K550BB154
calib_02505,0.9229443669319153,0.0,8,0,A583HB 6,
calib_02506,0.3719264268875122,0.8905894160270691,4,10,C260,CO053TA799
calib_02507,0.0,0.8040501475334167,0,9,,0118 PC69
calib_02508,0.828124463558197,0.5641241669654846,9,7,B190 EB64,4983068
calib_02509,0.3329995274543762,0.9450296759605408,2,9,TL,y554BT174
calib_02510,0.2846910357475281,0.9735486507415771,5,9,12870,X412BC750
calib_02511,0.46976375579833984,0.9223560094833374,6,8,2EE887,T488EC22
calib_02512,0.8396618366241455,0.16484712064266205,8,1,H134YX35,7
calib_02513,0.9374974370002747,0.5382748246192932,8,7,H036HB68,89890H.
calib_02514,0.585873007774353,0.9025141596794128,9,9,LLL8X796A,Y964xB777
calib_02515,0.8641922473907471,0.815557599067688,9,9,M060HH175,SLLHH090W
calib_02516,0.1940823644399643,0.9301792979240417,1,7,T,K156YH8
calib_02517,0.5870454907417297,0.9207178354263306,7,8,2220907,E206AY82
calib_02518,0.8052562475204468,0.9749886393547058,7,9,LLd986H,H986PC174
calib_02519,0.2773105800151825,0.9811394214630127,5,8,T1L15,K121KT54
calib_02520,0.9710328578948975,0.2902461588382721,8,8,E842PA54,EAARAS83
calib_02521,0.4816794693470001,0.8606956601142883,6,10,6H700X,X004TH 93.
calib_02522,0.5509530305862427,0.7733232975006104,9,10,ZE d08SLH,FH158 0P32
calib_02523,0.37443286180496216,0.8950191140174866,7,9,AOLWW8A,y628MM102
calib_02524,0.9929604530334473,0.32555824518203735,8,5,A787AA61,ALA82
calib_02525,0.4033055305480957,0.9696350693702698,4,8,66C6,P559CK99
calib_02526,0.23750418424606323,0.8958426713943481,6,9,04X790,0612KO178
calib_02527,0.5039642453193665,0.9883078336715698,6,8,A68A86,A918AB98
calib_02528,0.9699073433876038,0.4620278775691986,8,8,H587HA61,L9SH89H-
calib_02529,0.44517695903778076,0.9950717091560364,8,9,C6611117,E411TT196
calib_02530,0.9899603724479675,0.3277648389339447,6,3,A938BE,886
calib_02531,0.9630317687988281,0.2652744650840759,9,7,A161PX161,LALXLLA
calib_02532,0.5551644563674927,0.9154781699180603,8,8,TZHA6OLA,Y709AH71
calib_02533,0.8384538292884827,0.3013097941875458,8,6,P050xC97,LOXO50
calib_02534,0.9608206152915955,0.5806255340576172,9,8,A726HO198,36LOH97L
calib_02535,0.8012098073959351,0.2840398848056793,8,4,C353cC01,CC3C
calib_02536,0.8898385167121887,0.5831413269042969,9,4,H310 HH36,HHOL
calib_02537,0.9151058197021484,0.4966462254524231,8,7,P916CK71,F2X9164
calib_02538,0.985062301158905,0.7817413806915283,9,9,H960XK178,BL XX096H
calib_02539,0.8813347816467285,0.3009992837905884,10,2,K324kY750.,AO
calib_02540,0.3477630913257599,0.934647798538208,8,8,MAAA9662,K196AB32
calib_02541,0.36924272775650024,0.8696944117546082,4,8,ZE O,H033OK32
calib_02542,0.3284096121788025,0.9110543727874756,4,9,2703,CO74yC178
calib_02543,0.529051661491394,0.8958220481872559,6,8,961A7L,T741YT96
calib_02544,0.8511435985565186,0.4332045018672943,9,6,y816yE174,LLEA98
calib_02545,0.4076211750507355,0.9428303837776184,8,9,B8007698,B692A035.
calib_02546,0.6241605877876282,0.9321876764297485,5,8,40789,H6840P32
calib_02547,0.9622726440429688,0.0,8,0,T3740B32,
calib_02548,0.8421046733856201,0.20065845549106598,8,2,y936AT90,61
calib_02549,0.9491505026817322,0.24319370090961456,9,5,H243BT142,H7872
calib_02550,0.9729710817337036,0.4673808813095093,9,8,007200178,82007L00
calib_02551,0.33249688148498535,0.9839527606964111,8,9,MMAP097W,M460PA163
calib_02552,0.36720016598701477,0.9841915369033813,4,8,TLTS,T1350A33
calib_02553,0.9388439059257507,0.8276514410972595,8,6,X606B036,908909
calib_02554,0.9865244626998901,0.2731982171535492,8,4,H793PB37,Z836
calib_02555,0.3404398262500763,0.9178668260574341,5,10,963E7,K464EE161.
calib_02556,0.9650800228118896,0.4714328348636627,9,5,H288KH142,HHH8R
calib_02557,0.3611227571964264,0.8912068605422974,7,10,E360093,E540EO 93.
calib_02558,0.8733888864517212,0.7199130654335022,9,6,P808HB116,1H808d
calib_02559,0.3878169655799866,0.9771828651428223,7,8,P9Md896,P963PK62
calib_02560,0.8625057339668274,0.5862405300140381,9,9,0009CB190,06LCE6000
calib_02561,0.8573724031448364,0.9685726165771484,9,7,20006000.,0039002
calib_02562,0.35947105288505554,0.9188306331634521,7,8,964A47X,x413AX96
calib_02563,0.4534994065761566,0.9366496801376343,6,8,LOOO6.,H095OP77
calib_02564,0.4769689738750458,0.8902181386947632,9,8,ZOXOLLI3.,K6710X02
calib_02565,0.5292965173721313,0.7966670393943787,9,8,F093X5503,CO53KC60
calib_02566,0.7741542458534241,0.8896477818489075,7,8,9XA8889,A888Yx64
calib_02567,0.9061917066574097,0.5079445838928223,9,7,K800TC05.,SO0080.
calib_02568,0.9311966300010681,0.2592897415161133,9,2,Y273CH178,LL
calib_02569,0.9712808728218079,0.3851858377456665,8,4,A025EE73,PAEE
calib_02570,0.9192213416099548,0.0,9,0,H195KY178,
calib_02571,0.0,0.9340365529060364,0,8,,H859KE51
calib_02572,0.3902929127216339,0.8565949201583862,8,9,702X6892,C639XP 34
calib_02573,0.9345595240592957,0.6325379610061646,8,7,0111HT54,SIHILLO
calib_02574,0.9058820009231567,0.5022101402282715,8,1,K873HC32,M
calib_02575,0.29111942648887634,0.9293973445892334,7,8,32WW760,M923MM90
calib_02576,0.35842829942703247,0.8661024570465088,7,9,2988370,0433XB55.
calib_02577,0.32254135608673096,0.9975506663322449,8,9,B2ER7S22,P252PK178
calib_02578,0.673753559589386,0.8117486238479614,6,8,xx9z9X,x626xx47
calib_02579,0.8795273900032043,0.28236621618270874,9,6,E011yy28.,27TL03
calib_02580,0.3107987344264984,0.9422528743743896,6,9,G8MA89,P683AK 39
calib_02581,0.34422609210014343,0.9915834069252014,8,9,P7PP7l6S,P164PP125
calib_02582,0.8908354640007019,0.7246403694152832,8,8,B454P093,26037978
calib_02583,0.9357078075408936,0.388023316860199,9,8,A096AA 77,A0AA960A
calib_02584,0.26550740003585815,0.9692814946174622,4,9,SS32,K595PP152
calib_02585,0.29306814074516296,0.8944433927536011,4,8,X33.,K326XP74
calib_02586,0.8528879284858704,0.4395650327205658,10,1,A850cy197.,L
calib_02587,0.2285410761833191,0.9128963947296143,4,9,ELLC,E572B0777
calib_02588,0.3359893262386322,0.9772850871086121,6,9,A2X111,A062TX716
calib_02589,0.41369232535362244,0.7834393978118896,5,8,FO60L,y617cX90
calib_02590,0.9870990514755249,0.35935086011886597,8,7,E241XA28,B2AXA7A
calib_02591,0.90833979845047,0.3083527386188507,9,6,A537yB152,ASSARA
calib_02592,0.337496280670166,0.9901765584945679,5,8,H87LA,A374BH37
calib_02593,0.8920314311981201,0.6042649149894714,8,7,x820cx99,66X0028
calib_02594,0.9173240661621094,0.32770583033561707,8,3,P222YE76,AEE
calib_02595,0.6013640761375427,0.9774712324142456,7,7,0554560,0954AA0
calib_02596,0.4017694294452667,0.8851518630981445,7,8,ZODAAAA,0002AP77
calib_02597,0.44072261452674866,0.798843502998352,5,8,Z2602,C095Ty22
calib_02598,0.7871291041374207,0.9873818159103394,7,8,L008860,09880074
calib_02599,0.9487633109092712,0.25068366527557373,9,4,C484AT797,LAI7
calib_02600,0.4140610694885254,0.8896781206130981,5,9,09896,A926KB60.
calib_02601,0.910892128944397,0.3896174430847168,8,2,T680CT57,08
calib_02602,0.41130751371383667,0.9299553632736206,5,8,MAH6A,M293yH42
calib_02603,0.5214605331420898,0.9319623708724976,8,10,L6LddL2d,P219PP 197
calib_02604,0.9284694194793701,0.4654915928840637,8,4,P920EO47,0E06
calib_02605,0.4171990752220154,0.910425066947937,5,8,SO800,K008BC35
calib_02606,0.9755032062530518,0.634848415851593,9,10,A900HX799,6L XHO0O6A
calib_02607,0.8772551417350769,0.21850621700286865,9,5,T575CX36.,1X555
calib_02608,0.9395201802253723,0.9681215882301331,8,8,0466XP96,96dX9970
calib_02609,0.8948730230331421,0.28518712520599365,8,3,Y093ET26,E20
calib_02610,0.33400359749794006,0.8927197456359863,6,10,786378,-B432HB134
calib_02611,0.9886324405670166,0.4265417158603668,9,6,A864KA186,988V78
calib_02612,0.9025599956512451,0.21864207088947296,9,9,X571xE152,ZSLEXL253
calib_02613,0.9203492403030396,0.30828526616096497,8,1,A634BY39,7
calib_02614,0.8690169453620911,0.6032523512840271,10,8,E449TT 154,S1116773
calib_02615,0.9639617204666138,0.39271116256713867,9,9,0653BX125,005X83590
calib_02616,0.3802478015422821,0.96518474817276,7,8,9MEO0L.,H700EK96
calib_02617,0.2949008047580719,0.8894803524017334,6,8,1IAALA,T012AE62
calib_02618,0.974742591381073,0.33936065435409546,9,7,P115TX123,P11S122
calib_02619,0.374072402715683,0.9816010594367981,3,9,363,E333HE196
calib_02620,0.9803940653800964,0.4946402609348297,9,5,B567BB164,B8898
calib_02621,0.947794497013092,0.27168023586273193,9,9,0285M0174,7273S9810
calib_02622,0.606869101524353,0.7977413535118103,5,9,ALLLO,0777 TY58
calib_02623,0.9766303896903992,0.3978717029094696,8,8,A424HH16,396HH7Z7
calib_02624,0.6584934592247009,0.8447602987289429,9,8,66XX77LX.,x742xx99
calib_02625,0.9635000228881836,0.15666186809539795,9,1,C112xB178,X
calib_02626,0.13007207214832306,0.864483118057251,3,8,BA8,K720YE68
calib_02627,0.8936702013015747,0.7663221955299377,10,9,B660XY163.,29L1X0998
calib_02628,0.8547166585922241,0.8836857676506042,8,8,98Xd66LA,y199PX86
calib_02629,0.8236528635025024,0.9415448307991028,8,9,86007790,-06220098
calib_02630,0.3703158497810364,0.8567325472831726,7,9,9LPA06H,H190YP163
calib_02631,0.9476076364517212,0.643291175365448,8,8,B6780E77,ZL308/98
calib_02632,0.92015141248703,0.2960272431373596,9,7,FH472BC50,FhE8E5H
calib_02633,0.7077943086624146,0.8666366934776306,9,8,TLXXL6LX.,x191xx71
calib_02634,0.34148773550987244,0.9826401472091675,6,9,S76E58,X465EP125
calib_02635,0.904176652431488,0.18400046229362488,8,5,K267YA43,LA973
calib_02636,0.35557231307029724,0.9237124919891357,6,9,P2222L,-P712CC71
calib_02637,0.1540616750717163,0.9051436185836792,1,9,L,K303YK75.
calib_02638,0.3556695878505707,0.8981397151947021,3,9,2EE,P222BE178
calib_02639,0.8852288126945496,0.3788078725337982,10,8,8512 TO 95,ESL11558
calib_02640,0.428424209356308,0.9344218373298645,5,10,L E08,B002EP 164
calib_02641,0.4651513695716858,0.9465316534042358,5,8,69667,M495MY69
calib_02642,0.3455074727535248,0.9823729395866394,5,9,AALLL,A212TK134
calib_02643,0.8386815190315247,0.17484089732170105,10,1,T 124TH 36,7
calib_02644,0.846998929977417,0.25741666555404663,9,9,-P623KA15,P722X2793
calib_02645,0.2970259487628937,0.8299822211265564,2,9,AA,Y628AT136
calib_02646,0.8681085705757141,0.3875308036804199,10,5,-P958KC799,26C86
calib_02647,0.34007132053375244,0.9781695008277893,4,8,LA33,T333KA77
calib_02648,0.30834633111953735,0.9327260255813599,3,8,MSX,M556XK31
calib_02649,0.8886653780937195,0.5817933082580566,9,7,E7600B134,2180093
calib_02650,0.29306042194366455,0.9053046703338623,5,9,ZL161,x296TC177
calib_02651,0.9671218395233154,0.47875961661338806,8,7,H912HA48,8AHAL6.
calib_02652,0.8820466995239258,0.21778272092342377,9,1,B250KY197,2
calib_02653,0.255818635225296,0.9480782747268677,6,8,1OE77E,TO14XE22
calib_02654,0.2631157338619232,0.9341698884963989,6,8,LLSSL.,A144KO41
calib_02655,0.8016498684883118,0.4401339590549469,8,5,Y584pP86,98789
calib_02656,0.43027305603027344,0.9059306383132935,4,8,LAAA,A324AA77
calib_02657,0.9940550327301025,0.2500011920928955,9,1,P885KK174,P
calib_02658,0.8862390518188477,0.5576807856559753,8,7,x910MT74,T2WOL6X
calib_02659,0.9422303438186646,0.27641135454177856,9,6,P021PY777,MLLALA
calib_02660,0.9803381562232971,0.5964736342430115,8,5,B240TH98,86078
calib_02661,0.5444296002388,0.9798722267150879,7,8,LX⊥LLLd,P117TX47
calib_02662,0.3959704339504242,0.9205777049064636,6,8,8OOOH.,H020TO86
calib_02663,0.46764427423477173,0.9984802007675171,7,8,M006201,M7290031
calib_02664,0.9537628889083862,0.24708350002765656,9,6,K242cc178,R42272
calib_02665,0.8428634405136108,0.4746076464653015,8,8,0137yx77,LXALELO.
calib_02666,0.8009196519851685,0.9181104898452759,5,8,06660,0999cT86
calib_02667,0.8785790801048279,0.45852524042129517,8,7,0578AX98,68A8L90
calib_02668,0.33686235547065735,0.8888487219810486,6,8,09A80O,0382AH60
calib_02669,0.9830803871154785,0.36073821783065796,8,4,B7610A50,AAA8
calib_02670,0.5676116347312927,0.9526600241661072,5,9,8LL88,0788CH178
calib_02671,0.5911327600479126,0.9060857892036438,10,10,L6LV0999A.,Y6660A197.
calib_02672,0.3359854817390442,0.9197649359703064,5,8,EE8L0,E018EY29
calib_02673,0.5060238838195801,0.8677910566329956,8,9,981OL6LW,M797oY86.
calib_02674,0.9672209620475769,0.3633837401866913,9,7,0601EC777,LLLELCE
calib_02675,0.32556891441345215,0.9669067859649658,6,9,A1LL1C,A302TT152
calib_02676,0.9413895606994629,0.6565069556236267,8,6,0444TP40,017770
calib_02677,0.3232704699039459,0.9569212198257446,3,8,A88,A661BC82
calib_02678,0.35008788108825684,0.9249728322029114,6,9,B68686,A939BT198
calib_02679,0.900711715221405,0.3607828617095947,10,8,K018BK 96.,K6O88LRX
calib_02680,0.9758267402648926,0.49526166915893555,8,8,A602KP82,2820209A
calib_02681,0.8529090285301208,0.4333544671535492,9,5,X138yx177,ZXA8X
calib_02682,0.9052332639694214,0.9185003638267517,9,9,B98988199,66L886868
calib_02683,0.8931724429130554,0.31268954277038574,10,5,A 053 HP61,FACH0
calib_02684,0.7719212174415588,0.8162363767623901,7,8,22X0606,y9090x22
calib_02685,0.9649426937103271,0.8277312517166138,9,8,04440043.,£7007770
calib_02686,0.22368387877941132,0.8692213296890259,3,8,X18,E843XT72
calib_02687,0.9285298585891724,0.261821448802948,8,8,A064KY15,A0AX3900
calib_02688,0.9850874543190002,0.37286168336868286,8,5,A547XK35,A33X7
calib_02689,0.9790717363357544,0.36482512950897217,9,4,A131CE196,CLLE
calib_02690,0.28024381399154663,0.8805367946624756,3,9,OEL,H5170E40.
calib_02691,0.34964504837989807,0.9391753077507019,7,9,MLLMX89,M168XK116
calib_02692,0.9572270512580872,0.3956199884414673,9,9,P092KX777,222XXZ622
calib_02693,0.22306537628173828,0.9388061165809631,2,9,R3,K323BK63.
calib_02694,0.8946194648742676,0.6787655353546143,8,9,0789HY77,LL AH68LO
calib_02695,0.978015661239624,0.31001684069633484,9,6,E402BA197,L6L8A7
calib_02696,0.44022220373153687,0.9605501890182495,9,9,L66X06570,A4590X197
calib_02697,0.7948334813117981,0.9679314494132996,8,9,19L0X807,y408x0161
calib_02698,0.3458814322948456,0.9707377552986145,6,9,C2E887,C478BC163
calib_02699,0.6901060938835144,0.9364845752716064,7,8,9Hd6L91,T619PH64
calib_02700,0.9878630638122559,0.33368802070617676,8,6,T522TT39,631224
calib_02701,0.9128448367118835,0.25709250569343567,8,6,C721KPO4,C0LLA5
calib_02702,0.9654037952423096,0.5420016646385193,8,7,0030KB62,0080000
calib_02703,0.9590394496917725,0.3482218384742737,8,5,C741PH17,22H73
calib_02704,0.9596443176269531,0.5246765613555908,9,9,E789XT161,T91LX68/3
calib_02705,0.5045875310897827,0.9680697917938232,3,9,HOS,H335KO102
calib_02706,0.9475786685943604,0.234137624502182,9,7,K713KO13.,ZLTXLL2
calib_02707,0.9104398488998413,0.4036117494106293,8,5,y963cy86,98396
calib_02708,0.5337785482406616,0.9219073057174683,10,9,ZOL MHO76X,x940HK102
calib_02709,0.4138281047344208,0.9030312895774841,3,7,O84,0180KA4
calib_02710,0.9248703718185425,0.21666567027568817,9,2,E413yT134,2T
calib_02711,0.5937380194664001,0.8708627223968506,7,8,L6O868.,K898y097
calib_02712,0.23795047402381897,0.8812798857688904,1,9,A,A502YB159
calib_02713,0.9153451919555664,0.6181915998458862,9,6,Y986PB54.,798986
calib_02714,0.2534095048904419,0.8829573392868042,1,10,O,0002YE 750
calib_02715,0.34387636184692383,0.976563572883606,6,8,M0AAAS,M832AM05
calib_02716,0.3356705605983734,0.8914804458618164,6,9,M0673T,M129TO 31
calib_02717,0.25550341606140137,0.9481476545333862,2,8,68,y578cT96
calib_02718,0.8829230070114136,0.5824123024940491,9,7,H478BX32.,ZEX887H
calib_02719,0.3116481900215149,0.9194164276123047,8,9,MLAO099G,A660 PC77
calib_02720,0.33068087697029114,0.9168241024017334,7,9,PPLA008,B007AP134
calib_02721,0.3284223675727844,0.899158239364624,8,8,FOLD0A0.,K602YP10
calib_02722,0.2513332664966583,0.9182175397872925,4,8,HTA8,M283yH31
calib_02723,0.2706492245197296,0.9691880345344543,6,9,S2T312,X753AT174
calib_02724,0.4729781746864319,0.9498254060745239,9,9,AALOXLLO0,A071x0161
calib_02725,0.600100040435791,0.9326921701431274,6,10,6 HLL8,B911HA799.
calib_02726,0.9921836853027344,0.3712843954563141,8,7,A843HP73,AAPH78A
calib_02727,0.4572947919368744,0.8955933451652527,7,9,97E8068,B970XE26.
calib_02728,0.4177860617637634,0.9587579369544983,8,9,33383733,E343BC53.
calib_02729,0.9389481544494629,0.8614377975463867,8,6,C494B039,608767
calib_02730,0.9430950880050659,0.31763991713523865,9,8,B116AE157,BLLEA9L8
calib_02731,0.3604047894477844,0.9076551795005798,7,8,FECE208,8072EP35
calib_02732,0.9275788068771362,0.33373066782951355,9,3,B957AE 16,968
calib_02733,0.9759230613708496,0.4476543962955475,8,6,0007KA68,O9V000
calib_02734,0.9787498712539673,0.24801519513130188,8,7,C111MB98,261PLL8
calib_02735,0.9232527613639832,0.2443268746137619,8,3,0072KP44,MZO
calib_02736,0.8595677614212036,0.25952547788619995,8,6,Y725ox54,TLL055
calib_02737,0.8972552418708801,0.2918017506599426,9,8,E596E0152,ES6EEC63
calib_02738,0.9295098781585693,0.27514901757240295,8,3,C741AP39,AA7
calib_02739,0.9938494563102722,0.45511671900749207,9,7,T221EB138,L2LLE22
calib_02740,0.5126830339431763,0.9697889089584351,6,8,AAAAAL,A676AA10
calib_02741,0.42859724164009094,0.9029621481895447,8,9,2LAA6643,E199AY 17
calib_02742,0.35347607731819153,0.9577506184577942,4,9,ARAA,A852AP147
calib_02743,0.9155295491218567,0.3717365264892578,9,7,C219ET96.,9216667
calib_02744,0.6056365966796875,0.9092224836349487,9,9,ZOL HALLO,O317AH102
calib_02745,0.8988265991210938,0.40014591813087463,8,7,X723YA52,Z22335X
calib_02746,0.9492897391319275,0.4591251015663147,9,8,B2840X763,39X07818
calib_02747,0.9491676092147827,0.42778435349464417,10,3,E645BY 161,B68
calib_02748,0.929705798625946,0.2611883282661438,8,8,A053XC37,7OOX3S0C
calib_02749,0.29422813653945923,0.9737258553504944,6,9,22AA37,C237KA178
calib_02750,0.98466557264328,0.4064664840698242,9,2,C233BA190,C2
calib_02751,0.9806656241416931,0.28921252489089966,9,1,C695BA142,Z
calib_02752,0.4709952175617218,0.8547588586807251,9,9,PAAAA8ASS,B283AA 35
calib_02753,0.8959303498268127,0.37856215238571167,8,7,P111CX35,PPLLLLS
calib_02754,0.9862266182899475,0.3742283582687378,9,6,x297yy178,22<A62
calib_02755,0.9348857402801514,0.5271075963973999,8,7,0217HA71,LLAHLAO
calib_02756,0.8612290620803833,0.5991408228874207,8,7,K580xX90,06XX890
calib_02757,0.705219566822052,0.9025497436523438,5,8,6976H,H946YC99
calib_02758,0.29634955525398254,0.9570896625518799,5,9,AASSD,K447AY750
calib_02759,0.5376026630401611,0.8958176374435425,6,9,90588L,H188 cC46
calib_02760,0.29619818925857544,0.9476516842842102,1,8,O,K025HO21
calib_02761,0.9565762281417847,0.3720705509185791,8,7,T401AT96,6114171
calib_02762,0.2568958103656769,0.9268913269042969,4,8,HTSO,H031KP24
calib_02763,0.37991076707839966,0.9800652265548706,5,8,9A876,E142BA96
calib_02764,0.19729754328727722,0.988073468208313,5,9,E36L6,E359PT161
calib_02765,0.9314061403274536,0.29946550726890564,9,2,K150AT134,AL
calib_02766,0.5233796238899231,0.9870347380638123,8,8,B8G88778,B428BA01
calib_02767,0.955086886882782,0.6437271237373352,8,8,K074XH55,SSHX7∠0X
calib_02768,0.9109600782394409,0.3433864116668701,9,8,X422cT163,24212272
calib_02769,0.9206739068031311,0.8711935877799988,9,6,£499KP198,866673
calib_02770,0.9365464448928833,0.4613977074623108,9,7,03330B199,6668030
calib_02771,0.5007504820823669,0.9188848733901978,7,10,TZ HOLL,T 770 HT71
calib_02772,0.9859799146652222,0.3186694085597992,8,5,A652BP69,69387
calib_02773,0.9538347721099854,0.3395228385925293,9,8,A443TX164,19X13770
calib_02774,0.960303544998169,0.33523231744766235,9,5,CO38AH125,CO 83
calib_02775,0.9468084573745728,0.37711477279663086,10,3,C705HE 125,C2S
calib_02776,0.3669835329055786,0.9865246415138245,8,8,BE2EE2LL,B777EB70
calib_02777,0.4513368606567383,0.9034343361854553,7,9,3465693,K639xc159
calib_02778,0.9141084551811218,0.0,8,0,H555BX50,
calib_02779,0.3566802144050598,0.8931394219398499,5,8,MSSSS,M555yM23
calib_02780,0.8784208297729492,0.2576265037059784,8,6,K211PA62,GALPL2
calib_02781,0.37548917531967163,0.8860595226287842,2,8,EA,B111yP36
calib_02782,0.34910592436790466,0.9334965944290161,5,10,266R2,A159PA199.
calib_02783,0.2921687364578247,0.9957757592201233,5,9,74659,A656MA174
calib_02784,0.7015997171401978,0.7630050778388977,7,8,95XX16X,×791xx50
calib_02785,0.8808707594871521,0.41070476174354553,9,6,T 184CY62,11L862
calib_02786,0.9829510450363159,0.6770803332328796,8,8,B882BB50,B8888888
calib_02787,0.9015864133834839,0.6277799606323242,9,7,x979PT93.,6106L6X
calib_02788,0.2639364004135132,0.8970134258270264,3,9,Z03,C030 CC77
calib_02789,0.9823586940765381,0.5634219646453857,9,8,Y868BK197,L66M8898
calib_02790,0.9445330500602722,0.31945839524269104,9,6,A610AC797,LAALCA
calib_02791,0.8908830285072327,0.42420345544815063,8,8,C709cC97,L6236002
calib_02792,0.8887889385223389,0.6260574460029602,9,4,K136HH 31,HHHL
calib_02793,0.6100456714630127,0.8707267045974731,9,10,6E EH688d,P889HE 39.
calib_02794,0.9951791167259216,0.5843977928161621,8,7,M6810031,L000890
calib_02795,0.9280855655670166,0.5965962409973145,8,5,C900EE47,EE006
calib_02796,0.8346772789955139,0.6379531621932983,7,8,P280oY6,60.088d.
calib_02797,0.9965078830718994,0.3241543769836426,9,7,A829PT152,A422222
calib_02798,0.3217073380947113,0.9402549862861633,9,10,23504622.,-A597PK123
calib_02799,0.9823340177536011,0.3234133720397949,8,3,A645YE38,FAR
calib_02800,0.612294614315033,0.9518239498138428,7,9,LOAL7LH,H141y0163
calib_02801,0.34933364391326904,0.9605482816696167,5,8,22002,A922PO92
calib_02802,0.46118900179862976,0.985059916973114,8,8,1168A789,T682AB98
calib_02803,0.9477754235267639,0.5905702114105225,9,8,B014KY198,86AX7408
calib_02804,0.9116933345794678,0.37112367153167725,9,9,P737XP77.,LLLXL2L2.
calib_02805,0.6266655325889587,0.9178760051727295,9,9,I9LHOLL6X,K9770H161
calib_02806,0.9616348743438721,0.382645845413208,9,5,B1230A198,LAAA8
calib_02807,0.584968626499176,0.962944507598877,4,8,AA8S,A102BY51
calib_02808,0.9489140510559082,0.3704527020454407,10,8,A426TX163.,294×1927
calib_02809,0.9545238614082336,0.3010098934173584,8,1,K552YE54,S
calib_02810,0.43011507391929626,0.8971095681190491,7,9,CC66995,C669xT155
calib_02811,0.3890197277069092,0.939110279083252,9,8,AOTALLAA.,A011yB42
calib_02812,0.9738081693649292,0.6698189973831177,9,7,T888HA197,16AH888
calib_02813,0.9902644157409668,0.9495070576667786,8,8,P864HH64,79HH798d
calib_02814,0.43645408749580383,0.9609248638153076,9,9,8L6HEOL80,0810EH178
calib_02815,0.511987566947937,0.9366381168365479,7,9,66d8/8M,K878PY199
calib_02816,0.844944179058075,0.5159866213798523,8,7,CO20cC26,C0CO00G
calib_02817,0.9774482250213623,0.8364558815956116,9,9,B644HY196,96L4H7798
calib_02818,0.960102915763855,0.2917449176311493,9,3,P3830B161,F88
calib_02819,0.897594153881073,0.42926138639450073,9,7,P9290E174,2LE3066
calib_02820,0.9379298090934753,0.44413235783576965,9,3,H394EC123,H63
calib_02821,0.35578739643096924,0.8749874234199524,4,9,HAAL,H153AP777
calib_02822,0.2789577841758728,0.9614958763122559,4,8,H6G.,K559ET46
calib_02823,0.9019820690155029,0.27947959303855896,9,5,X334AH64.,39HHX
calib_02824,0.2877134084701538,0.9696985483169556,6,8,M6E6L0,A619EC93
calib_02825,0.9636032581329346,0.32360801100730896,8,6,K054BA73,408703
calib_02826,0.9107562899589539,0.4688989818096161,10,9,.P581BP76.,9Ld8L89d.
calib_02827,0.8985135555267334,0.2101602554321289,9,4,K418BT750,A LD
calib_02828,0.5556365251541138,0.9131641387939453,8,9,10LHX900,T006XH750
calib_02829,0.4268779754638672,0.9114556908607483,3,9,HOL,B3310H197
calib_02830,0.9654409885406494,0.21223467588424683,9,2,P555AC197,L6
calib_02831,0.8602250814437866,0.7018055319786072,10,7,B946yB 98.,8689768
calib_02832,0.36527004837989807,0.9477159976959229,5,9,ATAAX,X073YA163
calib_02833,0.9436444044113159,0.3847821354866028,8,8,P220AX78,2220A272
calib_02834,0.9314848184585571,0.18869328498840332,8,7,X263PP54,722R399
calib_02835,0.5223349332809448,0.942030668258667,7,8,AAAA88A,M881AA31
calib_02836,0.34462010860443115,0.9883605241775513,5,8,A278A,A582AE82
calib_02837,0.8987659811973572,0.6883536577224731,8,8,H124HH48,8HH77LH.
calib_02838,0.28203892707824707,0.9496798515319824,5,8,09662,K1760B46
calib_02839,0.260213702917099,0.8478466272354126,7,9,A0LO90A,Y076Y0163
calib_02840,0.9107677340507507,0.7950864434242249,11,11,H600HP 197.,L6L dHO09H.
calib_02841,0.9865866899490356,0.30981212854385376,9,4,H560EA125,SH59
calib_02842,0.505728542804718,0.945346474647522,9,8,265000087,B5040P93
calib_02843,0.9613112211227417,0.17100852727890015,9,3,y393EK178,212
calib_02844,0.2973100543022156,0.8949362635612488,4,8,8X55,X545xB77
calib_02845,0.9901081323623657,0.36114704608917236,8,5,H598CT68,H9G86
calib_02846,0.33741870522499084,0.9279364347457886,6,10,HLALOO,H372AH790.
calib_02847,0.2997802793979645,0.9575552940368652,6,8,ALALOL,B707TA10
calib_02848,0.9322975873947144,0.37099218368530273,8,3,E0020066,900
calib_02849,0.9421209692955017,0.35601916909217834,9,5,B258BB750,F2888
calib_02850,0.2508116364479065,0.9331347942352295,1,8,O,K003KB60
calib_02851,0.919387698173523,0.34590137004852295,8,6,E611XA02,ZAXLL3
calib_02852,0.9326428174972534,0.3368697166442871,9,5,B971TY154,BRLLS
calib_02853,0.9678140878677368,0.26428723335266113,8,5,B473ET82,BELE7
calib_02854,0.9151955842971802,0.33034539222717285,8,2,B050TE31,BO
calib_02855,0.5318938493728638,0.929072380065918,5,8,AG966,E996AC70
calib_02856,0.9753316044807434,0.34577542543411255,9,7,A547XE196,A663X7G
calib_02857,0.9796425700187683,0.9292097091674805,9,9,P469HH161,L9LHH697d
calib_02858,0.9874079823493958,0.7451968789100647,9,9,E569PH199,661Hd6993
calib_02859,0.8785991072654724,0.5722646117210388,9,9,K1910x197,L6L XOL6L
calib_02860,0.6092656850814819,0.8703149557113647,7,10,9888888,B888 BB 68
calib_02861,0.3472394049167633,0.9871708750724792,6,8,BE8X69,E691KB08
calib_02862,0.9579368829727173,0.3594597280025482,8,3,B522OH62,ZO7
calib_02863,0.274140864610672,0.947555422782898,6,9,L1LLA2,T642Y0777
calib_02864,0.9906070232391357,0.5076336860656738,9,6,H888AT163,H8A888
calib_02865,0.24949444830417633,0.9598356485366821,1,8,S,K373EY35
calib_02866,0.8953261375427246,0.40397781133651733,8,8,y970PA01,FA0OAL6A
calib_02867,0.23110124468803406,0.947319746017456,5,9,E26A9,E670AT198
calib_02868,0.299533486366272,0.8043560981750488,1,8,S,P528CT33
calib_02869,0.49989017844200134,0.9666277766227722,7,8,6858778,H342BC89
calib_02870,0.9690987467765808,0.7143656015396118,8,7,A900HH16,L HHOOA
calib_02871,0.22925978899002075,0.986034095287323,2,9,L9,E63500197
calib_02872,0.8900645971298218,0.5413445830345154,10,7,P300 BB 97,7688002
calib_02873,0.409382164478302,0.8980642557144165,7,10,3688008,B007BB 93.
calib_02874,0.9612777233123779,0.5988878011703491,9,8,C608AH797,6LHA8090
calib_02875,0.4396580159664154,0.9187623262405396,4,8,HG8R,H560BK32
calib_02876,0.9843657612800598,0.4177236557006836,9,5,A465TH152,ASTS.
calib_02877,0.29471737146377563,0.9933338165283203,4,8,LCLH,H777CK76
calib_02878,0.9199082851409912,0.0,9,0,K121xB199,
calib_02879,0.5387424230575562,0.9617933630943298,7,9,05AX67X,x491xy750
calib_02880,0.9270856380462646,0.23644569516181946,8,8,M421BM73,ELL8LA72
calib_02881,0.40531355142593384,0.8635333180427551,8,9,22L0022d,P222OP199
calib_02882,0.2555610239505768,0.9688674211502075,3,9,6A7,E343AY797
calib_02883,0.9552117586135864,0.7325978875160217,8,7,A104HX01,LOXHOLA
calib_02884,0.3470684587955475,0.9543999433517456,7,8,R8LEL08,B012TB82
calib_02885,0.3370651304721832,0.9706965684890747,6,8,L91000,0670KT67
calib_02886,0.9897841215133667,0.5223065614700317,7,7,T517004,2000151
calib_02887,0.44459691643714905,0.9332497715950012,7,8,AA0L900,A061AO92
calib_02888,0.9558356404304504,0.5568349361419678,9,9,A929KX198,266XX6760
calib_02889,0.8630582690238953,0.5062831044197083,8,1,H232CX99,6
calib_02890,0.4036850929260254,0.9487791061401367,9,9,P003X6202,PO59XP123
calib_02891,0.8772115707397461,0.3059594929218292,10,5,0016KA 32.,OOTAA
calib_02892,0.9764516353607178,0.6282416582107544,9,9,H174AH790,06LHA7LLH
calib_02893,0.9492546916007996,0.7114025354385376,8,8,H9820E68,8930886H
calib_02894,0.30307304859161377,0.9701103568077087,9,9,29L0AAA80,08020A163
calib_02895,0.8964948654174805,0.41969627141952515,8,8,A298TX92,Z2X18643
calib_02896,0.41626784205436707,0.9763832092285156,9,9,62LE12218,B222TE199
calib_02897,0.9558939337730408,0.4346458315849304,9,5,P278BO136,22881
calib_02898,0.6547722816467285,0.903937578201294,6,9,723X93,E677XE175
calib_02899,0.9186288118362427,0.29831022024154663,9,5,C259AA199,22667
calib_02900,0.9005670547485352,0.512589693069458,10,9,E559BX 790,06L886993
calib_02901,0.9084731340408325,0.31629660725593567,9,2,C714KP777,ZL
calib_02902,0.736640989780426,0.8822644352912903,5,7,NO89H,H687OK5
calib_02903,0.5870386362075806,0.8761308193206787,8,9,97X000∠X,K7000X46.
calib_02904,0.9810307025909424,0.3288174271583557,9,8,B791KA164,B2LAXL18
calib_02905,0.2594375014305115,0.9319596290588379,4,8,M3X6,A395XH37
calib_02906,0.3673853278160095,0.90189129114151,5,9,LXXL3,K713xK175
calib_02907,0.9605976939201355,0.48103705048561096,8,6,E948KA08,EEAM86
calib_02908,0.3895903527736664,0.8715485334396362,6,9,ZSEZSS,7525KE974
calib_02909,0.4080362021923065,0.9071735739707947,6,9,86XOOH,H500KX 98
calib_02910,0.3572269380092621,0.9003117680549622,1,9,O,KO38KK40.
calib_02911,0.0,0.864604651927948,0,9,,T337TO190
calib_02912,0.9205893278121948,0.21852140128612518,9,3,E758YK 70,EER
calib_02913,0.9266947507858276,0.4884580373764038,9,6,P954PY190,06Ld76
calib_02914,0.45160219073295593,0.8534501791000366,2,8,96,y696cy77
calib_02915,0.8451734185218811,0.34406426548957825,9,7,8773YE135,GELEAEE
calib_02916,0.7528848052024841,0.884619414806366,8,9,6SLXX096,K960yX159
calib_02917,0.9065024256706238,0.6950199604034424,9,9,K016xX199,66LXX910X
calib_02918,0.0,0.9117066264152527,0,9,,K336cT777
calib_02919,0.9797903299331665,0.5172314643859863,8,9,A006AA10,OL AAA900
calib_02920,0.9673780798912048,0.4845576584339142,9,6,K682AA152,MAAAAA
calib_02921,0.45368874073028564,0.7903367280960083,8,8,E9086683,E819BO50
calib_02922,0.33409637212753296,0.973861813545227,10,9,Z278A6302.,B039AB777
calib_02923,0.9108755588531494,0.5462914109230042,9,7,C9450B53.,2980976
calib_02924,0.933842658996582,0.28798818588256836,8,5,C727AE90,0LEA2
calib_02925,0.8524985313415527,0.3709675669670105,10,2,T216Yx777.,LX
calib_02926,0.44180962443351746,0.9680551290512085,8,8,722A2212,B272AX13
calib_02927,0.9046487808227539,0.2999767065048218,9,4,K967YH 31,EHA6
calib_02928,0.6684670448303223,0.9862568974494934,7,8,86Hd098,B570PH98
calib_02929,0.9876811504364014,0.525048553943634,9,9,022800123,222008020
calib_02930,0.981770396232605,0.5460517406463623,8,7,P7880A78,8L0088L
calib_02931,0.9914708733558655,0.3384125232696533,9,6,H725BB125,SHL88S
calib_02932,0.42600077390670776,0.9587281942367554,5,8,69099,C7560E69
calib_02933,0.8925514221191406,0.43157100677490234,9,2,K3240Y777,FL
calib_02934,0.8968262076377869,0.32945510745048523,9,3,T111TT 12,LLL
calib_02935,0.3757975101470947,0.967889666557312,5,8,P6 09,P630HT93
calib_02936,0.0,0.9405896663665771,0,8,,C655TH63
calib_02937,0.22314071655273438,0.9006059169769287,4,9,M659,K165KB19Z
calib_02938,0.9575421214103699,0.2626133859157562,10,5,K772HE 196,46LEL
calib_02939,0.4602700173854828,0.9369430541992188,8,9,90111030,0302TT 36
calib_02940,0.9573519229888916,0.361491322517395,8,8,K424CO82,28057272
calib_02941,0.963803231716156,0.6803586483001709,8,5,B384HH53,HH788
calib_02942,0.36402371525764465,0.9829237461090088,4,8,S06Y,K906KT51
calib_02943,0.664495587348938,0.9131762385368347,5,9,E8766,K994BE134
calib_02944,0.9858403205871582,0.3457975685596466,8,6,C644CK64,79C774
calib_02945,0.9782779216766357,0.798320472240448,9,9,0006XA199,666VX9000
calib_02946,0.24670934677124023,0.9520582556724548,8,9,Z0OO6SL3,E7590K102
calib_02947,0.935137152671814,0.2555302679538727,10,7,E297EP 777,LLLE223
calib_02948,0.39701858162879944,0.8698717951774597,3,9,SSS,x502HC125
calib_02949,0.8914024829864502,0.3124347925186157,8,2,H305T872,H3
calib_02950,0.9646821022033691,0.8419352173805237,8,8,0578HH96,96HH8LSO
calib_02951,0.8932657837867737,0.9225984215736389,8,8,X8840E86,9830788X
calib_02952,0.0,0.9137119054794312,0,8,,C605HT34
calib_02953,0.9245731234550476,0.5001713633537292,10,8,0087PA 777,LLLAL800
calib_02954,0.8961842060089111,0.37103763222694397,8,2,X062KA64,VX
calib_02955,0.917447030544281,0.2934111952781677,11,6,K637TP 159.,4L1193
calib_02956,0.5831848382949829,0.9248636960983276,9,10,33600663×,×39900-123
calib_02957,0.7242076992988586,0.9612510204315186,7,9,6dd8890,0688PP 39
calib_02958,0.4356899857521057,0.8801912665367126,8,9,PP235676,-P949CC71
calib_02959,0.9759197235107422,0.44864127039909363,8,8,T854KX45,15XX5585
calib_02960,0.9195680618286133,0.452019602060318,9,8,Y286xK178,826XX987
calib_02961,0.46203139424324036,0.9384152293205261,7,9,20R8604,P098PA33.
calib_02962,0.6141812205314636,0.9447920322418213,5,8,HSSSS,H555TA46
calib_02963,0.9624763131141663,0.460575133562088,8,6,K646AB99,66A979
calib_02964,0.900030791759491,0.25244665145874023,10,4,P516 CP35.,PECS
calib_02965,0.5459235310554504,0.9201892018318176,2,10,HL,H258PP 102
calib_02966,0.39577001333236694,0.9908129572868347,9,9,C26C06063,E709CB196
calib_02967,0.9639965295791626,0.2596628963947296,8,4,B225XB38,8878
calib_02968,0.6321829557418823,0.956605076789856,5,8,AEXH6,A579HX35
calib_02969,0.9813231229782104,0.31961789727211,9,6,B327OH125,B2TOLS
calib_02970,0.26286277174949646,0.9011178612709045,2,8,SG,O336HC05
calib_02971,0.9628815054893494,0.3260284662246704,9,4,P723PT177,PL1L
calib_02972,0.8663657307624817,0.9499399662017822,8,8,060X769H,H692x090
calib_02973,0.3635728657245636,0.9775375127792358,6,8,270022,X350PE42
calib_02974,0.29482656717300415,0.9887856245040894,7,9,C1LL2LL,C712PT161
calib_02975,0.968123733997345,0.36200252175331116,9,4,A467KB799,6397
calib_02976,0.9319448471069336,0.44816794991493225,8,5,Y662xH54,7HX99
calib_02977,0.8615344166755676,0.5282585024833679,8,6,y936ec52,493396
calib_02978,0.94459068775177,0.314622700214386,9,7,C222PK750,C22P27Z
calib_02979,0.8995829820632935,0.4853556454181671,10,6,-K067HH 35,SHH90X
calib_02980,0.9305583238601685,0.25969481468200684,9,3,E557HA134,HAS
calib_02981,0.5646433234214783,0.9180542826652527,7,8,ZEAA869,H698AB32
calib_02982,0.8480438590049744,0.26616188883781433,9,3,E233EK154,EER
calib_02983,0.891560435295105,0.2821728587150574,9,2,c668c0750,C8
calib_02984,0.9213696718215942,0.6727187037467957,8,7,H888PO3Z,ZOd888H
calib_02985,0.5864753723144531,0.9881094694137573,5,8,HM968,B796KH82
calib_02986,0.0,0.9396662712097168,0,8,,C585KK01
calib_02987,0.24283748865127563,0.9944071173667908,2,9,R6,K333AA196
calib_02988,0.32172438502311707,0.9336535930633545,3,8,AE7,A147EC37
calib_02989,0.49489569664001465,0.9155713319778442,7,8,7988948,X261BX64
calib_02990,0.2927568852901459,0.8472416400909424,1,9,O,H050 CP26
calib_02991,0.8844966292381287,0.41442906856536865,9,2,A849cY716,AA
calib_02992,0.2977138161659241,0.9263238906860352,4,9,TLEX,T037XE174
calib_02993,0.4505351483821869,0.9886643290519714,7,9,AAAA7Z0,A234AA150
calib_02994,0.9755231142044067,0.2743571996688843,9,3,E238CB190,268
calib_02995,0.31719446182250977,0.959370493888855,1,8,9,H316TC63
calib_02996,0.2975309193134308,0.9300323724746704,1,8,6,H573E093
calib_02997,0.9692119359970093,0.5878229141235352,8,5,B997BB99,88668
calib_02998,0.4095616340637207,0.8802520632743835,7,8,ZZTLOOX,X001TH23
calib_02999,0.7477378845214844,0.9318289160728455,7,9,9LH0789,C684OH163
calib_03000,0.9350606203079224,0.27427440881729126,9,7,H362AC65.,HH3GZ93
calib_03001,0.6900551915168762,0.9229171276092529,7,8,0HX878X,X848KH03
calib_03002,0.40976396203041077,0.9072975516319275,6,9,M4886.,M298BY73.
calib_03003,0.808326780796051,0.6809523105621338,9,9,59LRAL86H,H981HH154
calib_03004,0.8760169744491577,0.35608533024787903,8,8,X252xK52,Z23X3532
calib_03005,0.9533259868621826,0.3639627695083618,8,8,T349KC67,11506722
calib_03006,0.49577006697654724,0.9869179725646973,6,8,LOOSLO,07750047
calib_03007,0.9421309232711792,0.40272364020347595,8,6,P784KA02,P2A782
calib_03008,0.9049661159515381,0.41152942180633545,9,4,K185KB 82,R862
calib_03009,0.9416767954826355,0.44844961166381836,9,9,E840HC134,EEL5HO783
calib_03010,0.8732311129570007,0.38854357600212097,9,6,0160AB123,MLAA90
calib_03011,0.9485964179039001,0.6420080661773682,9,9,A009xX123,A20X×6000
calib_03012,0.8394812941551208,0.3907143473625183,9,5,XU13XE152,EOLEX
calib_03013,0.42157450318336487,0.9656044244766235,5,8,LOOOO,H0200075
calib_03014,0.6067945957183838,0.8909245729446411,9,9,25000068.,x9000K52.
calib_03015,0.3076758086681366,0.9790442585945129,4,9,E02L,E673EE102
calib_03016,0.8883921504020691,0.34937340021133423,8,4,0892KA39,OA28
calib_03017,0.9721251726150513,0.4932899475097656,9,4,H425AA199,H677
calib_03018,0.30689534544944763,0.9676171541213989,2,9,A4,A336EY152
calib_03019,0.9276176691055298,0.7318256497383118,8,7,M2040H98,86HO70W
calib_03020,0.5761547088623047,0.9176648855209351,8,8,95W068LX,K7890M46
calib_03021,0.4193677604198456,0.9555525779724121,3,8,707,K404EK61
calib_03022,0.2174634039402008,0.8655294179916382,8,8,11253258,×113cX56
calib_03023,0.4418898820877075,0.9242700934410095,2,9,HS,H370KH25.
calib_03024,0.9878804087638855,0.3666801154613495,9,6,E244EP196,E6LE72
calib_03025,0.294257789850235,0.9450393319129944,7,9,11LVALS,T667OA125
calib_03026,0.9066970944404602,0.38226714730262756,10,7,-A002KX152,AA0XXZL
calib_03027,0.976722240447998,0.34615176916122437,8,4,T030TB54,T0O0
calib_03028,0.9627656936645508,0.5010789036750793,8,2,H745HE32,HE
calib_03029,0.21752619743347168,0.9303783178329468,4,8,M360,K973TO05
calib_03030,0.34099793434143066,0.9386959075927734,2,9,AL,A795KK159
calib_03031,0.9449102878570557,0.281615674495697,8,5,B122KC82,RLE22
calib_03032,0.2255478799343109,0.9349427819252014,8,8,LL009242,T736PO47
calib_03033,0.9593461751937866,0.4903615415096283,10,6,-A798HT763,19186A
calib_03034,0.3836783468723297,0.9956767559051514,6,9,LLAPP2,C483PA777
calib_03035,0.9284223914146423,0.3463021218776703,9,7,A472CH96.,96H7L79
calib_03036,0.9472927451133728,0.3813675045967102,9,4,B772EH21.,B2EL
calib_03037,0.2755821943283081,0.9497188925743103,2,8,2H,E313HP29
calib_03038,0.9722224473953247,0.7159476280212402,8,6,E493KX98,86X673
calib_03039,0.9578774571418762,0.1941535770893097,8,5,P140BY51,TEO7L
calib_03040,0.8669345378875732,0.46440237760543823,8,5,H203HH60,9HHOH
calib_03041,0.9364587068557739,0.4125106930732727,9,5,y109AK774,7L602
calib_03042,0.36870110034942627,0.8955003023147583,6,9,T9LO9A,Y7630P161
calib_03043,0.9129839539527893,0.2235264927148819,8,4,A∠330X21,FEX2
calib_03044,0.37237679958343506,0.9413608908653259,5,9,RLR73,K435Py123
calib_03045,0.2536240220069885,0.9520020484924316,5,8,COCE0,0737E005
calib_03046,0.8090041279792786,0.9239605665206909,7,8,088898H,H868BB02
calib_03047,0.9382807016372681,0.2637287974357605,8,7,P202XE56,P030085
calib_03048,0.9277933835983276,0.1503141075372696,8,3,K5770P46,NE3
calib_03049,0.5057265162467957,0.9634178876876831,6,9,LLL867,T498YK777
calib_03050,0.31051012873649597,0.9624985456466675,4,7,EEE7,E914EK1
calib_03051,0.544306755065918,0.8805570602416992,5,9,L2389,Y336 BO71
calib_03052,0.9419964551925659,0.6250211000442505,9,7,B805HP 98,86SH088
calib_03053,0.8889519572257996,0.28187862038612366,10,6,M487AM 31.,EMAL87
calib_03054,0.3396930992603302,0.9939178824424744,9,9,E1.227/33,H374PP152
calib_03055,0.9737526774406433,0.5873520970344543,9,8,P452XH199,66HXZS74
calib_03056,0.33316537737846375,0.9291404485702515,1,10,A,K728YP 777
calib_03057,0.9557155966758728,0.24093297123908997,8,5,T1810B32,I0883
calib_03058,0.8408159017562866,0.4268040359020233,9,4,H100 OT36,O0L.
calib_03059,0.9543240666389465,0.19772106409072876,9,8,X828PK116,9LLPA872
calib_03060,0.9360204339027405,0.9433338642120361,7,8,9108880,08880T64
calib_03061,0.9629150629043579,0.5411003828048706,8,7,H279CP69,6922607
calib_03062,0.8522955775260925,0.36387449502944946,9,5,y 161EC71,LLEEL
calib_03063,0.663890540599823,0.8543984889984131,6,8,65X666,K999 xc9
calib_03064,0.34935399889945984,0.9019678831100464,6,8,CALAO2,COO1AP77
calib_03065,0.7291719317436218,0.8374239802360535,8,9,LL O869H,H598 OP77
calib_03066,0.4279239773750305,0.991663932800293,4,6,897M,K468TY
calib_03067,0.915345311164856,0.34953954815864563,8,6,T881YA71,LLAAA2
calib_03068,0.9455541968345642,0.5281806588172913,9,9,C388BO116,20L088822
calib_03069,0.9223206639289856,0.6413050293922424,9,7,H610CH799,66HOL9H
calib_03070,0.9759451746940613,0.37111490964889526,9,8,A155AC122,AASCSS2A
calib_03071,0.8904072642326355,0.3622603416442871,10,5,H003MT 98.,86WOO
calib_03072,0.9457371830940247,0.3904796242713928,9,9,K942YH102,MOL HAZ76
calib_03073,0.37086501717567444,0.9132073521614075,8,8,ALLALLTX,K017AT13
calib_03074,0.4860065281391144,0.8592303991317749,9,9,586X87438,B4148X135
calib_03075,0.8597939610481262,0.2757136821746826,8,4,H423KC29,6E27
calib_03076,0.9183787107467651,0.11526285111904144,10,1,A555OT/164,1
calib_03077,0.9782538414001465,0.604233980178833,8,8,H648AB29,67868793
calib_03078,0.5551542043685913,0.9118636250495911,5,9,AX786,y984KA178
calib_03079,0.7928364276885986,0.9406045079231262,8,6,0171yH64,HALLLO
calib_03080,0.28610700368881226,0.9339632391929626,6,9,3S2XZ0,C532XK750
calib_03081,0.3214673399925232,0.9172430038452148,7,9,2C00892,C368A0116
calib_03082,0.9082806706428528,0.0,9,0,B727KK165,
calib_03083,0.9051778316497803,0.2464093416929245,9,6,0728A0136,OOAA08
calib_03084,0.22572274506092072,0.9921549558639526,6,9,HLLRRL,H134PK178
calib_03085,0.5138176679611206,0.9127341508865356,5,8,LAX61,K197xA77
calib_03086,0.747505784034729,0.9505981206893921,5,8,86AH.,H661yp98
calib_03087,0.5541629195213318,0.9080324172973633,4,8,8967,H239YP68
calib_03088,0.37069475650787354,0.8802295327186584,2,9,67,K451KY799
calib_03089,0.9198843836784363,0.28899890184402466,9,2,X015AB 98,A8
calib_03090,0.5575968623161316,0.9346826076507568,9,8,9LOdL779.,A447PO76
calib_03091,0.6199860572814941,0.8993871212005615,2,9,XX,K731xx159
calib_03092,0.3462866544723511,0.9382434487342834,8,7,FL1XLL70,0477KT7
calib_03093,0.3733522295951843,0.9296143651008606,7,9,C6L1LL0,C811cy190
calib_03094,0.3749544322490692,0.8724302053451538,5,10,2A674,-y249TA34.
calib_03095,0.8002822399139404,0.9775104522705078,8,8,22006660,09990023
calib_03096,0.8905815482139587,0.9629281163215637,9,9,86L087870,0484B0198
calib_03097,0.8728662729263306,0.33325791358947754,10,1,TO58KA799.,6
calib_03098,0.3005499839782715,0.9754176735877991,4,8,1TAS,T4310A35
calib_03099,0.5679556131362915,0.9860572814941406,7,8,2986863,E789TB62
calib_03100,0.7732468247413635,0.9895832538604736,8,8,87000700,00420048
calib_03101,0.9447541832923889,0.49776777625083923,9,9,H666XA150,SOL X999H
calib_03102,0.8240342140197754,0.5694520473480225,9,4,y301kx799,66XX
calib_03103,0.9061711430549622,0.9635831117630005,9,9,662309070,04060E799
calib_03104,0.24070557951927185,0.9755350351333618,8,8,AA18766A,A114BT92
calib_03105,0.9464897513389587,0.39218372106552124,9,10,P3290H199,PG66H06724
calib_03106,0.9451777935028076,0.7334564924240112,8,7,H944EY48,873776H
calib_03107,0.9718118906021118,0.43084585666656494,8,6,E890KX50,EEX068
calib_03108,0.935213565826416,0.4913190007209778,8,7,E111EH54,EHELLLE
calib_03109,0.37365639209747314,0.8714340925216675,5,10,H8060,Y090 AB 34
calib_03110,0.4077863395214081,0.9279855489730835,7,8,ZO08208,B025BA82
calib_03111,0.9701535701751709,0.3182450532913208,8,8,P444EK54,PL37775.
calib_03112,0.9158589243888855,0.0,8,0,P333yc59,
calib_03113,0.8727709054946899,0.8847955465316772,8,5,C068Kx66,9X890
calib_03114,0.9255288243293762,0.20639771223068237,8,4,y005PB77,LOOO
calib_03115,0.3468882143497467,0.9376417994499207,8,9,27600040,x403k0142
calib_03116,0.92643141746521,0.3804246783256531,9,4,E666CA37.,A999
calib_03117,0.8293285369873047,0.1780405342578888,8,2,Y982P033,26
calib_03118,0.6174135208129883,0.9385817050933838,5,8,87870,0482BP46
calib_03119,0.31089839339256287,0.9473192691802979,2,9,Z0,0552BY102
calib_03120,0.9146014451980591,0.2182319015264511,8,3,0333AC62,222
calib_03121,0.9271700382232666,0.4879797697067261,9,6,A164HH29.,7HHH9L
calib_03122,0.9024254679679871,0.4483738839626312,10,6,B235KK 82.,283578
calib_03123,0.9738765358924866,0.36042556166648865,8,6,H425EE32,HEEC7E
calib_03124,0.4990777373313904,0.923516571521759,7,9,A60080A,A080AA93.
calib_03125,0.8816836476325989,0.7274529337882996,9,7,H748 TH32,EH187LH
calib_03126,0.9337196350097656,0.2743319869041443,9,7,A418AA37.,A3A8A7A
calib_03127,0.4827582836151123,0.9727243781089783,8,8,A2XA843A,A318AX82
calib_03128,0.9452865123748779,0.3117384910583496,9,5,X405AH125,SALSS
calib_03129,0.349715918302536,0.8411696553230286,7,12,LOMA8A.,·K080 AM 31.
calib_03130,0.2620243430137634,0.9431548714637756,3,9,HE9,K668EY750
calib_03131,0.41378214955329895,0.9889582395553589,4,8,ASTS,A525TA35
calib_03132,0.9288188815116882,0.7380845546722412,6,6,002AA2,AAAAAA
calib_03133,0.28256097435951233,0.9536491632461548,2,8,Z2,A523KH92
calib_03134,0.91698157787323,0.5393314957618713,9,7,B799CY799,66L3668
calib_03135,0.923974335193634,0.23875081539154053,9,3,A803.HK76,A0Y
calib_03136,0.3717583417892456,0.9585345387458801,9,9,820A00000,A020A0198
calib_03137,0.973734438419342,0.872507631778717,8,7,H800EM98,86W008H
calib_03138,0.9460670351982117,0.35504773259162903,10,8,A388AA190.,AA68A880
calib_03139,0.2870772182941437,0.945356547832489,2,8,C7,0564AE25
calib_03140,0.360208123922348,0.9715274572372437,5,8,8A009,A602A098
calib_03141,0.49489808082580566,0.9459260702133179,4,8,EE66,H599AE67
calib_03142,0.8130834698677063,0.37242308259010315,10,6,A 105xo 35,FAALXO
calib_03143,0.9587283730506897,0.3549215793609619,8,3,H320YY42,HO.
calib_03144,0.3469540476799011,0.9272377490997314,7,9,90LX093,E760EK116
calib_03145,0.9745525121688843,0.35126227140426636,8,5,P951PP64,9PPL6
calib_03146,0.9563139081001282,0.6522020697593689,8,6,E666HE98,869993
calib_03147,0.41677260398864746,0.9845266342163086,1,9,L,T313HY178
calib_03148,0.2773396372795105,0.9712339639663696,8,8,FA73X29A,A462XE77
calib_03149,0.45237597823143005,0.9783356189727783,6,9,2LXH98,B326HX125
calib_03150,0.9327831268310547,0.45380887389183044,9,10,y409EK178,82L3E60474
calib_03151,0.8539733290672302,0.14008277654647827,8,1,Y330Yy36,3
calib_03152,0.922753095626831,0.7120451927185059,8,6,A021xH86,98HXLA
calib_03153,0.5415437817573547,0.8616198301315308,7,8,2236662,c999cc77
calib_03154,0.322066068649292,0.9915831089019775,5,9,2AHHH,H713HP159
calib_03155,0.48351672291755676,0.8500859141349792,7,9,66OOOSL,A 150MO99
calib_03156,0.17780064046382904,0.8831659555435181,1,8,L,X065yB77
calib_03157,0.29460224509239197,0.9325263500213623,9,8,280-72083,B072FB32
calib_03158,0.4213901162147522,0.952721893787384,2,9,OX,x005yc197
calib_03159,0.9530004262924194,0.8071455955505371,8,7,H854BB68,8988788
calib_03160,0.6530826687812805,0.9507524967193604,8,9,66806993,E5690B198
calib_03161,0.3003678321838379,0.9397972226142883,4,10,ZRL1,E263TT 123
calib_03162,0.9329493641853333,0.30181795358657837,9,2,E252EX53.,2E
calib_03163,0.4403792917728424,0.8144662380218506,4,9,LL80,0837oX777
calib_03164,0.32168957591056824,0.9852688312530518,6,8,L6 2LL,C172PP97
calib_03165,0.2082604467868805,0.8934417366981506,4,8,SSST,K525CE71
calib_03166,0.987987756729126,0.3111811578273773,9,8,P197BE197,L6638667
calib_03167,0.924249529838562,0.6480802893638611,9,8,A494HY152,J5LAH767
calib_03168,0.34875473380088806,0.9449517726898193,5,9,Z162X,x797cT177
calib_03169,0.0,0.8492849469184875,0,11,,T 155 HB 30
calib_03170,0.9665735960006714,0.4611808657646179,9,7,A999PA163,AA8A666
calib_03171,0.5427539348602295,0.957402765750885,8,9,C2000600,C209A0150
calib_03172,0.9838519096374512,0.3251688480377197,8,5,C777PT78,11LLL
calib_03173,0.8149730563163757,0.2683846056461334,9,1,y236kC190,2
calib_03174,0.9537469744682312,0.3741547167301178,7,7,471AK96,S62A447
calib_03175,0.35154104232788086,0.8685630559921265,8,9,HOWAZO0.,H002ym28.
calib_03176,0.5837766528129578,0.8798866271972656,5,10,962X0,.C331xX96.
calib_03177,0.3535726070404053,0.9214206337928772,5,8,X1118,X316TK98
calib_03178,0.6418083310127258,0.9079321622848511,7,9,66LHL98,B361HY799
calib_03179,0.47107163071632385,0.9525061845779419,8,9,P7AA8874,P488AY123
calib_03180,0.8110174536705017,0.0,11,0,B 505 BE 35,
calib_03181,0.9791197180747986,0.2949035167694092,9,2,A43500777,AL
calib_03182,0.13559070229530334,0.9002951383590698,2,9,B2,Y425EB138
calib_03183,0.30608052015304565,0.8934381008148193,3,8,C32,C183VE71
calib_03184,0.8812990188598633,0.5686926245689392,8,4,C590xK97,6X06
calib_03185,0.8737491965293884,0.3537540137767792,9,4,Y246BE197,6E92
calib_03186,0.3126876652240753,0.9161943197250366,7,8,FALLAZA,A152YT98
calib_03187,0.8820891976356506,0.26125457882881165,9,5,K010TT 93,R1T13
calib_03188,0.9870128631591797,0.3454044759273529,9,9,P662A0797,P220A7992
calib_03189,0.43866926431655884,0.8965824842453003,5,9,65695,H559AY196
calib_03190,0.36440831422805786,0.9942519664764404,4,8,A7HA,A246KH21
calib_03191,0.3444390296936035,0.8998866677284241,7,9,0900740,0140KE60.
calib_03192,0.25037404894828796,0.9461183547973633,6,8,ELPCLZ,E215PC77
calib_03193,0.9160658121109009,0.3241186738014221,8,6,X555XE76,955552
calib_03194,0.9300975799560547,0.6925997138023376,8,7,Y766HY62,M9H99LA
calib_03195,0.4218080937862396,0.9249556064605713,9,9,ZLL HXSO6,C905xH177
calib_03196,0.39757901430130005,0.9075475931167603,5,8,11X65,T790YX35
calib_03197,0.8868303894996643,0.5200744867324829,9,9,K014KX198,86LXX7LOX
calib_03198,0.6791828274726868,0.9201302528381348,7,8,7580L68,Y8970B54
calib_03199,0.32591184973716736,0.8959180116653442,7,8,2222282,T872CC97
calib_03200,0.7797560691833496,0.39435577392578125,10,10,HA129X7195,16L4X63179
calib_03201,0.34973710775375366,0.957957923412323,7,10,E0L OO7,E420KT 102
calib_03202,0.8891927599906921,0.4519123435020447,10,4,X761EY 178,EL9X
calib_03203,0.923092246055603,0.8548743724822998,10,9,K700HY 102,ZOL AHOOL
calib_03204,0.20147740840911865,0.9657453298568726,3,8,324,E353TA46
calib_03205,0.9303138256072998,0.40577930212020874,8,4,C584HA23,2832
calib_03206,0.904748797416687,0.3349406123161316,8,8,0114×C36,90207210
calib_03207,0.4636443555355072,0.943623960018158,4,9,88X8,y861yy38.
calib_03208,0.48854944109916687,0.9661278128623962,7,9,AA2AAAA,A202AA178
calib_03209,0.47945064306259155,0.9683148264884949,4,7,2322,C253PE3
calib_03210,0.9640435576438904,0.24471569061279297,7,1,B505EK1,S
calib_03211,0.42345619201660156,0.8198229670524597,7,8,86766X.,X192pY98
calib_03212,0.9596014022827148,0.5496692657470703,8,6,H920AA98,86AAA6
calib_03213,0.892858624458313,0.2371683120727539,8,4,0430cC77,LO0C
calib_03214,0.9538158178329468,0.25796252489089966,8,4,X745TX54,415S
calib_03215,0.42201539874076843,0.9171422123908997,9,9,A3XX8L95.,A678KX35.
calib_03216,0.313242644071579,0.9431483149528503,7,9,BLX2722,K724PX178
calib_03217,0.24454884231090546,0.9121739268302917,3,9,2LL,FH272BT36
calib_03218,0.45022767782211304,0.9751994013786316,8,8,M8H1O78A,A840TH82
calib_03219,0.4710075259208679,0.9654030799865723,4,8,07E7,0427HE40
calib_03220,0.45197081565856934,0.9706047773361206,4,8,A287,A222BE61
calib_03221,0.9739184975624084,0.32292965054512024,9,2,E616CT178,B2
calib_03222,0.9877429604530334,0.30028268694877625,9,9,B424PE716,B62EP7771
calib_03223,0.8797451257705688,0.4558781087398529,10,2,x435oy190.,6X
calib_03224,0.359964519739151,0.8923205137252808,3,9,ZTL,CO01KT197
calib_03225,0.2903228998184204,0.9071155190467834,3,9,ASS,T145K0125
calib_03226,0.9614529013633728,0.30296629667282104,8,2,B302TH27,PE
calib_03227,0.9948177337646484,0.3768313527107239,9,5,H927BK150,H4E86
calib_03228,0.6199599504470825,0.924586832523346,8,8,99XX797d,P464KX56
calib_03229,0.907156229019165,0.21426744759082794,8,3,E707ET50,EEO
calib_03230,0.42788150906562805,0.8122067451477051,3,10,ELA,C100AE 777
calib_03231,0.9233554601669312,0.2266453504562378,8,2,0815BT30,OR
calib_03232,0.915052056312561,0.6555038690567017,8,5,C777XE78,EXLLL
calib_03233,0.9670460820198059,0.35454872250556946,9,6,A269AX797,22A699
calib_03234,0.9065163731575012,0.3034364879131317,9,3,P142CY199,GL7
calib_03235,0.2561131417751312,0.9496601819992065,3,9,LOL,P775OK163
calib_03236,0.8637990951538086,0.680952787399292,9,9,x960TB174,72L81096X
calib_03237,0.9686189889907837,0.699156641960144,8,7,B9780077,2008L68
calib_03238,0.8917537927627563,0.3555839955806732,8,3,P147CB69,6C7
calib_03239,0.9815979599952698,0.7400885820388794,8,9,M001BM64,79W8LOOW.
calib_03240,0.9142906665802002,0.7602226734161377,9,8,-B199TX61,L9X16618
calib_03241,0.9164301753044128,0.0,10,0,A042CE174.,
calib_03242,0.22603292763233185,0.9702826738357544,5,9,9X728,B241PX763
calib_03243,0.9552585482597351,0.31721752882003784,8,8,K222PX64,H9XR7233
calib_03244,0.23616589605808258,0.9754642844200134,7,8,000E852,0758E073
calib_03245,0.0,0.9023685455322266,0,8,,E558CC33
calib_03246,0.555164098739624,0.8970425128936768,5,8,XX789,K682Kx46
calib_03247,0.9522818326950073,0.4757569134235382,9,9,P174B0142,27L087712
calib_03248,0.3112867474555969,0.9691740274429321,4,8,HH99,H665AK31
calib_03249,0.9291827082633972,0.3998546600341797,9,7,B527TX86.,F95X758
calib_03250,0.3439158499240875,0.9311469793319702,6,8,Z2HZ3X,x321HP52
calib_03251,0.9668916463851929,0.45322251319885254,8,7,E207BE08,80E8003
calib_03252,0.9127014875411987,0.8143384456634521,8,9,E784HH01,TO HH78L3
calib_03253,0.8544241189956665,0.22471070289611816,9,2,C570 cC98,C6
calib_03254,0.8644380569458008,0.5044819712638855,8,8,K080EC82,480E0802
calib_03255,0.9423836469650269,0.3384793996810913,8,5,C257PE24,C2S22
calib_03256,0.9715703129768372,0.45821258425712585,9,9,A1920B716,A22807620
calib_03257,0.6488202214241028,0.856460452079773,5,10,6XLLO,0611xP 39.
calib_03258,0.9901526570320129,0.3128115236759186,9,7,A632EC702,A022E30
calib_03259,0.9198811650276184,0.2482486218214035,9,3,y039BA761,LA6
calib_03260,0.9885604381561279,0.31380128860473633,9,3,P329CH163,P96
calib_03261,0.8982635736465454,0.6993357539176941,10,8,-0043xP197,L6LdX700
calib_03262,0.5339584946632385,0.8828750848770142,8,10,Z0LE7608,B094PE 702
calib_03263,0.9411428570747375,0.2961795926094055,8,6,K233yK27,422332
calib_03264,0.32520925998687744,0.9452536106109619,8,9,ZOLOD900,X026P0102
calib_03265,0.9906150102615356,0.3752037584781647,9,4,T246EC174,T2L1
calib_03266,0.9454808831214905,0.4679872393608093,8,4,H273YA40,HAAA
calib_03267,0.7109538316726685,0.870557963848114,8,9,LLOALL7H,H417y0178
calib_03268,0.9672523736953735,0.6260368227958679,8,6,P991BK69,698866
calib_03269,0.965397834777832,0.6034677028656006,9,8,A888PX197,L6LX888A
calib_03270,0.3050244450569153,0.8960744142532349,5,9,00850,0518 co54
calib_03271,0.0,0.975439727306366,0,9,,T132BC178
calib_03272,0.4047473967075348,0.8829243183135986,5,8,L3658,B596YE15
calib_03273,0.498088002204895,0.9454216957092285,4,8,EEEE,E225HE21
calib_03274,0.9280982613563538,0.44669002294540405,9,7,H939AC197,6196362
calib_03275,0.9658123850822449,0.41151583194732666,8,6,CO34TT36,CC01T0
calib_03276,0.8634021282196045,0.4138963520526886,9,6,02000y177,LLLOO.
calib_03277,0.5524067878723145,0.9665803909301758,5,9,6888L,T788BH799
calib_03278,0.9730377793312073,0.5806188583374023,8,5,K614HY60,0H7L0
calib_03279,0.9627128839492798,0.5317318439483643,8,5,H088EY32,H8803
calib_03280,0.9679781794548035,0.5928976535797119,9,8,E964AX790,06XA7963
calib_03281,0.43762749433517456,0.9540121555328369,8,9,860S898E,E858PO98.
calib_03282,0.32237300276756287,0.9139273762702942,5,9,ZLL 9,0168KT777
calib_03283,0.8664179444313049,0.7454584836959839,8,9,H6900X29,67XO069H.
calib_03284,0.946719765663147,0.3377344012260437,8,4,E163EH82,E  9
calib_03285,0.9757990837097168,0.33550190925598145,8,3,T635PY33,TES
calib_03286,0.7875440120697021,0.719279944896698,9,8,PH261HH52,ZSHHL9ZH
calib_03287,0.33811405301094055,0.98621666431427,8,8,2227662A,A179KP82
calib_03288,0.3058299720287323,0.9808909893035889,6,8,HA3272,H283CA72
calib_03289,0.8824729919433594,0.5462201833724976,10,1,0262KE1173,2
calib_03290,0.9315973520278931,0.7068362832069397,8,6,H495KX40,0XXS67
calib_03291,0.9093741178512573,0.8686484098434448,9,5,y666XH178,HX999
calib_03292,0.9144887924194336,0.32984352111816406,8,3,0054TO39,O00
calib_03293,0.967705488204956,0.28483524918556213,9,3,E864AY716,E6A
calib_03294,0.42640018463134766,0.9703255891799927,4,8,C02A,C240AE50
calib_03295,0.39987868070602417,0.8618093132972717,2,9,L8,B386KP17&
calib_03296,0.959531307220459,0.40740153193473816,8,8,A001PC71,LLOOLOOA
calib_03297,0.4988316297531128,0.8561490178108215,9,9,ZALXOL068,B901oX152
calib_03298,0.7977219820022583,0.9311022162437439,10,9,ZLL HO006d,P900OH177
calib_03299,0.9757449626922607,0.2286086231470108,8,3,A176AT98,AAL
calib_03300,0.45236119627952576,0.8651951551437378,6,9,2 0096,E950 0P71
calib_03301,0.973473846912384,0.3160002529621124,9,7,H922BT154,HH68726
calib_03302,0.21560370922088623,0.9339000582695007,5,8,L2167,P269TB31
calib_03303,0.9324536919593811,0.41019728779792786,9,8,H189KP164,HL M68LH
calib_03304,0.907164454460144,0.3629113733768463,8,6,K5050H96,6HOSOS
calib_03305,0.18897664546966553,0.954894483089447,2,8,RR,K745OK28
calib_03306,0.8548023104667664,0.5424186587333679,9,9,×947TB175,72L81∠76X
calib_03307,0.9769185185432434,0.32258665561676025,9,8,A003cx195,40000000
calib_03308,0.3574461340904236,0.9638000130653381,7,8,HSXSSH.,H154XM54
calib_03309,0.9877611994743347,0.4054885506629944,9,8,A03500199,A6600500
calib_03310,0.8133981823921204,0.8613643646240234,8,8,660A6660,09994P99
calib_03311,0.9126065373420715,0.39320287108421326,9,1,c5580B163,8
calib_03312,0.8705976009368896,0.283077210187912,9,7,x405K0142,4700572
calib_03313,0.9869136810302734,0.349773645401001,9,6,y641y0178,82LX79
calib_03314,0.3006868064403534,0.8801588416099548,6,9,S80A3.,K508AM 29
calib_03315,0.8736639618873596,0.4179977476596832,9,1,C063EP 39,0
calib_03316,0.9081913828849792,0.3087118864059448,9,2,A560 HC82,AG
calib_03317,0.3911798894405365,0.9337528347969055,5,8,EE888,E888CK38
calib_03318,0.2967933118343353,0.9390887022018433,3,10,ALL,A159AT134.
calib_03319,0.8704686164855957,0.22059693932533264,9,4,X1500E175,LL5L
calib_03320,0.1942109614610672,0.9666526317596436,4,9,22EL,Y762YE163
calib_03321,0.9040245413780212,0.5474007725715637,9,3,B636BH 34,898
calib_03322,0.9770767688751221,0.5706279873847961,8,9,P329PP98,86dd678d.
calib_03323,0.7102057337760925,0.9824428558349609,7,8,68d9779,A446YP89
calib_03324,0.8575021028518677,0.7161421179771423,8,4,y943OH76,HO76
calib_03325,0.8937832713127136,0.3465120792388916,9,7,-X502PP62,Z9P02X-
calib_03326,0.4495118260383606,0.8892241716384888,2,10,66,y351kP799.
calib_03327,0.9718811511993408,0.7365565896034241,9,8,0345X0190,06OX5700
calib_03328,0.29959404468536377,0.928910493850708,3,8,X13,K753XT36
calib_03329,0.0,0.9389201402664185,0,8,,C675AP39
calib_03330,0.39935535192489624,0.9605767130851746,9,10,LALEALLL.,A677AE197.
calib_03331,0.958543598651886,0.615159809589386,8,7,H161HE77,LLEHLLH
calib_03332,0.0,0.92410808801651,0,9,,E5210E799
calib_03333,0.9807923436164856,0.4703744351863861,9,7,A823AP122,AAAAA2A
calib_03334,0.9670202732086182,0.37650999426841736,8,8,P132PP29,P22P7222
calib_03335,0.9762787222862244,0.3748251497745514,8,2,B537PK77,PR
calib_03336,0.7232540845870972,0.8985535502433777,7,8,L2X1787,T484TX71
calib_03337,0.23392920196056366,0.9276929497718811,5,11,CCC8R,C576BK 750.
calib_03338,0.883236289024353,0.7620311975479126,8,8,X004YH42,27HA700X
calib_03339,0.9798920750617981,0.37750867009162903,9,9,C794AA152,C22AA7222
calib_03340,0.47332945466041565,0.9160008430480957,6,8,HALL68,B917YH74
calib_03341,0.9824496507644653,0.6009498238563538,9,6,K346PH799,66LH97
calib_03342,0.9671776294708252,0.37425804138183594,9,3,A736KX799,6XX
calib_03343,0.9907760620117188,0.40897807478904724,9,5,A377XK123,M2TX2
calib_03344,0.8451560735702515,0.3056216239929199,10,1,E680PY 33.,0
calib_03345,0.2683609426021576,0.9897305965423584,3,9,RA7,K547AK178
calib_03346,0.8490707874298096,0.5054317712783813,9,6,E968KY178,LLM896
calib_03347,0.9550414681434631,0.2610477805137634,9,2,B774BY152,FA
calib_03348,0.8434958457946777,0.4342978596687317,9,5,c942xy175,2x776
calib_03349,0.9294549226760864,0.2575852870941162,8,4,H663cC77,HHC9
calib_03350,0.30342617630958557,0.9353351593017578,7,9,121O823,T2810X35.
calib_03351,0.6863572597503662,0.9356002807617188,8,8,07009890,02860043
calib_03352,0.9299083948135376,0.39698526263237,10,3,T514EP 799,16E
calib_03353,0.9407265186309814,0.9975531101226807,9,9,98L000700,004000186
calib_03354,0.37035036087036133,0.9255984425544739,5,8,A6866,A9110B92
calib_03355,0.23046042025089264,0.9361740350723267,3,8,RRA,B517YK32
calib_03356,0.8456245064735413,0.18829625844955444,9,1,K055AX750,X
calib_03357,0.9496066570281982,0.49587464332580566,8,3,H885CK32,HEE
calib_03358,0.3198827803134918,0.9871985912322998,6,9,A66000,A3500E196
calib_03359,0.38660091161727905,0.934174656867981,4,8,BX31,B213XH82
calib_03360,0.29997387528419495,0.8935439586639404,4,8,HA98,K861ye36
calib_03361,0.8381724953651428,0.9111039042472839,6,8,850689,K6890C48
calib_03362,0.3886633515357971,0.9869698286056519,10,9,447800722.,K240AB777
calib_03363,0.9629203081130981,0.6122394800186157,8,7,A408KO92,A60807A
calib_03364,0.8763566613197327,0.42999598383903503,9,8,A7970T774,LL11/6/A
calib_03365,0.5797699093818665,0.2284095585346222,6,4,CASONO,OVOD
calib_03366,0.0,0.9280779361724854,0,8,,C258TC34
calib_03367,0.9603591561317444,0.25152793526649475,9,2,E287CK161,EE
calib_03368,0.30141979455947876,0.9432377219200134,6,9,6LL007,E402OB159
calib_03369,0.5479514598846436,0.8777551651000977,8,10,22L20628,B797oC123.
calib_03370,0.38037070631980896,0.8902879357337952,8,8,ZL282242,T723BY47
calib_03371,0.35131075978279114,0.9704945683479309,5,9,9X768,B947KB116
calib_03372,0.3027312755584717,0.9048824310302734,5,9,2L112,B931CT178
calib_03373,0.32420074939727783,0.8593688011169434,8,9,FO7HH7LO,0772HK50.
calib_03374,0.9565567970275879,0.2599959969520569,8,4,A426HC12,A9LA
calib_03375,0.3529113233089447,0.9710031151771545,7,9,EE72983,E863EA134
calib_03376,0.9664038419723511,0.4578680992126465,8,7,H184TA98,86A784H
calib_03377,0.0,0.9154328107833862,0,9,,H358KK98.
calib_03378,0.8915917277336121,0.1571899801492691,9,1,T935xC150,6
calib_03379,0.9579751491546631,0.3601285517215729,9,8,B2710A164,ALLALL18
calib_03380,0.8365522623062134,0.5557985901832581,8,7,0011kX32,ZEXXLOO
calib_03381,0.5035157799720764,0.9076701998710632,2,7,EH,-E815KH
calib_03382,0.951413094997406,0.36780571937561035,8,4,K014HE23,47E3
calib_03383,0.4846253991127014,0.9530812501907349,5,9,PE008,B007PE 75
calib_03384,0.2283070832490921,0.9189623594284058,4,9,EHIW,M871TH 31
calib_03385,0.2794789969921112,0.9791036248207092,4,7,L832,K185PX2
calib_03386,0.9475972056388855,0.15327772498130798,9,2,P111BP 36,CL
calib_03387,0.4629724621772766,0.9107078909873962,7,8,POOO802,PO80CT22
calib_03388,0.9181748032569885,0.24174286425113678,8,1,B455BP82,7
calib_03389,0.4391080439090729,0.89063960313797,4,9,EXX8,E862KK01.
calib_03390,0.26587656140327454,0.9922234416007996,8,9,26LAAA40,A757MA199
calib_03391,0.9243460893630981,0.28711944818496704,9,2,C317cC186,L3
calib_03392,0.38918232917785645,0.9315035343170166,6,8,LLLALI,T817YT77
calib_03393,0.9903824925422668,0.36834460496902466,9,8,A398EC702,Z32E8620
calib_03394,0.8883815407752991,0.11714601516723633,8,1,0336CT47,9
calib_03395,0.9864452481269836,0.7426074743270874,8,5,H999AE36,E666H
calib_03396,0.8933980464935303,0.2099922001361847,8,2,Y476TY57,LA
calib_03397,0.9523738026618958,0.33690518140792847,8,5,A727AE37,L2EAA
calib_03398,0.3225305676460266,0.9207828640937805,3,10,PXX,A335KX777.
calib_03399,0.5747511386871338,0.9125982522964478,2,8,86,y539BH26
calib_03400,0.237455815076828,0.8935359120368958,4,9,CLCS,C 137HO55
calib_03401,0.9743318557739258,0.7179386615753174,8,8,B082BX93,26X87808
calib_03402,0.30558234453201294,0.9474222660064697,5,9,L6E62,C194AE797
calib_03403,0.35382601618766785,0.9881795048713684,9,9,962E1LL18,B411TE716
calib_03404,0.9488704204559326,0.5528296232223511,9,4,E999yK177,L666
calib_03405,0.9443828463554382,0.36716198921203613,10,5,FE336AK178,223A9
calib_03406,0.9743926525115967,0.30440622568130493,9,6,K627BH154,LHLZX.
calib_03407,0.9558231234550476,0.8753895163536072,8,9,96HHLLLH,H111HH 96
calib_03408,0.43077999353408813,0.8992213010787964,5,9,66000,X300TP199
calib_03409,0.3669046461582184,0.8432965874671936,8,8,EZ227273,E292AT62
calib_03410,0.8793569803237915,0.7664928436279297,9,9,8499XX196,961X×6678
calib_03411,0.935968816280365,0.24704952538013458,9,6,K234XP150,AAX770
calib_03412,0.9555897116661072,0.5467186570167542,9,3,K188BE178,E88
calib_03413,0.9869885444641113,0.4094327986240387,8,3,H623TP54,H29
calib_03414,0.8374923467636108,0.27310842275619507,10,8,-A301YA133,Z2TALA2T
calib_03415,0.3898778259754181,0.9605202674865723,5,8,HAA8G,K802TA86
calib_03416,0.8933656215667725,0.2812785506248474,9,4,y553BP 78,SS83
calib_03417,0.9452474117279053,0.2856285572052002,8,4,X713xK54,ARXX
calib_03418,0.8592081069946289,0.31188637018203735,10,6,T998 BB 35,188866
calib_03419,0.22546836733818054,0.6494815349578857,2,8,67,E529K0UO
calib_03420,0.917006254196167,0.2874661982059479,9,7,B088cK153,BLC8808
calib_03421,0.8308933973312378,0.32856258749961853,8,4,C700cC95,C6O5
calib_03422,0.9081889986991882,0.33461564779281616,10,5,K706BP 134,L   0
calib_03423,0.5347265601158142,0.942108154296875,9,9,OSL118880,0888TT152
calib_03424,0.6267476081848145,0.9041616916656494,8,8,86XALLLO,0117yx98
calib_03425,0.9333148002624512,0.40161532163619995,8,7,P772AY59,6AAAZLL
calib_03426,0.9318495392799377,0.20605874061584473,8,5,0421PO35,COLE0
calib_03427,0.2948973476886749,0.92479407787323,6,9,AA8L8A,A824yB152
calib_03428,0.9780277609825134,0.4410439729690552,9,4,B680AE147,LEA8
calib_03429,0.9415725469589233,0.0,8,0,T555KX69,
calib_03430,0.625481903553009,0.893477737903595,8,9,GLA8L668,B9918Y716
calib_03431,0.2580050826072693,0.8806922435760498,3,9,LE0,E050E0198
calib_03432,0.3309692144393921,0.9215541481971741,5,9,AEH88,B780HK 35
calib_03433,0.9687387943267822,0.5945010781288147,8,6,H056HX29,67XH9O
calib_03434,0.934452474117279,0.6795979142189026,9,8,K717xH161,TLHXLLLX
calib_03435,0.9890249967575073,0.3672462999820709,8,4,T382TB35,1883
calib_03436,0.8847239017486572,0.2189125418663025,8,4,Y013yy26,YOT0
calib_03437,0.4533073306083679,0.8688579797744751,5,8,LHOOA,y001HB61
calib_03438,0.8731482028961182,0.6730951070785522,8,8,0685OH69,69HO989O
calib_03439,0.9431095123291016,0.2928454577922821,8,3,K621HC96,96L
calib_03440,0.4833640158176422,0.8480311632156372,8,8,22227920,x262kC98
calib_03441,0.33952221274375916,0.9479429721832275,6,8,391178,B343TO64
calib_03442,0.9208438396453857,0.453287810087204,8,4,H572xH22,HXZS
calib_03443,0.9012764692306519,0.5435517430305481,9,7,X954HH33.,EHHH76X
calib_03444,0.49821096658706665,0.961982011795044,5,8,86X86,H785AX98
calib_03445,0.8657211065292358,0.30400681495666504,9,6,E003HT 37,Z OT T
calib_03446,0.8328051567077637,0.480724573135376,9,4,x209yP123,222X
calib_03447,0.974585235118866,0.3432925045490265,8,7,X244YH26,4727728
calib_03448,0.48410823941230774,0.9901177287101746,6,9,203862,C393BK102
calib_03449,0.21097832918167114,0.9856249094009399,1,8,L,T446KA33
calib_03450,0.9525518417358398,0.6761071681976318,8,6,y384TB98,868789
calib_03451,0.906217634677887,0.9326362609863281,8,8,79WX7908,B064XM64
calib_03452,0.9165421724319458,0.4584302604198456,9,1,A561EE156,E
calib_03453,0.9516867399215698,0.5237562656402588,8,8,x003x052,250X300x
calib_03454,0.8753580451011658,0.347382128238678,9,9,x862TB175,746812184
calib_03455,0.9587677717208862,0.3415099084377289,9,5,E562Y0198,B6699
calib_03456,0.9890130758285522,0.8130179047584534,8,9,T896PH98,86 Hd9681
calib_03457,0.8236820101737976,0.9404374361038208,7,8,9dH976X,X946HP64
calib_03458,0.597655713558197,0.9306805729866028,7,9,LLXO99d,P6360X174
calib_03459,0.8711827993392944,0.8369364738464355,8,8,X909P069,69Od606X
calib_03460,0.8175765872001648,0.850588321685791,9,8,ZLXX600X.,x009xX72
calib_03461,0.27733704447746277,0.8657186031341553,7,11,SPPALL3,K110 PP 35.
calib_03462,0.9548956155776978,0.41887229681015015,8,5,A991KE92,A666E
calib_03463,0.33606627583503723,0.8774363398551941,5,9,23X74,y544xE123
calib_03464,0.9120923280715942,0.3024858236312866,9,5,B076TA164,98918
calib_03465,0.8969545364379883,0.33343809843063354,9,8,B149AM152,ZALA6728
calib_03466,0.9628375172615051,0.34815698862075806,9,5,C613KC142,CCLL2
calib_03467,0.4228416681289673,0.9774067997932434,6,8,T1O006,T9030E54
calib_03468,0.9732568264007568,0.1991303563117981,8,3,K444KC35,S77
calib_03469,0.957152247428894,0.23284313082695007,9,1,E500EY138,0
calib_03470,0.697678804397583,0.8887851238250732,8,8,21016003,E009 TO2
calib_03471,0.5677838921546936,0.9362087845802307,8,8,LLX88888,B888BX71
calib_03472,0.9669407606124878,0.2936024069786072,8,8,T222AH12,TALAAAA1
calib_03473,0.14067332446575165,0.9417104721069336,3,8,NRO,K725OM36
calib_03474,0.9339672923088074,0.4022681713104248,9,3,C856HY750,CT8
calib_03475,0.8249071836471558,0.6281982660293579,8,5,C093HP67,CH602
calib_03476,0.9817327260971069,0.4141223430633545,8,6,0874AE32,00EA82
calib_03477,0.23608806729316711,0.8739749193191528,4,8,MT3A,M731v037
calib_03478,0.2302221804857254,0.8728090524673462,6,8,262362,v241cc98
calib_03479,0.9039618968963623,0.9444996118545532,8,8,79388080,0808BE64
calib_03480,0.36586233973503113,0.965276837348938,4,8,4336,A339E015
calib_03481,0.9201776385307312,0.2527414560317993,10,3,E555By 102,EEL
calib_03482,0.7932258248329163,0.3961644768714905,7,7,X619EY1,L1E669X
calib_03483,0.46048784255981445,0.8772733211517334,8,9,ZIH⊥L003,PE001TH82
calib_03484,0.9145774841308594,0.359523743391037,8,7,Y580AM54,TSS0085
calib_03485,0.33532682061195374,0.9124627709388733,1,9,6,0015BB198
calib_03486,0.9394891262054443,0.27843672037124634,8,5,B065ET27,F8E0E
calib_03487,0.7588182091712952,0.9740474224090576,6,8,9XH777,K444HX56
calib_03488,0.7057165503501892,0.9559602737426758,4,8,7600,0094CA11
calib_03489,0.9667644500732422,0.3575401306152344,8,3,A835HK82,A88
calib_03490,0.931928813457489,0.6434950828552246,8,7,0089PY54,70d6800
calib_03491,0.962822675704956,0.31398969888687134,9,7,A947TC 73,A771L76
calib_03492,0.9273868799209595,0.4263136386871338,8,9,BO22KA48,FBOOAAAA8
calib_03493,0.9196649193763733,0.27029547095298767,9,6,FA541CB82,ASEL7E
calib_03494,0.9533548355102539,0.2932359278202057,9,2,E355AP193,36
calib_03495,0.4112686216831207,0.900787353515625,6,9,AAX8A6,A918XA 35
calib_03496,0.2805791199207306,0.9644899368286133,5,8,1OTA0,T034YH76
calib_03497,0.9511295557022095,0.23343269526958466,8,5,X303PK02,ZOOAX
calib_03498,0.9609077572822571,0.6203663349151611,8,8,K908A032,ZR008063
calib_03499,0.9462907910346985,0.28067082166671753,10,6,A584AA/161,AAA7A9
calib_03500,0.7057814598083496,0.509399950504303,3,3,uso,ggn
calib_03501,0.6199954152107239,0.29919373989105225,7,6,OUMANOC,notune
calib_03502,0.3449277877807617,0.7076352834701538,4,4,oron,nose
calib_03503,0.4193684756755829,0.8567067980766296,2,10,CT,OnTUUECKOE
calib_03504,0.7569253444671631,0.23651191592216492,8,2,1 Kuacca,be
calib_03505,0.5721132755279541,0.37167665362358093,11,3,2. Ynocuobe,ga2
calib_03506,0.8254108428955078,0.470403790473938,8,3,Ha mecro,2 o
calib_03507,0.7452378869056702,0.5245974063873291,6,4,ngenep,Norb
calib_03508,0.5703579187393188,0.16790039837360382,10,1,nagugrenue,b
calib_03509,0.5876660346984863,0.7603137493133545,10,11,omorgodyse,Oinpobceuue
calib_03510,0.5611384510993958,0.7617120742797852,11,9,SUEO TOU6KO,onas omas
calib_03511,0.9538415670394897,0.8310290575027466,11,8,6.10.20172.,2t102019
calib_03512,0.7374908328056335,0.727820873260498,20,19,npocpozerb bce poker,"rosots oog, gmodody"
calib_03513,0.4920395314693451,0.6765797734260559,9,12,sb audaon,KoTpore guur
calib_03514,0.6814543008804321,0.30121269822120667,5,1,moisa,o
calib_03515,0.6547137498855591,0.4317626655101776,19,12,oinpabienees Soceer,mog tongodus
calib_03516,0.5894066095352173,0.6095095872879028,9,7,Kpurtuor.,1922158
calib_03517,0.6646504402160645,0.40602943301200867,18,7,Mpoceda pogo5parer,r2o bod
calib_03518,0.6485894918441772,0.5540457963943481,10,9,8 ceryasen,mtrohom g
calib_03519,0.9328707456588745,0.22841569781303406,10,5,30.08.2004,hanSO
calib_03520,0.6227145791053772,0.6836652159690857,9,12,onfno gob,gob ospasuyo
calib_03521,0.5899235606193542,0.6263014674186707,4,6,cbjb,alorgs
calib_03522,0.8352671265602112,0.5155648589134216,7,5,a rakke,210 0
calib_03523,0.3555654287338257,0.6409579515457153,9,11,MAg 2Adan,KoroptE Son
calib_03524,0.5561306476593018,0.5802558660507202,9,13,681m02500,oneea2lutr Z9
calib_03525,0.8258376717567444,0.5072774291038513,6,6,cnocod,gooonn
calib_03526,0.527841329574585,0.6465367674827576,7,7,6000011,A KAaCC
calib_03527,0.5687608122825623,0.760274350643158,4,10,on o,Dannote no
calib_03528,0.34016406536102295,0.8194339275360107,2,11,to,Kcepokonuup
calib_03529,0.5135764479637146,0.6066355109214783,2,7,xo,npoxena
calib_03530,0.695218026638031,0.5644177198410034,9,9,bopau OBD,0gs mohog
calib_03531,0.6806259751319885,0.0,11,0,zaelbelluco,
calib_03532,0.5881680250167847,0.378579705953598,12,2,Jousanor gug,br
calib_03533,0.7446298599243164,0.3486504554748535,14,2,Anus Cepreebua,bg
calib_03534,0.8715917468070984,0.46574562788009644,11,5,7.10.20172.,to2ot
calib_03535,0.5608238577842712,0.745202362537384,8,10,bmavarka,eyoroniekb
calib_03536,0.8255126476287842,0.07976959645748138,8,1,Pacnuera,P
calib_03537,0.45669007301330566,0.723954439163208,5,10,29  y,10 102067.
calib_03538,0.5809915065765381,0.3748987019062042,12,4,7.CONT-Merep,24-K
calib_03539,0.3994669020175934,0.5931801199913025,11,9,Ubesob ubar,wogn goag
calib_03540,0.6315684914588928,0.797233521938324,8,12,188Y009Y,15.02.88872.
calib_03541,0.6340305209159851,0.22866949439048767,9,1,pougencee,d
calib_03542,0.4138668477535248,0.9059900045394897,12,10,"SaoC ""31 '67",12.10.2005
calib_03543,0.4412378966808319,0.3868940472602844,11,1,noeop cefll,B
calib_03544,0.956495463848114,0.5050222277641296,11,11,18.03.20042,2f008 80'88
calib_03545,0.4797701835632324,0.4938355088233948,7,5,MnoHeoo,08502
calib_03546,0.3417854309082031,0.6267700791358948,6,9,L60 02,vo agpley
calib_03547,0.5216876268386841,0.7738842368125916,3,6,mmb,genoue
calib_03548,0.6428925395011902,0.0,6,0,Htelle,
calib_03549,0.9601141214370728,0.7257528901100159,10,9,18.04.1980,085rho.84
calib_03550,0.44721508026123047,0.4374924302101135,10,4,pacuo elfr,gt m
calib_03551,0.21950145065784454,0.6546143889427185,1,18,0,gapenleegpeefobase
calib_03552,0.7095644474029541,0.45404475927352905,9,7,"Cebalbar,",sogoog2
calib_03553,0.39081302285194397,0.598257839679718,3,14,S d,jecicneyo cyiy
calib_03554,0.6040656566619873,0.2916262149810791,10,2,yu.elemene,oh
calib_03555,0.420396625995636,0.5888857841491699,1,13,g,boeeygaseseye
calib_03556,0.39642030000686646,0.8262207508087158,5,11,1AAAA,KACATEADHAS
calib_03557,0.6084524989128113,0.0,7,0,pyoteer,
calib_03558,0.5925961136817932,0.4787154197692871,0,10,,Uaseb M.t.
calib_03559,0.9316294193267822,0.37905779480934143,8,5,28.11.11,FYHRe
calib_03560,0.5101256370544434,0.6961846947669983,4,6,mrht,14.02r
calib_03561,0.5311707258224487,0.16079813241958618,12,2,Slocoisoncel,so
calib_03562,0.5651099681854248,0.6482930779457092,4,6,xmso,odeeex
calib_03563,0.9755632281303406,0.8413354158401489,5,5,Kupob,godmy
calib_03564,0.8772009015083313,0.6631614565849304,10,11,H0909 2016,9108 BQOBOH
calib_03565,0.37240347266197205,0.7413901686668396,10,16,00 Es obod,6 pafuge 534 000
calib_03566,0.7904825210571289,0.23423929512500763,4,3,Baun,Hug
calib_03567,0.5982133746147156,0.3366268277168274,9,5,PRaconopu,mbomo
calib_03568,0.6154828071594238,0.3586433529853821,11,5,OBD Heunoro,o 29g
calib_03569,0.6593426465988159,0.9941220283508301,7,10,5009056,25.06.2005
calib_03570,0.4115658700466156,0.5442299842834473,4,10,m rm,MoKun 1pui
calib_03571,0.9761030673980713,0.9968228936195374,4,4,4036,9404
calib_03572,0.6636529564857483,0.9992454648017883,6,6,918279,547815
calib_03573,0.645686149597168,0.6173059344291687,6,8,D-4α80,0BD p-1a
calib_03574,0.7216188311576843,0.9688464999198914,10,12,1400280'91,16.08.2004r.
calib_03575,0.8201906085014343,0.325586199760437,8,3,r. Ku606,g0m
calib_03576,0.6423501968383789,0.3683565855026245,13,9,Terers pupyor,cobsol sr
calib_03577,0.3239012658596039,0.8997696042060852,5,14,NOHA3,MPEKTOPUAADHOE
calib_03578,0.7871156930923462,0.32552868127822876,11,7,Ukoga Paous,600r000
calib_03579,0.3143596351146698,0.837867796421051,7,7,wcowoll,Macropm
calib_03580,0.3580625355243683,0.7030091881752014,9,11,LE9L 9717,4145 TB1C94
calib_03581,0.5152498483657837,0.4446270167827606,10,9,Tu Be eROO,10200 mom
calib_03582,0.24204276502132416,0.7837574481964111,1,13,m,Dobepennocues
calib_03583,0.6930881142616272,0.6201093792915344,7,5,nacnopr,meomo
calib_03584,0.37094390392303467,0.5517648458480835,2,5,sr,nouep
calib_03585,0.3108980655670166,0.8253765106201172,3,4,mog,byan
calib_03586,0.0,0.5030787587165833,0,10,,ongelerell
calib_03587,0.8804165124893188,0.0,9,0,no paiony,
calib_03588,0.6230520606040955,0.0,6,0,CoSoue,
calib_03589,0.6568171977996826,0.3472050130367279,6,1,pysuce,p
calib_03590,0.4241071939468384,0.7023830413818359,3,6,rmm,llombe
calib_03591,0.4158141016960144,0.5612825751304626,10,14,mraobon fo,koy nogpapence
calib_03592,0.611905038356781,0.7669433951377869,9,9,arogmiseh,mporubaio
calib_03593,0.8350934982299805,0.0,9,0,no aspeey,
calib_03594,0.3377475440502167,0.6697839498519897,4,8,opog,ubaprupa
calib_03595,0.6824061870574951,0.4036884903907776,15,5,gobepuro noipar,2 agb
calib_03596,0.30725082755088806,0.6165565848350525,3,13,tge,punpabeceuird
calib_03597,0.3762800693511963,0.6031621098518372,3,9,obm,mnegougee
calib_03598,0.6323884129524231,0.3714008629322052,9,4,ua oe tot,0.20
calib_03599,0.5332951545715332,0.6905552744865417,4,5,0ogm,eodoe
calib_03600,0.3296651840209961,0.7697197794914246,5,9,1m3oa,no agrley
calib_03601,0.5060117244720459,0.5926954746246338,10,15,ouhl sgn g,6 haresbe gpare
calib_03602,0.6427476406097412,0.3107907176017761,8,5,. cMocba,agom2
calib_03603,0.5069692730903625,0.8654624223709106,6,8,rtstly,"127,572,"
calib_03604,0.8595202565193176,0.22165624797344208,6,3,Engase,rog
calib_03605,0.568684458732605,0.21833175420761108,10,6,DBD paicna,0nm Cs
calib_03606,0.5800210237503052,0.5421993732452393,10,5,"2. clobor,",(2g32
calib_03607,0.4791644811630249,0.6007785201072693,1,12,f,neg nogpagen
calib_03608,0.45175743103027344,0.5376052260398865,6,12,borese,upomwkawuhly
calib_03609,0.2661644220352173,0.8234078884124756,5,9,Wybom,no agpaey
calib_03610,0.9643241763114929,0.8663376569747925,5,5,rogon,noboe
calib_03611,0.8170167803764343,0.4481829106807709,6,6,Bonpoc,ooduog
calib_03612,0.9488317966461182,0.7583766579627991,11,8,25.01.2016.,91081058
calib_03613,0.9738835096359253,0.4564298987388611,10,9,30.09.2013,ELOT 5009
calib_03614,0.48767396807670593,0.0,8,0,cenmeegh,
calib_03615,0.6270109415054321,0.6072384119033813,12,15,ge abrucsuet,9rogonnaog'3 of
calib_03616,0.9362357258796692,0.4571284353733063,10,3,12.09.2013,EG0
calib_03617,0.9488088488578796,0.5670584440231323,10,8,1d.09.2013,810060X7
calib_03618,0.4332437813282013,0.893205463886261,9,11,2G1006091,12.09.20132
calib_03619,0.663648247718811,0.9393860697746277,7,12,2g10r60,12.09.20132.
calib_03620,0.9372024536132812,0.5771578550338745,10,10,"30,09 2013",Eyoc 60'0E
calib_03621,0.3471429944038391,0.9575257301330566,4,10,2060,12.09.2013
calib_03622,0.3703419268131256,0.6460399031639099,3,12,mgo,Uononopobane
calib_03623,0.6680693030357361,0.46105319261550903,17,16,30 nepuog rpasike,mymyoou borov DE
calib_03624,0.36670929193496704,0.6855230331420898,5,12,f  Ch,Cabenso U.A.
calib_03625,0.47423791885375977,0.3849817216396332,12,1,CcoctaBMHEIM,0
calib_03626,0.5253715515136719,0.6252731680870056,5,7,WOORU,DelaroM
calib_03627,0.850448727607727,0.6418707370758057,9,9,Ho ocrabe,OGOHDO OH
calib_03628,0.6842679977416992,0.7773440480232239,10,4,ellogliier,mbom
calib_03629,0.5936896204948425,0.6899831891059875,6,7,500moh,noueccs
calib_03630,0.7036392688751221,0.2706969380378723,9,2,beelgcsce,80
calib_03631,0.7831507921218872,0.46887367963790894,10,7,ompegeuens,ZUmbocO
calib_03632,0.4911527931690216,0.33602914214134216,15,7,Cyngec Bynoipue,TAmeyoM
calib_03633,0.4098910093307495,0.5963807702064514,6,12,imorbn,u ipegrioent
calib_03634,0.5912914276123047,0.6159842014312744,7,4,elcerog,OOTT
calib_03635,0.39885205030441284,0.5946818590164185,7,8,CUEMU1O,Omeiurno
calib_03636,0.3629538416862488,0.2154824137687683,5,1,aBRSD,1
calib_03637,0.4527963101863861,0.533179759979248,2,10,FO,Sunno B.A.
calib_03638,0.44621652364730835,0.5882381200790405,0,13,,CabREnco M.A.
calib_03639,0.5730181336402893,0.43139752745628357,5,6,moyon,nppouo
calib_03640,0.8765919804573059,0.8084147572517395,6,5,Memod:,:comm
calib_03641,0.6917659640312195,0.28293734788894653,6,3,omuero,omO
calib_03642,0.43647608160972595,0.3825908601284027,7,4,unpoioa,Bomo
calib_03643,0.5701037645339966,0.5136638283729553,14,12,ammmmmmmbmwbme,ngmguureccom
calib_03644,0.7098032832145691,0.7431926727294922,5,5,mucau,mmmmm
calib_03645,0.6092070937156677,0.6150513291358948,11,13,mmuNmruonho,HaYpnfuuimuie
calib_03646,0.7708463668823242,0.582737147808075,9,7,napouempa,rfumoto
calib_03647,0.7290487289428711,0.7555623650550842,12,11,Poeuupobarue,mmogormmios
calib_03648,0.4766240119934082,0.573562741279602,5,8,6n0n6,pucereur
calib_03649,0.3959346413612366,0.3856137990951538,4,4,klon,Jomm
calib_03650,0.7176587581634521,0.6000004410743713,8,12,mumMMMho,apynuluemode
calib_03651,0.6740732192993164,0.47281041741371155,13,7,Bp mexnototut,moou oe
calib_03652,0.815753161907196,0.21822388470172882,10,2,Dacnerere.,rd
calib_03653,0.4068095088005066,0.6662883758544922,5,14,o 0 8,23 eapma dold?
calib_03654,0.6816369295120239,0.4127597510814667,17,0,9. Cauet Ferepopn,
calib_03655,0.7550075650215149,0.8041792511940002,6,6,ogohhy,Bypole
calib_03656,0.5212899446487427,0.5228487849235535,13,10,cyitiny b pou,rob g hogh
calib_03657,0.6931275129318237,0.7976956367492676,7,6,mogmtly,Krubou
calib_03658,0.6106666922569275,0.8764026165008545,8,12,cotor to,22.07.20107.
calib_03659,0.6441884636878967,0.3734501898288727,15,4,Cauen . Renepiy,uham
calib_03660,0.0,0.6094651818275452,0,14,,rp Focbeeyecee
calib_03661,0.606321394443512,0.5952585935592651,7,7,paenopm,myoroon
calib_03662,0.7378861308097839,0.9187342524528503,9,9,66h 90 04,40 06 499
calib_03663,0.7029259204864502,0.7293320894241333,5,5,mohig,brpau
calib_03664,0.4998618960380554,0.6161460280418396,16,21,of bo7 grn ss of,foo 30 usoud 280g njo
calib_03665,0.43219390511512756,0.7381640076637268,4,14,io -,Cauen- emepryo
calib_03666,0.8253158926963806,0.7711040377616882,6,4,Cayuai,mont
calib_03667,0.8948436975479126,0.2090681791305542,10,1,14.12.2003,c
calib_03668,0.5982867479324341,0.8982260227203369,6,9,Boo on,no agpeey
calib_03669,0.4913839101791382,0.3742341995239258,9,2,Cos-Becep,u-
calib_03670,0.3981509208679199,0.5880382061004639,3,18,2 m,fleeore 8 expilene
calib_03671,0.6563562750816345,0.9312624335289001,3,3,ogs,Dbe
calib_03672,0.5521076917648315,0.521991491317749,8,13,5202.50s,pyiles b crer
calib_03673,0.31740066409111023,0.6101228594779968,1,15,n,cmomeoe kbpmepn
calib_03674,0.3404752314090729,0.15540382266044617,3,1,pOC,p
calib_03675,0.5225667357444763,0.864924430847168,6,6,bortho,appecy
calib_03676,0.5085207223892212,0.716253399848938,9,13,so sam np,d4 uous 20092
calib_03677,0.8218122124671936,0.8406608700752258,6,6,emepoo,moyoug
calib_03678,0.2502729892730713,0.5976337194442749,2,16,ui,Comnn -Hemeepryn
calib_03679,0.8269708752632141,0.47988948225975037,11,8,no pouokopy,Bsogof o
calib_03680,0.5516567826271057,0.4313901662826538,13,8,ereces se uee,0 o 5024
calib_03681,0.8501980900764465,0.35987257957458496,12,2,23.03.d0122.,80
calib_03682,0.8370332717895508,0.4946279525756836,11,7,Bypobe 6.2.,zgogohy
calib_03683,0.564558207988739,0.34463000297546387,6,3,Muxauy,fom
calib_03684,0.6846938133239746,0.7702510952949524,9,12,226511070,"04, 01.199d2"
calib_03685,0.7666881084442139,0.9754528403282166,10,11,21661 8191,16.12.19912
calib_03686,0.49631157517433167,0.34445104002952576,12,6,no onazanUtO,oo0 on
calib_03687,0.0,0.4420514702796936,0,4,,poun
calib_03688,0.1958388090133667,0.907935619354248,5,12,COEQ2,NPOCTRAHCTBO
calib_03689,0.5217726826667786,0.6222376823425293,6,6,gar0gn,UBQHob
calib_03690,0.6338134407997131,0.5640215873718262,0,8,,b cq ybe
calib_03691,0.45258182287216187,0.7323132157325745,9,18,mshbo rtg,Boenyena  upogyryi
calib_03692,0.6821377873420715,0.0,10,0,2. Upxymie,
calib_03693,0.8486877679824829,0.3269084393978119,10,6,guragyamon,nonbot
calib_03694,0.5180365443229675,0.7758540511131287,6,9,puhion,. uprymck
calib_03695,0.585174560546875,0.19949261844158173,7,3,hebanoy,bom
calib_03696,0.7078609466552734,0.48924627900123596,11,5,Manegob.PT.,gobom
calib_03697,0.5835344791412354,0.16417907178401947,11,1,MyerapafaPM,W
calib_03698,0.5321586728096008,0.6880976557731628,1,12,H,Mlarcuuo P.H
calib_03699,0.6371503472328186,0.6897050738334656,3,6,0om,urodoi
calib_03700,0.5061206221580505,0.638920783996582,8,8,Xgobomom,MogobD.X
calib_03701,0.4095005989074707,0.6956628561019897,5,8,D0n20,0709d000
calib_03702,0.545405387878418,0.7595317959785461,9,10,Ef ogboan,Moegoba A.
calib_03703,0.49320656061172485,0.7630636096000671,9,6,I#Jooorrw,Maegof
calib_03704,0.29155322909355164,0.6120600700378418,3,9,FOD,x69b0 D..
calib_03705,0.43214547634124756,0.573262095451355,8,7,8mg08926,Srreb42
calib_03706,0.7700086832046509,0.47885456681251526,14,6,Pozseroba C.F.,9 go01
calib_03707,0.7191498875617981,0.4625846743583679,13,6,eAdgyoebaC.l.,goorhe
calib_03708,0.25960084795951843,0.53108149766922,1,7,O,Hooails
calib_03709,0.18146562576293945,0.7345353960990906,1,11,o,Zarkeeucee.
calib_03710,0.2800440490245819,0.5497998595237732,4,9,mevd,pAzpemuro
calib_03711,0.7998225688934326,0.2952333390712738,8,7,nokalued,YoAbnoU
calib_03712,0.9724271297454834,0.9655622243881226,9,7,08.09.167,2916080
calib_03713,0.547643780708313,0.5509209632873535,8,6,o5 yelyz,2Bo450
calib_03714,0.44931527972221375,0.8066074848175049,6,9,pme do,rop Oisex
calib_03715,0.5210161805152893,0.3186197876930237,12,5,omua z08apoc,sotoo
calib_03716,0.6191489696502686,0.813598096370697,8,9,gorongho,apbouaro8
calib_03717,0.2870391011238098,0.7688111066818237,3,5,cae,cboel
calib_03718,0.6447479128837585,0.5827715396881104,6,4,Apbeey,Broh
calib_03719,0.6170861124992371,0.4278144836425781,12,9,Bae use geuo,omt tn no
calib_03720,0.5976558923721313,0.3360556364059448,5,4,KOmno,rmay
calib_03721,0.0,0.453368604183197,0,5,,TnaMb
calib_03722,0.6169531941413879,0.49499398469924927,5,5,200m1,uener
calib_03723,0.4552730917930603,0.6050516366958618,7,9,orbonog,2.Bofnaya
calib_03724,0.5071464776992798,0.4284784495830536,16,9,Mellgnogofomnord,cranobonr
calib_03725,0.6512081623077393,0.30609744787216187,9,2,15cenmeie,2g
calib_03726,0.4452168047428131,0.2475929856300354,2,1,yp,D
calib_03727,0.3335142433643341,0.486478328704834,6,11,V0HtaU,cpoxanoov2.
calib_03728,0.3454519808292389,0.5250781774520874,2,9,8S,25onmeofe
calib_03729,0.3510235846042633,0.6897881031036377,5,8,ogogg,Cabiober
calib_03730,0.4514121115207672,0.7650685906410217,7,7,ogothop,Hiyzota
calib_03731,0.4258778691291809,0.5361570119857788,8,8,Bomounom,Mamanoba
calib_03732,0.8324103355407715,0.3576436936855316,8,3,Oinacoba,200
calib_03733,0.7254733443260193,0.5802021026611328,6,3,BONPOC,odg
calib_03734,0.0,0.7181984186172485,0,19,,Hone Konemanmunobra
calib_03735,0.7694060206413269,0.3682442307472229,15,7,poxoguea nparuy,mo otoe
calib_03736,0.7253952622413635,0.25666776299476624,9,1,b katembe,g
calib_03737,0.24889059364795685,0.6683117747306824,6,23,greeee,keacenoro pynologuenele
calib_03738,0.0,0.6425564289093018,0,9,,8 6Keacce
calib_03739,0.3219667375087738,0.6493654251098633,4,7,2me9,8 opune
calib_03740,0.3846851587295532,0.5351163148880005,4,5,Saus,lesdy
calib_03741,0.5064839124679565,0.6009355187416077,2,6,mg,lugeri
calib_03742,0.7774998545646667,0.5274545550346375,10,6,2.Dapnayeg,bromog
calib_03743,0.0,0.6610873341560364,0,12,,C nepborogrs
calib_03744,0.8341312408447266,0.5158263444900513,4,3,daua,omo
calib_03745,0.3954605162143707,0.7552400827407837,7,19,romhsth,cmygerence ygoncees
calib_03746,0.6788491010665894,0.21103836596012115,8,4,raeagume,m6oo
calib_03747,0.0,0.5697173476219177,0,8,,goonamno
calib_03748,0.1270340532064438,0.5680431723594666,1,15,m,mpebobameconore
calib_03749,0.24529066681861877,0.8407829403877258,1,6,r,Hanaue
calib_03750,0.4524674415588379,0.5764737129211426,3,4,2os,cpor
calib_03751,0.0,0.29464074969291687,0,1,,O
calib_03752,0.1778070032596588,0.47735366225242615,2,8,ee,Crlconno
calib_03753,0.6788577437400818,0.6490055918693542,7,8,m225060,c geibee
calib_03754,0.7227756977081299,0.5475375652313232,8,12,mmmmraam,newxoowreeee
calib_03755,0.2426840364933014,0.6831921339035034,2,7,mm,Coeuaen
calib_03756,0.5353007912635803,0.4928046762943268,15,1,wsigubugya.eene,o
calib_03757,0.4200161099433899,0.3235130310058594,2,2,Wn,2n
calib_03758,0.38715818524360657,0.6781144738197327,7,2,Ooinnee,nm
calib_03759,0.5093569755554199,0.552152693271637,4,9,mmmh,yuiuorbne
calib_03760,0.6296525597572327,0.0,15,0,ungubiiggaenone,
calib_03761,0.5242484211921692,0.2350323647260666,11,3,bojgeicmbis,ogt
calib_03762,0.270900160074234,0.7832850813865662,5,9,o0s0n,Ma cangon
calib_03763,0.36318787932395935,0.5058759450912476,1,13,0,Iena yemerono
calib_03764,0.45213228464126587,0.2764214277267456,8,2,cllemuly,en
calib_03765,0.5395759344100952,0.509377658367157,1,7,m,hpnmeew
calib_03766,0.26560473442077637,0.6222472786903381,1,12,b,cleenegunein
calib_03767,0.5775594711303711,0.0,14,0,fornumamedenen,
calib_03768,0.5640318989753723,0.6802274584770203,2,10,mm,yllesiuese
calib_03769,0.43996721506118774,0.49442410469055176,2,10,rm,venapolane
calib_03770,0.519555926322937,0.3331815004348755,7,1,papejae,r
calib_03771,0.8071196675300598,0.3909648656845093,7,2,paronor,20
calib_03772,0.0,0.646676242351532,0,9,,Brareente
calib_03773,0.5019896626472473,0.0,9,0,Cuggernce,
calib_03774,0.42352530360221863,0.4642333686351776,6,6,100rom,nd O0K
calib_03775,0.4082351326942444,0.5527761578559875,1,9,r,e yragied
calib_03776,0.9311147332191467,0.37132489681243896,7,4,meopena,bmoe
calib_03777,0.6441940069198608,0.22279803454875946,18,1,Imeirecrere Decego,c
calib_03778,0.3590209186077118,0.6249752640724182,5,9,hgoon,nepenobry
calib_03779,0.45984947681427,0.0,13,0,"elepepumr.el,",
calib_03780,0.4739527106285095,0.6346241235733032,2,9,01,rpoteprea
calib_03781,0.4913959801197052,0.4565339982509613,13,3,Boprosicaijee,mto
calib_03782,0.5919321179389954,0.6697731018066406,3,10,206,gemijppert
calib_03783,0.6160942912101746,0.4597773849964142,10,3,no lllfero,o n
calib_03784,0.6641508936882019,0.3688902258872986,14,1,bepancepaijeee,m
calib_03785,0.3347707688808441,0.5357837677001953,3,11,moe,ZHANOlEPaCE
calib_03786,0.0,0.6697367429733276,0,1,,Y
calib_03787,0.42570891976356506,0.4982700049877167,6,6,NOTUpC,2onion
calib_03788,0.5332642197608948,0.4124589264392853,15,6,gecplreernifeee,mtamob
calib_03789,0.5388612747192383,0.0,8,0,iuaecrow,
calib_03790,0.8314353823661804,0.6319175362586975,6,6,nearob,gomoru
calib_03791,0.6104968190193176,0.5332984328269958,9,6,Perouergy,hbaood
calib_03792,0.6840957999229431,0.0,13,0,Yapernebn C.K,
calib_03793,0.3681356906890869,0.8198666572570801,5,12,yi or,Cabueoba H.B
calib_03794,0.6427142024040222,0.5499733090400696,8,5,offineer,momto
calib_03795,0.4742327928543091,0.6523197889328003,9,9,Entot brk,ge9 lyneg
calib_03796,0.413678914308548,0.6840289235115051,7,8,somgora,Oenoluce
calib_03797,0.3633034825325012,0.4960173964500427,2,10,op,ugdupatena
calib_03798,0.7434565424919128,0.527417778968811,7,5,rmtoroy,hayut
calib_03799,0.8471450805664062,0.33780425786972046,12,4,Kucerba B.A.,f bg
calib_03800,0.6370691657066345,0.5990457534790039,9,9,2522100/1,Tudo Frre
calib_03801,0.6456960439682007,0.6322924494743347,10,10,gouapob cA,$mo gotorr
calib_03802,0.9591424465179443,0.5296623706817627,12,8,22.03.2006F.,3007 80t
calib_03803,0.5261187553405762,0.7490243315696716,10,11,B't gouhBg,CuJyno A.F.
calib_03804,0.2757343053817749,0.6659420728683472,4,10,ana',?. liocake
calib_03805,0.9544582962989807,0.484757661819458,11,8,"24.11.1986,",9864 HHE
calib_03806,0.2641417384147644,0.7944719195365906,2,7,bg,baicmba
calib_03807,0.8117842674255371,0.4713206887245178,14,3,rop. Boporeene,dor
calib_03808,0.49515479803085327,0.39658549427986145,7,5,uba1oB0,90922
calib_03809,0.7827056646347046,0.38298651576042175,8,6,Cugepery,totoon
calib_03810,0.5492026805877686,0.4552678167819977,11,10,2op. CeonCK,DHmoor2 do
calib_03811,0.1370754987001419,0.8200860619544983,1,9,G,Cobemcras
calib_03812,0.5043841600418091,0.7727826833724976,8,10,2hicg hm,Apoy Bepry
calib_03813,0.362949937582016,0.56430584192276,6,13,gh onn,peexe seperba
calib_03814,0.0,0.7023168206214905,0,13,,reperveneptte
calib_03815,0.8416469097137451,0.2846636176109314,9,3,Ha romepa,204
calib_03816,0.342724472284317,0.6156675815582275,2,16,S-,egerc-Kourereks.
calib_03817,0.5504043698310852,0.9375678896903992,8,10,02006091,15.09.2020
calib_03818,0.2862837314605713,0.5944181084632874,3,11,Loo,Derpopecesr
calib_03819,0.542701005935669,0.9964380264282227,6,6,6EkEr9,523739
calib_03820,0.8997292518615723,0.6010414958000183,10,10,18.08 2012,th0y 80 8t
calib_03821,0.6309974193572998,0.9010757803916931,11,11,000800t0088,88007002000
calib_03822,0.45881542563438416,0.7408267259597778,7,14,H9 Hama,Neseperne H. H
calib_03823,0.6553282737731934,0.5541936755180359,6,5,boygan,mahsg
calib_03824,0.20084786415100098,0.6321671009063721,3,17,0ma,Ucropese onepasct
calib_03825,0.6627559661865234,0.5174592137336731,16,2,u peranzaucre no,on
calib_03826,0.6285191774368286,0.5168035626411438,16,12,run mpepoctabrer,aorgopobh wt
calib_03827,0.4306868016719818,0.8446029424667358,3,5,bxm,meaka
calib_03828,0.0,0.6308170557022095,0,13,,B pacneraparn
calib_03829,0.49342331290245056,0.8829506635665894,3,4,afg,Bupe
calib_03830,0.6149826645851135,0.0,10,0,6coneeerbe,
calib_03831,0.9773485660552979,0.7010000348091125,9,7,18042000.,0008608
calib_03832,0.42047256231307983,0.6823128461837769,4,8,mtos,Desangae
calib_03833,0.5814695954322815,0.315106064081192,10,6,no Kaxpoky,Bod on
calib_03834,0.0,0.6179677248001099,0,11,,regardenory
calib_03835,0.2751139998435974,0.9379187822341919,4,5,0o0e,bonee
calib_03836,0.4713239371776581,0.3732258379459381,14,3,upopnante mote,t o
calib_03837,0.5460404753684998,0.6692894101142883,3,3,yau,hth
calib_03838,0.36970430612564087,0.6233077049255371,4,8,toue,luvetnce
calib_03839,0.309285968542099,0.5674671530723572,4,12,o ag,Guper seuery
calib_03840,0.7789880633354187,0.22732554376125336,8,4,Kormperp,fdoy
calib_03841,0.1342155486345291,0.6488999724388123,1,10,r,Enenenevce
calib_03842,0.2535076141357422,0.4375206232070923,1,8,g,Zaecmmet
calib_03843,0.41895708441734314,0.8556321859359741,3,7,tul,2.Nenge
calib_03844,0.5423333048820496,0.8180316090583801,13,15,2t000 rd30n 1,14uarspe 20072.
calib_03845,0.4262283146381378,0.7641854882240295,7,9,4mnc0xs,excoduner
calib_03846,0.7586199045181274,0.9432205557823181,10,9,adarrlbd g,b paguepe
calib_03847,0.32820796966552734,0.7707948088645935,2,11,go,adeganetemb
calib_03848,0.8536533117294312,0.7363752722740173,10,9,6 gorobope,adogoralg
calib_03849,0.42291319370269775,0.568484902381897,2,6,oD,a clKO
calib_03850,0.840181827545166,0.4899851083755493,17,15,02 3EKA629 1980P.,2086Y B89874 TO
calib_03851,0.507326066493988,0.649524986743927,14,19,(rppon sngogh),(yeudbue noctabhan)
calib_03852,0.3860126733779907,0.6765241622924805,6,13,rm rr6,gue zarueinul
calib_03853,0.41825780272483826,0.5651637315750122,7,7,ouDcuin,mmmenmo
calib_03854,0.8146520853042603,0.9744830131530762,17,20,6189 968 E062 CCh,4272 2903 8396 6819.
calib_03855,0.9488106966018677,0.6511294841766357,20,19,30101810100000000716,9FE000000008OL80T00
calib_03856,0.5906248688697815,0.9870803952217102,15,20,600000018018000,30232810481100000009
calib_03857,0.640731930732727,0.9960264563560486,8,9,91tsshh0,044525716
calib_03858,0.46735337376594543,0.574371337890625,6,6,Pojpab,yuthod
calib_03859,0.4094521999359131,0.5458604097366333,2,7,og,Abogano
calib_03860,0.507377028465271,0.8930249810218811,6,11,2108t2,27.11.20162
calib_03861,0.7368579506874084,0.5129626989364624,10,6,P.BOPOHlHC,HJHQdO
calib_03862,0.7048909664154053,0.458362877368927,8,5,Mue doro,ong w
calib_03863,0.24835924804210663,0.6669439077377319,2,9,on,8 nomogen
calib_03864,0.45292767882347107,0.4643596112728119,16,5,craid4preezolanu,mocom
calib_03865,0.3339926600456238,0.611280083656311,1,13,o,UySuparonenow
calib_03866,0.40486860275268555,0.8250865936279297,7,13,ore owo,8 norecte sga
calib_03867,0.4334411323070526,0.614102840423584,14,18,gor a mholonod,perpayn & nenecite
calib_03868,0.30559757351875305,0.6800533533096313,7,10,amorone,Ananouruve
calib_03869,0.0,0.7413612604141235,0,11,,B cootarkne
calib_03870,0.5099623203277588,0.39408430457115173,9,3,Dogpa D.P,Bbd
calib_03871,0.4712635278701782,0.6233131885528564,8,9,onnovRyE,3Asbnenue
calib_03872,0.38473138213157654,0.8852265477180481,5,9,HI9EH,PAZBEAEHA
calib_03873,0.44233018159866333,0.6509265899658203,7,8,Cx00coC,25mmeexp
calib_03874,0.6970415115356445,0.901736855506897,3,8,der,B ropoge
calib_03875,0.8318285346031189,0.5522266030311584,11,10,re yrpabued,mongoth ou
calib_03876,0.5502626895904541,0.5685722827911377,6,11,uoer m,B ga socerm
calib_03877,0.6468679904937744,0.7669243812561035,8,8,4s0sodon,MopososA
calib_03878,0.4516677260398865,0.6107761263847351,1,12,o,Tenepanonery
calib_03879,0.5160920023918152,0.49437475204467773,10,1,Poecnscnos,o
calib_03880,0.0,0.5935846567153931,0,10,,zaubrccece
calib_03881,0.8192870020866394,0.4930465817451477,8,1,BEPESRUH,H
calib_03882,0.7380725145339966,0.487800657749176,10,4,colundaonr,moeo
calib_03883,0.7174084186553955,0.7812532186508179,9,10,816880'86,O8.0d.2A2.
calib_03884,0.617821216583252,0.6002022624015808,5,6,0r050,me cas
calib_03885,0.6129377484321594,0.0,11,0,rpegesabeiD,
calib_03886,0.44311681389808655,0.7152760028839111,7,8,2005 22,va garse
calib_03887,0.7152205109596252,0.3158555030822754,7,2,Fclabor,sg
calib_03888,0.5347890257835388,0.32370299100875854,8,2,gorpecee,rb
calib_03889,0.7800237536430359,0.5978952646255493,11,7,Taneba A.M.,W't gom
calib_03890,0.8102778196334839,0.41235479712486267,8,4,eguaraem,woon
calib_03891,0.9451067447662354,0.42075157165527344,9,2,BEPE3KUHA,BE
calib_03892,0.2673646807670593,0.5200808048248291,3,8,wbr,vapupera
calib_03893,0.3459104299545288,0.6438702940940857,2,16,20,Ma goer goreetan
calib_03894,0.38412970304489136,0.577467143535614,4,6,0g00,ueetas
calib_03895,0.693706750869751,0.7547886371612549,5,6,Dsa u,2 0598
calib_03896,0.3939525783061981,0.6574313044548035,3,10,100,"Khaue TOD,"
calib_03897,0.4792511761188507,0.7186848521232605,6,14,210  E,13 lubape 202.
calib_03898,0.5762287974357605,0.4279496669769287,11,8,b ugdufasen,gosogtn9
calib_03899,0.2838781177997589,0.6730159521102905,2,7,mm,"cyuuos,"
calib_03900,0.439341276884079,0.7410057187080383,3,11,ogo,upougbejene
calib_03901,0.5819751024246216,0.5069538950920105,8,9,fony hae,say booly
calib_03902,0.5484375357627869,0.7362384796142578,9,16,0100 s 80,03 gebpans 2012.
calib_03903,0.2828337848186493,0.7220863699913025,3,9,2gE,3amblenue
calib_03904,0.4026056230068207,0.6525751948356628,3,5,hmo,Tpony
calib_03905,0.41595226526260376,0.6584040522575378,2,10,mo,golmereocm
calib_03906,0.6741594076156616,0.23614294826984406,15,1,nocygafembernoi,0
calib_03907,0.0,0.6367040872573853,0,12,,spanegarckoi
calib_03908,0.0,0.6377358436584473,0,6,,wyneob
calib_03909,0.5155157446861267,0.9580754637718201,7,8,domedno,onepamop
calib_03910,0.7017163038253784,0.4552780091762543,9,7,cobonymor,LOOmfGO
calib_03911,0.6293641924858093,0.0,12,0,gauecheumere,
calib_03912,0.5026373267173767,0.21868696808815002,8,1,uutucmpa,m
calib_03913,0.21165533363819122,0.9111605882644653,5,10,MoDod,MPOCPOYKOU
calib_03914,0.6632117033004761,0.48275884985923767,8,9,20210220,qutatiCot
calib_03915,0.23061434924602509,0.880172848701477,3,15,Hob,Megbegeby D. H.
calib_03916,0.6825977563858032,0.3916648030281067,14,1,Cabamtorna A..,V
calib_03917,0.598967432975769,0.5176630020141602,11,9,"ZaeCrepele,",'rmargroe
calib_03918,0.34077006578445435,0.5404619574546814,4,9,mbon,venoujyed
calib_03919,0.4170220196247101,0.8379601836204529,7,11,tO trom,Luanyy O.A.
calib_03920,0.6678775548934937,0.5296789407730103,5,5,BUoIn,UHONg
calib_03921,0.49700745940208435,0.2239004671573639,11,2,lesaresbteo,er
calib_03922,0.6965458989143372,0.7251198291778564,9,8,to Gpeele,rrady ag
calib_03923,0.0,0.6001589298248291,0,15,,upegnosbreelsto
calib_03924,0.3322252035140991,0.6606106162071228,4,20,Bgoo,Douontuesbro coosuyy
calib_03925,0.37135082483291626,0.7230719923973083,4,13,y'so,Dayeuro C. H.
calib_03926,0.5379859805107117,0.8737638592720032,7,6,hbrrg E,B Eugy
calib_03927,0.5341048240661621,0.7924342155456543,9,17,isart  ou,no pelpace 20052.
calib_03928,0.6650111675262451,0.6997526288032532,6,9,Imtomn,uchepcuer
calib_03929,0.3315819799900055,0.7737449407577515,5,9,hooun,Kemspeity
calib_03930,0.91311115026474,0.6125152707099915,8,2,MAKAPOBA,HA
calib_03931,0.4653249979019165,0.6623154282569885,7,15,orogmmg,pee botwarubaro
calib_03932,0.0,0.7145484685897827,0,10,,alchuenmse
calib_03933,0.19178561866283417,0.715376615524292,1,11,C,Ipunaracmce
calib_03934,0.710518479347229,0.3785862624645233,9,4,Pouna B.I,rg g
calib_03935,0.3240772485733032,0.7105600237846375,3,21,oht,Terepoudrary gupemopy
calib_03936,0.7738812565803528,0.433589369058609,7,6,npunyun,unBndu
calib_03937,0.8160305023193359,0.4834402799606323,20,9,om mucara 5 pagpigee,o s oo wo
calib_03938,0.6428852677345276,0.24762141704559326,19,4,00 cópazobamecorese,D S0
calib_03939,0.4502429962158203,0.4338374137878418,4,8,mott,nopallos
calib_03940,0.47366052865982056,0.6703509092330933,7,16,rogon M,1. Ml. Fempobcie
calib_03941,0.5223652720451355,0.6551361680030823,2,14,FI,Teamorobe B.A.
calib_03942,0.6777440905570984,0.4583721160888672,10,2,guperniopa,of
calib_03943,0.34118300676345825,0.7362372279167175,5,8,smgog,3awhreme
calib_03944,0.39886221289634705,0.7449294924736023,2,19,do,gelxctoms unxcerepa
calib_03945,0.6255655884742737,0.659385621547699,6,6,coSaKG,323500
calib_03946,0.5490841865539551,0.8075579404830933,10,15,"""5961 8db1",1 pekpane 1965.
calib_03947,0.6940383315086365,0.0,9,0,3abuenue.,
calib_03948,0.8310213088989258,0.0,9,0,Cugonenno,
calib_03949,0.4978683590888977,0.7620753049850464,5,5,hmont,npouy
calib_03950,0.7110834717750549,0.16485729813575745,12,1,Bae pacopmyt,2
calib_03951,0.6503978371620178,0.9530045390129089,7,7,togonob,gorobop
calib_03952,0.7318999767303467,0.4795404076576233,15,5,4 bepnyr6 genon,m shg
calib_03953,0.7023584246635437,0.80133455991745,10,12,2646t r0 g,b uae 19422.
calib_03954,0.5244014859199524,0.7920941114425659,7,9,homo on,no Nauoey
calib_03955,0.5377815365791321,0.10014769434928894,11,1,TarenonTroo,C
calib_03956,0.3851121962070465,0.5854802131652832,5,6,x0CYo,MOAdOK
calib_03957,0.3812553882598877,0.7767987847328186,7,8,ogsobol,cpegerbo
calib_03958,0.43957915902137756,0.7460338473320007,3,7,omm,Apuruna
calib_03959,0.6344547271728516,0.6945680379867554,5,5,Bonia,orkay
calib_03960,0.4112642705440521,0.9952017068862915,6,10,200809,26.03.2014
calib_03961,0.8027810454368591,0.20341800153255463,13,2,Cugopenno C.B,go
calib_03962,0.2533290982246399,0.5134748816490173,2,13,of,Jony p peennt
calib_03963,0.6188891530036926,0.1981842964887619,6,2,3gstme,Dg
calib_03964,0.4497929513454437,0.7325438261032104,3,8,o g,b cluuoe
calib_03965,0.8680031895637512,0.6494559049606323,13,10,Kopneeba C.H.,H'o ogodoy
calib_03966,0.5242736339569092,0.6798858642578125,8,10,anforgod,paluouefuo
calib_03967,0.3733823597431183,0.6817331314086914,6,14,A'V og,Daniceuro 1.4.
calib_03968,0.3558984696865082,0.5056814551353455,7,11,moronom,C MarpuaraM
calib_03969,0.4863244891166687,0.5960524082183838,11,0,apapanoo pg,
calib_03970,0.0,0.6165226101875305,0,16,,npoiy paspeuecre
calib_03971,0.6516480445861816,0.6244420409202576,5,6,25020,cenast
calib_03972,0.6814390420913696,0.6213976740837097,10,14,90028fom82,284ra87420062.
calib_03973,0.5742124915122986,0.4003559350967407,14,1,gepepareo cypa,h
calib_03974,0.6082143187522888,0.8932775855064392,6,6,Bh6t G,B 1942
calib_03975,0.4318491220474243,0.4492357671260834,2,10,15,Deyypeleer
calib_03976,0.2922252416610718,0.6555375456809998,4,10,mtgn,nepebopdiu
calib_03977,0.5654477477073669,0.3486233055591583,16,3,eeleplepeleckoeb,Gom
calib_03978,0.6570393443107605,0.4194425940513611,12,5,Tmony ouazur,2i mo
calib_03979,0.37596964836120605,0.8196704387664795,4,9,agng,Baabuerue
calib_03980,0.7304983139038086,0.46767765283584595,14,9,Gunengan woyaw,an from o
calib_03981,0.41281887888908386,0.7561086416244507,4,11,hron,ke may caw.
calib_03982,0.8915789723396301,0.5688204169273376,5,6,repe3,Eacton
calib_03983,0.6564369201660156,0.4834338128566742,14,8,qpakyiotea HTy,fir shhb
calib_03984,0.3131025731563568,0.7345033288002014,2,9,bo,akageunng
calib_03985,0.4151114523410797,0.7842656970024109,5,15,m0 LB,Kapegor goono w
calib_03986,0.5821908116340637,0.41657137870788574,15,10,Secuo3botwozrrx,XiotogEonS
calib_03987,0.4840936064720154,0.3806624412536621,5,6,gabee,mmgooh
calib_03988,0.9699352979660034,0.599497377872467,7,4,13.0919,660K
calib_03989,0.6191734671592712,0.6343795657157898,11,7,npessperene,mordeoh
calib_03990,0.7054601907730103,0.7588965892791748,8,8,Chaprpan,modedors
calib_03991,0.6227487325668335,0.4817981719970703,4,4,Uuee,maam
calib_03992,0.5182858109474182,0.7291343212127686,8,12,nomas or,no craemoere
calib_03993,0.7175865769386292,0.7240532040596008,7,6,≠1 crow,uro 17
calib_03994,0.552009642124176,0.8769158720970154,9,13,adon m on,ke ceey kapre
calib_03995,0.522668719291687,0.5467662811279297,5,7,dorod,gavvioy
calib_03996,0.5570120215415955,0.5553387999534607,11,9,TRRDOH ueer,sm topors
calib_03997,0.326388955116272,0.5041311979293823,1,9,0,"Kax 2eyn,"
calib_03998,0.5674604773521423,0.9287232160568237,6,7,6160t0,27.0919
calib_03999,0.4769933521747589,0.4520735740661621,8,5,rmmtnogo,0OguA
calib_04000,0.48414525389671326,0.47505831718444824,5,5,MncHK,xmumm
calib_04001,0.5779443383216858,0.6460632681846619,15,16,TRepoN 80n cean,trod vas roporas
calib_04002,0.6806894540786743,0.47995370626449585,15,9,"npbepy rareete,",g hadogoh
calib_04003,0.4829811751842499,0.36086562275886536,11,1,pere gaoree,o
calib_04004,0.6231825351715088,0.6063428521156311,16,11,o TOM 47D geperr,so an was o
calib_04005,0.6160998344421387,0.6650654673576355,9,10,oduapyien,monehdongo
calib_04006,0.663536012172699,0.41758570075035095,15,6,B sier nee perp,a se e
calib_04007,0.4808194041252136,0.5886285901069641,8,11,aomo mhe,npu oemorpe
calib_04008,0.411461740732193,0.42869332432746887,5,13,wamon,CorcjibTaNeTM
calib_04009,0.6590076088905334,0.8247742652893066,5,8,oboow,Managene
calib_04010,0.5931908488273621,0.37945351004600525,12,5,peperr srles,tm sd
calib_04011,0.37434592843055725,0.6171194911003113,3,5,cam,menod
calib_04012,0.34818944334983826,0.4600399434566498,3,10,20m,Depnoe eer
calib_04013,0.5319567918777466,0.7296556234359741,12,18,son a o bloo,epagy nee uep mer.
calib_04014,0.9644488096237183,0.7558048963546753,8,7,B 19592.,2696t 8
calib_04015,0.7541975378990173,0.7578420042991638,7,13,on ormo,nocmynu eo na
calib_04016,0.49125853180885315,0.39816778898239136,3,2,apy,ot
calib_04017,0.5786170363426208,0.4079302251338959,19,3,6 omged opxutenighn,u r
calib_04018,0.40993404388427734,0.5508599281311035,8,16,ontogo e,Ota npouyfbejena
calib_04019,0.6479834914207458,0.5753033757209778,5,5,mmeom,mdeen
calib_04020,0.4570952355861664,0.6502348184585571,8,10,noadrs o,no iuppaon
calib_04021,0.4357122778892517,0.7238033413887024,8,11,bfubn on,no nepeempy
calib_04022,0.41348686814308167,0.644188404083252,5,9,onfog,ne leefao
calib_04023,0.33009740710258484,0.545742392539978,12,13,2mo oduayno6,gormffonpo oe
calib_04024,0.7346588969230652,0.40153127908706665,13,13,gacyomem DBry,FsgG waurrmeb
calib_04025,0.3970848321914673,0.6044322848320007,2,6,om,ne 506
calib_04026,0.5331407189369202,0.4886209964752197,8,2,Jae bmue,mg
calib_04027,0.38506636023521423,0.6183744668960571,4,10,og m,Ipony yhos
calib_04028,0.9386422038078308,0.5232475996017456,10,8,"18,10,2018",870804'8
calib_04029,0.8793471455574036,0.47248196601867676,6,6,HANOSA,HHOHHH
calib_04030,0.3624621331691742,0.8904629349708557,7,11,rgnb H4,HA geacmbut
calib_04031,0.6569839119911194,0.7234905958175659,12,15,fgih ormroot,zaxenrice yredy
calib_04032,0.877314031124115,0.7864957451820374,12,10,19.08.20182.,28106·8067
calib_04033,0.6690216064453125,0.5240823030471802,15,0,Nonuque Bcomabe,
calib_04034,0.4070691764354706,0.48137789964675903,3,4,oad,noyl
calib_04035,0.6175942420959473,0.0,8,0,Compynan,
calib_04036,0.35786429047584534,0.6260985136032104,5,13,br sn,rpunert Mepor
calib_04037,0.6320821046829224,0.3948590159416199,10,7,cmygum yhm,woh wus
calib_04038,0.0,0.8210981488227844,0,9,,Pacnucra.
calib_04039,0.8022428750991821,0.5560076832771301,13,14,8 DBTy b 1964,2196t 8 hc80 8
calib_04040,0.4775959551334381,0.3440156579017639,12,1,Dto ceumeae.,n
calib_04041,0.42982885241508484,0.6712920069694519,6,11,a  nag,Mocubau . B
calib_04042,0.8148489594459534,0.3200296461582184,6,1,clepey,h
calib_04043,0.48953181505203247,0.4919356405735016,7,4,Muuocme,mbom
calib_04044,0.625424325466156,0.3518754541873932,11,1,wocmpo enee,m
calib_04045,0.6779165267944336,0.37891408801078796,15,6,do uoo oureemba,awa oo
calib_04046,0.5524199604988098,0.5825557708740234,6,7,bevene,momingy
calib_04047,0.634662926197052,0.5021867156028748,13,7,Fo ranpabueno,agotnof
calib_04048,0.0,0.35495391488075256,0,4,,mcws
calib_04049,0.8187958002090454,0.4100464880466461,8,4,ocrynawe,hmuh
calib_04050,0.5815619230270386,0.38079094886779785,2,10,00,OJ OCREEUE
calib_04051,0.5693445801734924,0.29344260692596436,11,3,Aarcue necy,hom
calib_04052,0.6030657887458801,0.373898983001709,12,4,oi cumeuepes,1/00
calib_04053,0.9348528385162354,0.5155506134033203,9,4,15.09.037,L009
calib_04054,0.5118428468704224,0.39963287115097046,1,8,o,CecbRb T
calib_04055,0.6512235403060913,0.4547676146030426,13,1,K yoeee ovcel,1
calib_04056,0.5245862603187561,0.5935402512550354,3,14,shg,adrode gouance
calib_04057,0.5839252471923828,0.552823543548584,14,12,oreno epueennd,ONMorJom M2G
calib_04058,0.457162082195282,0.5407583117485046,2,7,og,adTodga
calib_04059,0.5098441243171692,0.33999720215797424,12,3,caygapctenno,moo
calib_04060,0.7115395665168762,0.4228003919124603,4,4,frch,4p23
calib_04061,0.9365459680557251,0.7191988825798035,8,8,15/03/03,80/80/52
calib_04062,0.6885536909103394,0.6237815618515015,14,12,Eezdopogot 1.t,r gobotogiay
calib_04063,0.3243471384048462,0.3986710011959076,1,5,6,saume
calib_04064,0.5570645928382874,0.5088449120521545,8,4,ceregtua,mbon
calib_04065,0.6109344959259033,0.9079832434654236,3,9,008,28.102016
calib_04066,0.5148311257362366,0.38804757595062256,7,6,zameala,6momms
calib_04067,0.5162070393562317,0.5781592726707458,7,11,m  Mg g,B bagu c 24
calib_04068,0.7271064519882202,0.7014279961585999,14,14,orob En romang,bousel uz gaua
calib_04069,0.5336026549339294,0.776976466178894,12,18,hropod  robn,onozgal ta padoiny
calib_04070,0.5957218408584595,0.34884417057037354,8,4,duneinar,soun
calib_04071,0.5869712829589844,0.6767064929008484,7,14,orat on,no panpepeemno
calib_04072,0.34739676117897034,0.5629690885543823,1,8,W,Ha 15uty
calib_04073,0.4205387532711029,0.49265795946121216,7,8,n mrobo,onogat u
calib_04074,0.4021781384944916,0.6159965991973877,4,8,ooop,c adcamr
calib_04075,0.55240398645401,0.7876107692718506,12,13,rowopot bdou,nepey padomo.
calib_04076,0.7272515296936035,0.8418640494346619,6,9,200082,2810.2016
calib_04077,0.6834472417831421,0.6805171966552734,10,16,r goboda2g,bezdopoget 1. t.
calib_04078,0.7525888681411743,0.44022709131240845,5,7,lepou,150m36d
calib_04079,0.5827817916870117,0.5885292291641235,10,1,Odfeceonal,m
calib_04080,0.4428548812866211,0.6377962827682495,8,11,gouomoms,cnuniamcmob
calib_04081,0.7159662842750549,0.5481346249580383,6,1,leecne,m
calib_04082,0.9887695908546448,0.7900986075401306,8,6,06.12.10,or2r90
calib_04083,0.7042167782783508,0.6034659743309021,6,8,emohom,cleajana
calib_04084,0.9900398850440979,0.7195495367050171,8,7,10.12.10,ortr'or
calib_04085,0.5872831344604492,0.8264467120170593,9,10,andmormud,pAcueompum
calib_04086,0.5580991506576538,0.41564419865608215,5,6,Celia,VTTONO
calib_04087,0.31372955441474915,0.7273263335227966,3,11,oro,uplgoctabut
calib_04088,0.9148109555244446,0.8341280817985535,6,3,Aene y,hay
calib_04089,0.6229438781738281,0.650682806968689,5,6,rom g,8 UUPM
calib_04090,0.6237170696258545,0.4981965720653534,15,15,C r0se 196610g0,oforg96t 0004 J
calib_04091,0.7331374883651733,0.9032071828842163,20,19,obor 8961 urshig0 ou,no abrycm 1968 roga
calib_04092,0.26026293635368347,0.7835361957550049,3,11,moo,re padomana
calib_04093,0.8662533760070801,0.5958393812179565,10,7,addumubuci,mongnee
calib_04094,0.48690688610076904,0.7045188546180725,3,3,vag,onn
calib_04095,0.673528254032135,0.7479695081710815,9,10,mogmnowsh,yemoübount
calib_04096,0.31701070070266724,0.8267618417739868,3,9,oge,asconomuo
calib_04097,0.7286410331726074,0.5334720611572266,5,4,nYCTO,aLfU
calib_04098,0.9891601800918579,0.7202418446540833,7,7,nepboro,auogdou
calib_04099,0.6416143774986267,0.8095100522041321,6,6,namoxs,exauoi
calib_04100,0.5316585898399353,0.7588894963264465,7,9,bammnoh,yenounuba
calib_04101,0.5548003911972046,0.6491822004318237,8,9,nindowwh,eyrmapuyu
calib_04102,0.0,0.4706500172615051,0,7,,Aegnono
calib_04103,0.8323687314987183,0.7400833368301392,5,7,onehd,erpyouo
calib_04104,0.947333812713623,0.8517626523971558,1,2,m,ue
calib_04105,0.627102792263031,0.5015848278999329,3,5,mmn,pannt
calib_04106,0.8365203738212585,0.6500400900840759,6,6,boupoe,sochog
calib_04107,0.0,0.5267395377159119,0,6,,ZAMenN
calib_04108,0.7855738401412964,0.6976542472839355,4,4,xoms,5mox
calib_04109,0.7446112036705017,0.8250197768211365,8,7,nonyuacn,monhvou
calib_04110,0.7516091465950012,0.41448885202407837,7,7,ZADAUEI,mnuett.
calib_04111,0.5681483745574951,0.7845632433891296,4,3,oune,mno
calib_04112,0.590471088886261,0.6494996547698975,7,1,npgenue,m
calib_04113,0.8412484526634216,0.5922272801399231,6,7,ebepxy,Phxdogp
calib_04114,0.589443564414978,0.7058497667312622,5,5,wenon,Hadem
calib_04115,0.49285826086997986,0.5414033532142639,9,9,announnoe,DocmAmocO
calib_04116,0.7840433120727539,0.7889529466629028,4,2,enuu,mm
calib_04117,0.4327748417854309,0.5874069929122925,9,8,MOCKONOMy,Pmovomau
calib_04118,0.7857571244239807,0.8731164336204529,6,6,oRgdau,nepbyo
calib_04119,0.7982465624809265,0.4826781749725342,9,7,(pe3yNTAM,WLLONER
calib_04120,0.5037350654602051,0.6775423884391785,10,12,nnovoueedu,npednonorum.
calib_04121,0.6949903964996338,0.389780730009079,4,6,AMAN,Prunts
calib_04122,0.8295886516571045,0.329914391040802,8,6,"3AMemuM,",AMMoUE
calib_04123,0.6997105479240417,0.32190510630607605,8,6,AnCOpUTM,wendoy
calib_04124,0.7249895334243774,0.663945734500885,16,15,amonogeCmbuimb C,qurrgurabocouro
calib_04125,0.4603850543498993,0.6633110642433167,8,10,ammornon,evodunouNt
calib_04126,0.5060689449310303,0.800381600856781,8,8,nOnymATa,bLumhvou
calib_04127,0.7444646954536438,0.7625201344490051,5,5,notne,rugow
calib_04128,0.3726974129676819,0.40294644236564636,4,6,OelA,0 A94O
calib_04129,0.5597831606864929,0.7570098042488098,3,3,tve,ana
calib_04130,0.7265176177024841,0.7686144709587097,9,6,Sipubigen,wognds
calib_04131,0.7299215197563171,0.8867713212966919,4,4,amou,nome
calib_04132,0.4688400626182556,0.6653763055801392,9,9,mhuenverd,peanuzayr
calib_04133,0.0,0.5933536291122437,0,11,,nospopynent
calib_04134,0.6314203143119812,0.6457104086875916,10,10,Wenddowotn,4Z0MOPDUZM
calib_04135,0.9487057328224182,0.682768702507019,8,7,onepamop,douudno
calib_04136,0.7458286285400391,0.27173879742622375,12,1,sarll rerkue,e
calib_04137,0.5540314316749573,0.5347301363945007,14,17,mongnonhdonodu,nponopyiouansuoiu
calib_04138,0.5324226021766663,0.7378721237182617,3,4,bos,cneg
calib_04139,0.45942434668540955,0.9367890357971191,4,4,uUEn,43nn
calib_04140,0.8410252928733826,0.6251171827316284,12,9,yumoumubocrs,nogmnounh
calib_04141,0.6826968789100647,0.28994011878967285,11,7,honnnwonoye,OOMnnOU
calib_04142,0.7579217553138733,0.5544763207435608,6,6,KaKdoM,waexex
calib_04143,0.6365911364555359,0.504692554473877,5,4,bycem,wekg
calib_04144,0.9222393035888672,0.6851069927215576,2,2,HA,Un
calib_04145,0.865375816822052,0.7815077900886536,7,8,andogon,nobopurs
calib_04146,0.7505804300308228,0.9308795928955078,5,5,xomuM,wnmox
calib_04147,0.5935512185096741,0.5860371589660645,5,5,nymuo,ormhn
calib_04148,0.6501416563987732,0.885918915271759,6,5,orrtob,popua
calib_04149,0.5285388827323914,0.6338260769844055,10,11,urggroigch,Cpabreabane
calib_04150,0.5694260001182556,0.8057594299316406,6,6,mmmgok,zaxhue
calib_04151,0.8635045289993286,0.6052084565162659,20,14,"goaiu, mev,; 53-4882",28-84-8s:rumob
calib_04152,0.9369105696678162,0.7308770418167114,17,15,u08. : 375-44-794,h6t-4n-9tε: 30m
calib_04153,0.5005272626876831,0.36411455273628235,10,12,pa cayerad,rmremshrg x)
calib_04154,0.6485002040863037,0.8057196736335754,6,4,som Gf,15u2
calib_04155,0.3967348635196686,0.8445054292678833,6,10,gg9'8b,"g.8,Kb.510"
calib_04156,0.4543331265449524,0.8002853989601135,8,11,"""mokmos""",""",Topuzorm"""
calib_04157,0.3841237723827362,0.590164840221405,6,8,mrtigg,Bbegiadi
calib_04158,0.869000256061554,0.6517428159713745,9,10,HOPMANUOU,nonauuwdon
calib_04159,0.6013481020927429,0.5299621820449829,9,9,mdarodano,Onepetopn
calib_04160,0.761802077293396,0.519834041595459,10,7,ycroi culo,ogmsorh
calib_04161,0.0,0.7783468961715698,0,10,,Palnobecct
calib_04162,0.8595123887062073,0.7184160351753235,3,3,bno,0ng
calib_04163,0.5772753953933716,0.8269081115722656,4,5,bgeu,moobg
calib_04164,0.38596826791763306,0.6357170939445496,5,5,DelHm,LHIer
calib_04165,0.8140947818756104,0.7197699546813965,4,1,Ecce,m
calib_04166,0.5955025553703308,0.2837609350681305,11,1,MOWHUTELUEY,K
calib_04167,0.3242511451244354,0.8950565457344055,4,6,ortm,cuerea
calib_04168,0.288909912109375,0.7348294854164124,3,13,Com,nacmuerucene)
calib_04169,0.8456807732582092,0.8155608773231506,7,8,whvowmo,au morym
calib_04170,0.8657293915748596,0.6581951975822449,6,5,Oduako,omneo
calib_04171,0.9271640777587891,0.9209749102592468,3,1,eeu,m
calib_04172,0.5903700590133667,0.579594612121582,9,2,naxejerey,Kx
calib_04173,0.4791090190410614,0.5606216788291931,6,5,do8r}$,Ter3=
calib_04174,0.619003176689148,0.5015612840652466,6,4,ghynou,sonm
calib_04175,0.7433825135231018,0.4379369914531708,8,7,Meer no.,(my ta)
calib_04176,0.5897952914237976,0.8478096723556519,6,5,cnocws,sorom
calib_04177,0.45894020795822144,0.6364222168922424,5,7,mmomn,ancorew
calib_04178,0.3757861256599426,0.7285970449447632,7,10,WnHYoCm,code pitum
calib_04179,0.456180214881897,0.6482770442962646,4,10,komr,pajuauercr
calib_04180,0.6254990100860596,0.6755042672157288,9,9,Abmouzaus,mmolmtoug
calib_04181,0.4573327898979187,0.7626631259918213,4,9,teon,pazpeueue
calib_04182,0.6444079279899597,0.0,14,0,npeocpazobamue,
calib_04183,0.6545432806015015,0.7832545638084412,8,8,sboxofon,repoxogc
calib_04184,0.7093002796173096,0.5568605661392212,9,8,nogorhnon,Honyubor
calib_04185,0.7406425476074219,0.8246009349822998,3,3,Brg,bug
calib_04186,0.7454296946525574,0.6566224694252014,7,7,bekropa,blosing
calib_04187,0.31053420901298523,0.600866973400116,5,4,Monow,MakD
calib_04188,0.3544960021972656,0.6862947344779968,4,7,Drom,ganeena
calib_04189,0.3843362033367157,0.6865598559379578,5,7,Bn802,Maspeye
calib_04190,0.6170856356620789,0.6663514375686646,5,7,mbyng,beefgur
calib_04191,0.3590889871120453,0.7941564321517944,4,5,woom,uuees
calib_04192,0.4372349977493286,0.7244438529014587,8,14,2m ba 20,gue npobegetur
calib_04193,0.8240528106689453,0.24138154089450836,5,6,Ckamp,conn10
calib_04194,0.7263964414596558,0.27612918615341187,8,6,repeiyer,FoRotN
calib_04195,0.592522382736206,0.7750606536865234,4,2,MUCD,mm
calib_04196,0.5395357012748718,0.8999244570732117,6,6,dotnom,meuzop
calib_04197,0.5267055630683899,0.8348734974861145,5,6,tosrg,Bekrop
calib_04198,0.5088754892349243,0.45050546526908875,7,7,ssrhlol,102yrat
calib_04199,0.3248877227306366,0.7914339900016785,3,9,ogo,Kobersiop
calib_04200,0.6591324210166931,0.8201278448104858,7,7,bnlogng,bucopua
calib_04201,0.3369239866733551,0.9774205684661865,4,4,JMoy,Paur
calib_04202,0.41719648241996765,0.8206303715705872,6,9,mounon,nodcmolus
calib_04203,0.46510186791419983,0.6170384883880615,6,10,rowdon,NOPMANOUaL
calib_04204,0.8096132278442383,0.3078673779964447,7,1,Teuzopa,o
calib_04205,0.7047824859619141,0.7183588743209839,4,2,glyx,xf
calib_04206,0.69488525390625,0.4813290536403656,8,7,COTO4MOR,FoMharm
calib_04207,0.5964776873588562,0.6140859127044678,10,11,xunntoratn,reperapuuxx
calib_04208,0.5664483308792114,0.5755024552345276,5,6,pyncs,hranhd
calib_04209,0.6527578830718994,0.5154355764389038,8,1,OXOGUTER,o
calib_04210,0.5763540267944336,0.607947587966919,10,11,Deggeobman,rowgomf5ig)
calib_04211,0.4661593437194824,0.7349687814712524,7,9,rousonE,Paguocnia
calib_04212,0.7147558927536011,0.6184448003768921,8,10,andmdion,nompeumort
calib_04213,0.6511378884315491,0.5915500521659851,7,9,anpocca,mmommtoho
calib_04214,0.725291907787323,0.389070600271225,6,1,Toname,o
calib_04215,0.695600152015686,0.18566405773162842,5,2,Okeua,Or
calib_04216,0.6760025024414062,0.722680926322937,6,7,imngos,3obuceT
calib_04217,0.683286726474762,0.678620457649231,11,8,nompemnocte,anomdiou
calib_04218,0.6825344562530518,0.30680808424949646,9,3,Pagjeocma,oON
calib_04219,0.33577266335487366,0.5244119763374329,5,5,OrOxs,Okesa
calib_04220,0.7971655130386353,0.4019544720649719,4,5,pabo,mgrdh
calib_04221,0.5325325131416321,0.48597392439842224,2,4,mm,Oyes
calib_04222,0.0,0.4999794065952301,0,5,,rmxmA
calib_04223,0.562089204788208,0.5845782160758972,6,6,noy2ae,mrotov
calib_04224,0.873999834060669,0.6469911932945251,8,7,Slovo sh,yronoke
calib_04225,0.0,0.5854271054267883,0,11,,Ha oCHoBaHU
calib_04226,0.6555934548377991,0.7621949911117554,13,13,xapactepucuka,wanontairodox
calib_04227,0.5184030532836914,0.6958209276199341,7,7,mmaxdag,bepxrus
calib_04228,0.6183087229728699,0.6396880149841309,5,7,mgrth,Rpabout
calib_04229,0.8663968443870544,0.6573132872581482,7,6,zlovosh,yromrc
calib_04230,0.5778728723526001,0.39685505628585815,5,4,Ckeua,Drxs
calib_04231,0.5420811176300049,0.4624616801738739,7,11,eogmlod,pocesarpeba
calib_04232,0.4786149263381958,0.7314292192459106,9,8,rmgrorbov,nogctabu
calib_04233,0.5679140090942383,0.6198878288269043,8,10,chsonSod,pagnocrgro
calib_04234,0.6385759711265564,0.8253849744796753,5,1,Ckeny,m
calib_04235,0.9213411211967468,0.3720551133155823,8,5,CETOUHAS,EHHHA
calib_04236,0.8751646876335144,0.7274961471557617,7,8,mampuya,olndumor
calib_04237,0.529437243938446,0.229225754737854,6,2,Dygeal,mo
calib_04238,0.7060652375221252,0.21265144646167755,6,5,OSMACH,TOASY
calib_04239,0.3191401958465576,0.4901071786880493,1,2,e,am
calib_04240,0.3500153422355652,0.9804588556289673,5,5,VHDON,HOPMA
calib_04241,0.6980555057525635,0.8756147623062134,11,13,5m780dn130m,MPOEKUPOBANUS
calib_04242,0.35930705070495605,0.982979416847229,8,8,JOLAEANO,ONEPATOP
calib_04243,0.44784536957740784,0.6412898302078247,6,6,moahal,TO4KOL
calib_04244,0.9055576324462891,0.7952632904052734,5,6,Kopua,orrdon
calib_04245,0.3859698176383972,0.6937545537948608,8,10,DHOgoDwM,comacobana
calib_04246,0.0,0.5816347002983093,0,7,,Manceys
calib_04247,0.4982106387615204,0.679637610912323,6,8,mgodos,Ponpodyu
calib_04248,0.9960015416145325,0.9552513957023621,3,3,umo,omn
calib_04249,0.6285408139228821,0.591647744178772,7,7,notveua,omorioh
calib_04250,0.9252079129219055,0.8013560771942139,6,6,-kopua,omdon-
calib_04251,0.7223168611526489,0.41862112283706665,10,8,comacobana,OHOGOOWO
calib_04252,0.5267772674560547,0.38363727927207947,7,7,CeTouaR,romhard
calib_04253,0.6077840328216553,0.8438692092895508,6,6,ardon-,-kopua
calib_04254,0.8816810846328735,0.564746618270874,2,2,an,20
calib_04255,0.6918966174125671,0.6628268361091614,6,9,aomlow,Crogumodn
calib_04256,0.8445764183998108,0.6943236589431763,7,7,ropegon,-obrdou
calib_04257,0.8298616409301758,0.397335946559906,6,4,3agaua,0bi8
calib_04258,0.670333206653595,0.3655736744403839,10,6,ampokcmaue,ormnoo
calib_04259,0.6905419230461121,0.8176558017730713,1,4,m,elnu
calib_04260,0.6032518148422241,0.3496127724647522,5,4,UMLET,Lown
calib_04261,0.859696626663208,0.5036242008209229,12,8,ampoccumpyet,Lohdoduo
calib_04262,0.6580073237419128,0.917300283908844,4,8,mado,Teopessa
calib_04263,0.625024676322937,0.7171742916107178,7,8,ogmnarh,ycrourba
calib_04264,0.47835254669189453,0.5811586380004883,8,10,NoommOxs,Ox OgLuoCu
calib_04265,0.4689178466796875,0.8259612917900085,7,8,ongrgng,Orcbuduo
calib_04266,0.6122013330459595,0.0,5,0,Meryi,
calib_04267,0.9124528765678406,0.8375707864761353,5,4,",2020",0808
calib_04268,0.5279048681259155,0.5212230682373047,1,9,m,npecoyonu
calib_04269,0.9458850622177124,0.46276962757110596,2,2,PC,Dd
calib_04270,0.6639854907989502,0.6444551348686218,2,10,mm,coSembeuun
calib_04271,0.38499850034713745,0.737498939037323,5,6,mumne,daunom
calib_04272,0.7527922987937927,0.35695216059684753,6,3,lrcika,222
calib_04273,0.7168240547180176,0.8192896842956543,2,3,on,tro
calib_04274,0.8982136845588684,0.7943403720855713,1,2,d,PC
calib_04275,0.7268924713134766,0.47302886843681335,6,3,eerky.,hum
calib_04276,0.6077286005020142,0.6767959594726562,5,7,2dond,Apuep?2
calib_04277,0.4941866397857666,0.4252840578556061,4,5,2}.1,N.y($
calib_04278,0.6468745470046997,0.8336567282676697,5,7,mgovR,Yenobue
calib_04279,0.5753042101860046,0.2893083393573761,6,6,Jovame,mmonoe
calib_04280,0.6257725358009338,0.9110043048858643,3,2,Jme,me
calib_04281,0.703747034072876,0.38542407751083374,3,1,akr,0
calib_04282,0.7329279780387878,0.6579856872558594,3,3,m23,Een
calib_04283,0.4699161946773529,0.4786500334739685,4,10,20ga,Ictoinboct
calib_04284,0.816337525844574,0.9146066904067993,3,1,Cen,m
calib_04285,0.6194751262664795,0.7316293120384216,9,9,hogm nosh,yroi uboc
calib_04286,0.5855958461761475,0.3360752463340759,4,2,Mena,ev
calib_04287,0.5070010423660278,0.7315087914466858,10,11,rpnevamton,nopuanonane
calib_04288,0.9010197520256042,0.5786235332489014,10,11,"05,11,2020",0202'll 'so
calib_04289,0.4627836048603058,0.5228534936904907,6,7,omomgg,bMOMEWO
calib_04290,0.8313226103782654,0.3300726115703583,13,4,nepecmauoboun,uodu
calib_04291,0.37063413858413696,0.5884677171707153,1,8,p,borxucre
calib_04292,0.4191841185092926,0.9793550372123718,5,5,2eros,Forda
calib_04293,0.23399502038955688,0.5736621022224426,1,8,o,"hpuguak,"
calib_04294,0.6151733994483948,0.698390543460846,3,3,Een,maz
calib_04295,0.9616637229919434,0.15664252638816833,5,2,Torda,22
calib_04296,0.8379917740821838,0.44828763604164124,6,5,Merods,ncoum
calib_04297,0.9675084352493286,0.536761462688446,10,10,15.10.2020,0205 01's1
calib_04298,0.9409751296043396,0.3550643026828766,7,5,Me modn,uou a
calib_04299,0.0,0.47181931138038635,0,6,,Neuilo
calib_04300,0.7151619791984558,0.6356903314590454,3,2,rpu,nd
calib_04301,0.7524867057800293,0.8059149384498596,6,6,uobyro,orhgon
calib_04302,0.19875147938728333,0.6365024447441101,2,6,me,Iencue
calib_04303,0.5467732548713684,0.2602524757385254,7,4,Vonckee,ogo1
calib_04304,0.612402617931366,0.3113955855369568,6,3,Mengid,ynn
calib_04305,0.7307180762290955,0.801554262638092,3,3,Ecm,m73
calib_04306,0.826267659664154,0.5032433867454529,4,2,ecnu,ms
calib_04307,0.7210931181907654,0.7361446619033813,4,5,nord,Fpiok
calib_04308,0.8062465786933899,0.0,6,0,cyeuka,
calib_04309,0.9347906708717346,0.9241567850112915,4,2,eenu,mm
calib_04310,0.4248558580875397,0.9030502438545227,4,6,rgom,Merodn
calib_04311,0.6226538419723511,0.43560293316841125,7,3,pypecer,hom
calib_04312,0.9475478529930115,0.7227873802185059,7,5,Ycnobue,mgonh
calib_04313,0.7647628784179688,0.7108888030052185,8,6,ycnobere,argorh
calib_04314,0.780972957611084,0.4231186807155609,2,5,am,ueeso
calib_04315,0.3814287483692169,0.5967094898223877,5,4,uucex,3mmm
calib_04316,0.43636709451675415,0.7873755097389221,5,12,nnox.,Kapanepuctuk
calib_04317,0.24233806133270264,0.8817539811134338,2,6,br,crelia
calib_04318,0.9397146105766296,0.38455864787101746,6,7,Hebual,Mongros
calib_04319,0.0,0.5015307664871216,0,7,,Mensut.
calib_04320,0.8987047076225281,0.33090153336524963,7,4,Memodot,meom
calib_04321,0.7804508805274963,0.4193916320800781,7,3,danuore,nae
calib_04322,0.5410600900650024,0.7253299951553345,8,10,mmmmuamm,bocuerenui
calib_04323,0.6689084768295288,0.7522859573364258,5,4,cmmon,momm
calib_04324,0.7046182751655579,0.23501677811145782,5,3,Cxeiy,frr
calib_04325,0.5890796780586243,0.4203294813632965,6,3,nydune,Jou
calib_04326,0.9345884323120117,0.37097594141960144,5,5,npabo,agoky
calib_04327,0.4959820508956909,0.4276437759399414,6,4,Dcodoe,Ja0A
calib_04328,0.39111852645874023,0.7368741631507874,7,8,PINKIOX,KacaeuCl
calib_04329,0.27686607837677,0.2872696816921234,9,3,nEgGuuONE,ogO
calib_04330,0.6544701457023621,0.5409989953041077,8,6,"sall,uma",ONMMOs
calib_04331,0.0,0.4147252142429352,0,6,,UMaMYE
calib_04332,0.4462735950946808,0.3481311798095703,7,6,wchiaut,2mg300
calib_04333,0.7991402745246887,0.0,9,0,KOUCMUMYY,
calib_04334,0.8036779165267944,0.9743475317955017,4,3,hrou,noy
calib_04335,0.6720786094665527,0.7396275997161865,4,5,ogon,nrabo
calib_04336,0.6856052279472351,0.6621240973472595,10,10,202Nog0206,gorobonece
calib_04337,0.5718984603881836,0.2791792154312134,11,2,KoKeMMaKmbi,HY
calib_04338,0.29137274622917175,0.5242244601249695,3,9,rok,rporcyaee
calib_04339,0.49378302693367004,0.5388071537017822,7,8,JaKOHbl,29H0OS0E
calib_04340,0.5827319622039795,0.5220444798469543,12,11,20HHONMOVENN,UUYaLUOHHDe
calib_04341,0.7056222558021545,0.5957260131835938,18,10,300.000(T/ud9 Fa2),210/000008
calib_04342,0.6795463562011719,0.7120370268821716,10,12,gouapob cu,$mo gohorrok
calib_04343,0.30375590920448303,0.5280106663703918,1,10,o,uzdupateno
calib_04344,0.48853927850723267,0.6028794050216675,8,13,390070.0,10.c12 20162.
calib_04345,0.4734421968460083,0.7382766604423523,4,3,cunu,mmm
calib_04346,0.0,0.6426503658294678,0,8,,Hacceruk
calib_04347,0.0,0.7485986351966858,0,10,,Mucnerroms
calib_04348,0.43462735414505005,0.8531224131584167,13,16,pohio vomofor,copockoro oxpyra
calib_04349,0.9639964699745178,0.4002130925655365,15,10,oxpya Kpacnoapa,rporoy hfr
calib_04350,0.0,0.6964494585990906,0,12,,bnarobeyenck
calib_04351,0.31958866119384766,0.7985881567001343,5,10,morto,Ledoxcapbe
calib_04352,0.7736538052558899,0.4784946143627167,5,6,Luma′,′courm
calib_04353,0.8193478584289551,0.0,7,0,Upxymck,
calib_04354,0.6838529109954834,0.5965960621833801,10,3,Onpegenius,mmm
calib_04355,0.8224834203720093,0.6109166145324707,7,8,andagon,r0b0pu26
calib_04356,0.9289448261260986,0.2485034018754959,8,2,Kocmpona,or
calib_04357,0.7933310866355896,0.3364952504634857,11,1,Kpacnorkpck,o
calib_04358,0.9127289056777954,0.4536336362361908,5,5,Kypck,mothy
calib_04359,0.33025628328323364,0.6564411520957947,1,16,m,choune decmbukne
calib_04360,0.3721661865711212,0.7171111702919006,2,11,oo,npuodfemams
calib_04361,0.4263421893119812,0.5047248601913452,10,0,WaMDE M.U.,
calib_04362,0.0,0.8359081149101257,0,6,,Muraun
calib_04363,0.8183481693267822,0.27578917145729065,12,1,odkzamensmba,c
calib_04364,0.387037456035614,0.7942485213279724,5,10,ogurh,mnyiyecmbo
calib_04365,0.3716062605381012,0.4944098889827728,1,9,a,dAnsuemux
calib_04366,0.702721118927002,0.5049310326576233,17,14,13 Morp 1992 20ga,B0 266Y KOH EV
calib_04367,0.6477899551391602,0.6342223882675171,15,15,3A UWMA 2O2 ZGA,BO ZVOZ BHON VE
calib_04368,0.8455614447593689,0.38057857751846313,7,4,cobemux,2M10
calib_04369,0.48049235343933105,0.5686432123184204,5,6,onMoE,zaugun
calib_04370,0.5749750137329102,0.9921571612358093,8,10,266V0Vv0,01.10.1992
calib_04371,0.7616835236549377,0.6520127058029175,5,7,Kpegu,H mnads
calib_04372,0.5261635780334473,0.38727352023124695,5,3,ucuoa,ogo
calib_04373,0.9535077810287476,0.6193466782569885,15,13,hmorn amnanragh,ybesurut iany
calib_04374,0.8906717896461487,0.6803888082504272,11,10,arnporromgo,ABUOMOSUIB
calib_04375,0.39730000495910645,0.7612044215202332,2,15,on,uo codcubennony
calib_04376,0.5967991948127747,0.3164898753166199,4,1,ueua,2
calib_04377,0.430564284324646,0.6669835448265076,1,12,m,gagepneauusi
calib_04378,0.6461014747619629,0.3776645362377167,6,4,gllamb,gomb
calib_04379,0.19259817898273468,0.6989842653274536,1,7,2,ppogama
calib_04380,0.7539007663726807,0.0,5,0,cymua,
calib_04381,0.2735491693019867,0.8524333238601685,2,7,te,nokynka
calib_04382,0.813277542591095,0.3832399547100067,8,2,nalyramb,oh
calib_04383,0.9555338025093079,0.7042624950408936,5,4,"uago,",ofom
calib_04384,0.3735383152961731,0.6238736510276794,7,9,nooVoon,Migoporoi
calib_04385,0.3775269389152527,0.5656477212905884,1,9,m,npullipua
calib_04386,0.8446037173271179,0.760567307472229,7,7,rronnsb,gauuals
calib_04387,0.8518493175506592,0.20757132768630981,2,2,HC,hr
calib_04388,0.5778003334999084,0.693253219127655,3,4,u44,22dr
calib_04389,0.9701401591300964,0.573309063911438,5,5,berep,405ng
calib_04390,0.49126309156417847,0.7286871671676636,10,10,nroardogon,nohepcoort
calib_04391,0.40651026368141174,0.7334789633750916,5,6,unbod,3aganb
calib_04392,0.6872759461402893,0.4358106851577759,5,4,MOMUD,Mmor
calib_04393,0.8414219617843628,0.5230042338371277,4,4,kpy2,2h/1
calib_04394,0.27870920300483704,0.5456893444061279,3,3,6vE,DnS
calib_04395,0.37645548582077026,0.6519635319709778,5,8,mobot,oupegele
calib_04396,0.6573247313499451,0.4070813059806824,9,4,ckaurpuol,sonr
calib_04397,0.5687201619148254,0.7981008291244507,3,4,nax,drou
calib_04398,0.6376686692237854,0.42461544275283813,7,7,uugnoeB,2aon6mm
calib_04399,0.6814036965370178,0.4310680627822876,6,2,npuuep,co
calib_04400,0.9420198202133179,0.1877976357936859,2,2,Ha,He
calib_04401,0.7384724617004395,0.4383653402328491,4,3,noso,SOW
calib_04402,0.5429401397705078,0.8433634638786316,9,10,50520/010,ckopoesedi
calib_04403,0.3502125144004822,0.4305644929409027,8,3,rmmmonor,nsk
calib_04404,0.7263116240501404,0.47356024384498596,6,5,buco7H,namng
calib_04405,0.38420212268829346,0.9345895648002625,8,10,PAHHHEHY,PA3HOLTHA9
calib_04406,0.15754839777946472,0.9041284322738647,1,19,N,DAHONAPAMETPUYECKOE
calib_04407,0.33932432532310486,0.8595905900001526,3,8,CTA,CETOUUAR
calib_04408,0.7879601716995239,0.36816683411598206,10,3,KooPAUMATA,HOO
calib_04409,0.8776007294654846,0.6204435229301453,4,4,drou,neLp
calib_04410,0.89717036485672,0.5773376226425171,5,5,twdon,nopMa
calib_04411,0.6910395622253418,0.2348700761795044,14,3,MpAMOYTOAGHUKE,HNU
calib_04412,0.9950534701347351,0.4635317921638489,5,4,CETOK,SELD
calib_04413,0.22402630746364594,0.9518939256668091,3,8,CEE,CEMEUCBO
calib_04414,0.7520381212234497,0.5001085996627808,8,7,npumepor,rdoundu
calib_04415,0.9098930954933167,0.8559452891349792,4,5,4ym6,auhin
calib_04416,0.4636918008327484,0.9586033821105957,5,5,SEEMA,CXEMA
calib_04417,0.656121015548706,0.40487173199653625,6,3,cxeueo,aro
calib_04418,0.7443203926086426,0.558967113494873,4,2,uyco,hm
calib_04419,0.9692768454551697,0.27189144492149353,9,4,HYMEPAYUS,uudn
calib_04420,0.6317630410194397,0.5711255669593811,5,3,bcall,nog
calib_04421,0.9976167678833008,0.469404399394989,5,4,CETKA,CETA
calib_04422,0.37032830715179443,0.43562379479408264,5,5,Ihomo,onyui
calib_04423,0.9663827419281006,0.29589441418647766,9,6,BEKTOPHAS,BEETAN
calib_04424,0.6994383931159973,0.6503242254257202,7,4,"zuaeel,",mmnE
calib_04425,0.2561756372451782,0.7209506630897522,4,7,ICon,CTOYUOM
calib_04426,0.2706742286682129,0.9053175449371338,4,8,HHAM,NAPAMETP
calib_04427,0.3397137224674225,0.9744716286659241,2,9,BR,YPABHEHUE
calib_04428,0.22557432949543,0.8395851254463196,3,8,KEN,ABUXEHUA
calib_04429,0.7450152039527893,0.5939515829086304,8,7,cumouunx,xemmoum
calib_04430,0.17361916601657867,0.7710533738136292,1,11,p,npommpaumba
calib_04431,0.264085054397583,0.6498351693153381,3,8,mug,cboumbAn
calib_04432,0.62774658203125,0.7648983597755432,7,9,ronvosg,bexgopuas
calib_04433,0.5043657422065735,0.26325780153274536,6,2,qUEiKA,Sn
calib_04434,0.8896002173423767,0.521766185760498,15,1,BENOMOTATEMONOU,B
calib_04435,0.8280789256095886,0.27045488357543945,12,4,POEKTUPOBALU,KMAU
calib_04436,0.9377283453941345,0.3078681230545044,11,8,PABHOMEPUA9,PARHOHAR
calib_04437,0.323936402797699,0.6158249974250793,5,10,moado,nOrPELMOCT
calib_04438,0.7235484719276428,0.9925529360771179,5,5,Uwdon,HOPMA
calib_04439,0.4954715371131897,0.8050225973129272,4,5,mhom,ymcye
calib_04440,0.33342331647872925,0.48274850845336914,5,5,Un6Z1,revmn
calib_04441,0.9998557567596436,0.6844483017921448,2,2,no,on
calib_04442,0.41904062032699585,0.706562876701355,7,5,mmaxovg,BOKEU
calib_04443,0.743632972240448,0.8263636827468872,5,5,Abuae,rongB
calib_04444,0.7920506000518799,0.2063228189945221,8,7,obnadnem,wweouso
calib_04445,0.7819648385047913,0.3066219985485077,8,3,PELIEUU9,EmE
calib_04446,0.33968013525009155,0.9131203293800354,4,13,MRAU,NDDEKTUPOBAVU
calib_04447,0.7584841847419739,0.3600917160511017,5,4,Cba3b,aEB9
calib_04448,0.7702085375785828,0.4452982246875763,6,3,HEABHA,GAM
calib_04449,0.6734323501586914,0.5817347168922424,8,8,BRODuOMM,mLoneoxg
calib_04450,0.4545723497867584,0.8000780344009399,10,11,VHXO 6HHAB,9BHA9 OXENA
calib_04451,0.4227678179740906,0.9309498071670532,5,5,CEENA,OXEMA
calib_04452,0.6941663026809692,0.4431654214859009,4,1,2904,n
calib_04453,0.22682040929794312,0.8683913350105286,8,7,RMUXOATR,YMNOKAT
calib_04454,0.754248321056366,0.28706008195877075,6,5,YrOnOK,SOVOJ
calib_04455,0.4407741129398346,0.49554529786109924,7,8,nonnoln,elToYUOU
calib_04456,0.6142510771751404,0.753635585308075,6,6,nugedu,npaBnu
calib_04457,0.529309093952179,0.6275229454040527,3,9,moE,3HAUQUUAM
calib_04458,0.6563754081726074,0.5617198348045349,4,7,mhxn,PYUKyUu
calib_04459,0.5431629419326782,0.9881235361099243,5,5,WOLOX,XOTUM
calib_04460,0.7240588068962097,0.5920585989952087,6,7,munnve,dAUUDMU
calib_04461,0.8831306099891663,0.6445072889328003,4,5,uamu,nwmon
calib_04462,0.8265234231948853,0.8908721208572388,4,5,inge,cobur
calib_04463,0.3697546124458313,0.9900830388069153,4,9,BEEE,YPABHEHUE
calib_04464,0.8491389155387878,0.3389650583267212,7,3,BEPXNUU,uxd
calib_04465,0.3257662355899811,0.6210325956344604,4,7,2aem,CBeCTUI
calib_04466,0.5427938103675842,0.8079049587249756,12,12,OJOHEUDADUTH,HEnpepnBHOrO
calib_04467,0.8246017694473267,0.2914636731147766,7,7,PEWENUS,GEEETER
calib_04468,0.8936685919761658,0.4405122697353363,6,6,OUUEKA,UManma
calib_04469,0.7098629474639893,0.6618519425392151,5,5,Syern,wrehg
calib_04470,0.5616278648376465,0.7885419130325317,5,5,oneou,MOXUO
calib_04471,0.8151335120201111,0.2569277286529541,13,5,PACeMAmpubAmb,aumad
calib_04472,0.46957841515541077,0.48570072650909424,8,8,abumEnus,tmnEmnge
calib_04473,0.9480244517326355,0.3891160488128662,6,6,HEABUA,HEEERR
calib_04474,0.9576483964920044,0.9046088457107544,4,4,nony,Rvou
calib_04475,0.6619335412979126,0.691366970539093,4,4,4UAU,hunh
calib_04476,0.5077561140060425,0.5536417961120605,7,9,tom/2r0,ckaUrpuos
calib_04477,0.6743704676628113,0.7760818600654602,6,6,nobyuo,onhgon
calib_04478,0.1916329562664032,0.9216540455818176,5,7,COEDa,TOBOPUT
calib_04479,0.9404463768005371,0.5540751814842224,8,7,oneparop,doLuduo
calib_04480,0.8845914602279663,0.4207468032836914,5,4,cerey,Paus
calib_04481,0.6836631298065186,0.6549267172813416,3,3,oue,7m0
calib_04482,0.7790237069129944,0.40469232201576233,7,6,pynkyus,entond
calib_04483,0.2975834310054779,0.7585543990135193,2,13,Ma,MOxDUTBEHHOIU
calib_04484,0.19546428322792053,0.9532642364501953,2,5,an,UUCTO
calib_04485,0.47075119614601135,0.6537969708442688,8,7,gomnwaue,MEMeumo
calib_04486,0.5950143337249756,0.6481972932815552,6,9,mrmind,pajuoiled
calib_04487,0.42427149415016174,0.6370911002159119,5,6,neken,KAXdDU
calib_04488,0.33164188265800476,0.6900894045829773,7,8,COTNONA,CETOYUAR
calib_04489,0.5833677649497986,0.9912055134773254,4,5,CELA,CETKA
calib_04490,0.8190672993659973,0.3049975037574768,12,7,npednonArAeM,wrouerd
calib_04491,0.9673660397529602,0.36097145080566406,3,3,BUA,Pnd
calib_04492,0.7187526226043701,0.5258705615997314,9,9,Bunonueno,OHoHVaUng
calib_04493,0.9332358837127686,0.6371731758117676,6,6,boupoe,pochog
calib_04494,0.3859717547893524,0.9333495497703552,6,11,CAMPAm,CTAHAAPTHOU
calib_04495,0.38286978006362915,0.6039626002311707,4,14,Havo,MpRMOYTOADHUKE
calib_04496,0.41285812854766846,0.8311890363693237,4,5,CLAL,TYCTO
calib_04497,0.44731375575065613,0.7966713309288025,3,3,ton,nou
calib_04498,0.8840514421463013,0.46412062644958496,5,5,DANEE,3av08
calib_04499,0.6221694350242615,0.7582798004150391,7,8,romnowa,Cemounoe
calib_04500,0.9505898356437683,0.5860857963562012,6,5,menepb,adrrm
calib_04501,0.44131922721862793,0.6377360820770264,7,11,humodut,AnpokuMAyur
calib_04502,0.28171485662460327,0.9989902377128601,1,1,A,A
calib_04503,0.5134608745574951,0.33281415700912476,8,6,BUAUCUMU,memune
calib_04504,0.7078214883804321,0.42178717255592346,11,5,be3YcnOBHA:,UOUEg
calib_04505,0.4444955885410309,0.47296956181526184,1,1,K,7
calib_04506,0.6120442152023315,0.6490217447280884,5,5,00990,054eN
calib_04507,0.7363592386245728,0.8076207637786865,8,8,romnours,Cemounal
calib_04508,0.6113300919532776,0.4368237555027008,6,6,zAdAua,tnveut
calib_04509,0.8222063183784485,0.3011336028575897,5,3,bexop,k5m
calib_04510,0.26979053020477295,0.886528491973877,2,6,ae,Pauome
calib_04511,0.6892787218093872,0.8027465343475342,4,6,mmox,Xomuer
calib_04512,0.45777785778045654,0.7461630702018738,2,6,mo,pyucye
calib_04513,0.7309538125991821,0.7889955639839172,7,7,mroumon,coumoem
calib_04514,0.559667706489563,0.5866115689277649,7,7,nonhasn,uTonuou
calib_04515,0.8136889338493347,0.5390470623970032,6,5,nopsua,ondov
calib_04516,0.44473695755004883,0.5863697528839111,3,8,omm,omo8paue
calib_04517,0.7677502632141113,0.940591037273407,3,3,eon,nod
calib_04518,0.6657365560531616,0.8263154625892639,8,7,nobopurs,andogon
calib_04519,0.7559509873390198,0.8686708211898804,4,5,Ameo,oduus
calib_04520,0.29371824860572815,0.8318943977355957,2,3,xn,tex
calib_04521,0.7399733066558838,0.13482755422592163,5,3,TOHKP,SNL
calib_04522,0.9326940178871155,0.9750771522521973,1,1,n,u
calib_04523,0.6404513120651245,0.4335523247718811,4,2,CXOA,Ox
calib_04524,0.4786641597747803,0.7786296010017395,8,13,MOVOJH M,HUXHUU YTONOK
calib_04525,0.5964833498001099,0.6326562166213989,7,7,mwwmmou,nOUUMAM
calib_04526,0.8748081922531128,0.5550646781921387,4,5,mehg,byder
calib_04527,0.6186755895614624,0.6181729435920715,4,8,gome,meueutob
calib_04528,0.31734615564346313,0.6767762303352356,5,5,54ngB,2BUA9
calib_04529,0.4367141127586365,0.882536768913269,5,5,SREMA,OXEMA
calib_04530,0.4341946840286255,0.7608574628829956,4,9,hnod,anponupyn
calib_04531,0.7913661003112793,0.3894338011741638,5,4,CReMA,Sw*A
calib_04532,0.8942914605140686,0.9592610001564026,3,3,o2h,uro
calib_04533,0.7298403978347778,0.31039878726005554,10,3,NOTPEWUOCO,MoE
calib_04534,0.28275051712989807,0.7874720692634583,4,5,UWAM,CKEMO
calib_04535,0.27439045906066895,0.8302341103553772,4,7,Bgag,yCAOBUE
calib_04536,0.2979520857334137,0.7663642764091492,5,7,3neon,YCnoBUE
calib_04537,0.712962806224823,0.6471912860870361,10,9,ABycnounoi,ronnouhet
calib_04538,0.3278290629386902,0.6334157586097717,8,10,mhumoduv,ANPOKeMAYU
calib_04539,0.32833465933799744,0.8196164965629578,6,6,HEAPAS,NEPBAX
calib_04540,0.3687252998352051,0.957533061504364,6,5,.BNPOA,POPMA
calib_04541,0.218360036611557,0.793448269367218,2,11,SH,KAUOUUECKAS
calib_04542,0.7983819246292114,0.6329275369644165,8,8,PABUOCUD,romongud
calib_04543,0.5231560468673706,0.7103298902511597,8,8,nonemuoo,wonmmhou
calib_04544,0.18350714445114136,0.785689115524292,2,10,EE,5e3yCnOBHO
calib_04545,0.44979536533355713,0.8031272888183594,4,7,HUAU,NPABNIU
calib_04546,0.6512037515640259,0.4488036334514618,10,9,undmorrsos,Tocuompum
calib_04547,0.7320731282234192,0.3000117540359497,13,4,AnpokeuMupYeT,LAaE
calib_04548,0.45194321870803833,0.7009314298629761,8,11,mhumnodo,anpoucuMAy.
calib_04549,0.6920289993286133,0.44464829564094543,3,2,ens,mm
calib_04550,0.8511718511581421,0.2318822592496872,5,3,exeMA,Ewo
calib_04551,0.7870878577232361,0.3898892402648926,3,2,gan,nb
calib_04552,0.5418195724487305,0.6942556500434875,10,9,Eepjenotur,rongonhrg
calib_04553,0.4042711853981018,0.6098035573959351,0,14,,bUbA neu muoms
calib_04554,0.6158647537231445,0.9301530122756958,4,2,tuco,mm
calib_04555,0.42758622765541077,0.6673487424850464,5,5,Hmtog,bepee
calib_04556,0.5046648383140564,0.7673600316047668,4,3,$ρ\g,bed
calib_04557,0.7670637369155884,0.43368083238601685,10,7,paccwspuer,adoorod
calib_04558,0.47332140803337097,0.6140441298484802,1,2,8,38
calib_04559,0.8420273065567017,0.537744402885437,5,2,peSep,oo
calib_04560,0.4835270941257477,0.47204673290252686,5,4,yiaui,monh
calib_04561,0.6505116820335388,0.45045801997184753,5,2,47049,$2
calib_04562,0.8055511713027954,0.0,11,0,Ducuperuaus,
calib_04563,0.7976344227790833,0.564108669757843,7,4,Kpubace,myma
calib_04564,0.7409448027610779,0.868361234664917,6,3,"ruceo,",'mm
calib_04565,0.6626490354537964,0.6131863594055176,4,4,xmmm,pmrx
calib_04566,0.4199982285499573,0.5147318243980408,7,3,Kouereo,mot
calib_04567,0.7759332656860352,0.5990923643112183,4,4,mehg,byde
calib_04568,0.29794538021087646,0.878757894039154,6,6,AAHAMG,AHANOR
calib_04569,0.4820793569087982,0.7218726277351379,2,5,0M,rucio
calib_04570,0.5627798438072205,0.6736423373222351,4,6,kqm4,Shubar
calib_04571,0.3046448826789856,0.8020240664482117,1,6,b,repber
calib_04572,0.7028475999832153,0.5692372918128967,7,6,oguoeey,Bronks
calib_04573,0.8891799449920654,0.48244768381118774,3,2,ybn,a9
calib_04574,0.6220448017120361,0.9699104428291321,4,1,Eecl,m
calib_04575,0.8596105575561523,0.6675611138343811,4,5,omot,kpowo
calib_04576,0.5371460318565369,0.6882812976837158,4,6,m2hr,cyraer
calib_04577,0.6736323237419128,0.3879774212837219,7,2,bropcer,√g
calib_04578,0.6292582750320435,0.4984678030014038,5,2,clyrt,52
calib_04579,0.6462348103523254,0.7300163507461548,10,10,norpemnoor,nsommrdiou
calib_04580,0.5685526728630066,0.47711730003356934,7,3,rmmiorg,bju
calib_04581,0.6347230076789856,0.48003295063972473,6,4,mekcic,nono
calib_04582,0.35454893112182617,0.7620024681091309,3,3,nn$,Tau
calib_04583,0.8220568895339966,0.3162970542907715,5,2,calla,cm
calib_04584,0.624871015548706,0.3647841215133667,8,5,Uurynyer,sothn
calib_04585,0.5340254306793213,0.5194867849349976,8,5,ereon2om,cOmer
calib_04586,0.7964296340942383,0.4497659206390381,6,4,copepy,B/bs
calib_04587,0.35421425104141235,0.790569007396698,4,6,6sho,Tayeca
calib_04588,0.21981102228164673,0.6843915581703186,2,7,16,CHHamur
calib_04589,0.45878320932388306,0.34629201889038086,4,8,6500,DrdAHIaO
calib_04590,0.23725084960460663,0.8450868725776672,3,12,Pue,paeunadnbams
calib_04591,0.5116448998451233,0.7533584833145142,7,7,nomedor,rcomorr
calib_04592,0.2620489299297333,0.587644100189209,2,5,po,TOYua
calib_04593,0.7792508602142334,0.469158798456192,8,6,onepatop,Lotor0
calib_04594,0.4011518359184265,0.7328966856002808,4,5,Dent,2nmre
calib_04595,0.3645334839820862,0.5793132781982422,5,9,mOOom,"CDHHDONA,"
calib_04596,0.4570053517818451,0.250428169965744,10,1,Moopauerto,D
calib_04597,0.8289397358894348,0.5288716554641724,10,9,ckopoesedi,50520/070
calib_04598,0.4669814705848694,0.2488030642271042,4,2,4ehw,Br
calib_04599,0.41117775440216064,0.5960274338722229,4,10,2oo/,Onpecrusor
calib_04600,0.33810263872146606,0.7040765881538391,4,12,6tos,orod pameuer
calib_04601,0.6924205422401428,0.7029415369033813,5,5,wrehs,SyBem
calib_04602,0.9049968719482422,0.7069234848022461,4,3,"uap,",Yom
calib_04603,0.5018084645271301,0.7873204946517944,6,5,31/0t0,epepa
calib_04604,0.6629119515419006,0.399709552526474,4,4,TOMM,mAos
calib_04605,0.4409249722957611,0.41792383790016174,7,3,suspely,yro
calib_04606,0.7915657758712769,0.2950620949268341,5,3,20020,22t
calib_04607,0.4767468571662903,0.0,7,0,"pyunor,",
calib_04608,0.6699134111404419,0.0,9,0,Kupobanup,
calib_04609,0.49281373620033264,0.6814834475517273,5,6,Toone,zedare
calib_04610,0.6498968601226807,0.47130775451660156,12,6,paocmoetuues,omoond
calib_04611,0.6992506384849548,0.782426118850708,6,6,"rndon,",'nopmn
calib_04612,0.6756094098091125,0.6810474395751953,6,7,Kngouk,ycnoBua
calib_04613,0.8631501197814941,0.6201298236846924,6,5,pazure,rmend
calib_04614,0.9150166511535645,0.17040812969207764,8,3,Kpeuenue,Pre
calib_04615,0.6388872265815735,0.42220503091812134,9,7,"Bodopdon,",mp ison
calib_04616,0.8118510246276855,0.3493760824203491,12,5,He cyuecmbym,weh a
calib_04617,0.11734186112880707,0.809360682964325,1,7,o,Cucmera
calib_04618,0.7995645999908447,0.0,16,0,yoce cobequubuce,
calib_04619,0.618979811668396,0.3724290430545807,10,0,Ho He Kiso,
calib_04620,0.4544365704059601,0.627012312412262,7,11,muronam,coucmba uam
calib_04621,0.5059038996696472,0.5636037588119507,11,10,gryrun sanu,mmom mmtr6
calib_04622,0.37148529291152954,0.3205902576446533,8,3,OozUAUNE,weg
calib_04623,0.7125999927520752,0.39530858397483826,9,6,ABmopckui,motoug
calib_04624,0.5243948101997375,0.6976714134216309,7,9,molougo,c almapan
calib_04625,0.15714837610721588,0.8761969208717346,1,7,m,Cyodoma
calib_04626,0.6675515174865723,0.8254610300064087,5,8,10084,18.00 Oa
calib_04627,0.37840592861175537,0.7646902203559875,9,17,em n rmoy,Dauero u rakunge.
calib_04628,0.5527878403663635,0.7235243320465088,8,9,momosmow,Mot canae
calib_04629,0.6389046311378479,0.5330933928489685,9,7,Cafor DDT,& imoty
calib_04630,0.4397312104701996,0.6287355422973633,2,9,oo,6 cmevark
calib_04631,0.43325045704841614,0.5592073798179626,6,13,mmgomg,Cbifgriobenin
calib_04632,0.41828644275665283,0.560747504234314,1,12,a,"I, Maxuarobe"
calib_04633,0.41069817543029785,0.64461350440979,5,6,nhoma,PYncyu
calib_04634,0.6572383046150208,0.7064131498336792,8,5,b cbegue,mrg g
calib_04635,0.12311641871929169,0.7375308275222778,1,20,o,c ponigeruen pedenra
calib_04636,0.7108571529388428,0.8617671728134155,9,11,hbor896t8,B 1968 r0gy
calib_04637,0.5249470472335815,0.7963159680366516,5,8,rmogo,x cbouee
calib_04638,0.7825860381126404,0.7922679781913757,10,11,mrrownbort,fogumetell.
calib_04639,0.7591573596000671,0.6871388554573059,19,18,C ceusesrl 1968roga,0802896t.J2gr5m0 J
calib_04640,0.7523229122161865,0.7003480195999146,8,10,mmwomnom,wameuamueu
calib_04641,0.4509536623954773,0.827842116355896,2,13,mo,meopemureenoi
calib_04642,0.7798692584037781,0.7047688961029053,15,11,5 cuseipe 19692,2696t rr5m9
calib_04643,0.46986252069473267,0.30350592732429504,9,5,c 3uAUemU,moene
calib_04644,0.7591453790664673,0.40498605370521545,16,9,repuampure crswo,ooneturot
calib_04645,0.6138971447944641,0.28508439660072327,9,2,amrapcyro,he
calib_04646,0.6381822228431702,0.6503861546516418,0,19,,gemckyte bocs neeyy
calib_04647,0.3039248585700989,0.5801486372947693,1,9,D,Cusana10.
calib_04648,0.7853438854217529,0.3265952169895172,15,3,Cmenaroba H. M.,n o
calib_04649,0.6094110012054443,0.2303890436887741,8,1,gernlras,s
calib_04650,0.5468340516090393,0.0,11,0,Ama uxeesea,
calib_04651,0.6225621700286865,0.7356871366500854,13,19,ohmh mmdoeoch,rponepueca yreouyso
calib_04652,0.5814250111579895,0.5340943336486816,9,5,spacmiryb,2Fmmh
calib_04653,0.6536135077476501,0.8307749032974243,7,7,emonual,ronnowm
calib_04654,0.7091375589370728,0.27588772773742676,20,6,ka tebmbe Rouoifrexb,georea
calib_04655,0.738723874092102,0.28565892577171326,14,8,unrepuer-pouge,3n06cnmm
calib_04656,0.9299196600914001,0.0,7,0,cecmpor,
calib_04657,0.2957382798194885,0.6413029432296753,5,9,soden,ropeperar
calib_04658,0.5019384622573853,0.605291485786438,8,10,sordy o8,Ze lperies
calib_04659,0.39611122012138367,0.21292869746685028,10,1,Oaponicacs,D
calib_04660,0.6533600091934204,0.5043749213218689,9,3,C pasomoi,mod
calib_04661,0.361894428730011,0.5563116073608398,4,10,memm,nocekuekee
calib_04662,0.18615511059761047,0.6365660429000854,5,7,wosoo,nocasaa
calib_04663,0.7750058174133301,0.2707754373550415,5,1,creny,P
calib_04664,0.4349721670150757,0.8958002924919128,4,4,cosl,8800
calib_04665,0.8219707012176514,0.33345332741737366,8,3,a macrie,meD
calib_04666,0.2172745019197464,0.75710129737854,3,9,oon,nouyrcena
calib_04667,0.0,0.4882843792438507,0,6,,yuy su
calib_04668,0.0,0.6686382293701172,0,14,,ycoepuerembobe
calib_04669,0.6083613038063049,0.6870196461677551,3,4,mgg,cbbu
calib_04670,0.4945187568664551,0.4535635709762573,3,4,oma,zuas
calib_04671,0.49521610140800476,0.8065770268440247,3,6,e 2,6 nepe
calib_04672,0.6452593803405762,0.658571183681488,6,6,wwospe,ndsoma
calib_04673,0.30259448289871216,0.6557507514953613,5,12,oogem,bounucorboea
calib_04674,0.5466616749763489,0.7343640327453613,4,8,onoe,DouagAns
calib_04675,0.6645922064781189,0.5785874128341675,4,2,rero,2n
calib_04676,0.0,0.44300204515457153,0,5,,ranab
calib_04677,0.22474735975265503,0.6037430763244629,1,8,o,zuoceues
calib_04678,0.38166284561157227,0.703883171081543,4,7,fuox,ep xapy
calib_04679,0.723678708076477,0.3818231225013733,7,4,genapot,goob
calib_04680,0.2960200905799866,0.414266973733902,6,7,X2mm0s,80ckset
calib_04681,0.397760272026062,0.7870914936065674,9,8,ppobapura,ondogoch
calib_04682,0.6425368189811707,0.905902624130249,8,8,gogoesoy,haxpobob
calib_04683,0.2581270933151245,0.5791272521018982,1,9,o,eupeiuoct
calib_04684,0.3949664831161499,0.5713130235671997,6,7,Sekpmi,cupcrox
calib_04685,0.4841102063655853,0.6652283072471619,7,7,2202105,Stokort
calib_04686,0.675785481929779,0.5875545144081116,10,10,pAguoumuyo,ormunontud
calib_04687,0.0,0.6988269090652466,0,10,,npimengite
calib_04688,0.0,0.5721065402030945,0,7,,sononie
calib_04689,0.5298334360122681,0.7823135256767273,6,6,CraodU,Npoe3d
calib_04690,0.677255392074585,0.5447559952735901,8,4,CyToynue,mhai
calib_04691,0.733607292175293,0.5183908939361572,6,7,pugyaT,2r0hbnd
calib_04692,0.7134926319122314,0.48023107647895813,10,8,Ppotubarue,2nrgnxoo
calib_04693,0.8162847757339478,0.2297697216272354,14,6,Munck -Mouukek,Womorr
calib_04694,0.47534435987472534,0.41441625356674194,8,8,on 2oege,2ord 2ua
calib_04695,0.5893835425376892,0.2216387689113617,6,5,SbeCTU,heagU
calib_04696,0.9975516200065613,0.5852174162864685,6,5,221000,o00rt
calib_04697,0.6914551854133606,0.7263593673706055,6,6,Yronok,YOVOJK
calib_04698,0.592049777507782,0.5730544328689575,8,7,83760121,TEIcre8
calib_04699,0.6538677215576172,0.6059877872467041,6,6,fysnei,ovstrd
calib_04700,0.29356497526168823,0.7386919260025024,5,8,nonng,Cbupcroi
calib_04701,0.6552521586418152,0.2820322811603546,7,3,Bogtiae,rbg
calib_04702,0.6582634449005127,0.36400195956230164,9,1,geberocer,g
calib_04703,0.6831063628196716,0.41067320108413696,13,7,sen. supertop,das mor
calib_04704,0.6044514775276184,0.4335559606552124,13,11,2Y Qnei) 2003,"2E FPOD ""BE"
calib_04705,0.5993757843971252,0.7892885208129883,6,6,nacudu,nPABRU
calib_04706,0.3878664970397949,0.6369936466217041,4,5,1oog,bopau
calib_04707,0.12069067358970642,0.5905965566635132,1,13,1,Jayenoba C.T.
calib_04708,0.43390125036239624,0.760330080986023,7,10,2hn0 80,Popg Porye
calib_04709,0.5724442005157471,0.5102112293243408,13,9,cgam rerkokou,nogo woon
calib_04710,0.7768158316612244,0.5045933127403259,11,10,Duor robous,smgol oong
calib_04711,0.7353110909461975,0.6255251169204712,5,5,mrghd,pyoce
calib_04712,0.679760754108429,0.8154177069664001,17,22,wrgh m-somongmoyo,abanusuov coc-ue. ybem
calib_04713,0.37588414549827576,0.7302821278572083,6,7,nnnxdg,BEPXHUU
calib_04714,0.5639281868934631,0.40547263622283936,11,6,Doraphb 300,a0 40p
calib_04715,0.49587422609329224,0.9309322237968445,5,6,wnoso,pasoum
calib_04716,0.3517681360244751,0.6758488416671753,1,16,P,Kphiluna dauaku.
calib_04717,0.5203244686126709,0.6822313666343689,9,10,pu ornoij,Cmero zoed
calib_04718,0.7806892395019531,0.2329849898815155,6,4,teapyu,mIen
calib_04719,0.6634921431541443,0.3696298599243164,9,6,recnaiono,omoomn
calib_04720,0.40559783577919006,0.3871218264102936,1,14,O,NoMa COnotO 5o
calib_04721,0.36790692806243896,0.7216724753379822,1,11,o,ua terenice
calib_04722,0.6759926676750183,0.39152732491493225,7,7,depopue,smordop
calib_04723,0.3450770676136017,0.6075161099433899,7,16,omonnon,Keuena zud. budr
calib_04724,0.27536067366600037,0.8309059143066406,2,13,TE,MOTPELUIHOCTG
calib_04725,0.27875450253486633,0.5615952014923096,3,7,ane,3k2unex
calib_04726,0.5100822448730469,0.6525084376335144,8,9,pockoomn,mMaronoon
calib_04727,0.3011506199836731,0.822787880897522,8,11,whunbomo,oucyncmbyem
calib_04728,0.8661947250366211,0.4851967394351959,9,6,22.09.167,91606b
calib_04729,0.0,0.5442231893539429,0,6,,ompusa
calib_04730,0.6887257695198059,0.23446956276893616,12,1,Ha vclleocee,o
calib_04731,0.5300589799880981,0.24409513175487518,7,4,uecctoe,uagn
calib_04732,0.25646886229515076,0.6933453679084778,4,6,oron,hucpue
calib_04733,0.24176017940044403,0.6890896558761597,1,7,1,Kpkbepi
calib_04734,0.5909129977226257,0.8945947885513306,9,10,ongonomou,nocmauobua
calib_04735,0.6565107703208923,0.6808056831359863,8,7,nJonoron,09100/4
calib_04736,0.6774110198020935,0.27713948488235474,9,2,onucanuee,Oe
calib_04737,0.8023491501808167,0.6427313089370728,8,8,nforoton,101000/4
calib_04738,0.5645572543144226,0.8259651064872742,6,7,D190/1,Cn/abka
calib_04739,0.8091375231742859,0.2132674753665924,7,2,pecenie,pe
calib_04740,0.8047984838485718,0.1755225658416748,10,3,pelceellle,pme
calib_04741,0.32843679189682007,0.6892193555831909,1,10,m,plebreccie
calib_04742,0.0,0.6564356088638306,0,10,,ybegseneee
calib_04743,0.8226237297058105,0.9126095771789551,6,6,ouusna,bngnmo
calib_04744,0.6881408095359802,0.5983888506889343,17,9,12 Centepa doo62.,29007  2%
calib_04745,0.0,0.6590747237205505,0,10,,Haranerury
calib_04746,0.9032478928565979,0.41386160254478455,12,6,Korrapeby Ab,gy brg
calib_04747,0.7034234404563904,0.5400183796882629,13,0,on Erepeber A,
calib_04748,0.4959685206413269,0.0,5,0,oubod,
calib_04749,0.30694302916526794,0.8868373036384583,3,9,bdo,no appecy
calib_04750,0.4297930598258972,0.6140549778938293,1,9,m,Bavebreue
calib_04751,0.34411683678627014,0.5000576376914978,4,14,Br u,neyung roconng
calib_04752,0.6047148704528809,0.4312039911746979,14,5,2 uron2018n0ge,810o6
calib_04753,0.7654255032539368,0.8405713438987732,5,4,naco.,0704
calib_04754,0.3656542897224426,0.6477511525154114,5,7,mke g,b orgen
calib_04755,0.4054875671863556,0.45433562994003296,4,8,smny,Pynouene
calib_04756,0.6542289853096008,0.3446715772151947,10,4,ne0 Poccea,m 2h
calib_04757,0.5153266787528992,0.518274188041687,0,16,,Hoeone rarepanal
calib_04758,0.5955209732055664,0.36935457587242126,9,1,b Kepeike,M
calib_04759,0.5766942501068115,0.5113356113433838,9,5,exuneinoe,rmmmn
calib_04760,0.3790973722934723,0.4934036135673523,3,8,mem,ChOrrlll
calib_04761,0.6711146235466003,0.9345856308937073,5,6,09604,130960
calib_04762,0.7693644762039185,0.7379823923110962,7,5,ZAdACUI,mueut
calib_04763,0.442155122756958,0.5809502601623535,4,19,e  g,Bhyrpu i conapyiens
calib_04764,0.5090118646621704,0.3092716932296753,13,2,pogpanae 1eoE,at
calib_04765,0.2950669229030609,0.708977997303009,3,11,tHh,Yoemno cnop
calib_04766,0.7237029671669006,0.0,11,0,ynatobornse,
calib_04767,0.0,0.6283713579177856,0,15,,nekycaure rpopy
calib_04768,0.40488559007644653,0.6370588541030884,7,16,o on oo,nononue ha crepo
calib_04769,0.35331887006759644,0.47919565439224243,1,8,m,ppjcrbed
calib_04770,0.6770026087760925,0.3966284692287445,15,1,Takne b nocotke,m
calib_04771,0.44992366433143616,0.3321987986564636,7,8,Dng eop,frde sng
calib_04772,0.25223609805107117,0.6536912322044373,1,6,s,zueeen
calib_04773,0.6895436644554138,0.8905918002128601,5,6,worgg,bbegen
calib_04774,0.538612961769104,0.5582937002182007,5,6,nanne,daunbe
calib_04775,0.5758274793624878,0.22911909222602844,5,1,tpeny,f
calib_04776,0.782065749168396,0.526218593120575,1,5,m,ppiuy
calib_04777,0.4211605489253998,0.33742478489875793,8,1,ueyeiepe,o
calib_04778,0.33957648277282715,0.7108390927314758,5,6,Smnol,Toonns
calib_04779,0.5455508828163147,0.4919736385345459,4,7,Proo,masynce
calib_04780,0.8679279685020447,0.9097957611083984,9,10,8108/90/0,2/06/2018.
calib_04781,0.3692539632320404,0.6041690111160278,4,9,dodo,Exopohy A
calib_04782,0.0,0.6545031070709229,0,16,,Eofoboi Anecanpe
calib_04783,0.0,0.7096152901649475,0,11,,Aecang fore
calib_04784,0.5801326036453247,0.7022730112075806,0,7,,Za feer
calib_04785,0.7356855869293213,0.26957380771636963,12,3,negaonreeroe,moo
calib_04786,0.8814708590507507,0.24973821640014648,15,5,TENNONPOBOAHOCU,MTda∃
calib_04787,0.40090304613113403,0.0,5,0,Mpore,
calib_04788,0.24948765337467194,0.561342179775238,1,8,b,Hainaees
calib_04789,0.48380327224731445,0.5002695918083191,1,8,0,brcoreii
calib_04790,0.7446640729904175,0.0,10,0,meopemreni,
calib_04791,0.4424830377101898,0.7056860327720642,5,9,mgbon,nogomobre
calib_04792,0.579179048538208,0.6540449857711792,2,8,sm,Pymtcens
calib_04793,0.6957585215568542,0.48838359117507935,14,8,no /yerauy erg,b tos on
calib_04794,0.34628376364707947,0.6393926739692688,13,20,ronbomgssborg,beaglréce eeenoguoej
calib_04795,0.4450698494911194,0.727789044380188,14,19,838523m0g06031,Npenogabarees tmees
calib_04796,0.6041983366012573,0.555650532245636,8,9,gmmmrbsh,Megecemet
calib_04797,0.38964399695396423,0.7042980790138245,10,16,mbngomborg,beageen taboigee
calib_04798,0.378842830657959,0.9631900787353516,4,9,BEUE,YPABUEHUE
calib_04799,0.38069790601730347,0.0,10,0,pasfasonry,
calib_04800,0.47042104601860046,0.6353816986083984,17,18,gem0m/og 222mnrnt,popeerro bopeanrob
calib_04801,0.6111250519752502,0.5932392477989197,3,5,oth,Ypoxa
calib_04802,0.0,0.603854775428772,0,8,,cnocoone
calib_04803,0.7132317423820496,0.6527907252311707,13,5,Thenee. H5 mm,uuskm
calib_04804,0.33363401889801025,0.7387693524360657,4,6,2m0n,noeeek
calib_04805,0.2892470061779022,0.2476980835199356,7,3,OnM9OON,nom
calib_04806,0.2951827049255371,0.8193119168281555,4,7,nago,onisope
calib_04807,0.3476617634296417,0.7711735963821411,3,14,s n,tno cogpneanus
calib_04808,0.23986907303333282,0.6213006377220154,3,6,mro,oyencA
calib_04809,0.6348055601119995,0.31899377703666687,9,7,Chosogreo,orb20g0
calib_04810,0.15351170301437378,0.6262220740318298,1,12,p,8 cobpemenox
calib_04811,0.0,0.6270299553871155,0,10,,congenijer
calib_04812,0.43828266859054565,0.6629546880722046,2,8,mg,zacherue
calib_04813,0.7782606482505798,0.33677560091018677,10,2,reeporonue,mo
calib_04814,0.6338074803352356,0.6873049139976501,1,4,m,hrmu
calib_04815,0.5879060626029968,0.19100956618785858,10,2,u bocnesre,sg
calib_04816,0.3859093189239502,0.7252597212791443,4,5,3025,yeeer
calib_04817,0.44825229048728943,0.602016031742096,6,7,206a12,leregoz
calib_04818,0.9841619729995728,0.42294684052467346,5,5,CXEMA,SMEMA
calib_04819,0.6324127912521362,0.4677782654762268,15,10,Ipecedir nogane,mobou comh
calib_04820,0.38911959528923035,0.8294987082481384,3,7,0on,yreskoo
calib_04821,0.6726682186126709,0.3656013309955597,9,7,hamepuala,brbmton
calib_04822,0.0,0.7461976408958435,0,10,,Cnygenimce
calib_04823,0.5634421110153198,0.5005719065666199,16,12,rea cboun ypocak,xoorth ag 22
calib_04824,0.5128763914108276,0.0,8,0,pauoba.e,
calib_04825,0.0,0.35898685455322266,0,5,,dnoyn
calib_04826,0.5429400205612183,0.49399200081825256,10,6,neeorhxeer,mmykou
calib_04827,0.4548051953315735,0.3956679403781891,8,3,U Moreon,r a
calib_04828,0.29182589054107666,0.3589497208595276,4,14,o ry,cxafosbacoc r2
calib_04829,0.6600505709648132,0.5871639847755432,5,6,mynmo,ouusin
calib_04830,0.5111522078514099,0.171827495098114,6,1,OnnDnn,D
calib_04831,0.4852178394794464,0.4011695683002472,6,0,K upay,
calib_04832,0.5729680061340332,0.1498354822397232,9,1,Konenante,r
calib_04833,0.3324590027332306,0.8110437989234924,4,9,moto,cmapaeace
calib_04834,0.5835345983505249,0.3729017674922943,15,2,Cosnnoern gemer,m0
calib_04835,0.789790689945221,0.5156218409538269,8,6,cosgaban,20g060
calib_04836,0.25537341833114624,0.6776894927024841,1,17,o,neeexoeouureexyro
calib_04837,0.6980175375938416,0.5367214679718018,12,4,Beceobe D.A.,HO o
calib_04838,0.7166959643363953,0.4069778323173523,10,1,rea cboeex,0
calib_04839,0.33696815371513367,0.7174510359764099,3,12,200,Beporcikoere
calib_04840,0.5385525822639465,0.6551640033721924,0,20,,Omnonenes e gemaleer
calib_04841,0.41759440302848816,0.567478358745575,6,9,orpots,Cupoctedr
calib_04842,0.5822314023971558,0.47305813431739807,0,16,,ra Dnote yfaneni
calib_04843,0.2268814593553543,0.65144282579422,3,9,mbo,cuapalacs
calib_04844,0.6866877675056458,0.3229486346244812,6,1,gimers,s
calib_04845,0.5341893434524536,0.5034854412078857,16,9,13080r2072706021,eeban nse
calib_04846,0.6454156041145325,0.5091919302940369,7,1,ux yenx,n
calib_04847,0.6980140805244446,0.6174538731575012,5,6,nnune,aunvvE
calib_04848,0.3142794072628021,0.6235711574554443,3,8,0U0,omellreo
calib_04849,0.7283375263214111,0.31399163603782654,17,1,Tiniboricicuseere,2
calib_04850,0.7274777889251709,0.5520672798156738,4,3,Ceob,gor
calib_04851,0.7168057560920715,0.38147252798080444,8,5,cypgteer,wmibh
calib_04852,0.5966797471046448,0.5079702138900757,11,6,H.C.Rfiltet,wihUSt
calib_04853,0.2969038188457489,0.45993572473526,2,9,or,tetiee mp
calib_04854,0.6989647746086121,0.43389105796813965,18,12,Aercanopobo Bumopa,bowang ogyer
calib_04855,0.7616621851921082,0.38251742720603943,12,3,Arameprebura,moo
calib_04856,0.4625663161277771,0.6061561703681946,10,18,bee rooghh,4ybauckad hecnydua
calib_04857,0.6716307401657104,0.5262134075164795,5,3,mocer,mom
calib_04858,0.7260361313819885,0.32455047965049744,13,5,Tempobor Dure,g pog
calib_04859,0.3213534355163574,0.2244333028793335,12,3,HESDecopCkic,Mdc
calib_04860,0.7203012704849243,0.9900804758071899,11,11,0110h90t168,89170640110
calib_04861,0.27425408363342285,0.8131768107414246,6,17,umuood,I/pouy omecereumt
calib_04862,0.6175363063812256,0.9215025901794434,12,14,200284052092,26.02.20181099
calib_04863,0.5512487888336182,0.8770430088043213,12,15,$b0r 2102108,20.11.2017 2039
calib_04864,0.6723753213882446,0.9218569993972778,13,15,sbor C100115r,15.11.2017 2039
calib_04865,0.8649440407752991,0.8040827512741089,15,14,06.11.2017 20g4,25022102 11.90
calib_04866,0.7605807781219482,0.9978090524673462,20,20,698766952087r210r884,18810121180226992869
calib_04867,0.6315897107124329,0.8576939702033997,6,5,"3uour,",'smon
calib_04868,0.9680121541023254,0.5833595991134644,21,20,188101211.71120969759,6986960211t747404884
calib_04869,0.9977933168411255,0.37036412954330444,20,20,18810121171115992242,1h7C66971rt1F3r01887
calib_04870,0.42978063225746155,0.5936542749404907,6,9,hmoby2,?.Mepeliy
calib_04871,0.9965006113052368,0.7598997354507446,20,19,18810121171106972617,t192£690r1trt10r887
calib_04872,0.7302700877189636,0.5268056988716125,13,9,8 chepu c mee,mw ntrg g
calib_04873,0.7474059462547302,0.48992472887039185,13,13,imo abmouauia,ormomouge oun
calib_04874,0.5175226926803589,0.6715181469917297,8,12,mrrbo br,Suug npogare
calib_04875,0.6942614912986755,0.7134237289428711,12,8,coparurernod,pommmoto
calib_04876,0.0,0.8278951644897461,0,15,,Tpanc TexCepouc
calib_04877,0.47263845801353455,0.10928814113140106,13,1,ra OcKo8areeE,M
calib_04878,0.5171986818313599,0.731499195098877,5,7,amshe,Pryenco
calib_04879,0.7132097482681274,0.30924972891807556,13,3,reauempererde,roo
calib_04880,0.7526177167892456,0.9992709159851074,10,10,00200008R8,8170000210
calib_04881,0.6820815205574036,0.6381526589393616,16,20,obntrot beounmr6,22 crma5p9 201720ga.
calib_04882,0.5789288878440857,0.5146416425704956,18,5,Iniarenrore senono,a mom
calib_04883,0.5707876086235046,0.6982577443122864,9,11,Amoh monb,geror npouy
calib_04884,0.6793220043182373,0.5052490830421448,10,10,Beprymo 49,bn nutndog
calib_04885,0.44389304518699646,0.704609215259552,11,10,go0greo10ry,Aexeandpod
calib_04886,0.7386205792427063,0.36133551597595215,12,4,Ahramousebur,mgou
calib_04887,0.9341553449630737,0.7932028770446777,20,20,908178/04750413/8063,E908/E1409th0/881806
calib_04888,0.6175652742385864,0.4436815679073334,7,2,Druener,my
calib_04889,0.3096036911010742,0.7363400459289551,1,8,o,SepJoure
calib_04890,0.9643446207046509,0.7601979970932007,20,20,30101810300000000609,60900000000001810/08
calib_04891,0.9123725891113281,0.7758550643920898,12,13,uH7707083893,E68E80L0tEHHM
calib_04892,0.8498491048812866,0.6643755435943604,14,12,KnD 212902001.,200206212007
calib_04893,0.5134952664375305,0.357255220413208,15,6,Sucucsndpo8 B..,p98emg
calib_04894,0.5333765149116516,0.7963473200798035,12,13,8 f gohnasha,DySenyob A. B
calib_04895,0.9127889275550842,0.9777734875679016,8,10,91088010,01.08.2016
calib_04896,0.7763198018074036,0.3225729763507843,12,6,"O1, 0S.2016.",M0Soi0
calib_04897,0.5742772817611694,0.7245711088180542,8,13,Mf gomgy,Kobavieb H.M.
calib_04898,0.3585599362850189,0.6758612394332886,6,10,mitidc,wdeptacyue
calib_04899,0.7840732336044312,0.9716150164604187,8,10,91078020,01.08.2016
calib_04900,0.24163222312927246,0.8167849183082581,2,14,JD,Cabrenco M. B.
calib_04901,0.6445512771606445,0.88530033826828,4,10,980t,01.08.2016
calib_04902,0.5415920615196228,0.34745797514915466,7,3,Inobnle,Dgo
calib_04903,0.7657737135887146,0.9579909443855286,8,10,910?8010,01.08.2016
calib_04904,0.7561543583869934,0.8154019117355347,12,14,21806 905802,H085p6 2011 2.
calib_04905,0.5123422741889954,0.7792931795120239,9,10,fo bgouag,Jonoba 5.f
calib_04906,0.42918914556503296,0.8700599670410156,4,9,J20W,0.08.2016
calib_04907,0.6476233005523682,0.3161202669143677,10,6,Ogua Teala,nons o
calib_04908,0.4226061701774597,0.8303743600845337,5,5,soous,cnoco
calib_04909,0.3378468155860901,0.6905695199966431,4,17,mgmv,6narerho/usensuse
calib_04910,0.38317975401878357,0.5836398601531982,6,15,noogmo,Denucoboi Drtre
calib_04911,0.6500765085220337,0.6862196922302246,10,5,Dbe Toceru,morai
calib_04912,0.6519445776939392,0.826656699180603,10,8,HemebeDel.,reogomff
calib_04913,0.48491597175598145,0.6121219396591187,6,12,E0d mm,Byeucku POSD
calib_04914,0.2460094541311264,0.8361154794692993,6,8,hessou,nacnopry
calib_04915,0.19529524445533752,0.6058357357978821,4,14,mxon,C Haxoncgennee
calib_04916,0.8491353988647461,0.7121968865394592,6,11,hmgorg,Bmuuob l.4.
calib_04917,0.9511337876319885,0.6139745712280273,7,5,8.05.10,OYSOH
calib_04918,0.7099899053573608,0.6812230944633484,11,12,UBaHOB UbaH,HO912 J0HOGN
calib_04919,0.4369804561138153,0.7302020788192749,6,11,roogto,Mayoubaemal
calib_04920,0.6877468228340149,0.8817776441574097,12,10,I F06F 80 62,29021901 6
calib_04921,0.6161250472068787,0.6276012063026428,3,5,Nyo,JeeKM
calib_04922,0.29032978415489197,0.3350045680999756,5,4,2RDm.,HOXn
calib_04923,0.591731607913971,0.47336265444755554,14,12,CHIIT: OHITUAG,BenisD UDuna
calib_04924,0.6872879266738892,0.5339336395263672,5,5,OBArC,J1820
calib_04925,0.2532406747341156,0.526233971118927,8,8,2osumuuu,N2mHNdO2
calib_04926,0.4401862621307373,0.3818369507789612,4,4,ome2,Hnia
calib_04927,0.0,0.6659038662910461,0,7,,UNOCDCU
calib_04928,0.8823748826980591,0.6406217217445374,7,7,OEMCHOM,HOHINSO
calib_04929,0.5821823477745056,0.9509415030479431,7,7,NOIHdUX,YTPATOU
calib_04930,0.5202426314353943,0.778653085231781,12,13,20 srmfrb TE,31 pefhaes-02
calib_04931,0.1891203075647354,0.7146259546279907,11,14,CDDWPoOoPoM,CHTOPOBONMAPUU
calib_04932,0.37764784693717957,0.8004027009010315,1,9,H,HBAHOBHBI
calib_04933,0.4590833783149719,0.707836925983429,5,12,IU gg,tpbaeba 1.Y.
calib_04934,0.7648191452026367,0.7219025492668152,13,13,Or-OrUHnHOVVn,YA.1HHA 10-10
calib_04935,0.520287036895752,0.8699398040771484,6,5,cursom,ueemo
calib_04936,0.7328066825866699,0.9948424696922302,4,4,YOt8,8701
calib_04937,0.4772302210330963,0.5667766332626343,6,5,99HETr,B3H56
calib_04938,0.5003406405448914,0.9812290072441101,6,10,f0022r,16.12.2002
calib_04939,0.6497615575790405,0.22728776931762695,18,12,yBI S.CbIRmbIBRaDA,GbRaaERaJTaR
calib_04940,0.989763617515564,0.4162713885307312,10,8,01.03.2006,90000010
calib_04941,0.900040864944458,0.2796146869659424,8,2,CHLOPOBA,PD
calib_04942,0.5902146100997925,0.41769158840179443,9,3,EOBAPHIII,MHE
calib_04943,0.23582401871681213,0.6339559555053711,2,8,Lr,KACCOBIU
calib_04944,0.9743298292160034,0.3570745587348938,10,8,02.03.2006,9007EO1O
calib_04945,0.41024911403656006,0.7128780484199524,3,12,DOM,Nesegeba Uot
calib_04946,0.5196736454963684,0.6926609873771667,6,9,msovgo,ebneeical
calib_04947,0.391191303730011,0.8996129035949707,8,10,9o0rE0t0,00.03.2006
calib_04948,0.7606666088104248,0.9960697889328003,3,4,70E,5704
calib_04949,0.7909796833992004,0.9990069270133972,6,6,000015,570000
calib_04950,0.8666514754295349,0.7685444355010986,11,11,Q5.04.19992,2b0br no's0
calib_04951,0.617189347743988,0.8350254893302917,9,17,04-hb 880,O8D Ungyemp: p-na
calib_04952,0.0,0.7208394408226013,0,7,,2.Depeu
calib_04953,0.6430683732032776,0.5128107070922852,6,4,epubac,6ogm
calib_04954,0.5311814546585083,0.7364307045936584,6,6,nosips,8d0801
calib_04955,0.6802235245704651,0.49402284622192383,16,16,Kos8p6 2012 209a,8002 7108 9dss0n
calib_04956,0.44855210185050964,0.9080855846405029,6,12,30 F80,03.11.20112.
calib_04957,0.6050008535385132,0.4112562835216522,15,6,elesneeba ell a,nm yss
calib_04958,0.9018468856811523,0.316156804561615,7,5,1knaceq,booom
calib_04959,0.4725956916809082,0.7177111506462097,6,12,",g b0""",02i9 Pocceen
calib_04960,0.27269047498703003,0.7534919381141663,4,18,or g,Mocuba Cuoneuckaep
calib_04961,0.40025678277015686,0.8976154923439026,6,7,oynoow,"Mockba,"
calib_04962,0.45211124420166016,0.6605448722839355,11,16,gonotsndode,npocpoin cponest
calib_04963,0.7856629490852356,0.5269896984100342,9,7,nperenzue,omemosh
calib_04964,0.5759968757629395,0.9704136848449707,2,3,og,lce
calib_04965,0.5865532755851746,0.5010210871696472,7,5,Apucena,ommmy
calib_04966,0.3935360312461853,0.7665408253669739,7,10,rog yoy,Tempob Wan
calib_04967,0.4932132959365845,0.717462956905365,8,9,890 nosg,Brpar DBD
calib_04968,0.9202942252159119,0.8907679319381714,13,9,28.09.2017 2.,2t1026088
calib_04969,0.6769013404846191,0.0,12,0,uy orgenenes,
calib_04970,0.8700949549674988,0.9344229698181152,7,6,"121095,",560121
calib_04971,0.548728883266449,0.6608138680458069,6,10,tomnom,Cuocencnar
calib_04972,0.7139055728912354,0.4418063461780548,15,14,Sttua onpabuena,Dmorgodiso mag
calib_04973,0.8859303593635559,0.2700837552547455,8,4,nocturka,bomo
calib_04974,0.8536898493766785,0.6913859248161316,5,3,revob,gon
calib_04975,0.8797796368598938,0.7458396553993225,7,6,cbeezer,sborgs
calib_04976,0.7337430715560913,0.8233152627944946,5,4,7/033,Ecop
calib_04977,0.848874568939209,0.2826232314109802,9,2,r. Kupoba,9/
calib_04978,0.581658661365509,0.5698456168174744,11,8,wmpe Toeire,mmo shim
calib_04979,0.37363237142562866,0.0,9,0,nocpennoE,
calib_04980,0.6338330507278442,0.6671914458274841,9,13,Hbog 1220,obun npobeger
calib_04981,0.4305139183998108,0.3328453004360199,5,3,apceu,Lgo
calib_04982,0.6530511379241943,0.7243111729621887,9,11,monumtmhy,npefeiumnot
calib_04983,0.3089539110660553,0.5158666968345642,6,8,nuorno,"asi0cms,"
calib_04984,0.2717297673225403,0.7108449339866638,5,9,sgom0,Oxmusopre
calib_04985,0.0,0.7227147221565247,0,7,,Hamaube
calib_04986,0.8717735409736633,0.5274916887283325,6,8,paiono,"8H10,009"
calib_04987,0.3517071008682251,0.18968334794044495,5,1,90rom,M
calib_04988,0.8064101934432983,0.0,4,0,Eeno,
calib_04989,0.20159024000167847,0.45581626892089844,2,4,22,Ouia
calib_04990,0.0,0.0,0,0,,
calib_04991,0.3709132671356201,0.5051559805870056,5,3,OBlLC,277
calib_04992,0.6932947635650635,0.5238713026046753,9,4,cpegemliz,symb
calib_04993,0.5610177516937256,0.3670772612094879,10,5,rpetegenue,omogr
calib_04994,0.4626190960407257,0.0,6,0,elpopm,
calib_04995,0.6777265071868896,0.3367094397544861,6,5,popuin,umyob
calib_04996,0.48543500900268555,0.0,6,0,iasion,
calib_04997,0.4457285702228546,0.747048556804657,7,10,omboghs,rpobogirea
calib_04998,0.8577224016189575,0.4659351408481598,8,0,gemeei K,
calib_04999,0.49044013023376465,0.5040851831436157,7,5,cpoDoeb,gumno
calib_05000,0.3666744828224182,0.6044191122055054,7,7,ilcbnoe,sogromm
calib_05001,0.4514632523059845,0.4054475426673889,7,4,mypuala,bomt
calib_05002,0.5241795182228088,0.23221929371356964,7,1,KounaHi,o
calib_05003,0.3740324378013611,0.8689079284667969,5,5,02000,moero
calib_05004,0.6239985823631287,0.32613611221313477,11,1,coeperanion,o
calib_05005,0.8166342973709106,0.418292373418808,8,7,orkagauo,onolono
calib_05006,0.5608152747154236,0.47601261734962463,12,8,gre ronocbas,aogo tub
calib_05007,0.4470699429512024,0.45583224296569824,7,1,bfoskof,o
calib_05008,0.4961421489715576,0.7063441276550293,8,6,o5veerre,015050
calib_05009,0.4459402859210968,0.48202213644981384,6,5,nns va,on 20
calib_05010,0.3432513475418091,0.8385981917381287,5,9,orbon,noggleere
calib_05011,0.7991014719009399,0.5665713548660278,10,8,ocbodogumt,mnbogogo
calib_05012,0.6505230665206909,0.8076034784317017,4,4,PYBD,G8hd
calib_05013,0.45172619819641113,0.4640301465988159,8,8,Ringeuer,ormmbony
calib_05014,0.4335096776485443,0.7059183120727539,1,9,m,Avaemacur
calib_05015,0.5311764478683472,0.6423339247703552,9,12,", wamoro""","""Nodor. Qp2"""
calib_05016,0.34183359146118164,0.7220550179481506,3,7,0e0,ka sage
calib_05017,0.32823362946510315,0.4921596646308899,1,7,o,aoxonpe
calib_05018,0.369960218667984,0.6077765822410583,8,12,2032 hbo,egny Trcilry
calib_05019,0.700733482837677,0.4958656132221222,16,0,Exene traromebre,
calib_05020,0.4794953167438507,0.3989783227443695,8,5,efyreses,smok0
calib_05021,0.6701006889343262,0.0,6,0,generi,
calib_05022,0.7915091514587402,0.49346432089805603,6,5,pauion,wormd
calib_05023,0.3741486072540283,0.7489522695541382,7,13,smgonou,nomanobuerus.
calib_05024,0.7207309007644653,0.30439862608909607,4,3,Neme,Taa
calib_05025,0.7989303469657898,0.402687132358551,7,3,co uroi,nom
calib_05026,0.6864405870437622,0.6477400064468384,10,12,2rgofmborg,Burgunupobuz
calib_05027,0.5087347030639648,0.31026485562324524,5,5,aauiy,SmOHo
calib_05028,0.2870175242424011,0.7195899486541748,4,9,souh,Mptymixae
calib_05029,0.588462769985199,0.3929169774055481,8,1,gh morre,e
calib_05030,0.7250076532363892,0.4614883065223694,7,5,gekaght,900mb
calib_05031,0.6378453373908997,0.4293753504753113,13,4,Ahencingjobno,ongo
calib_05032,0.28544238209724426,0.6010860204696655,3,10,ogo,Buagufohua
calib_05033,0.49839597940444946,0.7599259614944458,8,8,umgonogn,lbenobur
calib_05034,0.3468553423881531,0.0,5,0,Dgnon,
calib_05035,0.5412644147872925,0.2777637541294098,7,3,neean4e,tma
calib_05036,0.7546476721763611,0.3008987605571747,3,5,Saa,2nn0g
calib_05037,0.4860430955886841,0.4114697277545929,8,6,8 npuydo,mgphom
calib_05038,0.7986894845962524,0.5423768162727356,8,4,Merus om,wo s
calib_05039,0.46151846647262573,0.7444592118263245,5,11,0tn 2,2. Uprymera
calib_05040,0.8525862693786621,0.470725953578949,10,7,"Augpeebra,",ongoody
calib_05041,0.2774241268634796,0.8408010005950928,1,8,e,HOpebiea
calib_05042,0.5364599227905273,0.737454354763031,7,10,(osmgsb,gebenocro)
calib_05043,0.2916213274002075,0.758484423160553,3,11,BRE,BACHAbeOHYA
