image_id,p_x,p_rot
calib_00000,0.16971999406814575,0.8967000246047974
calib_00001,0.13712000846862793,0.8246999979019165
calib_00002,0.08522999286651611,0.5706700086593628
calib_00003,0.007359981536865234,0.10597002506256104
calib_00004,0.00279998779296875,0.02021998167037964
calib_00005,0.6461499929428101,0.01314997673034668
calib_00006,0.49066001176834106,0.9621999859809875
calib_00007,0.005190014839172363,0.025849997997283936
calib_00008,0.820360004901886,0.35843002796173096
calib_00009,0.9980400204658508,0.9996399879455566
calib_00010,0.5685799717903137,0.728950023651123
calib_00011,0.011170029640197754,0.01789999008178711
calib_00012,0.99617999792099,0.9094700217247009
calib_00013,0.9768999814987183,0.0037000179290771484
calib_00014,0.8858299851417542,0.7791399955749512
calib_00015,0.9988600015640259,1.0013580322265625e-05
calib_00016,0.005959987640380859,0.6664100289344788
calib_00017,0.9604899883270264,0.9924799799919128
calib_00018,2.9981136322021484e-05,0.9722200036048889
calib_00019,0.6103799939155579,0.00270998477935791
calib_00020,0.9825699925422668,0.9964699745178223
calib_00021,0.0017300248146057129,0.13273000717163086
calib_00022,0.0005499720573425293,0.12247002124786377
calib_00023,0.20993000268936157,0.0009300112724304199
calib_00024,0.9849299788475037,0.9964200258255005
calib_00025,0.015600025653839111,0.0007600188255310059
calib_00026,0.0005599856376647949,0.0
calib_00027,0.9760100245475769,0.6740000247955322
calib_00028,0.9854699969291687,0.6802899837493896
calib_00029,0.9629899859428406,0.24357002973556519
calib_00030,0.676289975643158,0.6101599931716919
calib_00031,0.7110599875450134,0.18717002868652344
calib_00032,0.8329700231552124,0.6494100093841553
calib_00033,0.002759993076324463,0.074180006980896
calib_00034,0.08477002382278442,0.1329200267791748
calib_00035,0.0012900233268737793,0.0025699734687805176
calib_00036,0.1293100118637085,0.15109002590179443
calib_00037,0.7560499906539917,0.9592599868774414
calib_00038,0.9997299909591675,3.999471664428711e-05
calib_00039,0.47070997953414917,0.5369200110435486
calib_00040,0.48657000064849854,0.6098200082778931
calib_00041,0.07679998874664307,0.029799997806549072
calib_00042,0.5797399878501892,0.532069981098175
calib_00043,0.9739300012588501,0.25832998752593994
calib_00044,0.12427997589111328,0.3845999836921692
calib_00045,0.05033999681472778,0.98676997423172
calib_00046,0.6675500273704529,0.7548900246620178
calib_00047,0.3808000087738037,0.010479986667633057
calib_00048,0.13178002834320068,0.7339400053024292
calib_00049,0.7450100183486938,0.8289099931716919
calib_00050,0.06433999538421631,0.8217599987983704
calib_00051,0.09302997589111328,0.09688001871109009
calib_00052,0.9823200106620789,0.007979989051818848
calib_00053,0.0,0.9736999869346619
calib_00054,0.002369999885559082,0.1099100112915039
calib_00055,0.006680011749267578,0.006449997425079346
calib_00056,0.010370016098022461,0.22131997346878052
calib_00057,0.9990900158882141,0.003750026226043701
calib_00058,0.004180014133453369,0.7303400039672852
calib_00059,0.24848997592926025,0.2031000256538391
calib_00060,0.7347000241279602,0.8373100161552429
calib_00061,0.0001099705696105957,0.9476400017738342
calib_00062,0.00023001432418823242,0.18671000003814697
calib_00063,0.26899999380111694,0.1008099913597107
calib_00064,0.9458900094032288,0.8067799806594849
calib_00065,0.004809975624084473,0.035740017890930176
calib_00066,0.8593900203704834,0.0153999924659729
calib_00067,0.4398699998855591,0.4528300166130066
calib_00068,0.8557900190353394,0.08323997259140015
calib_00069,0.029340028762817383,0.9501699805259705
calib_00070,2.002716064453125e-05,7.998943328857422e-05
calib_00071,0.6818400025367737,0.27851998805999756
calib_00072,0.8356900215148926,0.7753999829292297
calib_00073,0.04057002067565918,0.9775099754333496
calib_00074,0.14649999141693115,0.24671000242233276
calib_00075,0.3479499816894531,0.5456100106239319
calib_00076,0.10181999206542969,0.5869899988174438
calib_00077,0.2700999975204468,0.847790002822876
calib_00078,0.7367299795150757,0.0022100210189819336
calib_00079,0.003859996795654297,0.0009899735450744629
calib_00080,0.06022000312805176,0.9961900115013123
calib_00081,0.2766900062561035,0.001529991626739502
calib_00082,0.5802000164985657,0.33142000436782837
calib_00083,0.9888100028038025,0.12911999225616455
calib_00084,0.9980499744415283,0.9966700077056885
calib_00085,0.6059100031852722,0.4729999899864197
calib_00086,0.8629099726676941,0.44589000940322876
calib_00087,0.7742599844932556,0.7673199772834778
calib_00088,0.9995399713516235,0.00027000904083251953
calib_00089,0.8258000016212463,0.0019699931144714355
calib_00090,0.2560799717903137,0.08171999454498291
calib_00091,0.3873100280761719,0.7683799862861633
calib_00092,0.5061900019645691,0.9616199731826782
calib_00093,0.002160012722015381,0.0406000018119812
calib_00094,3.999471664428711e-05,0.9333400130271912
calib_00095,0.9981300234794617,0.9974499940872192
calib_00096,0.9999799728393555,0.9800900220870972
calib_00097,0.9882199764251709,0.9828299880027771
calib_00098,0.781499981880188,0.9768700003623962
calib_00099,0.5640400052070618,0.028880000114440918
calib_00100,0.485289990901947,0.6138499975204468
calib_00101,0.04510998725891113,0.7490599751472473
calib_00102,0.0033699870109558105,0.006229996681213379
calib_00103,6.99758529663086e-05,0.9399300217628479
calib_00104,0.15539997816085815,0.47325998544692993
calib_00105,0.0013300180435180664,0.8194900155067444
calib_00106,0.9981399774551392,0.9873600006103516
calib_00107,0.0020099878311157227,0.9843800067901611
calib_00108,0.8380100131034851,0.029510021209716797
calib_00109,0.6446700096130371,0.4148300290107727
calib_00110,0.07156002521514893,0.0015900135040283203
calib_00111,0.31689000129699707,0.3418999910354614
calib_00112,0.08386999368667603,0.015999972820281982
calib_00113,0.410040020942688,0.549310028553009
calib_00114,0.0002200007438659668,0.9394400119781494
calib_00115,0.0,0.9998300075531006
calib_00116,0.2625499963760376,0.19863998889923096
calib_00117,0.9999200105667114,0.99822998046875
calib_00118,0.013130009174346924,0.008710026741027832
calib_00119,0.7456499934196472,0.46369999647140503
calib_00120,0.8318600058555603,0.5225099921226501
calib_00121,0.00011998414993286133,0.04544997215270996
calib_00122,0.015559971332550049,0.05826002359390259
calib_00123,0.04168999195098877,0.9802899956703186
calib_00124,0.9995899796485901,1.0013580322265625e-05
calib_00125,0.5696200132369995,0.7253599762916565
calib_00126,0.28794997930526733,0.520579993724823
calib_00127,0.3214300274848938,0.7480199933052063
calib_00128,1.0013580322265625e-05,2.002716064453125e-05
calib_00129,0.486549973487854,0.7667099833488464
calib_00130,0.3393999934196472,0.5982999801635742
calib_00131,0.0011100172996520996,0.013880014419555664
calib_00132,0.9945499897003174,0.9996799826622009
calib_00133,0.4425399899482727,0.7782899737358093
calib_00134,0.0,0.9562900066375732
calib_00135,0.6604499816894531,0.9249699711799622
calib_00136,0.5235499739646912,0.9182299971580505
calib_00137,0.14235997200012207,0.02026998996734619
calib_00138,0.9817500114440918,0.9599499702453613
calib_00139,0.0850600004196167,0.9583399891853333
calib_00140,0.0007200241088867188,0.3975300192832947
calib_00141,0.5177299976348877,0.5425699949264526
calib_00142,0.5415800213813782,0.0011299848556518555
calib_00143,0.01230001449584961,0.9991899728775024
calib_00144,0.972350001335144,2.002716064453125e-05
calib_00145,0.9914799928665161,0.3324900269508362
calib_00146,0.40083998441696167,0.34564000368118286
calib_00147,0.21973997354507446,0.730650007724762
calib_00148,0.7233800292015076,0.7395200133323669
calib_00149,0.9481800198554993,0.003560006618499756
calib_00150,0.19999998807907104,0.29820001125335693
calib_00151,0.4022499918937683,0.26854997873306274
calib_00152,0.25151002407073975,0.6291599869728088
calib_00153,0.15464997291564941,0.20886999368667603
calib_00154,0.06647002696990967,0.0019199848175048828
calib_00155,0.5643799901008606,0.1337900161743164
calib_00156,0.4487000107765198,0.5762799978256226
calib_00157,0.9803799986839294,0.9822999835014343
calib_00158,0.7812700271606445,0.29523998498916626
calib_00159,0.28970998525619507,0.6738899946212769
calib_00160,0.4150199890136719,0.012070000171661377
calib_00161,0.047209978103637695,0.39232999086380005
calib_00162,0.9441099762916565,0.01576000452041626
calib_00163,0.13809001445770264,0.6695700287818909
calib_00164,0.03705000877380371,0.9446499943733215
calib_00165,0.8382899761199951,0.8703100085258484
calib_00166,0.03281998634338379,0.5661299824714661
calib_00167,0.9966800212860107,0.022339999675750732
calib_00168,0.1972600221633911,0.009670019149780273
calib_00169,0.9667500257492065,0.9995899796485901
calib_00170,0.015049993991851807,0.7176100015640259
calib_00171,0.9462699890136719,0.04376000165939331
calib_00172,0.032379984855651855,0.0013599991798400879
calib_00173,0.8009700179100037,0.7516099810600281
calib_00174,0.00718998908996582,0.008549988269805908
calib_00175,0.011740028858184814,0.9958199858665466
calib_00176,0.12897998094558716,0.047299981117248535
calib_00177,0.07059001922607422,0.0675399899482727
calib_00178,0.0017399787902832031,0.058510005474090576
calib_00179,0.042639970779418945,0.9175699949264526
calib_00180,0.01876002550125122,0.946940004825592
calib_00181,0.003019988536834717,0.3582000136375427
calib_00182,0.9993100166320801,0.9982500076293945
calib_00183,0.842960000038147,0.9830899834632874
calib_00184,0.6714299917221069,0.997160017490387
calib_00185,0.8698700070381165,0.9579799771308899
calib_00186,0.0020800232887268066,0.5001000165939331
calib_00187,0.11374002695083618,0.6054099798202515
calib_00188,0.9410600066184998,0.1426299810409546
calib_00189,0.9836999773979187,0.9577599763870239
calib_00190,0.1805400252342224,0.1042100191116333
calib_00191,0.7081000208854675,0.0004000067710876465
calib_00192,0.4407299757003784,0.5145699977874756
calib_00193,0.01883000135421753,0.11009001731872559
calib_00194,0.7958999872207642,0.47701001167297363
calib_00195,0.887690007686615,0.4083799719810486
calib_00196,0.6668800115585327,0.9957299828529358
calib_00197,0.0012500286102294922,0.000670015811920166
calib_00198,0.3742300271987915,0.8832799792289734
calib_00199,2.9981136322021484e-05,0.36646997928619385
calib_00200,0.5841000080108643,0.333079993724823
calib_00201,0.12269997596740723,0.16074001789093018
calib_00202,0.9081799983978271,0.6543099880218506
calib_00203,0.016700029373168945,0.04782998561859131
calib_00204,0.46806997060775757,0.04034000635147095
calib_00205,0.7238799929618835,0.914870023727417
calib_00206,0.3098199963569641,0.7356399893760681
calib_00207,0.1352900266647339,0.902239978313446
calib_00208,0.029519975185394287,0.02893000841140747
calib_00209,0.9994900226593018,0.9973099827766418
calib_00210,0.017979979515075684,0.001640021800994873
calib_00211,0.4483199715614319,0.4199399948120117
calib_00212,0.8026599884033203,0.9776099920272827
calib_00213,0.8013200163841248,0.2690899968147278
calib_00214,0.0015599727630615234,0.012589991092681885
calib_00215,0.9649099707603455,0.8962100148200989
calib_00216,0.0003399848937988281,0.713890016078949
calib_00217,0.23316997289657593,0.08886998891830444
calib_00218,0.3695499897003174,0.0420299768447876
calib_00219,0.02114999294281006,0.9803299903869629
calib_00220,0.0028799772262573242,2.9981136322021484e-05
calib_00221,0.9907900094985962,0.999970018863678
calib_00222,0.07986998558044434,0.007790029048919678
calib_00223,0.1176300048828125,0.00038999319076538086
calib_00224,0.37546002864837646,0.3384699821472168
calib_00225,0.3722100257873535,0.11913001537322998
calib_00226,0.004519999027252197,0.0003399848937988281
calib_00227,0.5172500014305115,0.7065600156784058
calib_00228,0.172510027885437,0.8072699904441833
calib_00229,0.11017000675201416,0.9159799814224243
calib_00230,0.0751199722290039,0.01662999391555786
calib_00231,0.9000700116157532,0.801110029220581
calib_00232,0.006959974765777588,0.010680019855499268
calib_00233,0.0364300012588501,0.2674400210380554
calib_00234,0.8510400056838989,0.10861998796463013
calib_00235,0.0073400139808654785,0.0005599856376647949
calib_00236,0.0008900165557861328,0.9976099729537964
calib_00237,0.004320025444030762,0.9999799728393555
calib_00238,0.002629995346069336,0.22269999980926514
calib_00239,0.24276000261306763,0.5392000079154968
calib_00240,0.5207399725914001,0.7372900247573853
calib_00241,0.00034999847412109375,0.9648299813270569
calib_00242,0.7796499729156494,0.48277002573013306
calib_00243,0.7831500172615051,0.9271100163459778
calib_00244,0.4435200095176697,0.5597400069236755
calib_00245,0.9779000282287598,0.08319997787475586
calib_00246,0.9513499736785889,0.9958400130271912
calib_00247,0.05065000057220459,0.7777400016784668
calib_00248,0.005469977855682373,0.0018600225448608398
calib_00249,0.5523200035095215,0.8128700256347656
calib_00250,0.010249972343444824,0.0011900067329406738
calib_00251,0.828249990940094,0.4056900143623352
calib_00252,0.0008199810981750488,0.5054799914360046
calib_00253,0.13008999824523926,0.47008001804351807
calib_00254,0.0025699734687805176,0.9980199933052063
calib_00255,0.12318998575210571,0.00027000904083251953
calib_00256,0.0009199976921081543,0.00015997886657714844
calib_00257,0.9533500075340271,0.03315997123718262
calib_00258,0.9797400236129761,0.9926599860191345
calib_00259,0.9713900089263916,0.960349977016449
calib_00260,0.9722999930381775,0.985319972038269
calib_00261,9.000301361083984e-05,0.9578800201416016
calib_00262,0.6368299722671509,0.9821599721908569
calib_00263,0.9863799810409546,0.9820200204849243
calib_00264,0.9842600226402283,0.9333599805831909
calib_00265,0.9917700290679932,0.9299600124359131
calib_00266,0.44221997261047363,0.2555699944496155
calib_00267,0.16038000583648682,0.20187997817993164
calib_00268,0.3995100259780884,0.8708599805831909
calib_00269,0.0026199817657470703,6.99758529663086e-05
calib_00270,0.0014899969100952148,0.03913998603820801
calib_00271,0.003809988498687744,0.004350006580352783
calib_00272,0.5876200199127197,0.9516500234603882
calib_00273,0.01744997501373291,0.9069300293922424
calib_00274,0.3617200255393982,0.027960002422332764
calib_00275,0.004559993743896484,0.0006600022315979004
calib_00276,0.025919973850250244,0.8079100251197815
calib_00277,0.5854899883270264,0.4495900273323059
calib_00278,0.07933002710342407,0.010569989681243896
calib_00279,0.8048999905586243,0.7261999845504761
calib_00280,0.8412399888038635,0.9932199716567993
calib_00281,2.002716064453125e-05,0.9957299828529358
calib_00282,0.6886199712753296,0.05220001935958862
calib_00283,0.9999399781227112,0.0
calib_00284,0.0007200241088867188,0.05128002166748047
calib_00285,0.004739999771118164,0.9827700257301331
calib_00286,0.9872599840164185,0.9704700112342834
calib_00287,9.000301361083984e-05,0.02661001682281494
calib_00288,0.00019997358322143555,0.0006899833679199219
calib_00289,0.10658997297286987,0.1197199821472168
calib_00290,0.9885900020599365,0.9689800143241882
calib_00291,0.30396002531051636,0.028490006923675537
calib_00292,6.002187728881836e-05,0.03949999809265137
calib_00293,0.0028200149536132812,0.6806399822235107
calib_00294,0.9933199882507324,0.9955899715423584
calib_00295,0.03158998489379883,0.2049499750137329
calib_00296,0.00523000955581665,0.0003600120544433594
calib_00297,0.010689973831176758,0.008949995040893555
calib_00298,0.00014001131057739258,0.9966099858283997
calib_00299,0.3190000057220459,0.12081998586654663
calib_00300,0.9999499917030334,0.014029979705810547
calib_00301,0.07740002870559692,0.5523499846458435
calib_00302,0.06738001108169556,0.7067499756813049
calib_00303,0.7589200139045715,0.21217000484466553
calib_00304,0.11048001050949097,0.91389000415802
calib_00305,7.998943328857422e-05,0.760860025882721
calib_00306,3.999471664428711e-05,2.002716064453125e-05
calib_00307,0.8635900020599365,0.4613400101661682
calib_00308,0.006730020046234131,0.0023999810218811035
calib_00309,0.9762499928474426,0.9668200016021729
calib_00310,0.9694600105285645,0.841480016708374
calib_00311,0.2620599865913391,0.989139974117279
calib_00312,0.2080100178718567,0.2808399796485901
calib_00313,0.036289989948272705,0.3618699908256531
calib_00314,0.008490025997161865,0.001600027084350586
calib_00315,2.9981136322021484e-05,0.4228900074958801
calib_00316,0.0002200007438659668,0.004260003566741943
calib_00317,0.3999900221824646,0.0
calib_00318,0.29531997442245483,0.015500009059906006
calib_00319,0.0018500089645385742,0.9838500022888184
calib_00320,0.00024002790451049805,0.009360015392303467
calib_00321,0.92153000831604,0.9988099932670593
calib_00322,0.36371999979019165,0.9833400249481201
calib_00323,0.922730028629303,0.0
calib_00324,0.9523800015449524,0.7308800220489502
calib_00325,0.04492002725601196,0.025399982929229736
calib_00326,0.6162899732589722,0.0036699771881103516
calib_00327,0.0027700066566467285,2.002716064453125e-05
calib_00328,0.18340998888015747,0.31160998344421387
calib_00329,0.9989200234413147,5.0008296966552734e-05
calib_00330,0.6216800212860107,0.29106998443603516
calib_00331,0.9611799716949463,0.6577399969100952
calib_00332,0.0013499855995178223,0.018159985542297363
calib_00333,0.5351099967956543,0.8054999709129333
calib_00334,0.013220012187957764,0.9641900062561035
calib_00335,0.0013499855995178223,0.07578998804092407
calib_00336,0.9902600049972534,0.9627199769020081
calib_00337,0.007330000400543213,0.06970000267028809
calib_00338,0.9979699850082397,6.002187728881836e-05
calib_00339,0.8112099766731262,0.5748400092124939
calib_00340,0.7021499872207642,0.7671800255775452
calib_00341,0.0005499720573425293,0.9995999932289124
calib_00342,0.061730027198791504,0.4024900197982788
calib_00343,0.20129001140594482,0.9399399757385254
calib_00344,0.8223699927330017,0.17283999919891357
calib_00345,0.9295300245285034,0.9896399974822998
calib_00346,0.6666200160980225,0.3787500262260437
calib_00347,0.0,0.0
calib_00348,0.8023999929428101,0.2753099799156189
calib_00349,0.7166399955749512,0.841920018196106
calib_00350,0.014240026473999023,0.44991999864578247
calib_00351,0.8807600140571594,0.4220700263977051
calib_00352,0.26152998208999634,0.7503899931907654
calib_00353,0.030920028686523438,0.03061002492904663
calib_00354,0.06575000286102295,0.00923001766204834
calib_00355,0.9936299920082092,0.00011998414993286133
calib_00356,0.0014399886131286621,0.0009499788284301758
calib_00357,0.0005499720573425293,0.33876001834869385
calib_00358,0.8098499774932861,0.1814500093460083
calib_00359,0.0,1.0
calib_00360,0.9007599949836731,0.24474000930786133
calib_00361,0.0004000067710876465,0.5531799793243408
calib_00362,0.0,0.9992300271987915
calib_00363,0.8849599957466125,0.6654000282287598
calib_00364,0.9345200061798096,0.9986100196838379
calib_00365,0.9789599776268005,0.9893800020217896
calib_00366,0.01924997568130493,0.08101999759674072
calib_00367,0.9503999948501587,0.3251799941062927
calib_00368,0.35048002004623413,0.7237300276756287
calib_00369,0.19178998470306396,0.8291000127792358
calib_00370,0.7439900040626526,0.019110023975372314
calib_00371,0.9665399789810181,0.036260008811950684
calib_00372,0.15136998891830444,0.42799997329711914
calib_00373,0.9492499828338623,0.03149998188018799
calib_00374,7.998943328857422e-05,0.0003399848937988281
calib_00375,0.8245900273323059,0.9899799823760986
calib_00376,0.7846699953079224,0.3235200047492981
calib_00377,0.6279100179672241,0.02324998378753662
calib_00378,0.9782699942588806,0.00027000904083251953
calib_00379,0.5738400220870972,0.6610299944877625
calib_00380,0.0001900196075439453,0.868619978427887
calib_00381,0.9688100218772888,0.6821200251579285
calib_00382,0.8805999755859375,0.00010001659393310547
calib_00383,0.5232800245285034,0.6935999989509583
calib_00384,0.9348700046539307,0.6992499828338623
calib_00385,0.6301299929618835,0.01831001043319702
calib_00386,0.311240017414093,0.023750007152557373
calib_00387,0.0006899833679199219,0.0012199878692626953
calib_00388,0.9873999953269958,0.021099984645843506
calib_00389,0.9670699834823608,0.07135999202728271
calib_00390,0.8720300197601318,0.281279981136322
calib_00391,0.0011299848556518555,0.0009499788284301758
calib_00392,0.993910014629364,0.9995099902153015
calib_00393,0.058879971504211426,0.7615500092506409
calib_00394,0.9066200256347656,0.675029993057251
calib_00395,0.23300999402999878,0.5966399908065796
calib_00396,0.0004400014877319336,0.00016999244689941406
calib_00397,0.33562999963760376,0.906029999256134
calib_00398,0.0006099939346313477,0.0009800195693969727
calib_00399,0.8650500178337097,0.3795199990272522
calib_00400,0.018689990043640137,0.9295899868011475
calib_00401,0.8605200052261353,0.2319200038909912
calib_00402,2.002716064453125e-05,0.31306999921798706
calib_00403,0.012719988822937012,0.0009400248527526855
calib_00404,0.857420027256012,0.4927399754524231
calib_00405,0.22288000583648682,0.652970016002655
calib_00406,0.7652900218963623,0.48655998706817627
calib_00407,0.994159996509552,0.0008800029754638672
calib_00408,0.6543999910354614,0.008189976215362549
calib_00409,0.999530017375946,0.005580008029937744
calib_00410,0.4009699821472168,0.5696600079536438
calib_00411,0.0002499818801879883,0.6785500049591064
calib_00412,0.8917199969291687,0.24169999361038208
calib_00413,0.0020499825477600098,0.005360007286071777
calib_00414,0.9875100255012512,0.9915000200271606
calib_00415,0.5344300270080566,0.041610002517700195
calib_00416,0.9221799969673157,0.9369300007820129
calib_00417,0.08925998210906982,0.9984899759292603
calib_00418,0.3721100091934204,0.5598400235176086
calib_00419,0.9497799873352051,0.9947500228881836
calib_00420,0.09836000204086304,0.0739399790763855
calib_00421,7.998943328857422e-05,0.00046002864837646484
calib_00422,0.05518001317977905,0.8182700276374817
calib_00423,0.1555200219154358,0.9251899719238281
calib_00424,0.9404600262641907,3.999471664428711e-05
calib_00425,0.987280011177063,0.9927700161933899
calib_00426,1.0013580322265625e-05,0.952180027961731
calib_00427,0.8439099788665771,0.15420001745224
calib_00428,9.000301361083984e-05,0.021870017051696777
calib_00429,5.0008296966552734e-05,0.9996600151062012
calib_00430,0.0010700225830078125,0.0021499991416931152
calib_00431,0.95319002866745,0.13186997175216675
calib_00432,0.7809799909591675,0.3436400294303894
calib_00433,6.002187728881836e-05,0.4596499800682068
calib_00434,0.2588300108909607,0.27597999572753906
calib_00435,0.37682002782821655,0.15070998668670654
calib_00436,0.005630016326904297,0.015290021896362305
calib_00437,0.7442200183868408,0.6019300222396851
calib_00438,0.079010009765625,0.44106000661849976
calib_00439,6.99758529663086e-05,0.002070009708404541
calib_00440,0.9621800184249878,0.29308998584747314
calib_00441,0.12461000680923462,0.9167699813842773
calib_00442,0.9118800163269043,0.921999990940094
calib_00443,0.3107900023460388,0.26749998331069946
calib_00444,0.9811099767684937,0.00028002262115478516
calib_00445,0.07564997673034668,0.04514002799987793
calib_00446,0.00019997358322143555,0.8062800168991089
calib_00447,0.4502900242805481,0.47016000747680664
calib_00448,0.8375399708747864,0.08449000120162964
calib_00449,0.011609971523284912,0.06775999069213867
calib_00450,0.9584500193595886,0.9930599927902222
calib_00451,0.9988700151443481,0.0001500248908996582
calib_00452,0.14486998319625854,0.15994000434875488
calib_00453,0.461139976978302,0.27959001064300537
calib_00454,0.024479985237121582,0.07030999660491943
calib_00455,0.00857001543045044,0.13823002576828003
calib_00456,0.33713001012802124,0.3118699789047241
calib_00457,0.5286700129508972,0.5642600059509277
calib_00458,0.00010001659393310547,0.9876700043678284
calib_00459,0.06827998161315918,0.5425699949264526
calib_00460,0.1933000087738037,0.9087700247764587
calib_00461,0.41895002126693726,0.5688599944114685
calib_00462,0.06602001190185547,0.9275400042533875
calib_00463,0.4494600296020508,0.017960011959075928
calib_00464,0.2763199806213379,0.49664998054504395
calib_00465,0.7327200174331665,0.5060799717903137
calib_00466,0.6677299737930298,0.2764599919319153
calib_00467,0.0016499757766723633,0.004559993743896484
calib_00468,0.9944700002670288,0.9396100044250488
calib_00469,0.6654000282287598,0.9195899963378906
calib_00470,0.01621001958847046,0.007200002670288086
calib_00471,0.9271199703216553,0.5489599704742432
calib_00472,0.7286900281906128,0.689079999923706
calib_00473,0.06409001350402832,0.024739980697631836
calib_00474,0.6854100227355957,0.2529199719429016
calib_00475,0.007290005683898926,0.020820021629333496
calib_00476,0.9998499751091003,0.6791399717330933
calib_00477,0.7628800272941589,0.7126799821853638
calib_00478,0.14459997415542603,0.612280011177063
calib_00479,0.01016002893447876,0.9998300075531006
calib_00480,0.9688299894332886,0.5795800089836121
calib_00481,0.9994500279426575,0.996150016784668
calib_00482,0.23711997270584106,0.09152001142501831
calib_00483,0.0017799735069274902,0.99617999792099
calib_00484,0.00023001432418823242,0.0001900196075439453
calib_00485,0.18004000186920166,0.021879971027374268
calib_00486,0.7103300094604492,0.35523998737335205
calib_00487,0.00031000375747680664,0.0003600120544433594
calib_00488,0.8225799798965454,0.02902001142501831
calib_00489,0.8311700224876404,0.9269000291824341
calib_00490,0.6893900036811829,0.5412499904632568
calib_00491,0.0021200180053710938,0.011070013046264648
calib_00492,0.0023099780082702637,0.9996299743652344
calib_00493,0.6368499994277954,0.7396299839019775
calib_00494,0.28355997800827026,0.00989997386932373
calib_00495,0.3531399965286255,0.02081000804901123
calib_00496,0.961870014667511,0.6581699848175049
calib_00497,0.08733999729156494,0.030009984970092773
calib_00498,0.5778399705886841,0.0004900097846984863
calib_00499,0.9642300009727478,0.976069986820221
calib_00500,0.9831799864768982,0.9082900285720825
calib_00501,0.9973800182342529,0.9988200068473816
calib_00502,0.9554499983787537,0.06001001596450806
calib_00503,0.24000000953674316,0.102649986743927
calib_00504,0.009169995784759521,0.006980001926422119
calib_00505,0.03440999984741211,0.28842997550964355
calib_00506,0.03670001029968262,0.9994999766349792
calib_00507,0.09569001197814941,0.45503002405166626
calib_00508,0.0001800060272216797,0.0008900165557861328
calib_00509,0.05651998519897461,0.026939988136291504
calib_00510,0.0,0.9995499849319458
calib_00511,9.000301361083984e-05,0.03279000520706177
calib_00512,0.005389988422393799,0.0006499886512756348
calib_00513,0.9643999934196472,0.891290009021759
calib_00514,0.5138800144195557,2.9981136322021484e-05
calib_00515,0.5026000142097473,0.47943997383117676
calib_00516,0.0003600120544433594,0.06415998935699463
calib_00517,0.8310099840164185,0.6974800229072571
calib_00518,0.005370020866394043,0.0033100247383117676
calib_00519,0.09193998575210571,0.9787200093269348
calib_00520,0.11848998069763184,0.9242500066757202
calib_00521,0.01759999990463257,0.999019980430603
calib_00522,0.015680015087127686,0.21482998132705688
calib_00523,0.10469001531600952,0.9582200050354004
calib_00524,0.00034999847412109375,0.0
calib_00525,0.30347001552581787,0.5689399838447571
calib_00526,0.06761997938156128,0.30646002292633057
calib_00527,0.025969982147216797,0.5577300190925598
calib_00528,0.4658300280570984,0.043290019035339355
calib_00529,0.9955599904060364,0.8431100249290466
calib_00530,0.005909979343414307,0.005990028381347656
calib_00531,0.2752699851989746,0.24921000003814697
calib_00532,0.7700999975204468,0.9231699705123901
calib_00533,0.594510018825531,0.7159900069236755
calib_00534,0.95524001121521,0.0
calib_00535,0.0020200014114379883,1.0013580322265625e-05
calib_00536,0.9793400168418884,0.8507099747657776
calib_00537,0.14247000217437744,0.36361002922058105
calib_00538,0.7555500268936157,0.6999099850654602
calib_00539,0.8548200130462646,0.9405999779701233
calib_00540,0.6488800048828125,0.8878600001335144
calib_00541,0.006449997425079346,0.22786998748779297
calib_00542,0.22474002838134766,0.011829972267150879
calib_00543,0.8870700001716614,0.001640021800994873
calib_00544,0.09200000762939453,0.022180020809173584
calib_00545,0.585669994354248,0.05799001455307007
calib_00546,6.002187728881836e-05,0.0019500255584716797
calib_00547,0.8975300192832947,0.008889973163604736
calib_00548,0.7483699917793274,0.0018500089645385742
calib_00549,0.000970005989074707,0.006550014019012451
calib_00550,0.09992998838424683,0.0011799931526184082
calib_00551,0.9662100076675415,0.003000020980834961
calib_00552,0.0010700225830078125,0.012430012226104736
calib_00553,0.0,0.999970018863678
calib_00554,0.986810028553009,0.5864400267601013
calib_00555,0.8687400221824646,0.09312999248504639
calib_00556,0.49835002422332764,0.22025001049041748
calib_00557,0.9745799899101257,0.9976800084114075
calib_00558,0.9217299818992615,0.7946299910545349
calib_00559,0.9998999834060669,0.015039980411529541
calib_00560,0.9996600151062012,0.001399993896484375
calib_00561,0.0014299750328063965,0.9977200031280518
calib_00562,0.03807997703552246,0.5779799818992615
calib_00563,0.9281600117683411,0.6771500110626221
calib_00564,0.9027100205421448,0.7493399977684021
calib_00565,0.9865999817848206,0.9955700039863586
calib_00566,0.9178699851036072,0.9854999780654907
calib_00567,0.9985299706459045,0.9656699895858765
calib_00568,0.8981000185012817,0.484470009803772
calib_00569,0.958549976348877,0.9808300137519836
calib_00570,0.9961299896240234,0.04075002670288086
calib_00571,0.4196699857711792,0.9492200016975403
calib_00572,0.029760003089904785,0.15236002206802368
calib_00573,0.4890199899673462,0.6643099784851074
calib_00574,0.6506699919700623,0.4708300232887268
calib_00575,0.9741399884223938,0.012179970741271973
calib_00576,0.5877500176429749,0.3603600263595581
calib_00577,0.9492400288581848,0.30400997400283813
calib_00578,0.9999899864196777,0.0049700140953063965
calib_00579,0.05708998441696167,0.11080002784729004
calib_00580,0.14406001567840576,0.4198300242424011
calib_00581,0.8754299879074097,0.11074000597000122
calib_00582,0.8481699824333191,0.014450013637542725
calib_00583,5.0008296966552734e-05,2.9981136322021484e-05
calib_00584,0.3881000280380249,0.0984799861907959
calib_00585,0.0006200075149536133,0.9983900189399719
calib_00586,0.8217800259590149,0.5452399849891663
calib_00587,0.6390299797058105,0.35673999786376953
calib_00588,0.20714998245239258,0.050000011920928955
calib_00589,0.012660026550292969,0.010179996490478516
calib_00590,0.36229997873306274,0.7587500214576721
calib_00591,0.9967399835586548,0.003340005874633789
calib_00592,0.007420003414154053,0.6710799932479858
calib_00593,0.274370014667511,0.3927599787712097
calib_00594,0.0030699968338012695,0.824180006980896
calib_00595,0.0678899884223938,0.9434499740600586
calib_00596,0.00016999244689941406,0.031019985675811768
calib_00597,0.12655001878738403,0.005710005760192871
calib_00598,0.2696800231933594,0.8844799995422363
calib_00599,0.9888899922370911,0.2563999891281128
calib_00600,0.9724000096321106,0.0001500248908996582
calib_00601,0.9710699915885925,0.6840699911117554
calib_00602,0.2430899739265442,0.2681400179862976
calib_00603,0.9561399817466736,0.9759899973869324
calib_00604,0.9246500134468079,0.8529899716377258
calib_00605,0.7247899770736694,0.2846199870109558
calib_00606,0.9975699782371521,0.006150007247924805
calib_00607,0.00012999773025512695,0.0014399886131286621
calib_00608,0.0104600191116333,0.033379971981048584
calib_00609,0.000729978084564209,0.0027499794960021973
calib_00610,0.44853001832962036,0.6159600019454956
calib_00611,0.593559980392456,0.612280011177063
calib_00612,0.5585799813270569,0.397599995136261
calib_00613,0.0,0.0027700066566467285
calib_00614,0.010140001773834229,0.1550999879837036
calib_00615,0.000670015811920166,0.41218000650405884
calib_00616,0.04724997282028198,0.03254997730255127
calib_00617,0.6717000007629395,0.7253400087356567
calib_00618,0.47523999214172363,0.006200015544891357
calib_00619,0.005039989948272705,0.0009099841117858887
calib_00620,0.9857500195503235,0.007780015468597412
calib_00621,0.817080020904541,0.2153499722480774
calib_00622,0.13391000032424927,0.14168000221252441
calib_00623,0.08152002096176147,0.08351999521255493
calib_00624,0.07150000333786011,0.8243200182914734
calib_00625,0.0017300248146057129,0.03336000442504883
calib_00626,0.29360002279281616,0.011640012264251709
calib_00627,2.9981136322021484e-05,0.0040400028228759766
calib_00628,0.8425099849700928,0.0414699912071228
calib_00629,0.9995200037956238,0.2882699966430664
calib_00630,0.48319000005722046,0.2357800006866455
calib_00631,0.9998199939727783,0.0001500248908996582
calib_00632,0.6192899942398071,0.8001099824905396
calib_00633,0.0002200007438659668,0.0045999884605407715
calib_00634,1.0013580322265625e-05,0.9991899728775024
calib_00635,0.5938599705696106,0.5282099843025208
calib_00636,0.22348999977111816,0.4334999918937683
calib_00637,0.35986000299453735,0.922510027885437
calib_00638,0.233240008354187,0.5489799976348877
calib_00639,0.00016999244689941406,7.998943328857422e-05
calib_00640,0.38662999868392944,0.8686000108718872
calib_00641,0.28390997648239136,0.465969979763031
calib_00642,0.962939977645874,0.955590009689331
calib_00643,0.01073002815246582,0.010420024394989014
calib_00644,0.1091499924659729,0.027849972248077393
calib_00645,0.008809983730316162,0.09890997409820557
calib_00646,0.6103799939155579,0.8172100186347961
calib_00647,0.00032001733779907227,5.0008296966552734e-05
calib_00648,0.0586400032043457,0.9999200105667114
calib_00649,0.9984099864959717,0.9126799702644348
calib_00650,0.002910017967224121,0.08608001470565796
calib_00651,0.5304499864578247,0.052619993686676025
calib_00652,0.6364799737930298,0.7733100056648254
calib_00653,0.00755000114440918,0.13188999891281128
calib_00654,0.4662100076675415,0.05017000436782837
calib_00655,0.9157400131225586,0.23891997337341309
calib_00656,0.01521998643875122,0.0014200210571289062
calib_00657,0.8285800218582153,0.013549983501434326
calib_00658,0.9996700286865234,0.49897998571395874
calib_00659,0.020020008087158203,0.11816000938415527
calib_00660,0.742330014705658,0.14946997165679932
calib_00661,0.9605699777603149,0.6930299997329712
calib_00662,0.5795199871063232,0.7120599746704102
calib_00663,0.1888899803161621,0.6138799786567688
calib_00664,0.004909992218017578,0.007139980792999268
calib_00665,0.6488800048828125,0.19722002744674683
calib_00666,5.0008296966552734e-05,0.1065099835395813
calib_00667,1.0013580322265625e-05,0.65065997838974
calib_00668,0.0019500255584716797,0.35255998373031616
calib_00669,0.9912400245666504,0.9996500015258789
calib_00670,0.9999799728393555,1.0013580322265625e-05
calib_00671,0.07795000076293945,0.0020200014114379883
calib_00672,0.0002200007438659668,0.9396899938583374
calib_00673,0.9946699738502502,0.001269996166229248
calib_00674,0.9997699856758118,0.0014899969100952148
calib_00675,0.06720000505447388,0.000299990177154541
calib_00676,0.526960015296936,0.8886799812316895
calib_00677,0.9964399933815002,0.007830023765563965
calib_00678,0.7802600264549255,0.4400100111961365
calib_00679,0.9863200187683105,0.059509992599487305
calib_00680,0.6807600259780884,0.69718998670578
calib_00681,0.4271100163459778,0.3464300036430359
calib_00682,0.8141999840736389,0.013589978218078613
calib_00683,0.8497700095176697,0.8342000246047974
calib_00684,0.9508299827575684,0.7905099987983704
calib_00685,0.9498900175094604,2.002716064453125e-05
calib_00686,0.27518999576568604,0.2270299792289734
calib_00687,0.5810999870300293,0.8556100130081177
calib_00688,0.015110015869140625,0.000370025634765625
calib_00689,0.8521599769592285,0.42118000984191895
calib_00690,2.002716064453125e-05,0.0004799962043762207
calib_00691,0.04003000259399414,0.07384002208709717
calib_00692,0.9894800186157227,0.0014200210571289062
calib_00693,0.06246000528335571,0.8911799788475037
calib_00694,0.15529000759124756,0.43775999546051025
calib_00695,0.3083999752998352,0.9879299998283386
calib_00696,0.007950007915496826,0.01241999864578247
calib_00697,0.5864400267601013,0.37814998626708984
calib_00698,1.0013580322265625e-05,0.25244998931884766
calib_00699,0.0008800029754638672,0.9354299902915955
calib_00700,0.8055400252342224,0.1982100009918213
calib_00701,0.10978001356124878,0.6277199983596802
calib_00702,0.8130800127983093,0.9928299784660339
calib_00703,0.11260002851486206,0.4269099831581116
calib_00704,0.0007399916648864746,0.04119998216629028
calib_00705,0.9808599948883057,0.9071699976921082
calib_00706,0.0018200278282165527,0.002839982509613037
calib_00707,2.002716064453125e-05,0.9996799826622009
calib_00708,0.004079997539520264,0.0030699968338012695
calib_00709,0.6304299831390381,0.8082799911499023
calib_00710,6.002187728881836e-05,0.5312700271606445
calib_00711,0.02610999345779419,0.9163399934768677
calib_00712,0.7434899806976318,0.0005900263786315918
calib_00713,0.00038999319076538086,0.00019997358322143555
calib_00714,0.5571900010108948,0.4581500291824341
calib_00715,0.0001099705696105957,0.008059978485107422
calib_00716,0.0004699826240539551,0.9038000106811523
calib_00717,0.427869975566864,0.998960018157959
calib_00718,0.6043800115585327,0.05118000507354736
calib_00719,0.4320399761199951,0.45451998710632324
calib_00720,0.0702199935913086,0.042819976806640625
calib_00721,0.028949975967407227,0.986739993095398
calib_00722,0.9983500242233276,0.22360998392105103
calib_00723,0.006449997425079346,0.8381800055503845
calib_00724,2.9981136322021484e-05,0.3014799952507019
calib_00725,0.962939977645874,0.857729971408844
calib_00726,0.9833400249481201,0.2823699712753296
calib_00727,0.747439980506897,0.9568899869918823
calib_00728,0.4147599935531616,0.16212999820709229
calib_00729,0.29688000679016113,0.03934001922607422
calib_00730,0.072409987449646,0.9520400166511536
calib_00731,0.0039299726486206055,0.9983400106430054
calib_00732,0.9794700145721436,0.9318699836730957
calib_00733,0.31944000720977783,0.9260500073432922
calib_00734,0.9096999764442444,0.8902300000190735
calib_00735,0.045069992542266846,0.0016099810600280762
calib_00736,0.8428900241851807,0.965470016002655
calib_00737,0.0017799735069274902,0.0010600090026855469
calib_00738,0.00016999244689941406,0.004519999027252197
calib_00739,0.9731600284576416,0.7210000157356262
calib_00740,0.04057997465133667,0.3223299980163574
calib_00741,0.5652499794960022,0.5741000175476074
calib_00742,0.9499800205230713,0.027230024337768555
calib_00743,0.22531002759933472,0.5534200072288513
calib_00744,0.9885600209236145,0.9299200177192688
calib_00745,0.00012999773025512695,0.9961900115013123
calib_00746,0.0001900196075439453,0.997439980506897
calib_00747,0.009130001068115234,0.012830018997192383
calib_00748,0.9069499969482422,0.40217000246047974
calib_00749,0.9918000102043152,0.018140017986297607
calib_00750,0.06015998125076294,0.4265400171279907
calib_00751,0.99440997838974,0.0
calib_00752,0.24804997444152832,0.17128002643585205
calib_00753,0.3868200182914734,0.00042998790740966797
calib_00754,0.9982900023460388,0.0010799765586853027
calib_00755,0.2592700123786926,0.6241899728775024
calib_00756,0.7261499762535095,0.005039989948272705
calib_00757,0.9999300241470337,0.30792999267578125
calib_00758,0.7842199802398682,0.03698998689651489
calib_00759,0.0440099835395813,0.47241997718811035
calib_00760,0.1090400218963623,0.1119999885559082
calib_00761,0.7109500169754028,0.3902900218963623
calib_00762,0.40671998262405396,0.08762001991271973
calib_00763,0.005909979343414307,0.9432100057601929
calib_00764,0.4477199912071228,0.37317997217178345
calib_00765,0.03384000062942505,0.9518899917602539
calib_00766,0.9886199831962585,0.9995099902153015
calib_00767,0.9118499755859375,0.5859799981117249
calib_00768,0.9675700068473816,0.10847997665405273
calib_00769,0.2278599739074707,0.3466699719429016
calib_00770,0.35742002725601196,0.5652999877929688
calib_00771,0.04220002889633179,0.6269800066947937
calib_00772,0.8496099710464478,0.6653199791908264
calib_00773,0.994700014591217,0.9881200194358826
calib_00774,0.020759999752044678,0.03579998016357422
calib_00775,0.8513299822807312,0.7115600109100342
calib_00776,0.0014899969100952148,0.6298800110816956
calib_00777,2.9981136322021484e-05,0.0001500248908996582
calib_00778,1.0013580322265625e-05,0.7069699764251709
calib_00779,0.3235200047492981,0.35878002643585205
calib_00780,0.6435800194740295,0.1566600203514099
calib_00781,0.07007002830505371,0.20996999740600586
calib_00782,0.9295499920845032,0.0
calib_00783,0.3567900061607361,0.16356998682022095
calib_00784,0.07279002666473389,0.0023199915885925293
calib_00785,0.0009400248527526855,0.0025600194931030273
calib_00786,0.2234399914741516,0.2813799977302551
calib_00787,0.45038002729415894,0.8180800080299377
calib_00788,0.011960029602050781,0.7475699782371521
calib_00789,0.12801998853683472,0.5781599879264832
calib_00790,0.9854300022125244,0.9795399904251099
calib_00791,0.00634002685546875,0.1434999704360962
calib_00792,0.9729499816894531,0.9213899970054626
calib_00793,0.10065001249313354,0.0003399848937988281
calib_00794,0.01137000322341919,0.15031999349594116
calib_00795,0.9053500294685364,0.535539984703064
calib_00796,0.004140019416809082,0.001470029354095459
calib_00797,0.263700008392334,0.4490000009536743
calib_00798,0.8238300085067749,0.07276999950408936
calib_00799,0.9672799706459045,0.9348599910736084
calib_00800,0.716159999370575,0.8845499753952026
calib_00801,0.9982100129127502,0.0033699870109558105
calib_00802,0.22088998556137085,0.882669985294342
calib_00803,0.04391998052597046,0.5049600005149841
calib_00804,0.001659989356994629,0.000970005989074707
calib_00805,0.5680599808692932,0.5779600143432617
calib_00806,0.10711997747421265,0.1303899884223938
calib_00807,0.984969973564148,0.7500900030136108
calib_00808,0.9697099924087524,0.004559993743896484
calib_00809,0.044049978256225586,0.18137997388839722
calib_00810,0.43323999643325806,0.002369999885559082
calib_00811,0.8585900068283081,0.9147999882698059
calib_00812,0.5034199953079224,0.6492999792098999
calib_00813,0.7742999792098999,0.6273800134658813
calib_00814,0.8969299793243408,0.871969997882843
calib_00815,0.0,0.0013800263404846191
calib_00816,0.4857100248336792,0.9340999722480774
calib_00817,0.9947500228881836,0.997439980506897
calib_00818,0.009280025959014893,0.9844499826431274
calib_00819,0.6461899876594543,0.23572999238967896
calib_00820,0.0023800134658813477,0.9995599985122681
calib_00821,0.004239976406097412,0.10373997688293457
calib_00822,0.26646000146865845,0.02872997522354126
calib_00823,0.050840020179748535,0.0001800060272216797
calib_00824,0.29864001274108887,0.20845001935958862
calib_00825,0.9796299934387207,0.0055999755859375
calib_00826,0.31119000911712646,0.6921300292015076
calib_00827,0.008050024509429932,0.015659987926483154
calib_00828,0.26586997509002686,0.7463799715042114
calib_00829,0.5015199780464172,0.21683001518249512
calib_00830,0.734969973564148,0.24185001850128174
calib_00831,0.9889600276947021,0.0
calib_00832,0.9073899984359741,2.002716064453125e-05
calib_00833,0.022570013999938965,0.965499997138977
calib_00834,0.08288002014160156,0.009159982204437256
calib_00835,0.005219995975494385,0.021610021591186523
calib_00836,0.003970026969909668,0.9959999918937683
calib_00837,0.0086899995803833,0.8653299808502197
calib_00838,0.3532400131225586,0.9403899908065796
calib_00839,0.00745999813079834,0.05913001298904419
calib_00840,0.03670001029968262,0.2712799906730652
calib_00841,0.9581699967384338,0.9950399994850159
calib_00842,0.995959997177124,0.0013599991798400879
calib_00843,0.005180001258850098,0.06884002685546875
calib_00844,0.0015500187873840332,0.767989993095398
calib_00845,0.0014500021934509277,0.0258600115776062
calib_00846,0.9602500200271606,6.99758529663086e-05
calib_00847,0.09202998876571655,0.26608002185821533
calib_00848,0.0014100074768066406,0.008099973201751709
calib_00849,0.8343499898910522,0.5690400004386902
calib_00850,0.9990900158882141,0.9757099747657776
calib_00851,0.9955899715423584,0.0025200247764587402
calib_00852,0.029190003871917725,0.04781001806259155
calib_00853,0.29975998401641846,0.8529099822044373
calib_00854,0.3462499976158142,0.4365299940109253
calib_00855,0.6972299814224243,0.010770022869110107
calib_00856,0.015929996967315674,0.02601999044418335
calib_00857,0.4249200224876404,0.7106299996376038
calib_00858,0.9995399713516235,0.999750018119812
calib_00859,0.15060001611709595,0.008490025997161865
calib_00860,0.703279972076416,0.05272001028060913
calib_00861,0.9620400071144104,0.9980700016021729
calib_00862,0.9761099815368652,0.9277399778366089
calib_00863,0.0005099773406982422,0.07767999172210693
calib_00864,0.3712199926376343,0.9569600224494934
calib_00865,0.5140699744224548,0.6682599782943726
calib_00866,0.0001900196075439453,0.009079992771148682
calib_00867,0.0013899803161621094,0.02556997537612915
calib_00868,0.013549983501434326,0.03152000904083252
calib_00869,0.3599500060081482,0.8052499890327454
calib_00870,0.9922800064086914,0.8712800145149231
calib_00871,0.8565800189971924,0.9994199872016907
calib_00872,0.027079999446868896,0.9925400018692017
calib_00873,0.7125599980354309,0.8688700199127197
calib_00874,0.321399986743927,0.5233399868011475
calib_00875,0.8968899846076965,0.4715999960899353
calib_00876,2.002716064453125e-05,0.9472399950027466
calib_00877,0.21254998445510864,0.4439700245857239
calib_00878,0.43125998973846436,0.6014299988746643
calib_00879,0.07011997699737549,0.8855199813842773
calib_00880,0.9923800230026245,0.9666100144386292
calib_00881,0.998199999332428,0.007160007953643799
calib_00882,0.04123997688293457,0.026480019092559814
calib_00883,0.7169399857521057,0.0027700066566467285
calib_00884,0.4589200019836426,0.005789995193481445
calib_00885,0.9701300263404846,0.9842299818992615
calib_00886,0.22338002920150757,0.0033100247383117676
calib_00887,0.31797999143600464,0.0008900165557861328
calib_00888,0.001900017261505127,0.9523100256919861
calib_00889,0.9934999942779541,0.0005499720573425293
calib_00890,0.6068199872970581,0.005039989948272705
calib_00891,0.9815700054168701,0.2699900269508362
calib_00892,0.001699984073638916,0.11031997203826904
calib_00893,0.022480010986328125,0.1470699906349182
calib_00894,0.5079799890518188,0.7234799861907959
calib_00895,0.0160599946975708,0.5694599747657776
calib_00896,0.3265100121498108,0.9746500253677368
calib_00897,0.8839200139045715,0.00010001659393310547
calib_00898,0.5937899947166443,0.8377199769020081
calib_00899,0.6022700071334839,0.9216700196266174
calib_00900,0.9952200055122375,0.00011998414993286133
calib_00901,0.5480800271034241,0.13779997825622559
calib_00902,0.9598100185394287,0.6688899993896484
calib_00903,0.9635099768638611,0.9729800224304199
calib_00904,0.9741600155830383,0.9629300236701965
calib_00905,0.24136000871658325,0.028050005435943604
calib_00906,0.0009800195693969727,0.013090014457702637
calib_00907,0.4708700180053711,0.3357999920845032
calib_00908,0.9197800159454346,0.9718800187110901
calib_00909,0.000729978084564209,0.020229995250701904
calib_00910,0.06226998567581177,0.4979400038719177
calib_00911,0.9271900057792664,0.38287997245788574
calib_00912,0.006200015544891357,0.0007200241088867188
calib_00913,0.9999799728393555,1.0013580322265625e-05
calib_00914,0.24282002449035645,0.8701800107955933
calib_00915,0.9656800031661987,0.9646999835968018
calib_00916,0.0002200007438659668,0.02731001377105713
calib_00917,0.6059799790382385,0.509909987449646
calib_00918,0.06086999177932739,0.05199998617172241
calib_00919,0.9995200037956238,0.6110100150108337
calib_00920,0.9061899781227112,0.653190016746521
calib_00921,0.00037997961044311523,0.009760022163391113
calib_00922,0.9186499714851379,0.9327800273895264
calib_00923,0.7933099865913391,0.5695400238037109
calib_00924,0.004400014877319336,0.0020599961280822754
calib_00925,0.295009970664978,0.07293999195098877
calib_00926,0.23690998554229736,0.1434900164604187
calib_00927,0.9074000120162964,0.0031099915504455566
calib_00928,0.3382599949836731,0.9985499978065491
calib_00929,0.016979992389678955,0.00457000732421875
calib_00930,0.9998400211334229,0.021870017051696777
calib_00931,0.9905800223350525,0.6985800266265869
calib_00932,0.06708002090454102,0.12825000286102295
calib_00933,2.9981136322021484e-05,0.0006499886512756348
calib_00934,0.0,0.9918100237846375
calib_00935,0.0013099908828735352,0.018480002880096436
calib_00936,0.9741899967193604,0.23926997184753418
calib_00937,0.999750018119812,1.0013580322265625e-05
calib_00938,0.5618799924850464,0.6216700077056885
calib_00939,0.11066997051239014,0.01942002773284912
calib_00940,0.00652998685836792,0.05014002323150635
calib_00941,0.03140002489089966,0.6040700078010559
calib_00942,0.030759990215301514,0.4749400019645691
calib_00943,0.26166999340057373,0.00011998414993286133
calib_00944,0.006150007247924805,0.9396499991416931
calib_00945,0.00016999244689941406,0.9974600076675415
calib_00946,0.3093699812889099,0.3788999915122986
calib_00947,0.706309974193573,0.4158700108528137
calib_00948,0.00023001432418823242,0.021700024604797363
calib_00949,0.9603099822998047,0.8311899900436401
calib_00950,0.9414799809455872,0.0013300180435180664
calib_00951,0.1743900179862976,0.7570599913597107
calib_00952,0.6833199858665466,0.9247900247573853
calib_00953,0.004719972610473633,0.9709699749946594
calib_00954,0.7206900119781494,0.5233299732208252
calib_00955,0.9864100217819214,0.8098800182342529
calib_00956,0.13270998001098633,0.9725300073623657
calib_00957,0.9412599802017212,0.007510006427764893
calib_00958,0.04483997821807861,0.034399986267089844
calib_00959,0.6766999959945679,0.2733299732208252
calib_00960,0.9928299784660339,0.9960500001907349
calib_00961,0.00010001659393310547,0.9945700168609619
calib_00962,0.0055999755859375,0.11755001544952393
calib_00963,2.002716064453125e-05,0.8033599853515625
calib_00964,0.9635599851608276,0.9140099883079529
calib_00965,0.0006099939346313477,1.0013580322265625e-05
calib_00966,0.7853900194168091,0.38460999727249146
calib_00967,0.99440997838974,0.9272000193595886
calib_00968,0.09302997589111328,0.5291500091552734
calib_00969,0.1937599778175354,0.8075000047683716
calib_00970,0.7831299901008606,0.0004500150680541992
calib_00971,0.525189995765686,0.11581999063491821
calib_00972,0.984529972076416,0.6861699819564819
calib_00973,0.004800021648406982,7.998943328857422e-05
calib_00974,0.9513800144195557,0.035740017890930176
calib_00975,0.0028600096702575684,0.02186000347137451
calib_00976,0.8294199705123901,0.6142200231552124
calib_00977,0.007889986038208008,0.9979599714279175
calib_00978,0.02129000425338745,0.02186000347137451
calib_00979,0.4564499855041504,0.26284998655319214
calib_00980,0.46654999256134033,0.01633000373840332
calib_00981,0.7208200097084045,0.004549980163574219
calib_00982,5.0008296966552734e-05,0.9632700085639954
calib_00983,0.993690013885498,0.9955599904060364
calib_00984,0.029120028018951416,0.7166100144386292
calib_00985,0.4696499705314636,0.988349974155426
calib_00986,0.856689989566803,1.0013580322265625e-05
calib_00987,0.06453001499176025,0.9258000254631042
calib_00988,0.9681500196456909,0.06090998649597168
calib_00989,0.22641998529434204,0.7432000041007996
calib_00990,0.000299990177154541,0.8475099802017212
calib_00991,0.6020200252532959,0.5841500163078308
calib_00992,0.899619996547699,0.6480399966239929
calib_00993,0.007019996643066406,0.06914001703262329
calib_00994,0.8604900240898132,0.0009499788284301758
calib_00995,0.9997100234031677,0.0
calib_00996,0.00186997652053833,0.04549002647399902
calib_00997,0.5682700276374817,0.12735998630523682
calib_00998,0.001990020275115967,0.0025500059127807617
calib_00999,0.298770010471344,0.7269399762153625
calib_01000,0.030920028686523438,0.03930997848510742
calib_01001,0.001600027084350586,2.002716064453125e-05
calib_01002,0.582319974899292,0.007910013198852539
calib_01003,0.8639199733734131,0.18150001764297485
calib_01004,0.13085001707077026,0.002960026264190674
calib_01005,0.8384100198745728,0.04172998666763306
calib_01006,0.6615399718284607,0.8892099857330322
calib_01007,0.6543200016021729,0.3131999969482422
calib_01008,0.4208199977874756,0.8347499966621399
calib_01009,0.013469994068145752,0.009109973907470703
calib_01010,0.38252997398376465,0.28873002529144287
calib_01011,0.001990020275115967,0.8526899814605713
calib_01012,0.12655001878738403,0.33327001333236694
calib_01013,0.752240002155304,0.24563997983932495
calib_01014,0.2901800274848938,0.8488600254058838
calib_01015,0.6504799723625183,0.9990299940109253
calib_01016,0.1508600115776062,0.018880009651184082
calib_01017,0.13033998012542725,0.07649999856948853
calib_01018,0.7268900275230408,0.028439998626708984
calib_01019,0.011089980602264404,0.004930019378662109
calib_01020,1.0013580322265625e-05,0.9857000112533569
calib_01021,0.00028002262115478516,1.0013580322265625e-05
calib_01022,0.9454900026321411,0.7597000002861023
calib_01023,0.6489400267601013,0.15710002183914185
calib_01024,0.9731600284576416,0.9942399859428406
calib_01025,0.7471799850463867,0.2569100260734558
calib_01026,0.7295299768447876,0.02959001064300537
calib_01027,0.6486600041389465,0.025510013103485107
calib_01028,0.005370020866394043,0.00186997652053833
calib_01029,0.11111998558044434,0.8708400130271912
calib_01030,0.032079994678497314,0.007830023765563965
calib_01031,0.2734299898147583,0.13270002603530884
calib_01032,0.4264799952507019,0.06111001968383789
calib_01033,0.5793799757957458,0.23100000619888306
calib_01034,0.45103001594543457,0.778980016708374
calib_01035,6.002187728881836e-05,1.0013580322265625e-05
calib_01036,0.000670015811920166,0.9983100295066833
calib_01037,0.5808299779891968,0.5793200135231018
calib_01038,0.9859499931335449,0.975350022315979
calib_01039,0.003509998321533203,0.06973999738693237
calib_01040,0.021799981594085693,0.006460011005401611
calib_01041,0.20250999927520752,0.5281299948692322
calib_01042,0.40143001079559326,0.359470009803772
calib_01043,0.7477800250053406,0.9241099953651428
calib_01044,0.0005499720573425293,0.999779999256134
calib_01045,0.002910017967224121,0.0030699968338012695
calib_01046,0.9969499707221985,0.9819899797439575
calib_01047,0.9712200164794922,0.21407997608184814
calib_01048,0.19652998447418213,0.4879400134086609
calib_01049,0.002590000629425049,0.0005099773406982422
calib_01050,0.009630024433135986,0.13335001468658447
calib_01051,0.00014001131057739258,7.998943328857422e-05
calib_01052,0.009150028228759766,0.9674999713897705
calib_01053,0.3518499732017517,0.6879600286483765
calib_01054,0.5316699743270874,0.7524700164794922
calib_01055,0.4423099756240845,0.9932500123977661
calib_01056,0.03684002161026001,0.9772400259971619
calib_01057,0.010370016098022461,0.04521000385284424
calib_01058,0.5841400027275085,0.61285001039505
calib_01059,0.7697499990463257,0.6022099852561951
calib_01060,0.0001099705696105957,5.0008296966552734e-05
calib_01061,0.012910008430480957,0.02379000186920166
calib_01062,0.3363500237464905,0.19168001413345337
calib_01063,0.3523399829864502,0.9623900055885315
calib_01064,0.0009899735450744629,0.9983800053596497
calib_01065,0.013019979000091553,0.000299990177154541
calib_01066,0.06914001703262329,0.0333399772644043
calib_01067,0.7216399908065796,0.5832300186157227
calib_01068,0.9675700068473816,0.9916800260543823
calib_01069,0.14012998342514038,0.01371997594833374
calib_01070,0.09722000360488892,0.0001500248908996582
calib_01071,0.9528399705886841,0.002290010452270508
calib_01072,0.023209989070892334,0.0055699944496154785
calib_01073,0.12550002336502075,0.9497100114822388
calib_01074,0.6126000285148621,0.010599970817565918
calib_01075,0.22811001539230347,0.8901100158691406
calib_01076,0.13370001316070557,0.08609998226165771
calib_01077,0.07629001140594482,0.708109974861145
calib_01078,0.325439989566803,0.12334001064300537
calib_01079,0.061370015144348145,0.03137999773025513
calib_01080,0.5551300048828125,0.9798399806022644
calib_01081,0.7430599927902222,0.5766599774360657
calib_01082,0.9959499835968018,0.9898200035095215
calib_01083,0.8417500257492065,0.8930699825286865
calib_01084,0.7427700161933899,0.4746999740600586
calib_01085,0.30712002515792847,0.006009995937347412
calib_01086,0.9996399879455566,0.9996799826622009
calib_01087,0.06980997323989868,0.7858499884605408
calib_01088,0.45048999786376953,0.6223499774932861
calib_01089,0.07753998041152954,0.010760009288787842
calib_01090,0.9103800058364868,0.8397700190544128
calib_01091,0.9965100288391113,0.9988499879837036
calib_01092,0.5512300133705139,0.6577900052070618
calib_01093,0.44857001304626465,0.4461600184440613
calib_01094,0.015150010585784912,0.35579001903533936
calib_01095,0.8562099933624268,0.47026002407073975
calib_01096,0.16645997762680054,0.03838002681732178
calib_01097,0.8938900232315063,0.3393700122833252
calib_01098,0.0009899735450744629,0.44446998834609985
calib_01099,0.09815001487731934,0.7758299708366394
calib_01100,0.31657999753952026,0.11790001392364502
calib_01101,0.7008600234985352,0.3167399764060974
calib_01102,0.02381998300552368,0.024020016193389893
calib_01103,0.00532001256942749,0.006060004234313965
calib_01104,0.49493998289108276,0.7778199911117554
calib_01105,0.9975100159645081,0.9989799857139587
calib_01106,0.9133800268173218,0.7828999757766724
calib_01107,0.15397000312805176,0.6227499842643738
calib_01108,0.7044000029563904,0.7727800011634827
calib_01109,0.038900017738342285,0.007219970226287842
calib_01110,0.05747997760772705,0.0037900209426879883
calib_01111,0.9287400245666504,0.3734700083732605
calib_01112,0.255810022354126,0.04273998737335205
calib_01113,0.931689977645874,0.5542899966239929
calib_01114,0.49058997631073,0.5284900069236755
calib_01115,0.30375999212265015,0.1286100149154663
calib_01116,0.19371002912521362,0.1283699870109558
calib_01117,0.6772300004959106,0.2777400016784668
calib_01118,0.9997000098228455,0.0011199712753295898
calib_01119,0.009379982948303223,0.977150022983551
calib_01120,0.04566001892089844,0.029990017414093018
calib_01121,0.35781997442245483,0.8659700155258179
calib_01122,0.021790027618408203,0.02502000331878662
calib_01123,0.9182199835777283,0.005050003528594971
calib_01124,6.002187728881836e-05,0.2823200225830078
calib_01125,0.18949002027511597,0.19905000925064087
calib_01126,1.0013580322265625e-05,0.35057997703552246
calib_01127,0.05768001079559326,0.15429997444152832
calib_01128,0.7722600102424622,0.19950002431869507
calib_01129,0.022710025310516357,0.6014000177383423
calib_01130,0.0023199915885925293,0.0014299750328063965
calib_01131,0.9987300038337708,0.9988300204277039
calib_01132,0.9837700128555298,0.9363300204277039
calib_01133,0.0004699826240539551,0.015890002250671387
calib_01134,0.00019997358322143555,0.9673699736595154
calib_01135,0.5547699928283691,0.9350600242614746
calib_01136,0.7845100164413452,0.8426200151443481
calib_01137,0.9867600202560425,0.8087000250816345
calib_01138,0.1403999924659729,0.32371997833251953
calib_01139,0.9615100026130676,0.9689800143241882
calib_01140,0.9923200011253357,0.7479299902915955
calib_01141,0.8726599812507629,0.9018300175666809
calib_01142,0.0016300082206726074,0.9980199933052063
calib_01143,0.7758499979972839,0.02658998966217041
calib_01144,0.0007399916648864746,0.9998199939727783
calib_01145,0.24119001626968384,0.34004998207092285
calib_01146,0.3398900032043457,0.7269899845123291
calib_01147,0.1495400071144104,0.5906999707221985
calib_01148,0.0010899901390075684,0.988510012626648
calib_01149,0.20247000455856323,0.8726400136947632
calib_01150,0.5566800236701965,0.6495199799537659
calib_01151,0.0,0.9976000189781189
calib_01152,0.012610018253326416,0.18304002285003662
calib_01153,0.013189971446990967,0.003189980983734131
calib_01154,0.6150699853897095,0.38305002450942993
calib_01155,0.9128000140190125,0.017490029335021973
calib_01156,0.005540013313293457,0.22022002935409546
calib_01157,5.0008296966552734e-05,0.941789984703064
calib_01158,0.20559000968933105,0.16012001037597656
calib_01159,0.31053000688552856,0.26899999380111694
calib_01160,0.000729978084564209,0.00037997961044311523
calib_01161,0.10658001899719238,0.016200006008148193
calib_01162,0.7982400059700012,0.3813599944114685
calib_01163,2.9981136322021484e-05,0.999530017375946
calib_01164,0.0663599967956543,0.969980001449585
calib_01165,0.7135400176048279,0.4153599739074707
calib_01166,0.13196998834609985,0.19463002681732178
calib_01167,0.0020099878311157227,0.8551499843597412
calib_01168,0.050360023975372314,0.323140025138855
calib_01169,0.11584001779556274,0.23701000213623047
calib_01170,0.0672299861907959,0.26107001304626465
calib_01171,0.000599980354309082,0.9998599886894226
calib_01172,0.40456002950668335,0.09078001976013184
calib_01173,0.13823002576828003,0.029259979724884033
calib_01174,0.0,0.9955400228500366
calib_01175,0.0011100172996520996,0.9890199899673462
calib_01176,9.000301361083984e-05,0.050840020179748535
calib_01177,0.8554199934005737,0.2653300166130066
calib_01178,0.9827200174331665,0.9806100130081177
calib_01179,0.006460011005401611,0.07542002201080322
calib_01180,0.3032199740409851,0.6273800134658813
calib_01181,0.004180014133453369,0.003970026969909668
calib_01182,0.04607999324798584,0.8207600116729736
calib_01183,0.29729002714157104,0.9494799971580505
calib_01184,0.9940500259399414,0.9966899752616882
calib_01185,0.3764200210571289,0.5081899762153625
calib_01186,0.0002499818801879883,0.0004500150680541992
calib_01187,0.0002899765968322754,0.01305001974105835
calib_01188,0.17350000143051147,0.27837997674942017
calib_01189,0.996399998664856,0.34210002422332764
calib_01190,0.0008699893951416016,0.10648000240325928
calib_01191,0.039830029010772705,0.42640000581741333
calib_01192,0.906790018081665,0.057439982891082764
calib_01193,0.698930025100708,0.49825000762939453
calib_01194,6.99758529663086e-05,0.0
calib_01195,0.00028002262115478516,0.6976000070571899
calib_01196,0.6917999982833862,0.0004400014877319336
calib_01197,0.9377899765968323,0.005710005760192871
calib_01198,0.09014999866485596,0.3735499978065491
calib_01199,1.0,3.999471664428711e-05
calib_01200,0.8623999953269958,0.9780899882316589
calib_01201,0.010580003261566162,2.002716064453125e-05
calib_01202,0.7622799873352051,0.4844599962234497
calib_01203,0.0709800124168396,2.002716064453125e-05
calib_01204,0.4432399868965149,0.9312000274658203
calib_01205,0.10711997747421265,0.3548700213432312
calib_01206,0.9979199767112732,0.005620002746582031
calib_01207,0.9989100098609924,0.1483299732208252
calib_01208,0.19797998666763306,0.05070000886917114
calib_01209,0.7166799902915955,0.9635599851608276
calib_01210,0.9883400201797485,0.2944899797439575
calib_01211,0.023180007934570312,0.00046002864837646484
calib_01212,0.47986000776290894,0.8510400056838989
calib_01213,0.9958299994468689,0.9919499754905701
calib_01214,0.8114100098609924,0.4160900115966797
calib_01215,0.9952200055122375,0.00024002790451049805
calib_01216,0.632610023021698,0.9987099766731262
calib_01217,0.13756000995635986,0.04760998487472534
calib_01218,0.28380000591278076,0.9068400263786316
calib_01219,0.3774700164794922,0.9933500289916992
calib_01220,0.0009300112724304199,0.7305399775505066
calib_01221,0.765720009803772,0.04855000972747803
calib_01222,0.6586400270462036,0.5129799842834473
calib_01223,0.0016300082206726074,0.0009899735450744629
calib_01224,0.9989500045776367,0.03088998794555664
calib_01225,0.798259973526001,0.8063200116157532
calib_01226,0.054279983043670654,0.8609099984169006
calib_01227,0.990559995174408,0.0
calib_01228,0.6408500075340271,0.29923999309539795
calib_01229,0.0014600157737731934,0.00020998716354370117
calib_01230,0.9988200068473816,0.38578999042510986
calib_01231,0.8816999793052673,0.41241002082824707
calib_01232,0.02472001314163208,0.004620015621185303
calib_01233,0.07229000329971313,0.9891700148582458
calib_01234,0.8435199856758118,0.2069299817085266
calib_01235,0.6638299822807312,0.47457998991012573
calib_01236,0.9996899962425232,0.9987099766731262
calib_01237,0.6868199706077576,0.5600000023841858
calib_01238,0.999970018863678,0.9258000254631042
calib_01239,0.0002200007438659668,0.9997199773788452
calib_01240,0.0025699734687805176,0.025150001049041748
calib_01241,0.5182499885559082,0.476639986038208
calib_01242,0.9705100059509277,0.9220399856567383
calib_01243,0.0024300217628479004,0.9762600064277649
calib_01244,0.08428001403808594,0.7520300149917603
calib_01245,0.8816400170326233,0.13375002145767212
calib_01246,0.04469001293182373,0.030239999294281006
calib_01247,0.002030014991760254,0.0629500150680542
calib_01248,0.0003299713134765625,0.0012900233268737793
calib_01249,0.3802400231361389,0.8995500206947327
calib_01250,0.999180018901825,9.000301361083984e-05
calib_01251,0.2702000141143799,0.34318000078201294
calib_01252,0.8585299849510193,0.8439000248908997
calib_01253,0.1458899974822998,0.025789976119995117
calib_01254,0.8384400010108948,0.11286002397537231
calib_01255,0.17103999853134155,0.0001099705696105957
calib_01256,0.9986400008201599,0.9915300011634827
calib_01257,0.02063000202178955,0.17948997020721436
calib_01258,0.08130002021789551,0.9993000030517578
calib_01259,0.06577998399734497,0.0037400126457214355
calib_01260,0.10778999328613281,0.6994699835777283
calib_01261,2.9981136322021484e-05,0.0
calib_01262,0.005469977855682373,0.005309998989105225
calib_01263,0.19335997104644775,0.5301100015640259
calib_01264,0.19357997179031372,0.9750499725341797
calib_01265,0.003600001335144043,0.31856000423431396
calib_01266,0.9227499961853027,0.9538999795913696
calib_01267,0.0008400082588195801,0.01100999116897583
calib_01268,0.007510006427764893,0.01332998275756836
calib_01269,0.3406199812889099,0.4492899775505066
calib_01270,0.05390000343322754,0.1262500286102295
calib_01271,0.21943998336791992,0.8190299868583679
calib_01272,0.9960799813270569,0.7432900071144104
calib_01273,0.047119975090026855,0.03623002767562866
calib_01274,0.0004799962043762207,0.007330000400543213
calib_01275,0.18645000457763672,0.045130014419555664
calib_01276,0.0,0.0016899704933166504
calib_01277,0.5753800272941589,0.0009899735450744629
calib_01278,0.7731999754905701,0.46908998489379883
calib_01279,0.1682800054550171,0.9118099808692932
calib_01280,0.8098899722099304,0.4142100214958191
calib_01281,0.9718499779701233,0.008880019187927246
calib_01282,0.0005300045013427734,0.8125200271606445
calib_01283,0.6602100133895874,0.9985299706459045
calib_01284,0.004890024662017822,0.9998999834060669
calib_01285,0.022819995880126953,3.999471664428711e-05
calib_01286,0.12648999691009521,0.3749300241470337
calib_01287,0.6167700290679932,0.012570023536682129
calib_01288,0.0468900203704834,0.9470599889755249
calib_01289,0.0023900270462036133,0.05371999740600586
calib_01290,0.41385000944137573,0.13208997249603271
calib_01291,0.7832499742507935,0.40735000371932983
calib_01292,0.7642599940299988,0.00012999773025512695
calib_01293,0.7998999953269958,0.9975299835205078
calib_01294,0.9982399940490723,0.10052001476287842
calib_01295,0.9980900287628174,0.0007399916648864746
calib_01296,0.35725998878479004,0.12919002771377563
calib_01297,0.8322399854660034,0.4005900025367737
calib_01298,0.7232900261878967,0.5549499988555908
calib_01299,0.14118999242782593,0.16356998682022095
calib_01300,0.014029979705810547,0.004809975624084473
calib_01301,0.8403800129890442,0.4375699758529663
calib_01302,0.13519001007080078,0.06079000234603882
calib_01303,0.035470008850097656,0.2813799977302551
calib_01304,0.995959997177124,0.35475999116897583
calib_01305,0.9233099818229675,0.9666500091552734
calib_01306,0.09398001432418823,0.4509199857711792
calib_01307,0.02087998390197754,0.016349971294403076
calib_01308,0.9613000154495239,0.006229996681213379
calib_01309,0.003509998321533203,0.7483199834823608
calib_01310,0.9003700017929077,2.002716064453125e-05
calib_01311,0.0017799735069274902,0.04211002588272095
calib_01312,0.9372699856758118,0.08224999904632568
calib_01313,0.005550026893615723,0.6221500039100647
calib_01314,0.514270007610321,0.10939997434616089
calib_01315,0.9775500297546387,0.4544600248336792
calib_01316,0.8884400129318237,0.3764299750328064
calib_01317,0.720770001411438,0.1876099705696106
calib_01318,0.31709998846054077,0.8942000269889832
calib_01319,0.9194200038909912,0.9277300238609314
calib_01320,0.04332000017166138,0.000670015811920166
calib_01321,2.9981136322021484e-05,0.0035499930381774902
calib_01322,0.999180018901825,0.3351600170135498
calib_01323,0.010060012340545654,0.0023900270462036133
calib_01324,0.20811998844146729,9.000301361083984e-05
calib_01325,5.0008296966552734e-05,0.25808000564575195
calib_01326,0.0007399916648864746,0.08543998003005981
calib_01327,0.8465200066566467,0.20658999681472778
calib_01328,0.5925499796867371,0.020590007305145264
calib_01329,0.0006600022315979004,2.9981136322021484e-05
calib_01330,0.0068399906158447266,0.7677900195121765
calib_01331,0.0003399848937988281,0.9996700286865234
calib_01332,0.9934999942779541,0.1385200023651123
calib_01333,0.09277999401092529,0.6665199995040894
calib_01334,0.3751800060272217,0.9816799759864807
calib_01335,0.00884997844696045,0.302839994430542
calib_01336,0.0005499720573425293,0.4673299789428711
calib_01337,0.006330013275146484,0.9764800071716309
calib_01338,0.23400002717971802,0.22551000118255615
calib_01339,0.5013999938964844,0.8709499835968018
calib_01340,0.23343998193740845,0.0008699893951416016
calib_01341,0.13787001371383667,0.8094099760055542
calib_01342,0.07349997758865356,0.0011699795722961426
calib_01343,0.9313600063323975,0.9953799843788147
calib_01344,0.22474002838134766,0.437529981136322
calib_01345,0.40188997983932495,0.21688002347946167
calib_01346,0.04008001089096069,0.09843999147415161
calib_01347,0.4397600293159485,0.5817700028419495
calib_01348,0.187250018119812,0.7393800020217896
calib_01349,0.09821999073028564,0.247219979763031
calib_01350,0.8218100070953369,0.3297799825668335
calib_01351,0.1674799919128418,0.2953000068664551
calib_01352,0.0009300112724304199,0.00027000904083251953
calib_01353,0.15456002950668335,0.9990100264549255
calib_01354,0.9871000051498413,0.0005699992179870605
calib_01355,0.0026199817657470703,0.9920799732208252
calib_01356,0.008889973163604736,0.06812000274658203
calib_01357,0.2977200150489807,0.30326998233795166
calib_01358,0.09852999448776245,0.9884499907493591
calib_01359,1.0013580322265625e-05,0.9287400245666504
calib_01360,0.1248999834060669,0.0038300156593322754
calib_01361,0.016820013523101807,0.988290011882782
calib_01362,0.927299976348877,0.9644799828529358
calib_01363,0.3179200291633606,0.7885100245475769
calib_01364,0.8865699768066406,0.46644002199172974
calib_01365,0.40797001123428345,0.5490400195121765
calib_01366,0.05010998249053955,0.03829997777938843
calib_01367,0.004710018634796143,0.00042998790740966797
calib_01368,0.39191997051239014,0.2798699736595154
calib_01369,0.3071100115776062,0.49803000688552856
calib_01370,0.014530003070831299,0.0936499834060669
calib_01371,0.000370025634765625,0.012359976768493652
calib_01372,0.002290010452270508,0.9561100006103516
calib_01373,0.8726699948310852,0.018540024757385254
calib_01374,0.12913000583648682,0.6234899759292603
calib_01375,0.002369999885559082,0.9795200228691101
calib_01376,0.02908998727798462,0.1401200294494629
calib_01377,0.20590001344680786,0.17259997129440308
calib_01378,0.9514999985694885,0.10131001472473145
calib_01379,0.4254099726676941,0.33427000045776367
calib_01380,0.3484100103378296,0.8011699914932251
calib_01381,0.010089993476867676,0.9994099736213684
calib_01382,0.04351001977920532,0.8442299962043762
calib_01383,0.010839998722076416,0.022449970245361328
calib_01384,0.0002499818801879883,0.016700029373168945
calib_01385,0.004109978675842285,0.2347000241279602
calib_01386,0.6850299835205078,0.85971999168396
calib_01387,0.0481799840927124,0.6698899865150452
calib_01388,0.3613799810409546,0.6286699771881104
calib_01389,0.16641002893447876,0.9087700247764587
calib_01390,0.5460500121116638,0.495930016040802
calib_01391,0.7616699934005737,0.38008999824523926
calib_01392,0.5375400185585022,0.13524997234344482
calib_01393,0.9072200059890747,0.8082699775695801
calib_01394,0.9968199729919434,0.9923800230026245
calib_01395,0.0040400028228759766,0.008249998092651367
calib_01396,0.30611997842788696,0.21799999475479126
calib_01397,0.005609989166259766,0.039260029792785645
calib_01398,0.010710000991821289,0.3456000089645386
calib_01399,0.20629000663757324,0.3794100284576416
calib_01400,0.0877000093460083,0.008549988269805908
calib_01401,0.8017600178718567,0.3482699990272522
calib_01402,0.045610010623931885,0.03202998638153076
calib_01403,0.7371299862861633,0.09645998477935791
calib_01404,0.9335200190544128,0.7491199970245361
calib_01405,0.1667799949645996,0.9216300249099731
calib_01406,0.0873900055885315,0.5538600087165833
calib_01407,0.013650000095367432,0.9471099972724915
calib_01408,0.9996899962425232,0.0007899999618530273
calib_01409,0.9990900158882141,0.022620022296905518
calib_01410,0.00038999319076538086,0.010689973831176758
calib_01411,0.9229999780654907,0.9244199991226196
calib_01412,0.9526600241661072,1.0013580322265625e-05
calib_01413,0.9457100033760071,0.001900017261505127
calib_01414,0.014639973640441895,0.0014500021934509277
calib_01415,0.5365300178527832,0.012099981307983398
calib_01416,0.8930500149726868,0.7939500212669373
calib_01417,0.5023499727249146,0.006399989128112793
calib_01418,0.0013099908828735352,0.004859983921051025
calib_01419,0.7409399747848511,0.6669600009918213
calib_01420,0.6091399788856506,0.6456900238990784
calib_01421,0.49945998191833496,0.9031999707221985
calib_01422,0.00028002262115478516,0.0025100111961364746
calib_01423,0.00270998477935791,0.23291999101638794
calib_01424,0.9872199892997742,0.0069699883460998535
calib_01425,0.2518799901008606,0.08689999580383301
calib_01426,0.004779994487762451,0.9997299909591675
calib_01427,0.018549978733062744,0.0007699728012084961
calib_01428,0.8865399956703186,0.003099977970123291
calib_01429,0.006789982318878174,0.433709979057312
calib_01430,0.5436699986457825,0.7228400111198425
calib_01431,0.9916200041770935,0.06327998638153076
calib_01432,0.41231000423431396,0.8782600164413452
calib_01433,0.9999300241470337,0.9926900267601013
calib_01434,0.14099997282028198,0.35882997512817383
calib_01435,0.8338299989700317,0.3952999711036682
calib_01436,0.0018900036811828613,0.9952399730682373
calib_01437,0.9332299828529358,0.983519971370697
calib_01438,0.009079992771148682,0.0006800293922424316
calib_01439,0.995140016078949,0.21818000078201294
calib_01440,0.8646799921989441,0.5828400254249573
calib_01441,0.05672997236251831,0.06102997064590454
calib_01442,0.9598100185394287,0.9940699934959412
calib_01443,0.02947998046875,0.42896002531051636
calib_01444,0.00010001659393310547,0.9996700286865234
calib_01445,0.030640006065368652,0.06259000301361084
calib_01446,0.48426002264022827,0.984749972820282
calib_01447,0.16065001487731934,0.4154999852180481
calib_01448,0.5378199815750122,0.004369974136352539
calib_01449,0.9402300119400024,0.42066001892089844
calib_01450,0.9776700139045715,0.9800099730491638
calib_01451,0.9313499927520752,0.45959001779556274
calib_01452,0.753350019454956,0.8100900053977966
calib_01453,0.2756999731063843,0.9736400246620178
calib_01454,0.9370499849319458,0.7784000039100647
calib_01455,0.3389899730682373,0.33298999071121216
calib_01456,0.004199981689453125,0.0019299983978271484
calib_01457,0.0009099841117858887,0.2457600235939026
calib_01458,0.3908200263977051,0.13811999559402466
calib_01459,0.006460011005401611,0.07151001691818237
calib_01460,0.9994900226593018,0.0
calib_01461,0.0006300210952758789,0.027350008487701416
calib_01462,0.014689981937408447,0.007809996604919434
calib_01463,0.11211001873016357,0.7678899765014648
calib_01464,0.1480100154876709,0.04127997159957886
calib_01465,0.558210015296936,0.2402300238609314
calib_01466,0.029879987239837646,0.6901699900627136
calib_01467,0.24390000104904175,0.6416699886322021
calib_01468,0.8682399988174438,0.9664199948310852
calib_01469,0.03825002908706665,0.48795002698898315
calib_01470,0.0648999810218811,0.07994997501373291
calib_01471,0.006330013275146484,0.8870199918746948
calib_01472,0.8646699786186218,0.0021799802780151367
calib_01473,0.028219997882843018,0.010010004043579102
calib_01474,0.9622600078582764,0.7136499881744385
calib_01475,0.4304800033569336,0.03880000114440918
calib_01476,0.9547399878501892,0.970579981803894
calib_01477,0.11751002073287964,0.319350004196167
calib_01478,0.319379985332489,0.5229799747467041
calib_01479,0.1529099941253662,0.22736001014709473
calib_01480,0.028370022773742676,0.07558000087738037
calib_01481,0.5968599915504456,0.8281099796295166
calib_01482,0.8763099908828735,3.999471664428711e-05
calib_01483,0.7704100012779236,0.5056999921798706
calib_01484,0.19752997159957886,0.005169987678527832
calib_01485,0.0028200149536132812,0.006479978561401367
calib_01486,0.05220997333526611,0.02736002206802368
calib_01487,0.41899001598358154,0.01612001657485962
calib_01488,0.002669990062713623,0.004329979419708252
calib_01489,0.24208998680114746,0.06695997714996338
calib_01490,0.9998599886894226,0.9873899817466736
calib_01491,0.0018900036811828613,0.9836999773979187
calib_01492,0.01765000820159912,0.253059983253479
calib_01493,0.2280300259590149,0.198419988155365
calib_01494,0.006850004196166992,0.8258699774742126
calib_01495,0.6797699928283691,0.0034400224685668945
calib_01496,0.6521499752998352,0.019599974155426025
calib_01497,0.00270998477935791,0.002870023250579834
calib_01498,0.9574400186538696,0.20701998472213745
calib_01499,0.000899970531463623,0.000670015811920166
calib_01500,0.009450018405914307,0.03194999694824219
calib_01501,0.506879985332489,0.1145399808883667
calib_01502,0.17403000593185425,0.029709994792938232
calib_01503,0.9305800199508667,0.934149980545044
calib_01504,0.7330800294876099,0.23308998346328735
calib_01505,0.03864997625350952,0.10317999124526978
calib_01506,0.8148400187492371,0.6080499887466431
calib_01507,0.0005599856376647949,0.0008100271224975586
calib_01508,0.9904500246047974,3.999471664428711e-05
calib_01509,0.0005300045013427734,0.0475199818611145
calib_01510,5.0008296966552734e-05,0.01251000165939331
calib_01511,0.9783099889755249,0.9923800230026245
calib_01512,0.9820700287818909,0.20350998640060425
calib_01513,0.6776900291442871,0.11672002077102661
calib_01514,0.024959981441497803,0.006099998950958252
calib_01515,0.01723998785018921,0.7730000019073486
calib_01516,0.4584299921989441,0.03447002172470093
calib_01517,0.004790008068084717,0.08059000968933105
calib_01518,0.2958499789237976,0.011110007762908936
calib_01519,0.16495001316070557,0.02249997854232788
calib_01520,0.9214500188827515,0.4530799984931946
calib_01521,0.011529982089996338,0.9926599860191345
calib_01522,0.6560900211334229,0.011829972267150879
calib_01523,0.041130006313323975,0.9207900166511536
calib_01524,0.1618899703025818,0.058189988136291504
calib_01525,0.014320015907287598,0.594219982624054
calib_01526,0.1485700011253357,0.8488100171089172
calib_01527,0.6932299733161926,0.19353997707366943
calib_01528,0.20969998836517334,0.0009599924087524414
calib_01529,0.11497998237609863,0.15359997749328613
calib_01530,0.08837002515792847,0.027369976043701172
calib_01531,0.005360007286071777,0.8300099968910217
calib_01532,0.14108997583389282,0.47769999504089355
calib_01533,0.9087299704551697,0.03220999240875244
calib_01534,0.005370020866394043,0.03964000940322876
calib_01535,0.1308000087738037,0.9325000047683716
calib_01536,0.9815599918365479,0.8549799919128418
calib_01537,0.20854997634887695,0.0
calib_01538,0.000299990177154541,0.8512399792671204
calib_01539,0.9957500100135803,0.005180001258850098
calib_01540,0.18533998727798462,0.16540002822875977
calib_01541,0.9761199951171875,0.006829977035522461
calib_01542,0.19384998083114624,0.9805099964141846
calib_01543,0.03548997640609741,0.024670004844665527
calib_01544,0.009249985218048096,0.8261600136756897
calib_01545,0.4496399760246277,0.784529983997345
calib_01546,0.00010001659393310547,0.9842900037765503
calib_01547,0.6056900024414062,0.13385999202728271
calib_01548,2.002716064453125e-05,0.4571300148963928
calib_01549,0.7920500040054321,0.9718599915504456
calib_01550,0.03865998983383179,0.9672300219535828
calib_01551,0.9035800099372864,0.001529991626739502
calib_01552,0.382610023021698,0.2592800259590149
calib_01553,0.5041000247001648,0.35895001888275146
calib_01554,0.680180013179779,0.0046700239181518555
calib_01555,0.01055002212524414,0.03675001859664917
calib_01556,0.032100021839141846,0.3145599961280823
calib_01557,0.8218299746513367,0.9936000108718872
calib_01558,0.047299981117248535,0.9532700181007385
calib_01559,0.7214999794960022,0.5455700159072876
calib_01560,0.9901900291442871,0.9980199933052063
calib_01561,0.8699600100517273,0.025879979133605957
calib_01562,0.5095199942588806,0.2765899896621704
calib_01563,0.6148999929428101,0.19647997617721558
calib_01564,0.6373199820518494,0.13454997539520264
calib_01565,0.0184900164604187,0.006980001926422119
calib_01566,0.3632500171661377,0.7014600038528442
calib_01567,0.34033000469207764,0.8604999780654907
calib_01568,0.6958199739456177,0.001640021800994873
calib_01569,0.4643300175666809,0.671750009059906
calib_01570,0.040019989013671875,0.9111899733543396
calib_01571,0.21956998109817505,0.1728600263595581
calib_01572,0.00784999132156372,0.0023099780082702637
calib_01573,0.0003299713134765625,3.999471664428711e-05
calib_01574,0.8335999846458435,0.299560010433197
calib_01575,0.0004699826240539551,0.00038999319076538086
calib_01576,0.14965999126434326,0.03539997339248657
calib_01577,0.9925500154495239,0.0026400089263916016
calib_01578,0.7746700048446655,0.0009199976921081543
calib_01579,0.18804997205734253,0.22325998544692993
calib_01580,0.0020499825477600098,0.9886999726295471
calib_01581,0.0007399916648864746,0.977590024471283
calib_01582,0.9998900294303894,1.0013580322265625e-05
calib_01583,0.06887000799179077,0.1312199831008911
calib_01584,0.29378002882003784,0.5447099804878235
calib_01585,0.20092999935150146,0.5120599865913391
calib_01586,0.69132000207901,0.5293200016021729
calib_01587,0.20111000537872314,0.023639976978302002
calib_01588,0.020919978618621826,0.0005699992179870605
calib_01589,1.0013580322265625e-05,0.00012999773025512695
calib_01590,0.0,0.9999799728393555
calib_01591,0.6390799880027771,0.25676000118255615
calib_01592,0.9982600212097168,2.9981136322021484e-05
calib_01593,0.9860699772834778,0.9843199849128723
calib_01594,0.01232999563217163,5.0008296966552734e-05
calib_01595,0.9593899846076965,0.04505997896194458
calib_01596,7.998943328857422e-05,0.9449300169944763
calib_01597,0.9355800151824951,0.04337000846862793
calib_01598,0.0008699893951416016,0.0006899833679199219
calib_01599,0.01949000358581543,0.952269971370697
calib_01600,0.37954002618789673,0.11055999994277954
calib_01601,1.0013580322265625e-05,0.047689974308013916
calib_01602,0.008000016212463379,0.09637999534606934
calib_01603,0.8692700266838074,0.0028100013732910156
calib_01604,0.6352199912071228,0.9895399808883667
calib_01605,0.9807299971580505,0.0032899975776672363
calib_01606,0.30417001247406006,0.00177001953125
calib_01607,0.3055099844932556,0.3799999952316284
calib_01608,0.9205700159072876,0.34483999013900757
calib_01609,0.9884799718856812,0.08859997987747192
calib_01610,0.28645002841949463,0.9517300128936768
calib_01611,0.000599980354309082,0.35655999183654785
calib_01612,0.09305000305175781,0.07590001821517944
calib_01613,0.6253200173377991,0.911870002746582
calib_01614,0.0006399750709533691,0.9927899837493896
calib_01615,0.9676200151443481,0.6833599805831909
calib_01616,0.02465999126434326,0.7475699782371521
calib_01617,0.00577998161315918,0.0025299787521362305
calib_01618,0.08094000816345215,0.007570028305053711
calib_01619,0.006179988384246826,0.6305999755859375
calib_01620,0.10495001077651978,0.9126399755477905
calib_01621,0.7041100263595581,0.7264999747276306
calib_01622,0.00042998790740966797,0.5366700291633606
calib_01623,0.0061699748039245605,0.9247199892997742
calib_01624,0.0003399848937988281,0.0006899833679199219
calib_01625,0.21399998664855957,0.9785699844360352
calib_01626,1.0,0.00027000904083251953
calib_01627,0.0010399818420410156,0.005299985408782959
calib_01628,0.9980599880218506,0.11441999673843384
calib_01629,0.5242699980735779,0.13093000650405884
calib_01630,0.9929199814796448,0.999779999256134
calib_01631,5.0008296966552734e-05,1.0013580322265625e-05
calib_01632,0.0012599825859069824,0.29123997688293457
calib_01633,0.16040998697280884,0.015839993953704834
calib_01634,0.00279998779296875,0.0004900097846984863
calib_01635,0.010049998760223389,0.21035999059677124
calib_01636,0.0009899735450744629,0.010129988193511963
calib_01637,1.0,0.0005800127983093262
calib_01638,0.5248399972915649,0.9983199834823608
calib_01639,0.010850012302398682,0.9915599822998047
calib_01640,0.30528998374938965,0.03157001733779907
calib_01641,0.9898399710655212,0.9559900164604187
calib_01642,0.6714000105857849,0.9994800090789795
calib_01643,0.15114998817443848,0.2914999723434448
calib_01644,0.16881000995635986,0.0008900165557861328
calib_01645,0.651639997959137,0.7918000221252441
calib_01646,0.07065999507904053,0.004509985446929932
calib_01647,0.0008900165557861328,0.999210000038147
calib_01648,0.12036997079849243,0.0022299885749816895
calib_01649,0.6097699999809265,0.17110002040863037
calib_01650,0.07104998826980591,0.23873001337051392
calib_01651,0.4071800112724304,0.8165900111198425
calib_01652,0.9275799989700317,0.6006500124931335
calib_01653,0.1704699993133545,0.17511999607086182
calib_01654,0.003380000591278076,0.9514899849891663
calib_01655,0.9666000008583069,0.2965499758720398
calib_01656,0.00875997543334961,0.13560998439788818
calib_01657,0.5455899834632874,0.0922200083732605
calib_01658,0.9932100176811218,0.0037099719047546387
calib_01659,0.01612001657485962,0.01146000623703003
calib_01660,1.0013580322265625e-05,0.9513900279998779
calib_01661,0.8352699875831604,0.73403000831604
calib_01662,0.02950000762939453,0.00012999773025512695
calib_01663,0.10638999938964844,0.047029972076416016
calib_01664,0.9699900150299072,0.10363000631332397
calib_01665,0.9933000206947327,0.006049990653991699
calib_01666,0.0004699826240539551,0.007120013236999512
calib_01667,0.9588199853897095,0.4330400228500366
calib_01668,0.013209998607635498,0.9990599751472473
calib_01669,0.7312300205230713,0.07538998126983643
calib_01670,0.16124999523162842,7.998943328857422e-05
calib_01671,0.0,0.057730019092559814
calib_01672,0.10812997817993164,0.9278600215911865
calib_01673,0.01967000961303711,0.18940001726150513
calib_01674,0.0076400041580200195,0.004289984703063965
calib_01675,0.642549991607666,0.9180899858474731
calib_01676,0.24873000383377075,0.7977799773216248
calib_01677,0.017109990119934082,0.005819976329803467
calib_01678,6.002187728881836e-05,0.0004000067710876465
calib_01679,0.32697999477386475,0.18029999732971191
calib_01680,0.004249989986419678,0.16864001750946045
calib_01681,0.6627100110054016,0.0028200149536132812
calib_01682,0.03504997491836548,0.000800013542175293
calib_01683,0.9509199857711792,0.15679001808166504
calib_01684,0.26125001907348633,0.6560500264167786
calib_01685,0.8418599963188171,0.6627500057220459
calib_01686,0.9055399894714355,0.14265000820159912
calib_01687,0.9799299836158752,0.2397400140762329
calib_01688,0.4990699887275696,0.09051001071929932
calib_01689,0.6175000071525574,0.9693499803543091
calib_01690,0.5641899704933167,0.5715399980545044
calib_01691,0.3875499963760376,0.9331799745559692
calib_01692,0.1573299765586853,0.00279998779296875
calib_01693,0.997979998588562,0.7933700084686279
calib_01694,0.9053699970245361,0.3577899932861328
calib_01695,0.013670027256011963,0.1779400110244751
calib_01696,0.5004299879074097,0.0005800127983093262
calib_01697,0.6868699789047241,0.04267001152038574
calib_01698,0.0044100284576416016,0.0011799931526184082
calib_01699,0.5807899832725525,0.23638999462127686
calib_01700,0.9757500290870667,0.33963000774383545
calib_01701,0.5554199814796448,0.0004900097846984863
calib_01702,0.02929002046585083,0.8201000094413757
calib_01703,0.00010001659393310547,0.0
calib_01704,0.0004100203514099121,1.0013580322265625e-05
calib_01705,0.2776600122451782,0.5257300138473511
calib_01706,0.8571900129318237,0.19279998540878296
calib_01707,0.04940998554229736,0.007030010223388672
calib_01708,0.8157399892807007,0.13933002948760986
calib_01709,0.07951998710632324,0.0012099742889404297
calib_01710,0.0929800271987915,0.4947800040245056
calib_01711,0.014119982719421387,0.030300021171569824
calib_01712,0.01732999086380005,0.005159974098205566
calib_01713,0.3587300181388855,0.0010200142860412598
calib_01714,0.9931399822235107,0.000670015811920166
calib_01715,0.000899970531463623,0.0008100271224975586
calib_01716,0.0009999871253967285,0.9972100257873535
calib_01717,0.6722599864006042,0.23312002420425415
calib_01718,0.4067299962043762,0.16913002729415894
calib_01719,0.018570005893707275,0.9234099984169006
calib_01720,0.015280008316040039,0.999019980430603
calib_01721,0.326449990272522,0.7199900150299072
calib_01722,0.9264100193977356,0.564079999923706
calib_01723,0.00186997652053833,0.404229998588562
calib_01724,0.9998400211334229,1.0013580322265625e-05
calib_01725,0.11523997783660889,0.8772100210189819
calib_01726,0.06095999479293823,0.31164002418518066
calib_01727,0.007089972496032715,0.00288999080657959
calib_01728,0.06255000829696655,0.005819976329803467
calib_01729,0.10140001773834229,0.09636998176574707
calib_01730,0.6808900237083435,0.09599000215530396
calib_01731,0.030149996280670166,0.10183000564575195
calib_01732,0.6068800091743469,0.048409998416900635
calib_01733,0.38318002223968506,0.9910200238227844
calib_01734,0.006319999694824219,0.16847002506256104
calib_01735,0.9970899820327759,0.5812299847602844
calib_01736,0.15675002336502075,0.2836099863052368
calib_01737,0.6236900091171265,0.0281599760055542
calib_01738,0.0421299934387207,0.4729899764060974
calib_01739,0.2806699872016907,0.3834400177001953
calib_01740,0.831030011177063,0.06410002708435059
calib_01741,0.9053599834442139,0.03690999746322632
calib_01742,0.8350200057029724,0.12099999189376831
calib_01743,3.999471664428711e-05,0.1959800124168396
calib_01744,0.0021700263023376465,1.0
calib_01745,0.01512002944946289,0.006850004196166992
calib_01746,0.009909987449645996,0.18691998720169067
calib_01747,0.3381999731063843,0.01789999008178711
calib_01748,0.0007799863815307617,0.000500023365020752
calib_01749,0.5109999775886536,0.7282800078392029
calib_01750,0.8184199929237366,0.2706800103187561
calib_01751,0.6863600015640259,0.24865001440048218
calib_01752,0.01630997657775879,0.004739999771118164
calib_01753,0.003679990768432617,0.0013300180435180664
calib_01754,0.02908998727798462,0.029829978942871094
calib_01755,0.1658400297164917,0.11629998683929443
calib_01756,0.24860000610351562,0.0063700079917907715
calib_01757,0.2991499900817871,0.9714499711990356
calib_01758,0.001600027084350586,3.999471664428711e-05
calib_01759,0.18070000410079956,0.966509997844696
calib_01760,0.9968100190162659,2.002716064453125e-05
calib_01761,0.9051600098609924,0.07381999492645264
calib_01762,0.0001099705696105957,0.9988399744033813
calib_01763,0.999750018119812,0.6856799721717834
calib_01764,0.5658599734306335,0.1703699827194214
calib_01765,0.05160999298095703,0.5039700269699097
calib_01766,0.14715999364852905,0.7290999889373779
calib_01767,0.9954500198364258,3.999471664428711e-05
calib_01768,0.3716599941253662,0.0015900135040283203
calib_01769,0.9766799807548523,0.8355500102043152
calib_01770,0.8633700013160706,0.038339972496032715
calib_01771,0.4163299798965454,0.00012999773025512695
calib_01772,0.9898300170898438,2.9981136322021484e-05
calib_01773,7.998943328857422e-05,0.021210014820098877
calib_01774,0.0006399750709533691,0.002219974994659424
calib_01775,0.5943800210952759,0.0007500052452087402
calib_01776,0.8930000066757202,0.12161999940872192
calib_01777,0.016910016536712646,0.9539700150489807
calib_01778,0.00261002779006958,0.0016099810600280762
calib_01779,0.019980013370513916,0.011960029602050781
calib_01780,0.9987000226974487,0.008859992027282715
calib_01781,0.9710599780082703,0.0005699992179870605
calib_01782,0.4090700149536133,0.14301997423171997
calib_01783,0.00023001432418823242,1.0013580322265625e-05
calib_01784,0.016189992427825928,0.2085999846458435
calib_01785,0.21736997365951538,0.9504200220108032
calib_01786,0.053009986877441406,0.13665997982025146
calib_01787,0.01996999979019165,0.952709972858429
calib_01788,0.9698200225830078,0.665090024471283
calib_01789,0.9561399817466736,0.733739972114563
calib_01790,0.11519002914428711,0.33139997720718384
calib_01791,0.03443002700805664,0.2052900195121765
calib_01792,0.6593800187110901,0.853600025177002
calib_01793,0.2366499900817871,0.8953199982643127
calib_01794,0.9251499772071838,0.3365200161933899
calib_01795,0.6969599723815918,0.006309986114501953
calib_01796,0.1950700283050537,0.009580016136169434
calib_01797,0.1098099946975708,0.9927099943161011
calib_01798,0.02763998508453369,0.0002200007438659668
calib_01799,0.6480200290679932,0.6311500072479248
calib_01800,0.07791000604629517,0.016369998455047607
calib_01801,0.9759799838066101,0.0003399848937988281
calib_01802,0.06430000066757202,0.2701600193977356
calib_01803,0.4243299961090088,0.9350000023841858
calib_01804,0.983709990978241,0.8995100259780884
calib_01805,0.8996300101280212,0.00012999773025512695
calib_01806,0.06756997108459473,0.3469099998474121
calib_01807,0.08578002452850342,0.09749001264572144
calib_01808,0.21248000860214233,0.3628699779510498
calib_01809,0.49997997283935547,0.00042998790740966797
calib_01810,2.002716064453125e-05,0.9638000130653381
calib_01811,0.21153998374938965,0.008560001850128174
calib_01812,0.15420997142791748,0.005890011787414551
calib_01813,0.9999200105667114,0.5016499757766724
calib_01814,0.006579995155334473,0.2011600136756897
calib_01815,0.8659999966621399,0.4832500219345093
calib_01816,0.02303999662399292,2.002716064453125e-05
calib_01817,0.4620699882507324,0.7699599862098694
calib_01818,0.10373002290725708,0.24387997388839722
calib_01819,0.9934800267219543,0.09799998998641968
calib_01820,0.49358999729156494,0.6801400184631348
calib_01821,0.9577599763870239,0.9985600113868713
calib_01822,0.9974499940872192,0.0
calib_01823,0.5169100165367126,0.7826399803161621
calib_01824,0.8454700112342834,0.02265000343322754
calib_01825,0.0002200007438659668,0.20631998777389526
calib_01826,0.051750004291534424,0.06036001443862915
calib_01827,0.938480019569397,0.0005099773406982422
calib_01828,0.5700700283050537,0.47732001543045044
calib_01829,0.007669985294342041,0.7968299984931946
calib_01830,0.9871500134468079,0.11248999834060669
calib_01831,0.8137099742889404,0.9800999760627747
calib_01832,0.2639999985694885,0.0019099712371826172
calib_01833,0.03997999429702759,0.9635599851608276
calib_01834,0.7498800158500671,0.512910008430481
calib_01835,0.891539990901947,0.8447399735450745
calib_01836,0.3404800295829773,0.7420799732208252
calib_01837,0.9951199889183044,0.40731000900268555
calib_01838,0.9581300020217896,0.8555399775505066
calib_01839,0.9998999834060669,2.9981136322021484e-05
calib_01840,0.0005400180816650391,0.8361200094223022
calib_01841,0.30469000339508057,0.48562002182006836
calib_01842,0.5636299848556519,0.7637100219726562
calib_01843,0.7274699807167053,0.040149986743927
calib_01844,0.015590012073516846,0.18615001440048218
calib_01845,0.9628599882125854,0.002160012722015381
calib_01846,0.0023400187492370605,0.0004500150680541992
calib_01847,0.35300999879837036,0.788320004940033
calib_01848,0.21411001682281494,0.22847998142242432
calib_01849,0.04184997081756592,0.06717002391815186
calib_01850,0.0033299922943115234,0.20636999607086182
calib_01851,0.2082499861717224,0.8140900135040283
calib_01852,0.5680099725723267,0.20845001935958862
calib_01853,0.03482997417449951,0.5541300177574158
calib_01854,0.2769799828529358,0.16852998733520508
calib_01855,0.12857002019882202,0.948360025882721
calib_01856,0.10013997554779053,0.011730015277862549
calib_01857,0.421779990196228,0.27452999353408813
calib_01858,0.8841800093650818,3.999471664428711e-05
calib_01859,9.000301361083984e-05,0.9241499900817871
calib_01860,1.0013580322265625e-05,0.0002599954605102539
calib_01861,0.7337499856948853,0.7126399874687195
calib_01862,0.07807999849319458,0.9850800037384033
calib_01863,0.1596500277519226,0.025099992752075195
calib_01864,0.9633499979972839,0.10882002115249634
calib_01865,0.0004100203514099121,0.03534001111984253
calib_01866,0.001569986343383789,0.9666299819946289
calib_01867,0.007229983806610107,0.0022600293159484863
calib_01868,0.567330002784729,0.9871100187301636
calib_01869,0.3186900019645691,0.5984600186347961
calib_01870,0.6289399862289429,0.8898100256919861
calib_01871,0.8138800263404846,2.9981136322021484e-05
calib_01872,0.5696300268173218,0.8670799732208252
calib_01873,0.1591399908065796,0.0037000179290771484
calib_01874,0.1477699875831604,0.8482199907302856
calib_01875,0.09679001569747925,0.15582001209259033
calib_01876,0.6603099703788757,0.2920600175857544
calib_01877,0.0052700042724609375,0.07120001316070557
calib_01878,0.056559979915618896,0.07589000463485718
calib_01879,0.985539972782135,0.001999974250793457
calib_01880,0.9146000146865845,0.12146002054214478
calib_01881,0.6795899868011475,3.999471664428711e-05
calib_01882,0.00457000732421875,0.9375200271606445
calib_01883,0.3237000107765198,0.5337200164794922
calib_01884,0.891260027885437,0.3830299973487854
calib_01885,0.4416300058364868,0.903659999370575
calib_01886,0.7047399878501892,0.36542999744415283
calib_01887,0.03680998086929321,0.00015997886657714844
calib_01888,0.9996600151062012,0.00015997886657714844
calib_01889,0.008069992065429688,0.9999600052833557
calib_01890,0.9856200218200684,0.0018500089645385742
calib_01891,0.9938399791717529,0.00448000431060791
calib_01892,0.025699973106384277,0.017700016498565674
calib_01893,0.5418199896812439,0.42163002490997314
calib_01894,0.9717100262641907,0.6009899973869324
calib_01895,0.037859976291656494,0.7516000270843506
calib_01896,0.005330026149749756,7.998943328857422e-05
calib_01897,0.5574899911880493,0.9050499796867371
calib_01898,0.047290027141571045,0.6477000117301941
calib_01899,0.022430002689361572,0.30524998903274536
calib_01900,0.8413199782371521,0.996399998664856
calib_01901,0.22272002696990967,0.14709001779556274
calib_01902,0.8696799874305725,0.4143400192260742
calib_01903,0.003170013427734375,0.0013700127601623535
calib_01904,0.014569997787475586,0.9896299839019775
calib_01905,0.14424997568130493,0.3345299959182739
calib_01906,0.013249993324279785,0.000729978084564209
calib_01907,0.4337800145149231,2.9981136322021484e-05
calib_01908,0.8507000207901001,0.5142199993133545
calib_01909,0.766480028629303,0.11374998092651367
calib_01910,0.0002499818801879883,0.9021900296211243
calib_01911,0.8489500284194946,0.8936499953269958
calib_01912,0.0009800195693969727,0.0004699826240539551
calib_01913,0.002290010452270508,0.9589400291442871
calib_01914,0.7788500189781189,0.995419979095459
calib_01915,0.23773998022079468,0.9995999932289124
calib_01916,0.02006000280380249,0.11838001012802124
calib_01917,0.3904600143432617,0.8216599822044373
calib_01918,0.13995999097824097,0.22474998235702515
calib_01919,0.2105799913406372,0.0016499757766723633
calib_01920,0.536899983882904,0.009819984436035156
calib_01921,0.006449997425079346,6.99758529663086e-05
calib_01922,0.01912999153137207,0.5969399809837341
calib_01923,9.000301361083984e-05,0.9998900294303894
calib_01924,0.00041997432708740234,0.9101300239562988
calib_01925,0.18747001886367798,0.3017200231552124
calib_01926,0.96670001745224,0.27675002813339233
calib_01927,0.024820029735565186,0.044019997119903564
calib_01928,0.013859987258911133,0.026440024375915527
calib_01929,0.06299000978469849,0.7330899834632874
calib_01930,0.15906000137329102,0.2745400071144104
calib_01931,0.03407001495361328,0.011269986629486084
calib_01932,0.8130699992179871,0.5683000087738037
calib_01933,0.6152099967002869,0.31721997261047363
calib_01934,0.5597800016403198,0.21052002906799316
calib_01935,2.9981136322021484e-05,0.086139976978302
calib_01936,0.03223997354507446,0.23816001415252686
calib_01937,0.2748299837112427,0.0003299713134765625
calib_01938,0.7793099880218506,0.2891799807548523
calib_01939,0.5307999849319458,0.19349002838134766
calib_01940,0.7740200161933899,1.0013580322265625e-05
calib_01941,0.17799001932144165,0.17019999027252197
calib_01942,0.0010399818420410156,0.0033699870109558105
calib_01943,0.11621999740600586,0.007229983806610107
calib_01944,0.0855100154876709,0.054549992084503174
calib_01945,0.07990002632141113,0.10724002122879028
calib_01946,0.3939099907875061,0.8102099895477295
calib_01947,0.9752100110054016,0.24755001068115234
calib_01948,0.5336999893188477,0.9902300238609314
calib_01949,0.9903500080108643,0.9964500069618225
calib_01950,0.018149971961975098,0.9999499917030334
calib_01951,0.00015997886657714844,0.9994000196456909
calib_01952,0.9824000000953674,0.00038999319076538086
calib_01953,1.0013580322265625e-05,0.9997400045394897
calib_01954,0.9714099764823914,0.06575000286102295
calib_01955,0.07555997371673584,0.5277400016784668
calib_01956,0.6042100191116333,0.6990299820899963
calib_01957,0.2131500244140625,0.37661999464035034
calib_01958,0.6754299998283386,0.9899200201034546
calib_01959,0.5908100008964539,0.02752000093460083
calib_01960,0.03109002113342285,0.9805399775505066
calib_01961,0.7433000206947327,0.868179976940155
calib_01962,0.0036100149154663086,0.21566998958587646
calib_01963,0.004509985446929932,0.010670006275177002
calib_01964,0.8955100178718567,0.09793001413345337
calib_01965,0.011969983577728271,0.9998800158500671
calib_01966,0.7930799722671509,0.0722699761390686
calib_01967,0.11375999450683594,0.6200299859046936
calib_01968,0.9553499817848206,0.9966899752616882
calib_01969,0.7142099738121033,0.7008299827575684
calib_01970,0.24114000797271729,0.41645997762680054
calib_01971,0.06393998861312866,0.9683399796485901
calib_01972,0.9224600195884705,0.004429996013641357
calib_01973,0.17305999994277954,0.0024700164794921875
calib_01974,0.7046599984169006,0.006869971752166748
calib_01975,0.23407000303268433,0.07738000154495239
calib_01976,0.24191999435424805,0.5236700177192688
calib_01977,0.009180009365081787,0.0033299922943115234
calib_01978,0.6977400183677673,0.0
calib_01979,0.07309997081756592,0.34768998622894287
calib_01980,0.061760008335113525,0.0032500028610229492
calib_01981,0.4172400236129761,0.005959987640380859
calib_01982,0.8992300033569336,0.9248700141906738
calib_01983,0.29048001766204834,0.9076200127601624
calib_01984,0.9434599876403809,0.6582499742507935
calib_01985,0.003059983253479004,0.6758700013160706
calib_01986,2.002716064453125e-05,0.0001800060272216797
calib_01987,0.9995200037956238,0.9994999766349792
calib_01988,0.9986900091171265,0.0010399818420410156
calib_01989,0.6864799857139587,0.70278000831604
calib_01990,0.053849995136260986,0.8315600156784058
calib_01991,0.1045600175857544,2.9981136322021484e-05
calib_01992,0.9991499781608582,0.9997299909591675
calib_01993,0.30309998989105225,0.005119979381561279
calib_01994,0.9997000098228455,0.003690004348754883
calib_01995,0.8872600197792053,0.5087400078773499
calib_01996,0.2846900224685669,0.860010027885437
calib_01997,0.008740007877349854,0.9768999814987183
calib_01998,2.002716064453125e-05,2.9981136322021484e-05
calib_01999,0.26850998401641846,0.7696800231933594
calib_02000,1.0013580322265625e-05,0.496969997882843
calib_02001,0.00010001659393310547,0.9996600151062012
calib_02002,0.0001900196075439453,0.3208199739456177
calib_02003,0.0001500248908996582,0.9370499849319458
calib_02004,0.999750018119812,1.0013580322265625e-05
calib_02005,0.9543600082397461,0.00041997432708740234
calib_02006,6.002187728881836e-05,0.9954800009727478
calib_02007,2.9981136322021484e-05,0.9987499713897705
calib_02008,0.9999499917030334,2.002716064453125e-05
calib_02009,0.9979900121688843,1.0013580322265625e-05
calib_02010,0.985539972782135,0.004920005798339844
calib_02011,1.0013580322265625e-05,0.4883900284767151
calib_02012,0.0,0.8613899946212769
calib_02013,3.999471664428711e-05,0.9958999752998352
calib_02014,0.9083799719810486,2.9981136322021484e-05
calib_02015,0.0,0.9811000227928162
calib_02016,0.9998300075531006,0.0
calib_02017,2.9981136322021484e-05,0.9997400045394897
calib_02018,6.99758529663086e-05,0.8707799911499023
calib_02019,1.0,0.0
calib_02020,0.0002200007438659668,0.3929399847984314
calib_02021,0.0032500028610229492,0.7542600035667419
calib_02022,0.0,0.9968199729919434
calib_02023,1.0013580322265625e-05,0.9994999766349792
calib_02024,0.0,0.9999099969863892
calib_02025,2.002716064453125e-05,0.7718300223350525
calib_02026,1.0,2.9981136322021484e-05
calib_02027,2.002716064453125e-05,0.9918400049209595
calib_02028,0.005479991436004639,0.8608700037002563
calib_02029,1.0013580322265625e-05,0.9934499859809875
calib_02030,0.0,0.9984599947929382
calib_02031,0.9897199869155884,2.002716064453125e-05
calib_02032,0.770359992980957,0.0
calib_02033,0.9954800009727478,0.0
calib_02034,0.0,0.9992300271987915
calib_02035,0.9987999796867371,1.0013580322265625e-05
calib_02036,0.00014001131057739258,0.7674099802970886
calib_02037,0.9539099931716919,2.9981136322021484e-05
calib_02038,0.9938700199127197,3.999471664428711e-05
calib_02039,0.9990100264549255,1.0013580322265625e-05
calib_02040,0.0,0.9988300204277039
calib_02041,0.9990599751472473,0.00019997358322143555
calib_02042,0.0,0.9981300234794617
calib_02043,0.8118900060653687,0.0001900196075439453
calib_02044,0.8312000036239624,0.003040015697479248
calib_02045,2.002716064453125e-05,0.9940999746322632
calib_02046,7.998943328857422e-05,0.9706500172615051
calib_02047,0.9772599935531616,0.0008800029754638672
calib_02048,0.0005699992179870605,0.9313899874687195
calib_02049,1.0013580322265625e-05,0.9738199710845947
calib_02050,1.0,2.002716064453125e-05
calib_02051,0.0,0.9922400116920471
calib_02052,0.9241099953651428,2.9981136322021484e-05
calib_02053,0.0,0.9989799857139587
calib_02054,0.9999499917030334,1.0013580322265625e-05
calib_02055,0.00011998414993286133,0.9945300221443176
calib_02056,0.0,0.9997199773788452
calib_02057,2.002716064453125e-05,0.9748200178146362
calib_02058,0.9970499873161316,1.0013580322265625e-05
calib_02059,0.8709999918937683,0.00015997886657714844
calib_02060,0.0,0.9972699880599976
calib_02061,2.002716064453125e-05,0.9984899759292603
calib_02062,1.0013580322265625e-05,0.9958299994468689
calib_02063,1.0013580322265625e-05,0.9874100089073181
calib_02064,0.7874600291252136,0.0003399848937988281
calib_02065,0.0017200112342834473,0.012139976024627686
calib_02066,0.9999300241470337,0.0
calib_02067,0.01521998643875122,0.00010001659393310547
calib_02068,0.9423800110816956,0.00010001659393310547
calib_02069,0.9786199927330017,0.0
calib_02070,1.0013580322265625e-05,0.9847000241279602
calib_02071,0.0,0.6670399904251099
calib_02072,0.9994199872016907,6.99758529663086e-05
calib_02073,0.5787000060081482,2.9981136322021484e-05
calib_02074,0.996399998664856,0.9018999934196472
calib_02075,2.9981136322021484e-05,0.017709970474243164
calib_02076,0.2477399706840515,1.0013580322265625e-05
calib_02077,0.9101700186729431,5.0008296966552734e-05
calib_02078,5.0008296966552734e-05,0.991569995880127
calib_02079,0.24067002534866333,1.0013580322265625e-05
calib_02080,1.0013580322265625e-05,0.9962400197982788
calib_02081,1.0013580322265625e-05,0.9995999932289124
calib_02082,0.000299990177154541,0.9993799924850464
calib_02083,1.0013580322265625e-05,0.9997199773788452
calib_02084,0.0011600255966186523,0.05233001708984375
calib_02085,0.9922699928283691,0.0003299713134765625
calib_02086,3.999471664428711e-05,0.9998800158500671
calib_02087,2.002716064453125e-05,0.9228699803352356
calib_02088,0.290880024433136,0.0006099939346313477
calib_02089,0.0,0.555109977722168
calib_02090,1.0013580322265625e-05,0.9996100068092346
calib_02091,2.9981136322021484e-05,0.6526700258255005
calib_02092,0.00027000904083251953,0.7175400257110596
calib_02093,0.9872599840164185,0.0
calib_02094,0.670740008354187,2.9981136322021484e-05
calib_02095,1.0013580322265625e-05,0.9996299743652344
calib_02096,0.9999899864196777,2.002716064453125e-05
calib_02097,0.9824699759483337,2.002716064453125e-05
calib_02098,2.002716064453125e-05,0.999970018863678
calib_02099,0.9615300297737122,0.0
calib_02100,0.9992600083351135,2.9981136322021484e-05
calib_02101,0.9993900060653687,0.0
calib_02102,2.9981136322021484e-05,0.9783099889755249
calib_02103,1.0013580322265625e-05,0.8042899966239929
calib_02104,2.002716064453125e-05,0.9740099906921387
calib_02105,0.00032001733779907227,0.9991300106048584
calib_02106,2.9981136322021484e-05,0.9884399771690369
calib_02107,1.0013580322265625e-05,0.9998800158500671
calib_02108,0.9946399927139282,0.00010001659393310547
calib_02109,0.9577800035476685,1.0013580322265625e-05
calib_02110,0.7798699736595154,0.0
calib_02111,0.992389976978302,0.002030014991760254
calib_02112,9.000301361083984e-05,0.9797400236129761
calib_02113,0.9999899864196777,0.0
calib_02114,0.9915300011634827,5.0008296966552734e-05
calib_02115,2.002716064453125e-05,0.9836199879646301
calib_02116,0.6726999878883362,5.0008296966552734e-05
calib_02117,2.9981136322021484e-05,0.9996399879455566
calib_02118,0.9996200203895569,0.00012999773025512695
calib_02119,0.0023400187492370605,0.027079999446868896
calib_02120,2.9981136322021484e-05,0.9963499903678894
calib_02121,7.998943328857422e-05,0.9755600094795227
calib_02122,0.8133000135421753,2.002716064453125e-05
calib_02123,0.0,0.969789981842041
calib_02124,0.9994800090789795,0.0006300210952758789
calib_02125,1.0013580322265625e-05,0.9632400274276733
calib_02126,6.002187728881836e-05,0.9910799860954285
calib_02127,0.9879800081253052,0.008229970932006836
calib_02128,2.9981136322021484e-05,0.8512700200080872
calib_02129,0.9997299909591675,0.00010001659393310547
calib_02130,1.0013580322265625e-05,0.990119993686676
calib_02131,0.9871900081634521,0.00015997886657714844
calib_02132,0.9185500144958496,1.0013580322265625e-05
calib_02133,2.002716064453125e-05,0.9829300045967102
calib_02134,0.9172199964523315,2.002716064453125e-05
calib_02135,0.8492400050163269,1.0013580322265625e-05
calib_02136,0.0,0.9801599979400635
calib_02137,0.9999399781227112,1.0013580322265625e-05
calib_02138,2.9981136322021484e-05,0.9607099890708923
calib_02139,2.002716064453125e-05,0.9998199939727783
calib_02140,0.00011998414993286133,0.9863899946212769
calib_02141,0.0008100271224975586,0.40852999687194824
calib_02142,0.9885900020599365,1.0013580322265625e-05
calib_02143,0.9991300106048584,0.0
calib_02144,0.0,0.8197799921035767
calib_02145,2.002716064453125e-05,0.9707599878311157
calib_02146,0.9787799715995789,0.00010001659393310547
calib_02147,1.0013580322265625e-05,0.32402998208999634
calib_02148,0.9455400109291077,1.0013580322265625e-05
calib_02149,0.3734999895095825,3.999471664428711e-05
calib_02150,0.9995599985122681,1.0013580322265625e-05
calib_02151,0.0,0.6077700257301331
calib_02152,1.0013580322265625e-05,0.9426500201225281
calib_02153,0.0,0.9957500100135803
calib_02154,6.99758529663086e-05,0.9416800141334534
calib_02155,9.000301361083984e-05,0.9923800230026245
calib_02156,2.002716064453125e-05,0.9215499758720398
calib_02157,5.0008296966552734e-05,0.9999300241470337
calib_02158,2.9981136322021484e-05,0.8309500217437744
calib_02159,0.9678599834442139,0.0
calib_02160,0.9921200275421143,1.0013580322265625e-05
calib_02161,0.0,0.9703900218009949
calib_02162,0.2813900113105774,1.0013580322265625e-05
calib_02163,0.0001099705696105957,0.9587399959564209
calib_02164,0.9999200105667114,0.0
calib_02165,2.002716064453125e-05,0.9126099944114685
calib_02166,0.9988499879837036,0.00016999244689941406
calib_02167,2.002716064453125e-05,0.9552299976348877
calib_02168,0.9978899955749512,0.0009400248527526855
calib_02169,0.5483700037002563,7.998943328857422e-05
calib_02170,1.0013580322265625e-05,0.994379997253418
calib_02171,0.0,0.9998900294303894
calib_02172,2.002716064453125e-05,0.9808099865913391
calib_02173,2.002716064453125e-05,0.9419599771499634
calib_02174,5.0008296966552734e-05,0.5705000162124634
calib_02175,0.18418002128601074,0.00616002082824707
calib_02176,0.9934200048446655,0.004580020904541016
calib_02177,0.9030900001525879,2.9981136322021484e-05
calib_02178,0.6321300268173218,0.05492997169494629
calib_02179,0.9666500091552734,1.0013580322265625e-05
calib_02180,0.9559900164604187,0.0
calib_02181,0.9998199939727783,3.999471664428711e-05
calib_02182,0.00020998716354370117,0.9821100234985352
calib_02183,3.999471664428711e-05,0.9965599775314331
calib_02184,0.7998999953269958,5.0008296966552734e-05
calib_02185,0.9946399927139282,1.0013580322265625e-05
calib_02186,1.0013580322265625e-05,0.9991199970245361
calib_02187,0.9964100122451782,6.002187728881836e-05
calib_02188,0.001269996166229248,0.4625200033187866
calib_02189,0.8419600129127502,0.00019997358322143555
calib_02190,1.0013580322265625e-05,0.11274999380111694
calib_02191,0.9999399781227112,0.0
calib_02192,0.20328998565673828,0.00015997886657714844
calib_02193,0.9995700120925903,0.0
calib_02194,0.0,0.9478099942207336
calib_02195,0.9853500127792358,0.00023001432418823242
calib_02196,0.9998700022697449,0.001139998435974121
calib_02197,0.0,0.9992300271987915
calib_02198,2.9981136322021484e-05,0.9991400241851807
calib_02199,5.0008296966552734e-05,0.8443700075149536
calib_02200,1.0013580322265625e-05,0.021600008010864258
calib_02201,2.9981136322021484e-05,0.972540020942688
calib_02202,0.9944499731063843,0.0
calib_02203,0.00012999773025512695,0.991569995880127
calib_02204,6.99758529663086e-05,0.9983999729156494
calib_02205,9.000301361083984e-05,0.6617500185966492
calib_02206,0.031109988689422607,0.00014001131057739258
calib_02207,0.0,0.9949600100517273
calib_02208,2.002716064453125e-05,0.8540499806404114
calib_02209,0.9995499849319458,2.9981136322021484e-05
calib_02210,2.9981136322021484e-05,0.998960018157959
calib_02211,0.3689500093460083,0.00010001659393310547
calib_02212,0.9998199939727783,0.0
calib_02213,2.002716064453125e-05,0.9993199706077576
calib_02214,6.002187728881836e-05,0.5300300121307373
calib_02215,0.0,0.982729971408844
calib_02216,3.999471664428711e-05,0.007120013236999512
calib_02217,0.9838799834251404,1.0013580322265625e-05
calib_02218,0.9572399854660034,0.0004400014877319336
calib_02219,1.0013580322265625e-05,0.9823399782180786
calib_02220,0.000599980354309082,0.8374500274658203
calib_02221,0.00016999244689941406,0.9847000241279602
calib_02222,0.9820299744606018,2.002716064453125e-05
calib_02223,0.9946900010108948,2.002716064453125e-05
calib_02224,2.9981136322021484e-05,0.9992700219154358
calib_02225,3.999471664428711e-05,0.9983000159263611
calib_02226,2.002716064453125e-05,0.9976000189781189
calib_02227,0.0,0.8501899838447571
calib_02228,0.0,0.9993299841880798
calib_02229,0.9985799789428711,1.0013580322265625e-05
calib_02230,0.9909499883651733,2.002716064453125e-05
calib_02231,0.9919599890708923,2.002716064453125e-05
calib_02232,0.9999899864196777,0.00015997886657714844
calib_02233,0.9761999845504761,0.00020998716354370117
calib_02234,0.8389899730682373,2.9981136322021484e-05
calib_02235,0.9970099925994873,0.0
calib_02236,0.9887099862098694,2.9981136322021484e-05
calib_02237,0.9996899962425232,3.999471664428711e-05
calib_02238,0.9996299743652344,6.002187728881836e-05
calib_02239,0.0,0.9990299940109253
calib_02240,0.9666900038719177,0.0
calib_02241,0.0,0.8751400113105774
calib_02242,0.1944599747657776,0.00012999773025512695
calib_02243,0.9510700106620789,0.00012999773025512695
calib_02244,0.0,0.9999399781227112
calib_02245,0.9951900243759155,1.0013580322265625e-05
calib_02246,0.9986699819564819,0.0
calib_02247,0.0001500248908996582,0.9687700271606445
calib_02248,0.0,0.997189998626709
calib_02249,0.9297800064086914,2.9981136322021484e-05
calib_02250,0.9948800206184387,0.007870018482208252
calib_02251,0.0,0.9954400062561035
calib_02252,0.9953100085258484,0.0
calib_02253,0.9996899962425232,0.0
calib_02254,0.0,0.7500900030136108
calib_02255,0.9981499910354614,1.0013580322265625e-05
calib_02256,0.9890300035476685,0.0008299946784973145
calib_02257,0.9055100083351135,0.0
calib_02258,0.8571199774742126,0.0
calib_02259,0.0,0.2006700038909912
calib_02260,0.0,0.9758700132369995
calib_02261,0.9990299940109253,0.0
calib_02262,0.34863001108169556,3.999471664428711e-05
calib_02263,0.999970018863678,1.0013580322265625e-05
calib_02264,0.0,0.9983299970626831
calib_02265,6.002187728881836e-05,0.9850999712944031
calib_02266,0.00016999244689941406,0.945609986782074
calib_02267,0.9823099970817566,0.0
calib_02268,0.9932399988174438,2.002716064453125e-05
calib_02269,0.0,0.6152399778366089
calib_02270,1.0013580322265625e-05,0.844789981842041
calib_02271,2.002716064453125e-05,0.9942899942398071
calib_02272,0.9999200105667114,0.0002899765968322754
calib_02273,0.0,0.9982500076293945
calib_02274,0.0028200149536132812,0.993690013885498
calib_02275,1.0013580322265625e-05,0.8852199912071228
calib_02276,2.9981136322021484e-05,0.9799100160598755
calib_02277,0.8603299856185913,5.0008296966552734e-05
calib_02278,0.00010001659393310547,0.9978299736976624
calib_02279,0.8811500072479248,0.0
calib_02280,0.9881100058555603,1.0013580322265625e-05
calib_02281,0.9340100288391113,2.002716064453125e-05
calib_02282,0.825410008430481,2.002716064453125e-05
calib_02283,0.9908699989318848,0.0001099705696105957
calib_02284,0.00028002262115478516,0.9675499796867371
calib_02285,0.998449981212616,0.0
calib_02286,0.9889299869537354,5.0008296966552734e-05
calib_02287,0.0,0.9997199773788452
calib_02288,0.0,0.8346499800682068
calib_02289,0.00034999847412109375,0.986020028591156
calib_02290,0.8021600246429443,0.0004900097846984863
calib_02291,0.9288600087165833,0.00012999773025512695
calib_02292,0.9891700148582458,0.0002899765968322754
calib_02293,0.9146999716758728,0.0
calib_02294,1.0013580322265625e-05,0.9781000018119812
calib_02295,0.9997699856758118,0.0
calib_02296,0.9995700120925903,2.9981136322021484e-05
calib_02297,1.0013580322265625e-05,0.7635899782180786
calib_02298,0.0,0.9997599720954895
calib_02299,0.9626399874687195,0.0012500286102294922
calib_02300,0.9991000294685364,0.000370025634765625
calib_02301,0.9993399977684021,2.002716064453125e-05
calib_02302,9.000301361083984e-05,0.37488001585006714
calib_02303,6.002187728881836e-05,0.8843299746513367
calib_02304,6.002187728881836e-05,0.8967900276184082
calib_02305,0.8090199828147888,0.0
calib_02306,0.0,0.9965400099754333
calib_02307,0.9855800271034241,0.0
calib_02308,0.8715599775314331,0.0004799962043762207
calib_02309,6.002187728881836e-05,0.9921500086784363
calib_02310,0.9182100296020508,1.0013580322265625e-05
calib_02311,5.0008296966552734e-05,0.9747099876403809
calib_02312,0.9866499900817871,0.0001800060272216797
calib_02313,1.0013580322265625e-05,0.9494799971580505
calib_02314,0.98853999376297,0.0
calib_02315,0.999809980392456,0.0
calib_02316,0.9891999959945679,0.0
calib_02317,2.9981136322021484e-05,0.979449987411499
calib_02318,0.7331500053405762,2.002716064453125e-05
calib_02319,0.9800800085067749,7.998943328857422e-05
calib_02320,0.9331499934196472,1.0013580322265625e-05
calib_02321,0.00014001131057739258,0.891040027141571
calib_02322,0.9772099852561951,1.0013580322265625e-05
calib_02323,0.0013499855995178223,0.47394001483917236
calib_02324,0.0,0.9925400018692017
calib_02325,2.002716064453125e-05,0.9995899796485901
calib_02326,0.7834299802780151,2.9981136322021484e-05
calib_02327,0.9986299872398376,0.0715399980545044
calib_02328,0.9743800163269043,0.0
calib_02329,2.9981136322021484e-05,0.9462699890136719
calib_02330,2.002716064453125e-05,0.9994400143623352
calib_02331,0.9915900230407715,2.002716064453125e-05
calib_02332,0.9927200078964233,0.0
calib_02333,0.0,0.6837499737739563
calib_02334,0.0004799962043762207,0.27967000007629395
calib_02335,0.9994800090789795,0.0
calib_02336,0.0006999969482421875,0.9994000196456909
calib_02337,3.999471664428711e-05,0.999019980430603
calib_02338,0.495419979095459,0.0
calib_02339,0.0,0.999970018863678
calib_02340,0.0,0.8506399989128113
calib_02341,0.9900000095367432,0.00032001733779907227
calib_02342,0.0002499818801879883,0.6271399855613708
calib_02343,0.9990299940109253,0.0
calib_02344,0.9886400103569031,0.0
calib_02345,0.9983100295066833,0.0
calib_02346,0.7878999710083008,0.00011998414993286133
calib_02347,0.8883699774742126,1.0013580322265625e-05
calib_02348,0.883080005645752,1.0013580322265625e-05
calib_02349,0.0,0.9979900121688843
calib_02350,0.01573997735977173,0.47683000564575195
calib_02351,0.8322100043296814,0.0
calib_02352,6.99758529663086e-05,0.9887199997901917
calib_02353,0.4340500235557556,0.0
calib_02354,0.787909984588623,5.0008296966552734e-05
calib_02355,0.8057100176811218,0.00014001131057739258
calib_02356,0.0,0.5147799849510193
calib_02357,0.018329977989196777,0.8108299970626831
calib_02358,0.004620015621185303,0.9613199830055237
calib_02359,0.00038999319076538086,0.9900599718093872
calib_02360,0.6783599853515625,2.9981136322021484e-05
calib_02361,0.9298099875450134,3.999471664428711e-05
calib_02362,0.000500023365020752,0.9905200004577637
calib_02363,0.0007200241088867188,0.9898399710655212
calib_02364,0.993399977684021,1.0013580322265625e-05
calib_02365,0.5174099802970886,2.002716064453125e-05
calib_02366,0.9718499779701233,0.00019997358322143555
calib_02367,0.9798099994659424,7.998943328857422e-05
calib_02368,0.9985600113868713,5.0008296966552734e-05
calib_02369,1.0013580322265625e-05,0.833549976348877
calib_02370,0.9972800016403198,0.0
calib_02371,0.9895600080490112,2.002716064453125e-05
calib_02372,0.004119992256164551,0.9997599720954895
calib_02373,1.0013580322265625e-05,0.9998000264167786
calib_02374,1.0013580322265625e-05,0.9436399936676025
calib_02375,0.00012999773025512695,0.9408699870109558
calib_02376,2.002716064453125e-05,0.9361900091171265
calib_02377,1.0013580322265625e-05,0.794219970703125
calib_02378,0.8336300253868103,0.0003399848937988281
calib_02379,2.002716064453125e-05,0.9991700053215027
calib_02380,3.999471664428711e-05,0.9733800292015076
calib_02381,0.4605900049209595,3.999471664428711e-05
calib_02382,0.9730600118637085,0.0001900196075439453
calib_02383,0.0,0.9663199782371521
calib_02384,0.03873997926712036,0.73294997215271
calib_02385,0.0,0.9731199741363525
calib_02386,0.0,0.9913399815559387
calib_02387,0.4051700234413147,0.0035799741744995117
calib_02388,0.0,0.8349900245666504
calib_02389,1.0013580322265625e-05,0.9986100196838379
calib_02390,2.9981136322021484e-05,0.9986400008201599
calib_02391,0.4077100157737732,0.0
calib_02392,0.00016999244689941406,0.9997299909591675
calib_02393,0.8619999885559082,0.0
calib_02394,0.9954100251197815,0.0
calib_02395,1.0013580322265625e-05,0.9991700053215027
calib_02396,0.000729978084564209,0.9974200129508972
calib_02397,1.0013580322265625e-05,0.9958900213241577
calib_02398,0.737309992313385,1.0013580322265625e-05
calib_02399,0.9618800282478333,0.0
calib_02400,0.6334699988365173,2.002716064453125e-05
calib_02401,1.0013580322265625e-05,0.9714599847793579
calib_02402,0.9996899962425232,0.0001900196075439453
calib_02403,0.9759200215339661,2.002716064453125e-05
calib_02404,0.008729994297027588,0.9945200085639954
calib_02405,0.9989799857139587,0.00019997358322143555
calib_02406,0.9965699911117554,6.002187728881836e-05
calib_02407,0.9946399927139282,0.00012999773025512695
calib_02408,0.9355800151824951,0.0
calib_02409,0.9892200231552124,9.000301361083984e-05
calib_02410,0.992330014705658,0.0002599954605102539
calib_02411,2.9981136322021484e-05,0.9499599933624268
calib_02412,0.0021700263023376465,0.4694700241088867
calib_02413,3.999471664428711e-05,0.9972900152206421
calib_02414,0.9980999827384949,0.0
calib_02415,9.000301361083984e-05,0.9995999932289124
calib_02416,1.0013580322265625e-05,0.9986299872398376
calib_02417,0.9935500025749207,0.0023599863052368164
calib_02418,0.0,0.9821400046348572
calib_02419,0.9997699856758118,0.0
calib_02420,0.9826800227165222,0.0032399892807006836
calib_02421,0.00037997961044311523,0.25370001792907715
calib_02422,0.0003299713134765625,0.6859400272369385
calib_02423,0.0,0.21688997745513916
calib_02424,0.8164200186729431,6.99758529663086e-05
calib_02425,1.0013580322265625e-05,0.865339994430542
calib_02426,0.9943100214004517,5.0008296966552734e-05
calib_02427,0.00014001131057739258,0.9854400157928467
calib_02428,0.0,0.9574900269508362
calib_02429,0.9964100122451782,5.0008296966552734e-05
calib_02430,0.9912800192832947,2.002716064453125e-05
calib_02431,0.0015599727630615234,0.8950999975204468
calib_02432,2.002716064453125e-05,0.8808199763298035
calib_02433,0.0,0.9781699776649475
calib_02434,0.9999399781227112,1.0013580322265625e-05
calib_02435,0.9998599886894226,2.002716064453125e-05
calib_02436,0.7783399820327759,0.0
calib_02437,0.0,0.9710599780082703
calib_02438,0.25067001581192017,0.0012400150299072266
calib_02439,2.002716064453125e-05,0.9964699745178223
calib_02440,0.012950003147125244,0.5638999938964844
calib_02441,1.0013580322265625e-05,0.9989500045776367
calib_02442,7.998943328857422e-05,0.9894099831581116
calib_02443,1.0013580322265625e-05,0.9996600151062012
calib_02444,0.0014399886131286621,0.8783000111579895
calib_02445,0.00014001131057739258,1.0
calib_02446,1.0013580322265625e-05,0.746749997138977
calib_02447,0.8947700262069702,1.0013580322265625e-05
calib_02448,0.9624099731445312,0.0010399818420410156
calib_02449,0.0,0.9999799728393555
calib_02450,0.002290010452270508,0.9282400012016296
calib_02451,0.8562600016593933,0.0005199909210205078
calib_02452,0.996749997138977,2.9981136322021484e-05
calib_02453,0.0,0.9692299962043762
calib_02454,0.00028002262115478516,0.9940900206565857
calib_02455,0.9580399990081787,0.0
calib_02456,0.6892300248146057,1.0013580322265625e-05
calib_02457,6.002187728881836e-05,0.9973099827766418
calib_02458,3.999471664428711e-05,0.8390300273895264
calib_02459,0.9896399974822998,0.0
calib_02460,0.9988300204277039,0.0
calib_02461,0.0,0.9955499768257141
calib_02462,0.9990800023078918,0.0
calib_02463,7.998943328857422e-05,0.759630024433136
calib_02464,0.9972500205039978,0.00041997432708740234
calib_02465,0.891979992389679,2.002716064453125e-05
calib_02466,0.7109900116920471,1.0013580322265625e-05
calib_02467,0.0,0.9999099969863892
calib_02468,0.9995599985122681,0.00011998414993286133
calib_02469,0.9986100196838379,1.0013580322265625e-05
calib_02470,0.9942299723625183,2.9981136322021484e-05
calib_02471,0.8580499887466431,1.0013580322265625e-05
calib_02472,9.000301361083984e-05,0.854420006275177
calib_02473,0.8945500254631042,7.998943328857422e-05
calib_02474,0.9991899728775024,0.0
calib_02475,0.9908300042152405,6.002187728881836e-05
calib_02476,0.0,0.99235999584198
calib_02477,1.0013580322265625e-05,0.999970018863678
calib_02478,0.9929599761962891,0.0
calib_02479,0.0,0.9994400143623352
calib_02480,0.6026800274848938,2.9981136322021484e-05
calib_02481,0.9719600081443787,1.0013580322265625e-05
calib_02482,0.9776099920272827,0.0
calib_02483,0.9628700017929077,1.0013580322265625e-05
calib_02484,0.9999899864196777,2.002716064453125e-05
calib_02485,0.17868000268936157,2.002716064453125e-05
calib_02486,0.9998700022697449,1.0013580322265625e-05
calib_02487,0.0,0.9999099969863892
calib_02488,0.8967099785804749,3.999471664428711e-05
calib_02489,0.00010001659393310547,0.9741500020027161
calib_02490,5.0008296966552734e-05,0.9994400143623352
calib_02491,0.19721001386642456,0.00015997886657714844
calib_02492,0.0,0.9996700286865234
calib_02493,0.9998999834060669,2.9981136322021484e-05
calib_02494,0.9838299751281738,3.999471664428711e-05
calib_02495,1.0013580322265625e-05,0.9998700022697449
calib_02496,0.20645999908447266,0.0
calib_02497,0.9986799955368042,0.0
calib_02498,1.0013580322265625e-05,0.9617099761962891
calib_02499,6.002187728881836e-05,0.8979099988937378
calib_02500,2.002716064453125e-05,0.9906200170516968
calib_02501,0.9999799728393555,0.00012999773025512695
calib_02502,0.9994699954986572,6.99758529663086e-05
calib_02503,0.00042998790740966797,0.9811499714851379
calib_02504,0.9995599985122681,1.0013580322265625e-05
calib_02505,2.002716064453125e-05,0.9999899864196777
calib_02506,0.9997599720954895,3.999471664428711e-05
calib_02507,0.9971399903297424,2.002716064453125e-05
calib_02508,0.0001500248908996582,0.8756999969482422
calib_02509,0.9727699756622314,0.0
calib_02510,0.9928399920463562,0.0
calib_02511,0.9987999796867371,0.0
calib_02512,6.002187728881836e-05,0.174809992313385
calib_02513,0.00031000375747680664,0.9925400018692017
calib_02514,0.49348002672195435,0.0005699992179870605
calib_02515,0.0002599954605102539,0.0015900135040283203
calib_02516,0.9977399706840515,2.002716064453125e-05
calib_02517,0.8734599947929382,0.0
calib_02518,0.6159600019454956,0.00014001131057739258
calib_02519,0.9998000264167786,6.99758529663086e-05
calib_02520,0.0,0.8103100061416626
calib_02521,0.8691999912261963,0.0
calib_02522,0.002089977264404297,5.0008296966552734e-05
calib_02523,0.9997299909591675,0.0
calib_02524,0.0008699893951416016,0.9978600144386292
calib_02525,0.9987199902534485,2.9981136322021484e-05
calib_02526,0.9507099986076355,3.999471664428711e-05
calib_02527,0.9989799857139587,0.0
calib_02528,0.00012999773025512695,0.9885799884796143
calib_02529,0.8928200006484985,0.00010001659393310547
calib_02530,0.00016999244689941406,0.999239981174469
calib_02531,0.0009599924087524414,0.7033500075340271
calib_02532,0.930429995059967,0.0004400014877319336
calib_02533,0.00015997886657714844,0.9912199974060059
calib_02534,2.002716064453125e-05,0.9989200234413147
calib_02535,0.0013800263404846191,0.9999200105667114
calib_02536,0.00019997358322143555,0.8346099853515625
calib_02537,0.0022299885749816895,0.8408600091934204
calib_02538,9.000301361083984e-05,0.7813900113105774
calib_02539,0.0,0.9919899702072144
calib_02540,0.9965999722480774,0.0
calib_02541,0.9992700219154358,1.0013580322265625e-05
calib_02542,0.9539200067520142,6.002187728881836e-05
calib_02543,0.8793100118637085,0.0007200241088867188
calib_02544,0.00019997358322143555,0.9960799813270569
calib_02545,0.9317100048065186,0.0
calib_02546,0.8709099888801575,1.0013580322265625e-05
calib_02547,0.0,0.9992200136184692
calib_02548,1.0013580322265625e-05,0.9997000098228455
calib_02549,0.0,0.9989699721336365
calib_02550,2.002716064453125e-05,0.9990500211715698
calib_02551,0.9987300038337708,2.002716064453125e-05
calib_02552,0.9893699884414673,0.0
calib_02553,0.00024002790451049805,0.1922600269317627
calib_02554,0.0,0.9937199950218201
calib_02555,0.8179699778556824,0.00010001659393310547
calib_02556,0.0,0.7906100153923035
calib_02557,0.8904200196266174,0.0
calib_02558,2.9981136322021484e-05,0.9968699812889099
calib_02559,0.9997900128364563,1.0013580322265625e-05
calib_02560,0.0006499886512756348,0.6470900177955627
calib_02561,0.9672200083732605,0.00012999773025512695
calib_02562,0.9926999807357788,0.001569986343383789
calib_02563,0.955590009689331,2.002716064453125e-05
calib_02564,0.9732900261878967,0.0
calib_02565,0.017099976539611816,3.999471664428711e-05
calib_02566,0.8232899904251099,1.0013580322265625e-05
calib_02567,0.0003299713134765625,0.37849998474121094
calib_02568,1.0013580322265625e-05,0.9998700022697449
calib_02569,0.0,0.9997900128364563
calib_02570,1.0013580322265625e-05,0.9939200282096863
calib_02571,0.9988899827003479,2.002716064453125e-05
calib_02572,0.9822099804878235,0.0005199909210205078
calib_02573,6.002187728881836e-05,0.2106199860572815
calib_02574,1.0013580322265625e-05,0.9994999766349792
calib_02575,0.0804700255393982,2.002716064453125e-05
calib_02576,0.8658400177955627,1.0013580322265625e-05
calib_02577,0.9927899837493896,0.0
calib_02578,0.8865399956703186,2.9981136322021484e-05
calib_02579,0.0011199712753295898,0.7990999817848206
calib_02580,0.955269992351532,0.00011998414993286133
calib_02581,0.8406000137329102,0.0
calib_02582,0.0006899833679199219,0.28749001026153564
calib_02583,1.0013580322265625e-05,0.25804001092910767
calib_02584,0.9999499917030334,0.0
calib_02585,0.9994900226593018,0.0
calib_02586,3.999471664428711e-05,0.9999300241470337
calib_02587,0.999970018863678,1.0013580322265625e-05
calib_02588,0.9964799880981445,0.0
calib_02589,0.9974600076675415,7.998943328857422e-05
calib_02590,5.0008296966552734e-05,0.8640699982643127
calib_02591,1.0013580322265625e-05,0.9998800158500671
calib_02592,0.996940016746521,0.0004900097846984863
calib_02593,3.999471664428711e-05,0.9799000024795532
calib_02594,1.0013580322265625e-05,0.9998900294303894
calib_02595,0.9231799840927124,1.0013580322265625e-05
calib_02596,0.9700300097465515,2.002716064453125e-05
calib_02597,0.5807499885559082,0.0
calib_02598,0.5071200132369995,0.0008199810981750488
calib_02599,0.0,0.9972100257873535
calib_02600,0.9952899813652039,0.0
calib_02601,1.0013580322265625e-05,0.9086300134658813
calib_02602,0.9986400008201599,0.0
calib_02603,0.9991099834442139,2.002716064453125e-05
calib_02604,0.0,0.999750018119812
calib_02605,0.9961900115013123,0.0001900196075439453
calib_02606,0.00014001131057739258,0.9637799859046936
calib_02607,0.0,0.9829099774360657
calib_02608,0.0002499818801879883,0.6373800039291382
calib_02609,0.0005800127983093262,0.9741100072860718
calib_02610,0.9127600193023682,0.0
calib_02611,2.9981136322021484e-05,0.9965900182723999
calib_02612,0.00027000904083251953,0.9999399781227112
calib_02613,0.0,0.9988999962806702
calib_02614,0.0,0.9779999852180481
calib_02615,1.0013580322265625e-05,0.9947400093078613
calib_02616,0.9811400175094604,0.0006399750709533691
calib_02617,0.9997299909591675,0.0
calib_02618,0.0,0.15486997365951538
calib_02619,0.9798799753189087,2.9981136322021484e-05
calib_02620,2.002716064453125e-05,0.999970018863678
calib_02621,0.0,0.9714800119400024
calib_02622,0.9999099969863892,0.0011299848556518555
calib_02623,1.0013580322265625e-05,0.9896000027656555
calib_02624,0.9753100275993347,1.0013580322265625e-05
calib_02625,0.0014399886131286621,0.9986699819564819
calib_02626,0.9506400227546692,0.0004699826240539551
calib_02627,2.002716064453125e-05,0.37436002492904663
calib_02628,0.339959979057312,0.00028002262115478516
calib_02629,0.9874799847602844,0.0
calib_02630,0.98853999376297,2.002716064453125e-05
calib_02631,2.9981136322021484e-05,0.837440013885498
calib_02632,1.0013580322265625e-05,0.6506400108337402
calib_02633,0.5744900107383728,0.033699989318847656
calib_02634,0.9379199743270874,1.0013580322265625e-05
calib_02635,0.0,0.9859799742698669
calib_02636,0.9595800042152405,1.0013580322265625e-05
calib_02637,0.9957500100135803,0.00010001659393310547
calib_02638,0.9998400211334229,1.0013580322265625e-05
calib_02639,7.998943328857422e-05,0.5720400214195251
calib_02640,0.9799500107765198,0.0
calib_02641,0.9848300218582153,5.0008296966552734e-05
calib_02642,0.9994000196456909,0.0
calib_02643,1.0013580322265625e-05,0.984220027923584
calib_02644,0.0,0.24466997385025024
calib_02645,0.9983500242233276,0.0
calib_02646,1.0013580322265625e-05,0.9977999925613403
calib_02647,0.999180018901825,1.0013580322265625e-05
calib_02648,0.9942499995231628,1.0013580322265625e-05
calib_02649,0.0001099705696105957,0.9966899752616882
calib_02650,0.9871399998664856,2.9981136322021484e-05
calib_02651,0.0,0.9978200197219849
calib_02652,0.0,0.9999399781227112
calib_02653,0.2851099967956543,0.0
calib_02654,0.9987499713897705,0.0
calib_02655,2.9981136322021484e-05,0.8298500180244446
calib_02656,0.9874799847602844,2.002716064453125e-05
calib_02657,1.0013580322265625e-05,0.999459981918335
calib_02658,0.0002599954605102539,0.9027299880981445
calib_02659,3.999471664428711e-05,0.9616900086402893
calib_02660,0.0,0.9848700165748596
calib_02661,0.9970899820327759,0.00010001659393310547
calib_02662,0.9930599927902222,0.0004699826240539551
calib_02663,0.993939995765686,2.9981136322021484e-05
calib_02664,3.999471664428711e-05,0.9940599799156189
calib_02665,5.0008296966552734e-05,0.9780899882316589
calib_02666,0.07099002599716187,0.002219974994659424
calib_02667,0.0004100203514099121,0.9996899962425232
calib_02668,0.890500009059906,6.002187728881836e-05
calib_02669,6.99758529663086e-05,0.9313799738883972
calib_02670,0.9974799752235413,0.0002499818801879883
calib_02671,0.9214100241661072,1.0013580322265625e-05
calib_02672,0.9995599985122681,0.0006600022315979004
calib_02673,0.9622399806976318,0.0005099773406982422
calib_02674,0.00016999244689941406,0.9991000294685364
calib_02675,0.9952999949455261,0.0
calib_02676,0.0,0.974560022354126
calib_02677,0.9976599812507629,2.9981136322021484e-05
calib_02678,0.9989500045776367,1.0013580322265625e-05
calib_02679,2.002716064453125e-05,0.9879599809646606
calib_02680,2.002716064453125e-05,0.9928600192070007
calib_02681,0.8563799858093262,0.9772300124168396
calib_02682,0.00012999773025512695,0.7975000143051147
calib_02683,1.0013580322265625e-05,0.9957299828529358
calib_02684,0.896619975566864,2.002716064453125e-05
calib_02685,0.0,0.8705800175666809
calib_02686,0.9988700151443481,1.0013580322265625e-05
calib_02687,0.0001099705696105957,0.7701200246810913
calib_02688,1.0013580322265625e-05,0.9974200129508972
calib_02689,2.9981136322021484e-05,0.09735000133514404
calib_02690,0.9926999807357788,0.0
calib_02691,0.9579700231552124,0.0001900196075439453
calib_02692,1.0013580322265625e-05,0.8848900198936462
calib_02693,0.9998499751091003,0.0
calib_02694,0.000500023365020752,0.9829599857330322
calib_02695,0.0,0.9814800024032593
calib_02696,0.6836000084877014,1.0013580322265625e-05
calib_02697,0.5163099765777588,2.002716064453125e-05
calib_02698,0.8593900203704834,0.00014001131057739258
calib_02699,0.997439980506897,5.0008296966552734e-05
calib_02700,0.0,0.9882100224494934
calib_02701,1.0013580322265625e-05,0.9715099930763245
calib_02702,2.002716064453125e-05,0.9888200163841248
calib_02703,0.0018000006675720215,0.19352000951766968
calib_02704,0.0002499818801879883,0.8788400292396545
calib_02705,0.9979199767112732,1.0013580322265625e-05
calib_02706,1.0013580322265625e-05,0.9759200215339661
calib_02707,0.00010001659393310547,0.9037399888038635
calib_02708,0.9708799719810486,2.9981136322021484e-05
calib_02709,0.924809992313385,2.002716064453125e-05
calib_02710,0.00028002262115478516,0.9998599886894226
calib_02711,0.9108099937438965,0.000500023365020752
calib_02712,0.9999600052833557,1.0013580322265625e-05
calib_02713,1.0013580322265625e-05,0.8934299945831299
calib_02714,0.9754899740219116,0.0
calib_02715,0.9994699954986572,0.0
calib_02716,0.9173600077629089,1.0013580322265625e-05
calib_02717,0.9982200264930725,2.9981136322021484e-05
calib_02718,1.0013580322265625e-05,0.933210015296936
calib_02719,0.9674999713897705,0.00015997886657714844
calib_02720,0.9948899745941162,0.0002899765968322754
calib_02721,0.989799976348877,0.0
calib_02722,0.7178099751472473,1.0013580322265625e-05
calib_02723,0.9923999905586243,0.0
calib_02724,0.8754100203514099,6.99758529663086e-05
calib_02725,0.9979000091552734,2.9981136322021484e-05
calib_02726,0.0,0.9167600274085999
calib_02727,0.9758399724960327,2.9981136322021484e-05
calib_02728,0.6636199951171875,5.0008296966552734e-05
calib_02729,3.999471664428711e-05,0.8052700161933899
calib_02730,6.99758529663086e-05,0.6236799955368042
calib_02731,0.8402600288391113,0.000299990177154541
calib_02732,0.0,0.9998300075531006
calib_02733,0.0,0.978600025177002
calib_02734,0.00012999773025512695,0.47001999616622925
calib_02735,0.0,0.9997299909591675
calib_02736,2.002716064453125e-05,0.9945499897003174
calib_02737,1.0013580322265625e-05,0.9998199939727783
calib_02738,6.99758529663086e-05,0.9968299865722656
calib_02739,0.0,0.9994999766349792
calib_02740,0.9876199960708618,0.00016999244689941406
calib_02741,0.7963700294494629,2.002716064453125e-05
calib_02742,0.9999899864196777,1.0013580322265625e-05
calib_02743,7.998943328857422e-05,0.9944800138473511
calib_02744,0.9946200251579285,0.0
calib_02745,0.0,0.965910017490387
calib_02746,0.0,0.9974200129508972
calib_02747,0.0,0.9562199711799622
calib_02748,2.9981136322021484e-05,0.9918500185012817
calib_02749,0.9995999932289124,2.002716064453125e-05
calib_02750,0.0,0.9991000294685364
calib_02751,2.002716064453125e-05,0.9998300075531006
calib_02752,0.9995800256729126,0.0
calib_02753,0.0002200007438659668,0.9466099739074707
calib_02754,6.002187728881836e-05,0.9483199715614319
calib_02755,0.0,0.8037199974060059
calib_02756,0.0006200075149536133,0.9889799952507019
calib_02757,0.9875500202178955,0.0
calib_02758,0.28237998485565186,0.0
calib_02759,0.9542400240898132,0.0027499794960021973
calib_02760,0.9990299940109253,0.0
calib_02761,0.0,0.9997400045394897
calib_02762,0.9800199866294861,1.0013580322265625e-05
calib_02763,0.9998400211334229,5.0008296966552734e-05
calib_02764,0.9998900294303894,0.0
calib_02765,0.0,0.9988499879837036
calib_02766,0.9808300137519836,0.0
calib_02767,0.0007899999618530273,0.1380699872970581
calib_02768,1.0013580322265625e-05,0.9891800284385681
calib_02769,6.002187728881836e-05,0.8292800188064575
calib_02770,0.0,0.9827399849891663
calib_02771,0.9962300062179565,0.0013399720191955566
calib_02772,5.0008296966552734e-05,0.9991899728775024
calib_02773,0.0,0.9996399879455566
calib_02774,5.0008296966552734e-05,0.9210699796676636
calib_02775,2.002716064453125e-05,0.9159799814224243
calib_02776,0.9970800280570984,0.00011998414993286133
calib_02777,0.17997997999191284,0.0001500248908996582
calib_02778,2.002716064453125e-05,0.9999899864196777
calib_02779,0.9993799924850464,2.002716064453125e-05
calib_02780,3.999471664428711e-05,0.9548599720001221
calib_02781,0.03227001428604126,0.002369999885559082
calib_02782,0.9984300136566162,6.002187728881836e-05
calib_02783,0.9956099987030029,0.0002599954605102539
calib_02784,0.053759992122650146,2.002716064453125e-05
calib_02785,0.0008299946784973145,0.9977999925613403
calib_02786,0.0,0.9934499859809875
calib_02787,2.002716064453125e-05,0.111270010471344
calib_02788,0.7412300109863281,0.00023001432418823242
calib_02789,0.00012999773025512695,0.9989500045776367
calib_02790,2.002716064453125e-05,0.9981799721717834
calib_02791,0.003949999809265137,0.6748800277709961
calib_02792,0.000500023365020752,0.9957399964332581
calib_02793,0.9926499724388123,1.0013580322265625e-05
calib_02794,3.999471664428711e-05,0.966480016708374
calib_02795,0.00010001659393310547,0.3244600296020508
calib_02796,2.002716064453125e-05,0.999809980392456
calib_02797,0.0,0.648360013961792
calib_02798,0.5824199914932251,0.0
calib_02799,2.002716064453125e-05,0.9555100202560425
calib_02800,0.994949996471405,1.0013580322265625e-05
calib_02801,0.9999399781227112,0.0
calib_02802,0.9413099884986877,2.002716064453125e-05
calib_02803,0.006900012493133545,0.8826799988746643
calib_02804,0.0005699992179870605,0.997409999370575
calib_02805,0.5397400259971619,6.99758529663086e-05
calib_02806,1.0013580322265625e-05,0.9999899864196777
calib_02807,0.6895599961280823,0.0
calib_02808,0.0,0.9948700070381165
calib_02809,2.002716064453125e-05,0.9992499947547913
calib_02810,0.8284900188446045,1.0013580322265625e-05
calib_02811,0.8713099956512451,1.0013580322265625e-05
calib_02812,0.00012999773025512695,0.9868000149726868
calib_02813,6.002187728881836e-05,0.8190699815750122
calib_02814,0.8900499939918518,0.0006399750709533691
calib_02815,0.9995999932289124,0.0
calib_02816,0.0007200241088867188,0.9148499965667725
calib_02817,3.999471664428711e-05,0.48733001947402954
calib_02818,2.002716064453125e-05,0.999019980430603
calib_02819,5.0008296966552734e-05,0.9977499842643738
calib_02820,1.0013580322265625e-05,0.9232900142669678
calib_02821,0.9788500070571899,1.0013580322265625e-05
calib_02822,0.9986299872398376,0.0
calib_02823,1.0013580322265625e-05,0.5920199751853943
calib_02824,0.9922599792480469,0.0
calib_02825,9.000301361083984e-05,0.9526900053024292
calib_02826,1.0013580322265625e-05,0.6932100057601929
calib_02827,2.002716064453125e-05,0.995989978313446
calib_02828,0.10992002487182617,0.00010001659393310547
calib_02829,0.9977700114250183,7.998943328857422e-05
calib_02830,0.0002599954605102539,0.9999799728393555
calib_02831,2.9981136322021484e-05,0.9984400272369385
calib_02832,0.9986299872398376,2.002716064453125e-05
calib_02833,0.0,0.9993399977684021
calib_02834,0.0,0.9984099864959717
calib_02835,0.9473299980163574,0.00041997432708740234
calib_02836,0.9914199709892273,1.0013580322265625e-05
calib_02837,0.0,0.9809799790382385
calib_02838,0.7174999713897705,0.0
calib_02839,0.9930899739265442,2.002716064453125e-05
calib_02840,0.00015997886657714844,0.9367300271987915
calib_02841,5.0008296966552734e-05,0.8236299753189087
calib_02842,0.7585600018501282,2.9981136322021484e-05
calib_02843,2.002716064453125e-05,0.9322900176048279
calib_02844,0.9584299921989441,0.0
calib_02845,0.0,0.8423200249671936
calib_02846,0.9995700120925903,1.0013580322265625e-05
calib_02847,0.9907299876213074,1.0013580322265625e-05
calib_02848,0.005919992923736572,0.9791799783706665
calib_02849,1.0013580322265625e-05,0.9999899864196777
calib_02850,0.9967300295829773,5.0008296966552734e-05
calib_02851,0.0004500150680541992,0.9987499713897705
calib_02852,0.00042998790740966797,0.9989399909973145
calib_02853,2.002716064453125e-05,0.9999200105667114
calib_02854,2.002716064453125e-05,0.9999200105667114
calib_02855,0.9681400060653687,0.0004500150680541992
calib_02856,2.9981136322021484e-05,0.9533699750900269
calib_02857,5.0008296966552734e-05,0.9898800253868103
calib_02858,7.998943328857422e-05,0.8587599992752075
calib_02859,0.003600001335144043,0.9818000197410583
calib_02860,0.9935200214385986,0.00024002790451049805
calib_02861,0.8789100050926208,0.00010001659393310547
calib_02862,0.0,0.9998400211334229
calib_02863,0.44262999296188354,1.0013580322265625e-05
calib_02864,2.002716064453125e-05,0.8315799832344055
calib_02865,0.9990599751472473,2.9981136322021484e-05
calib_02866,2.002716064453125e-05,0.16644001007080078
calib_02867,0.9997000098228455,1.0013580322265625e-05
calib_02868,0.999750018119812,0.0
calib_02869,0.9840999841690063,1.0013580322265625e-05
calib_02870,0.0,0.6700599789619446
calib_02871,0.9999499917030334,1.0013580322265625e-05
calib_02872,0.0,0.9714999794960022
calib_02873,0.9993299841880798,2.9981136322021484e-05
calib_02874,2.002716064453125e-05,0.9321500062942505
calib_02875,0.9998900294303894,0.0
calib_02876,0.00014001131057739258,0.908050000667572
calib_02877,0.9546999931335449,1.0013580322265625e-05
calib_02878,7.998943328857422e-05,0.9988700151443481
calib_02879,0.09223997592926025,0.0001900196075439453
calib_02880,2.9981136322021484e-05,0.9322900176048279
calib_02881,0.9999799728393555,0.0
calib_02882,0.9788299798965454,0.0
calib_02883,0.0,0.9999099969863892
calib_02884,0.9979299902915955,0.0
calib_02885,0.9398900270462036,0.00023001432418823242
calib_02886,1.0013580322265625e-05,0.9973999857902527
calib_02887,0.9787200093269348,5.0008296966552734e-05
calib_02888,2.9981136322021484e-05,0.9701399803161621
calib_02889,0.0,0.9994199872016907
calib_02890,0.9956499934196472,1.0013580322265625e-05
calib_02891,0.0,0.9995399713516235
calib_02892,0.0001800060272216797,0.88714998960495
calib_02893,0.0,0.2359200119972229
calib_02894,0.9902899861335754,1.0013580322265625e-05
calib_02895,1.0013580322265625e-05,0.9986699819564819
calib_02896,0.9994900226593018,2.9981136322021484e-05
calib_02897,1.0013580322265625e-05,0.9878399968147278
calib_02898,0.895829975605011,0.00012999773025512695
calib_02899,2.9981136322021484e-05,0.9999300241470337
calib_02900,2.9981136322021484e-05,0.9999399781227112
calib_02901,0.02806997299194336,0.9633200168609619
calib_02902,0.19641000032424927,0.004920005798339844
calib_02903,0.9955000281333923,0.036080002784729004
calib_02904,0.0008400082588195801,0.9988999962806702
calib_02905,0.9942100048065186,7.998943328857422e-05
calib_02906,0.9642199873924255,0.00014001131057739258
calib_02907,1.0013580322265625e-05,0.26266002655029297
calib_02908,0.7474200129508972,2.002716064453125e-05
calib_02909,0.902970016002655,0.0001500248908996582
calib_02910,0.9976699948310852,0.0
calib_02911,0.9995399713516235,5.0008296966552734e-05
calib_02912,2.002716064453125e-05,0.9989699721336365
calib_02913,1.0013580322265625e-05,0.9998800158500671
calib_02914,0.8718000054359436,6.99758529663086e-05
calib_02915,3.999471664428711e-05,0.993910014629364
calib_02916,0.6859599947929382,0.0009599924087524414
calib_02917,0.00010001659393310547,0.2873600125312805
calib_02918,0.9980000257492065,0.0001500248908996582
calib_02919,0.0002200007438659668,0.9995899796485901
calib_02920,0.0,0.9999300241470337
calib_02921,0.9995899796485901,0.00012999773025512695
calib_02922,0.9736700057983398,0.0007699728012084961
calib_02923,2.002716064453125e-05,0.9511100053787231
calib_02924,2.9981136322021484e-05,0.9997400045394897
calib_02925,5.0008296966552734e-05,0.999779999256134
calib_02926,0.8809900283813477,2.002716064453125e-05
calib_02927,2.9981136322021484e-05,0.9252700209617615
calib_02928,0.7991200089454651,1.0013580322265625e-05
calib_02929,0.0,0.9992799758911133
calib_02930,0.0001900196075439453,0.9985499978065491
calib_02931,0.0,0.992680013179779
calib_02932,0.9923499822616577,7.998943328857422e-05
calib_02933,2.002716064453125e-05,0.9998300075531006
calib_02934,0.003899991512298584,0.9996200203895569
calib_02935,0.318589985370636,0.0
calib_02936,0.8317899703979492,0.00016999244689941406
calib_02937,0.997160017490387,2.9981136322021484e-05
calib_02938,0.0,0.908519983291626
calib_02939,0.4229699969291687,1.0013580322265625e-05
calib_02940,1.0013580322265625e-05,0.8416299819946289
calib_02941,0.00010001659393310547,0.9774699807167053
calib_02942,0.38784998655319214,0.0016899704933166504
calib_02943,0.9941999912261963,0.0
calib_02944,1.0013580322265625e-05,0.9888499975204468
calib_02945,0.0031599998474121094,0.9931600093841553
calib_02946,0.7994899749755859,0.0055699944496154785
calib_02947,2.002716064453125e-05,0.9947199821472168
calib_02948,0.9997199773788452,1.0013580322265625e-05
calib_02949,0.00016999244689941406,0.23436999320983887
calib_02950,0.0003600120544433594,0.2418299913406372
calib_02951,1.0013580322265625e-05,0.5803999900817871
calib_02952,0.990909993648529,3.999471664428711e-05
calib_02953,6.99758529663086e-05,0.9992799758911133
calib_02954,0.0,0.9998700022697449
calib_02955,0.00012999773025512695,0.9909700155258179
calib_02956,0.8116199970245361,0.0012800097465515137
calib_02957,0.9910699725151062,1.0013580322265625e-05
calib_02958,0.672789990901947,5.0008296966552734e-05
calib_02959,0.0,0.9996500015258789
calib_02960,1.0013580322265625e-05,0.8677200078964233
calib_02961,0.5859699845314026,1.0013580322265625e-05
calib_02962,0.999970018863678,0.0001099705696105957
calib_02963,0.0,0.9896100163459778
calib_02964,2.002716064453125e-05,0.9827700257301331
calib_02965,0.9999799728393555,0.0
calib_02966,0.9380599856376648,0.0
calib_02967,0.0,0.9999099969863892
calib_02968,0.996940016746521,0.0
calib_02969,0.0,0.973609983921051
calib_02970,0.9835699796676636,0.0003399848937988281
calib_02971,1.0013580322265625e-05,0.999970018863678
calib_02972,0.9619899988174438,6.002187728881836e-05
calib_02973,0.9966899752616882,3.999471664428711e-05
calib_02974,0.8772199749946594,7.998943328857422e-05
calib_02975,3.999471664428711e-05,0.9995899796485901
calib_02976,0.0,0.9859600067138672
calib_02977,1.0013580322265625e-05,0.994189977645874
calib_02978,5.0008296966552734e-05,0.9987999796867371
calib_02979,1.0013580322265625e-05,0.9284300208091736
calib_02980,6.002187728881836e-05,0.9998199939727783
calib_02981,0.993910014629364,2.002716064453125e-05
calib_02982,2.9981136322021484e-05,0.9996100068092346
calib_02983,0.000500023365020752,0.9607899785041809
calib_02984,1.0013580322265625e-05,0.4035300016403198
calib_02985,0.9718700051307678,0.0
calib_02986,0.9999799728393555,1.0013580322265625e-05
calib_02987,0.34119999408721924,1.0013580322265625e-05
calib_02988,0.9996600151062012,1.0013580322265625e-05
calib_02989,0.9948599934577942,0.0
calib_02990,0.9996100068092346,0.00014001131057739258
calib_02991,0.0,0.9825000166893005
calib_02992,0.9995700120925903,2.002716064453125e-05
calib_02993,0.9999499917030334,0.0
calib_02994,2.002716064453125e-05,0.9995700120925903
calib_02995,0.9989399909973145,0.00011998414993286133
calib_02996,0.9999099969863892,0.000299990177154541
calib_02997,0.00016999244689941406,0.9956200122833252
calib_02998,0.7627000212669373,0.0004000067710876465
calib_02999,0.6263999938964844,0.0008199810981750488
calib_03000,0.00011998414993286133,0.9441800117492676
calib_03001,0.5227199792861938,2.9981136322021484e-05
calib_03002,0.9931899905204773,1.0013580322265625e-05
calib_03003,0.010490000247955322,0.0003600120544433594
calib_03004,0.0,0.9996399879455566
calib_03005,1.0013580322265625e-05,0.3182399868965149
calib_03006,0.9970099925994873,0.0
calib_03007,2.9981136322021484e-05,0.9939600229263306
calib_03008,5.0008296966552734e-05,0.9986299872398376
calib_03009,6.002187728881836e-05,0.5143799781799316
calib_03010,1.0013580322265625e-05,0.9997599720954895
calib_03011,2.002716064453125e-05,0.563289999961853
calib_03012,0.03220999240875244,0.12084001302719116
calib_03013,0.9650700092315674,0.00016999244689941406
calib_03014,0.9400299787521362,0.00015997886657714844
calib_03015,0.9998300075531006,0.0004900097846984863
calib_03016,1.0013580322265625e-05,0.9995499849319458
calib_03017,0.0,0.9976099729537964
calib_03018,0.9960600137710571,0.0
calib_03019,0.0,0.9795299768447876
calib_03020,0.9208599925041199,0.0
calib_03021,0.9273200035095215,0.0
calib_03022,0.7981399893760681,0.0
calib_03023,0.9851800203323364,0.0
calib_03024,0.0,0.989300012588501
calib_03025,0.9586700201034546,1.0013580322265625e-05
calib_03026,1.0013580322265625e-05,0.9875100255012512
calib_03027,0.0,0.9925299882888794
calib_03028,1.0013580322265625e-05,0.9958999752998352
calib_03029,0.9965599775314331,0.0
calib_03030,0.9999399781227112,0.0
calib_03031,1.0013580322265625e-05,0.9996100068092346
calib_03032,0.9948700070381165,1.0013580322265625e-05
calib_03033,0.00042998790740966797,0.9972699880599976
calib_03034,0.8321499824523926,0.0
calib_03035,2.002716064453125e-05,0.9211699962615967
calib_03036,1.0013580322265625e-05,0.9814900159835815
calib_03037,0.9984899759292603,1.0013580322265625e-05
calib_03038,1.0013580322265625e-05,0.9820600152015686
calib_03039,2.9981136322021484e-05,0.9976400136947632
calib_03040,3.999471664428711e-05,0.8195499777793884
calib_03041,1.0013580322265625e-05,0.895039975643158
calib_03042,0.9998800158500671,3.999471664428711e-05
calib_03043,0.0,0.9716399908065796
calib_03044,0.856220006942749,0.0
calib_03045,0.9990599751472473,0.0002599954605102539
calib_03046,0.9953299760818481,0.00037997961044311523
calib_03047,0.0,0.998520016670227
calib_03048,0.0,0.8355100154876709
calib_03049,0.9524800181388855,2.9981136322021484e-05
calib_03050,0.5999199748039246,0.0023800134658813477
calib_03051,0.9989500045776367,1.0013580322265625e-05
calib_03052,0.00032001733779907227,0.983430027961731
calib_03053,1.0013580322265625e-05,0.9969499707221985
calib_03054,0.7448300123214722,0.0
calib_03055,2.002716064453125e-05,0.9736700057983398
calib_03056,0.9951599836349487,0.0
calib_03057,0.0,0.9994400143623352
calib_03058,0.00011998414993286133,0.9813899993896484
calib_03059,0.0,0.9990599751472473
calib_03060,0.9675099849700928,0.000599980354309082
calib_03061,0.0,0.9902700185775757
calib_03062,0.0005400180816650391,0.9986799955368042
calib_03063,0.549340009689331,0.00037997961044311523
calib_03064,0.9672099947929382,9.000301361083984e-05
calib_03065,0.9910899996757507,0.0013700127601623535
calib_03066,0.8165199756622314,9.000301361083984e-05
calib_03067,0.0001099705696105957,0.9347000122070312
calib_03068,0.00024002790451049805,0.45020997524261475
calib_03069,0.0011299848556518555,0.9892600178718567
calib_03070,2.002716064453125e-05,0.9544699788093567
calib_03071,1.0013580322265625e-05,0.9895300269126892
calib_03072,6.002187728881836e-05,0.9998999834060669
calib_03073,0.9953299760818481,0.0
calib_03074,0.7943800091743469,0.0001800060272216797
calib_03075,1.0013580322265625e-05,0.9995099902153015
calib_03076,0.0,1.0
calib_03077,2.002716064453125e-05,0.06151002645492554
calib_03078,0.9769499897956848,0.0008299946784973145
calib_03079,0.0002899765968322754,0.6940699815750122
calib_03080,0.998449981212616,1.0013580322265625e-05
calib_03081,0.9965900182723999,6.99758529663086e-05
calib_03082,0.0,0.9999899864196777
calib_03083,1.0013580322265625e-05,0.9994800090789795
calib_03084,0.9733399748802185,2.9981136322021484e-05
calib_03085,0.9588299989700317,0.00857001543045044
calib_03086,0.9729300141334534,0.0
calib_03087,0.996969997882843,0.0
calib_03088,0.998009979724884,1.0013580322265625e-05
calib_03089,0.0004500150680541992,0.9992200136184692
calib_03090,0.9988600015640259,2.002716064453125e-05
calib_03091,0.995930016040802,0.001829981803894043
calib_03092,0.9470700025558472,0.0
calib_03093,0.9991499781608582,0.0017499923706054688
calib_03094,0.9964100122451782,0.0
calib_03095,0.8752099871635437,0.0035499930381774902
calib_03096,0.9950500130653381,0.0001900196075439453
calib_03097,0.0,0.999809980392456
calib_03098,0.9513900279998779,0.0
calib_03099,0.9983299970626831,1.0013580322265625e-05
calib_03100,0.9485800266265869,0.0
calib_03101,0.0007899999618530273,0.9957399964332581
calib_03102,0.003390014171600342,0.7599800229072571
calib_03103,0.00962001085281372,0.0026599764823913574
calib_03104,0.9989500045776367,0.0
calib_03105,1.0013580322265625e-05,0.9944199919700623
calib_03106,0.01157999038696289,0.04790997505187988
calib_03107,7.998943328857422e-05,0.8781999945640564
calib_03108,0.0025299787521362305,0.9923400282859802
calib_03109,0.9621800184249878,3.999471664428711e-05
calib_03110,0.9929500222206116,2.002716064453125e-05
calib_03111,1.0013580322265625e-05,0.30149000883102417
calib_03112,0.0,0.9998700022697449
calib_03113,0.0005499720573425293,0.8844799995422363
calib_03114,1.0013580322265625e-05,0.7832099795341492
calib_03115,0.85521000623703,6.002187728881836e-05
calib_03116,0.00012999773025512695,0.8394299745559692
calib_03117,0.0,0.9996200203895569
calib_03118,0.9992899894714355,0.0
calib_03119,0.9999899864196777,0.0
calib_03120,9.000301361083984e-05,0.9989500045776367
calib_03121,1.0013580322265625e-05,0.9990400075912476
calib_03122,0.0,0.9939699769020081
calib_03123,1.0013580322265625e-05,0.9576299786567688
calib_03124,0.7601900100708008,9.000301361083984e-05
calib_03125,0.0,0.9985799789428711
calib_03126,1.0013580322265625e-05,0.9221500158309937
calib_03127,0.7605199813842773,0.0
calib_03128,2.002716064453125e-05,0.9987300038337708
calib_03129,0.9879199862480164,0.0001500248908996582
calib_03130,0.8649399876594543,0.0
calib_03131,0.8265100121498108,5.0008296966552734e-05
calib_03132,0.0,0.9972100257873535
calib_03133,0.9999600052833557,2.002716064453125e-05
calib_03134,0.00878000259399414,0.9927200078964233
calib_03135,0.00012999773025512695,0.9685199856758118
calib_03136,0.5821999907493591,0.0
calib_03137,6.002187728881836e-05,0.9477499723434448
calib_03138,0.0001500248908996582,0.9966300129890442
calib_03139,0.9942600131034851,1.0013580322265625e-05
calib_03140,0.9994300007820129,2.002716064453125e-05
calib_03141,0.9929599761962891,0.0003299713134765625
calib_03142,0.0,0.9972900152206421
calib_03143,0.0,0.996429979801178
calib_03144,0.923740029335022,0.005550026893615723
calib_03145,0.0,0.9963799715042114
calib_03146,3.999471664428711e-05,0.9991599917411804
calib_03147,0.9980300068855286,1.0013580322265625e-05
calib_03148,0.9978600144386292,0.0
calib_03149,0.9988099932670593,0.0
calib_03150,0.000599980354309082,0.8346899747848511
calib_03151,0.0062599778175354,0.8831999897956848
calib_03152,0.00011998414993286133,0.982699990272522
calib_03153,0.5456299781799316,0.0025299787521362305
calib_03154,0.9873700141906738,5.0008296966552734e-05
calib_03155,0.9986500144004822,0.0
calib_03156,0.985069990158081,0.0006099939346313477
calib_03157,0.9969300031661987,0.001699984073638916
calib_03158,0.9939600229263306,0.00015997886657714844
calib_03159,2.9981136322021484e-05,0.4245399832725525
calib_03160,0.9988099932670593,1.0013580322265625e-05
calib_03161,0.998769998550415,0.0
calib_03162,0.0,0.9998999834060669
calib_03163,0.9987599849700928,0.0010100007057189941
calib_03164,0.8435699939727783,6.99758529663086e-05
calib_03165,0.6216899752616882,0.0
calib_03166,6.99758529663086e-05,0.9967100024223328
calib_03167,0.0015000104904174805,0.9144999980926514
calib_03168,0.9115599989891052,0.0004400014877319336
calib_03169,0.9998900294303894,3.999471664428711e-05
calib_03170,3.999471664428711e-05,0.9371399879455566
calib_03171,0.9596999883651733,1.0013580322265625e-05
calib_03172,0.000500023365020752,0.9996399879455566
calib_03173,1.0013580322265625e-05,0.9997400045394897
calib_03174,0.0002599954605102539,0.743619978427887
calib_03175,0.9583799839019775,0.0
calib_03176,0.9630900025367737,2.002716064453125e-05
calib_03177,0.9809799790382385,2.002716064453125e-05
calib_03178,0.999180018901825,1.0013580322265625e-05
calib_03179,0.953499972820282,2.002716064453125e-05
calib_03180,0.0,0.9998700022697449
calib_03181,1.0013580322265625e-05,0.8785200119018555
calib_03182,0.9997699856758118,0.0
calib_03183,0.5331599712371826,0.00023001432418823242
calib_03184,2.9981136322021484e-05,0.9852499961853027
calib_03185,0.0,0.9994699954986572
calib_03186,0.9985299706459045,3.999471664428711e-05
calib_03187,1.0013580322265625e-05,0.982479989528656
calib_03188,7.998943328857422e-05,0.9966700077056885
calib_03189,0.9965400099754333,2.002716064453125e-05
calib_03190,0.9818800091743469,1.0013580322265625e-05
calib_03191,0.9799000024795532,2.9981136322021484e-05
calib_03192,0.9988899827003479,1.0013580322265625e-05
calib_03193,3.999471664428711e-05,0.999970018863678
calib_03194,2.002716064453125e-05,0.9685800075531006
calib_03195,0.8758599758148193,3.999471664428711e-05
calib_03196,0.9917500019073486,0.0
calib_03197,1.0013580322265625e-05,0.946120023727417
calib_03198,0.676609992980957,2.002716064453125e-05
calib_03199,0.9997100234031677,3.999471664428711e-05
calib_03200,0.0012599825859069824,0.4473299980163574
calib_03201,0.9973899722099304,0.0
calib_03202,0.0004100203514099121,0.9982799887657166
calib_03203,0.0026800036430358887,0.9915099740028381
calib_03204,0.5002999901771545,0.0
calib_03205,0.0001099705696105957,0.999750018119812
calib_03206,6.99758529663086e-05,0.5891199707984924
calib_03207,0.0005400180816650391,1.0013580322265625e-05
calib_03208,0.999970018863678,1.0013580322265625e-05
calib_03209,0.9974700212478638,1.0013580322265625e-05
calib_03210,0.0,0.9975200295448303
calib_03211,0.9992200136184692,0.0003600120544433594
calib_03212,2.002716064453125e-05,0.9922900199890137
calib_03213,1.0013580322265625e-05,0.5354300141334534
calib_03214,0.0,0.9912999868392944
calib_03215,0.9981899857521057,0.0
calib_03216,0.9852100014686584,0.0
calib_03217,0.9915199875831604,0.0
calib_03218,0.8182200193405151,0.0
calib_03219,0.9111700057983398,1.0013580322265625e-05
calib_03220,0.9999499917030334,0.0
calib_03221,3.999471664428711e-05,0.9975299835205078
calib_03222,0.0,0.9855599999427795
calib_03223,2.9981136322021484e-05,0.9821000099182129
calib_03224,0.9963399767875671,0.004029989242553711
calib_03225,0.9999899864196777,0.0
calib_03226,0.0,0.9962300062179565
calib_03227,0.0012800097465515137,0.9986299872398376
calib_03228,0.9927499890327454,2.002716064453125e-05
calib_03229,2.002716064453125e-05,0.9991599917411804
calib_03230,0.9969099760055542,2.9981136322021484e-05
calib_03231,1.0013580322265625e-05,0.9965299963951111
calib_03232,0.00012999773025512695,0.9599599838256836
calib_03233,1.0013580322265625e-05,0.9935200214385986
calib_03234,2.002716064453125e-05,0.9996500015258789
calib_03235,0.9957799911499023,2.002716064453125e-05
calib_03236,2.9981136322021484e-05,0.7855200171470642
calib_03237,0.0015799999237060547,0.9991999864578247
calib_03238,2.002716064453125e-05,0.9712799787521362
calib_03239,0.0006200075149536133,0.9810400009155273
calib_03240,0.00027000904083251953,0.9801499843597412
calib_03241,0.0,0.9996399879455566
calib_03242,0.9972100257873535,0.0
calib_03243,2.002716064453125e-05,0.5558900237083435
calib_03244,0.992929995059967,5.0008296966552734e-05
calib_03245,0.9999799728393555,3.999471664428711e-05
calib_03246,0.16206997632980347,2.002716064453125e-05
calib_03247,0.0,0.674839973449707
calib_03248,0.5411999821662903,2.002716064453125e-05
calib_03249,0.0,0.9924100041389465
calib_03250,0.99795001745224,1.0013580322265625e-05
calib_03251,0.0,0.9996100068092346
calib_03252,0.0004100203514099121,0.7354900240898132
calib_03253,0.0,0.9894599914550781
calib_03254,0.0007600188255310059,0.9281799793243408
calib_03255,2.002716064453125e-05,0.9992700219154358
calib_03256,0.0002899765968322754,0.9999099969863892
calib_03257,0.9944700002670288,6.002187728881836e-05
calib_03258,0.0,0.9998400211334229
calib_03259,1.0013580322265625e-05,0.9995599985122681
calib_03260,2.002716064453125e-05,0.889959990978241
calib_03261,0.0,0.9734100103378296
calib_03262,0.9919000267982483,2.9981136322021484e-05
calib_03263,0.0,0.9847300052642822
calib_03264,0.9994500279426575,1.0013580322265625e-05
calib_03265,0.0,0.9998400211334229
calib_03266,0.0,0.9999799728393555
calib_03267,0.9536499977111816,5.0008296966552734e-05
calib_03268,1.0013580322265625e-05,0.9426500201225281
calib_03269,3.999471664428711e-05,0.918940007686615
calib_03270,0.992900013923645,2.002716064453125e-05
calib_03271,0.9994500279426575,0.0
calib_03272,0.9442399740219116,5.0008296966552734e-05
calib_03273,0.9992899894714355,0.0
calib_03274,0.00027000904083251953,0.9852799773216248
calib_03275,1.0013580322265625e-05,0.6853899955749512
calib_03276,1.0013580322265625e-05,0.9907500147819519
calib_03277,0.9996399879455566,2.9981136322021484e-05
calib_03278,0.00042998790740966797,0.981220006942749
calib_03279,5.0008296966552734e-05,0.15681999921798706
calib_03280,0.0,0.9363899827003479
calib_03281,0.9982100129127502,0.0
calib_03282,0.9932799935340881,0.0001500248908996582
calib_03283,0.0004100203514099121,0.730929970741272
calib_03284,3.999471664428711e-05,0.9995700120925903
calib_03285,0.0001800060272216797,0.36264997720718384
calib_03286,6.002187728881836e-05,0.9976800084114075
calib_03287,0.9977099895477295,1.0013580322265625e-05
calib_03288,0.9995200037956238,0.0
calib_03289,0.0,0.9973199963569641
calib_03290,2.002716064453125e-05,0.3466399908065796
calib_03291,0.00028002262115478516,0.9167299866676331
calib_03292,0.0,0.9969800114631653
calib_03293,0.00023001432418823242,0.9547500014305115
calib_03294,0.9988200068473816,6.002187728881836e-05
calib_03295,0.9886299967765808,0.0015199780464172363
calib_03296,2.002716064453125e-05,0.9481800198554993
calib_03297,0.9952600002288818,2.002716064453125e-05
calib_03298,0.7964800000190735,0.0032200217247009277
calib_03299,0.0,0.9966599941253662
calib_03300,0.998740017414093,2.002716064453125e-05
calib_03301,0.0,0.9992499947547913
calib_03302,0.9966599941253662,0.0
calib_03303,2.002716064453125e-05,0.9967100024223328
calib_03304,0.000299990177154541,0.9987499713897705
calib_03305,0.9986100196838379,0.0
calib_03306,0.00016999244689941406,0.15359997749328613
calib_03307,3.999471664428711e-05,0.055869996547698975
calib_03308,0.9761099815368652,1.0013580322265625e-05
calib_03309,0.001569986343383789,0.9997000098228455
calib_03310,0.07276999950408936,0.0073999762535095215
calib_03311,1.0013580322265625e-05,0.9999899864196777
calib_03312,0.0,0.9981499910354614
calib_03313,2.9981136322021484e-05,0.9078400135040283
calib_03314,0.9999300241470337,0.0
calib_03315,2.9981136322021484e-05,0.9998599886894226
calib_03316,0.00023001432418823242,0.9996399879455566
calib_03317,0.9980199933052063,0.00034999847412109375
calib_03318,0.990559995174408,0.0
calib_03319,6.002187728881836e-05,0.8620200157165527
calib_03320,0.9808499813079834,0.0
calib_03321,0.0009400248527526855,0.9854699969291687
calib_03322,0.0,0.9843299984931946
calib_03323,0.9984300136566162,3.999471664428711e-05
calib_03324,0.0001500248908996582,0.9738399982452393
calib_03325,0.0,0.9996299743652344
calib_03326,0.9998400211334229,5.0008296966552734e-05
calib_03327,2.002716064453125e-05,0.6016299724578857
calib_03328,0.997979998588562,1.0013580322265625e-05
calib_03329,0.9981399774551392,2.002716064453125e-05
calib_03330,0.9906200170516968,9.000301361083984e-05
calib_03331,0.000729978084564209,0.5557100176811218
calib_03332,1.0,0.0
calib_03333,1.0013580322265625e-05,0.9998199939727783
calib_03334,0.0,0.9972000122070312
calib_03335,1.0013580322265625e-05,0.999750018119812
calib_03336,0.9868699908256531,2.002716064453125e-05
calib_03337,0.9542400240898132,1.0013580322265625e-05
calib_03338,1.0013580322265625e-05,0.901170015335083
calib_03339,1.0013580322265625e-05,0.9991499781608582
calib_03340,0.9398499727249146,6.002187728881836e-05
calib_03341,1.0013580322265625e-05,0.9806600213050842
calib_03342,0.0,0.9988700151443481
calib_03343,3.999471664428711e-05,0.9619799852371216
calib_03344,0.0,0.9819200038909912
calib_03345,0.9872999787330627,2.002716064453125e-05
calib_03346,0.00010001659393310547,0.9669399857521057
calib_03347,3.999471664428711e-05,0.9980499744415283
calib_03348,1.0013580322265625e-05,0.9916300177574158
calib_03349,0.0005499720573425293,0.23514997959136963
calib_03350,0.9961599707603455,0.0
calib_03351,0.9447199702262878,0.0
calib_03352,1.0013580322265625e-05,0.9990400075912476
calib_03353,0.4477499723434448,0.00032001733779907227
calib_03354,0.998740017414093,2.002716064453125e-05
calib_03355,0.9996299743652344,0.0
calib_03356,1.0013580322265625e-05,0.9999200105667114
calib_03357,1.0013580322265625e-05,0.9998999834060669
calib_03358,0.9360100030899048,2.002716064453125e-05
calib_03359,0.9996299743652344,0.0
calib_03360,0.2869099974632263,0.0004699826240539551
calib_03361,0.947700023651123,0.0001500248908996582
calib_03362,0.9807400107383728,1.0013580322265625e-05
calib_03363,3.999471664428711e-05,0.9977099895477295
calib_03364,0.0001500248908996582,0.9944599866867065
calib_03365,0.0020599961280822754,0.08553999662399292
calib_03366,0.999970018863678,1.0013580322265625e-05
calib_03367,1.0013580322265625e-05,0.9963799715042114
calib_03368,0.9973899722099304,0.0
calib_03369,0.9972100257873535,0.0006499886512756348
calib_03370,0.7046499848365784,0.0
calib_03371,0.9848799705505371,1.0013580322265625e-05
calib_03372,0.9987300038337708,2.002716064453125e-05
calib_03373,0.9902999997138977,3.999471664428711e-05
calib_03374,0.0,0.9722999930381775
calib_03375,0.6383500099182129,3.999471664428711e-05
calib_03376,1.0013580322265625e-05,0.9940900206565857
calib_03377,0.9984599947929382,2.002716064453125e-05
calib_03378,9.000301361083984e-05,0.9997599720954895
calib_03379,1.0013580322265625e-05,0.9999200105667114
calib_03380,0.00031000375747680664,0.9993299841880798
calib_03381,0.6694200038909912,0.0
calib_03382,1.0013580322265625e-05,0.979420006275177
calib_03383,0.9949399828910828,2.002716064453125e-05
calib_03384,0.9978899955749512,0.00010001659393310547
calib_03385,0.9999300241470337,0.0
calib_03386,0.0001900196075439453,0.9977800250053406
calib_03387,0.022960007190704346,0.0
calib_03388,1.0013580322265625e-05,0.9999799728393555
calib_03389,0.9950500130653381,1.0013580322265625e-05
calib_03390,0.9761899709701538,1.0013580322265625e-05
calib_03391,0.0004699826240539551,0.9973599910736084
calib_03392,0.9990800023078918,0.00011998414993286133
calib_03393,6.002187728881836e-05,0.999750018119812
calib_03394,0.0,0.9910699725151062
calib_03395,2.002716064453125e-05,0.02399998903274536
calib_03396,0.0,0.6267799735069275
calib_03397,1.0013580322265625e-05,0.9661300182342529
calib_03398,0.9998300075531006,0.00010001659393310547
calib_03399,0.9999200105667114,1.0013580322265625e-05
calib_03400,0.36562997102737427,0.0002200007438659668
calib_03401,0.0,0.9697099924087524
calib_03402,0.9946600198745728,1.0013580322265625e-05
calib_03403,0.9932399988174438,0.000370025634765625
calib_03404,0.00038999319076538086,0.9844300150871277
calib_03405,2.002716064453125e-05,0.9533200263977051
calib_03406,0.0,0.998009979724884
calib_03407,0.9797199964523315,0.0005699992179870605
calib_03408,0.9721199870109558,0.0
calib_03409,0.9951000213623047,1.0013580322265625e-05
calib_03410,0.00027000904083251953,0.020929992198944092
calib_03411,0.0,0.985480010509491
calib_03412,0.00031000375747680664,0.9996100068092346
calib_03413,0.0,0.9535099864006042
calib_03414,7.998943328857422e-05,0.9981300234794617
calib_03415,0.9884799718856812,1.0013580322265625e-05
calib_03416,0.00186997652053833,0.9998000264167786
calib_03417,1.0013580322265625e-05,0.9108200073242188
calib_03418,1.0013580322265625e-05,0.9556900262832642
calib_03419,0.9579499959945679,0.0005099773406982422
calib_03420,0.011709988117218018,0.6677700281143188
calib_03421,3.999471664428711e-05,0.9502599835395813
calib_03422,1.0013580322265625e-05,0.9994000196456909
calib_03423,0.9956899881362915,0.0
calib_03424,0.6509400010108948,0.00024002790451049805
calib_03425,1.0013580322265625e-05,0.9994400143623352
calib_03426,0.0,0.9402999877929688
calib_03427,0.9478200078010559,2.002716064453125e-05
calib_03428,1.0013580322265625e-05,0.9968100190162659
calib_03429,0.0008199810981750488,1.0
calib_03430,0.09579002857208252,0.00020998716354370117
calib_03431,0.9998999834060669,0.0005499720573425293
calib_03432,0.9986000061035156,6.99758529663086e-05
calib_03433,0.00020998716354370117,0.03056997060775757
calib_03434,0.017790019512176514,0.9569600224494934
calib_03435,0.0,0.9596099853515625
calib_03436,7.998943328857422e-05,0.9993100166320801
calib_03437,0.9869400262832642,0.0032899975776672363
calib_03438,5.0008296966552734e-05,0.7496399879455566
calib_03439,0.0,0.9827899932861328
calib_03440,0.9960799813270569,0.0
calib_03441,0.9878799915313721,0.0
calib_03442,2.002716064453125e-05,0.9988099932670593
calib_03443,0.0,0.986810028553009
calib_03444,0.9147700071334839,1.0013580322265625e-05
calib_03445,2.002716064453125e-05,0.999779999256134
calib_03446,0.0,0.9989399909973145
calib_03447,3.999471664428711e-05,0.9864599704742432
calib_03448,0.9905499815940857,3.999471664428711e-05
calib_03449,0.9994000196456909,0.0
calib_03450,1.0013580322265625e-05,0.9983500242233276
calib_03451,0.24585002660751343,2.002716064453125e-05
calib_03452,0.00010001659393310547,0.999970018863678
calib_03453,0.00011998414993286133,0.9592599868774414
calib_03454,0.0,0.8976799845695496
calib_03455,2.9981136322021484e-05,0.9995200037956238
calib_03456,7.998943328857422e-05,0.9835900068283081
calib_03457,0.6083400249481201,0.00016999244689941406
calib_03458,0.9940099716186523,5.0008296966552734e-05
calib_03459,0.00037997961044311523,0.9080399870872498
calib_03460,0.07389998435974121,0.0033100247383117676
calib_03461,0.9983199834823608,0.0001900196075439453
calib_03462,0.0,0.9936400055885315
calib_03463,0.9808599948883057,6.99758529663086e-05
calib_03464,6.002187728881836e-05,0.9998000264167786
calib_03465,0.0,0.9977700114250183
calib_03466,2.002716064453125e-05,0.9953299760818481
calib_03467,0.9489200115203857,2.9981136322021484e-05
calib_03468,0.0,0.9995099902153015
calib_03469,1.0013580322265625e-05,0.9285299777984619
calib_03470,0.9876700043678284,2.9981136322021484e-05
calib_03471,0.9966199994087219,0.0018500089645385742
calib_03472,0.0,0.9998800158500671
calib_03473,0.9997900128364563,6.002187728881836e-05
calib_03474,0.00014001131057739258,0.5889899730682373
calib_03475,0.0001099705696105957,0.641700029373169
calib_03476,0.00023001432418823242,0.9996799826622009
calib_03477,0.9909499883651733,2.002716064453125e-05
calib_03478,0.9883800148963928,1.0013580322265625e-05
calib_03479,0.5667999982833862,0.004880011081695557
calib_03480,0.9893500208854675,1.0013580322265625e-05
calib_03481,0.0,1.0
calib_03482,9.000301361083984e-05,0.03680002689361572
calib_03483,0.9904099702835083,0.0013700127601623535
calib_03484,2.9981136322021484e-05,0.9866099953651428
calib_03485,0.999779999256134,0.0
calib_03486,0.0,0.9698699712753296
calib_03487,0.9456400275230408,0.0001099705696105957
calib_03488,0.9437500238418579,0.0008100271224975586
calib_03489,6.002187728881836e-05,0.9997599720954895
calib_03490,2.9981136322021484e-05,0.6489099860191345
calib_03491,0.0,0.9555100202560425
calib_03492,0.0,0.9884700179100037
calib_03493,1.0013580322265625e-05,0.9691200256347656
calib_03494,0.0001099705696105957,0.9999899864196777
calib_03495,0.9919499754905701,3.999471664428711e-05
calib_03496,0.001269996166229248,0.0
calib_03497,0.0001099705696105957,0.9575300216674805
calib_03498,0.0003399848937988281,0.16912001371383667
calib_03499,0.0,0.9986000061035156
calib_03500,0.005559980869293213,0.9212899804115295
calib_03501,0.07950001955032349,0.9551200270652771
calib_03502,0.0223199725151062,0.00031000375747680664
calib_03503,0.991379976272583,0.0006200075149536133
calib_03504,0.027620017528533936,0.9778299927711487
calib_03505,0.000299990177154541,0.9999899864196777
calib_03506,0.008099973201751709,0.9997199773788452
calib_03507,0.12055999040603638,0.6941199898719788
calib_03508,0.1002500057220459,0.9999399781227112
calib_03509,0.9999399781227112,0.019460022449493408
calib_03510,0.252020001411438,0.9999600052833557
calib_03511,0.022780001163482666,0.9992799758911133
calib_03512,0.29736000299453735,0.9973599910736084
calib_03513,0.9999300241470337,0.011359989643096924
calib_03514,0.0012800097465515137,0.007719993591308594
calib_03515,0.04339998960494995,0.999970018863678
calib_03516,0.5925400257110596,0.9937700033187866
calib_03517,0.0011199712753295898,0.9999300241470337
calib_03518,0.16212999820709229,0.9997599720954895
calib_03519,0.0005199909210205078,1.0
calib_03520,0.9996799826622009,0.0018900036811828613
calib_03521,0.006569981575012207,0.9949700236320496
calib_03522,0.8812299966812134,0.18251997232437134
calib_03523,0.9812700152397156,0.3376299738883972
calib_03524,0.998769998550415,0.8937699794769287
calib_03525,0.10592997074127197,0.9187300205230713
calib_03526,0.9966899752616882,0.008930027484893799
calib_03527,0.9999399781227112,0.00012999773025512695
calib_03528,1.0,6.002187728881836e-05
calib_03529,0.9924399852752686,0.017690002918243408
calib_03530,0.0035700201988220215,0.9617699980735779
calib_03531,0.0036100149154663086,0.9982900023460388
calib_03532,0.00010001659393310547,1.0
calib_03533,0.00186997652053833,0.9996600151062012
calib_03534,0.0037099719047546387,0.9840400218963623
calib_03535,0.18681997060775757,0.20759999752044678
calib_03536,2.002716064453125e-05,0.9880800247192383
calib_03537,0.9896000027656555,0.0065400004386901855
calib_03538,0.009949982166290283,0.980139970779419
calib_03539,0.0002899765968322754,0.9307100176811218
calib_03540,0.9337999820709229,0.14284002780914307
calib_03541,0.0,0.9990599751472473
calib_03542,0.9998000264167786,0.21279001235961914
calib_03543,0.039269983768463135,0.07134997844696045
calib_03544,3.999471664428711e-05,0.9999899864196777
calib_03545,0.006110012531280518,0.9996700286865234
calib_03546,0.08091002702713013,0.037609994411468506
calib_03547,0.9996399879455566,0.00010001659393310547
calib_03548,1.0013580322265625e-05,0.999530017375946
calib_03549,0.06397998332977295,0.9677500128746033
calib_03550,0.0004799962043762207,0.22627997398376465
calib_03551,0.985069990158081,0.0008299946784973145
calib_03552,0.0,0.9978600144386292
calib_03553,0.9139800071716309,0.0
calib_03554,0.0,0.999970018863678
calib_03555,0.9941200017929077,0.0003600120544433594
calib_03556,0.9947400093078613,0.009010016918182373
calib_03557,1.0013580322265625e-05,0.9994999766349792
calib_03558,0.9999300241470337,0.0015500187873840332
calib_03559,0.871969997882843,0.9222599864006042
calib_03560,0.3899400234222412,0.5297600030899048
calib_03561,0.011139988899230957,0.9729099869728088
calib_03562,0.7303799986839294,0.7583600282669067
calib_03563,0.0,0.999239981174469
calib_03564,0.00700002908706665,0.9998499751091003
calib_03565,0.6579200029373169,0.49334001541137695
calib_03566,6.99758529663086e-05,0.9997299909591675
calib_03567,3.999471664428711e-05,0.9993900060653687
calib_03568,0.08692002296447754,0.9984300136566162
calib_03569,0.8971199989318848,0.03302997350692749
calib_03570,0.9979199767112732,0.8986899852752686
calib_03571,0.9833499789237976,0.19279998540878296
calib_03572,0.9559500217437744,0.92153000831604
calib_03573,0.9994000196456909,0.03286999464035034
calib_03574,0.9940299987792969,0.43563997745513916
calib_03575,0.007290005683898926,0.9983199834823608
calib_03576,0.05668997764587402,0.40175002813339233
calib_03577,0.772819995880127,0.028530001640319824
calib_03578,0.02824002504348755,0.9991700053215027
calib_03579,0.9997599720954895,0.006940007209777832
calib_03580,0.9998599886894226,0.0009800195693969727
calib_03581,0.0006899833679199219,0.9999899864196777
calib_03582,0.9995700120925903,0.0005599856376647949
calib_03583,0.0019199848175048828,0.9377700090408325
calib_03584,0.8592299818992615,0.00042998790740966797
calib_03585,0.999459981918335,3.999471664428711e-05
calib_03586,0.9989799857139587,1.0013580322265625e-05
calib_03587,0.037760019302368164,0.07254999876022339
calib_03588,0.0004400014877319336,0.9999499917030334
calib_03589,0.05879002809524536,0.9957900047302246
calib_03590,0.9980999827384949,0.0001099705696105957
calib_03591,0.6006500124931335,0.14310002326965332
calib_03592,0.599399983882904,0.2050899863243103
calib_03593,0.0015900135040283203,0.9138399958610535
calib_03594,0.9989299774169922,0.002089977264404297
calib_03595,0.03297001123428345,0.9229400157928467
calib_03596,0.9982900023460388,7.998943328857422e-05
calib_03597,0.8386499881744385,0.007080018520355225
calib_03598,0.42312997579574585,0.8423200249671936
calib_03599,0.9783400297164917,0.021700024604797363
calib_03600,0.9526399970054626,0.00950002670288086
calib_03601,0.9957900047302246,0.003000020980834961
calib_03602,7.998943328857422e-05,0.9998300075531006
calib_03603,0.04166001081466675,0.2069600224494934
calib_03604,0.000370025634765625,0.9999300241470337
calib_03605,0.02451997995376587,0.9308500289916992
calib_03606,0.001230001449584961,0.9998499751091003
calib_03607,0.8756499886512756,0.3382200002670288
calib_03608,0.9770600199699402,0.00024002790451049805
calib_03609,0.9953600168228149,0.007600009441375732
calib_03610,0.9780600070953369,0.013249993324279785
calib_03611,0.004090011119842529,0.2133600115776062
calib_03612,0.002629995346069336,0.9814000129699707
calib_03613,1.0013580322265625e-05,1.0
calib_03614,2.9981136322021484e-05,0.9998000264167786
calib_03615,0.0009599924087524414,0.9936699867248535
calib_03616,0.009959995746612549,0.9999399781227112
calib_03617,0.008840024471282959,0.9968000054359436
calib_03618,1.0,0.00015997886657714844
calib_03619,0.9999300241470337,0.10943001508712769
calib_03620,0.024529993534088135,0.579800009727478
calib_03621,1.0,0.0
calib_03622,0.9993000030517578,9.000301361083984e-05
calib_03623,1.0013580322265625e-05,0.9994800090789795
calib_03624,0.9835699796676636,0.0006099939346313477
calib_03625,2.9981136322021484e-05,0.9976500272750854
calib_03626,0.981469988822937,0.01967000961303711
calib_03627,6.002187728881836e-05,0.9939000010490417
calib_03628,0.0002599954605102539,0.996940016746521
calib_03629,0.47338998317718506,0.02426999807357788
calib_03630,0.045819997787475586,0.976170003414154
calib_03631,0.008239984512329102,0.9994099736213684
calib_03632,1.0013580322265625e-05,0.9954900145530701
calib_03633,0.9995899796485901,0.00866001844406128
calib_03634,2.002716064453125e-05,0.9991700053215027
calib_03635,0.9950799942016602,0.0025500059127807617
calib_03636,0.00568997859954834,0.9998400211334229
calib_03637,0.986240029335022,0.14275002479553223
calib_03638,0.9998000264167786,5.0008296966552734e-05
calib_03639,0.9334200024604797,0.003509998321533203
calib_03640,0.011319994926452637,0.9652699828147888
calib_03641,0.02731001377105713,0.8046500086784363
calib_03642,0.010760009288787842,0.9346399903297424
calib_03643,0.7519299983978271,0.009869992733001709
calib_03644,0.9102200269699097,0.0001900196075439453
calib_03645,0.9826899766921997,0.31620997190475464
calib_03646,0.43383002281188965,0.9749199748039246
calib_03647,0.3752800226211548,0.995710015296936
calib_03648,0.9948899745941162,0.021889984607696533
calib_03649,0.985759973526001,0.9694399833679199
calib_03650,0.9972100257873535,0.16544002294540405
calib_03651,0.003489971160888672,0.9145699739456177
calib_03652,0.0,0.9999600052833557
calib_03653,0.3589400053024292,0.28825998306274414
calib_03654,0.0,1.0
calib_03655,0.999779999256134,0.0015199780464172363
calib_03656,0.022759974002838135,0.6639099717140198
calib_03657,0.9861800074577332,7.998943328857422e-05
calib_03658,0.9431999921798706,0.003899991512298584
calib_03659,1.0013580322265625e-05,0.9998000264167786
calib_03660,0.999210000038147,0.00020998716354370117
calib_03661,0.03100001811981201,0.9599699974060059
calib_03662,0.9905800223350525,0.1323300004005432
calib_03663,0.9962199926376343,0.006919980049133301
calib_03664,0.9637699723243713,0.0015000104904174805
calib_03665,0.9996399879455566,0.0009599924087524414
calib_03666,0.0044699907302856445,0.12211000919342041
calib_03667,0.005550026893615723,0.9999899864196777
calib_03668,0.9917500019073486,0.0037099719047546387
calib_03669,0.0001800060272216797,0.9985399842262268
calib_03670,0.9999899864196777,0.00024002790451049805
calib_03671,0.882889986038208,0.7143399715423584
calib_03672,0.9981200098991394,0.023599982261657715
calib_03673,0.9970899820327759,0.002870023250579834
calib_03674,0.0014899969100952148,0.9954599738121033
calib_03675,1.0,0.0
calib_03676,0.9986000061035156,0.13502997159957886
calib_03677,0.009429991245269775,0.5012000203132629
calib_03678,0.9986900091171265,0.005620002746582031
calib_03679,0.02024000883102417,0.98403000831604
calib_03680,0.008530020713806152,0.9998199939727783
calib_03681,2.002716064453125e-05,1.0
calib_03682,1.0013580322265625e-05,0.9999899864196777
calib_03683,0.03034001588821411,0.9970999956130981
calib_03684,0.9885799884796143,0.8658300042152405
calib_03685,0.9979599714279175,0.13981997966766357
calib_03686,0.6667199730873108,0.9965900182723999
calib_03687,0.7122899889945984,0.9890900254249573
calib_03688,0.6293200254440308,3.999471664428711e-05
calib_03689,0.6216599941253662,0.3924599885940552
calib_03690,0.8334199786186218,0.9990000128746033
calib_03691,0.6643700003623962,0.9834100008010864
calib_03692,0.000370025634765625,0.9999300241470337
calib_03693,0.001999974250793457,0.9999399781227112
calib_03694,0.9996200203895569,0.03623998165130615
calib_03695,0.0020800232887268066,0.9999300241470337
calib_03696,0.0,1.0
calib_03697,0.0018399953842163086,0.9988999962806702
calib_03698,0.9993699789047241,0.03095000982284546
calib_03699,0.0499500036239624,0.0274999737739563
calib_03700,0.999970018863678,6.002187728881836e-05
calib_03701,0.2749599814414978,0.34526997804641724
calib_03702,0.999809980392456,0.00010001659393310547
calib_03703,0.9936299920082092,0.5188900232315063
calib_03704,0.9999600052833557,0.018249988555908203
calib_03705,0.9950900077819824,0.0017099976539611816
calib_03706,0.020319998264312744,0.997219979763031
calib_03707,0.0,1.0
calib_03708,0.47965002059936523,0.7978500127792358
calib_03709,1.0,6.002187728881836e-05
calib_03710,0.9117900133132935,0.014760017395019531
calib_03711,0.15007001161575317,0.9977999925613403
calib_03712,0.00550001859664917,0.9992799758911133
calib_03713,0.24247002601623535,0.9998900294303894
calib_03714,0.9953799843788147,0.03461998701095581
calib_03715,0.00821000337600708,1.0
calib_03716,0.999970018863678,0.02331000566482544
calib_03717,0.9963300228118896,0.014980018138885498
calib_03718,0.008409976959228516,0.9999300241470337
calib_03719,0.8965399861335754,0.9860600233078003
calib_03720,0.17681002616882324,0.9963399767875671
calib_03721,0.9984599947929382,2.002716064453125e-05
calib_03722,0.999970018863678,0.9187600016593933
calib_03723,0.9973700046539307,0.00012999773025512695
calib_03724,0.4312099814414978,0.11416000127792358
calib_03725,0.0007799863815307617,0.9475499987602234
calib_03726,0.8000500202178955,0.015919983386993408
calib_03727,0.9000999927520752,0.1997399926185608
calib_03728,0.6182399988174438,0.04703998565673828
calib_03729,0.999970018863678,5.0008296966552734e-05
calib_03730,0.998989999294281,0.008930027484893799
calib_03731,0.9999200105667114,0.0002200007438659668
calib_03732,0.0013300180435180664,0.9999200105667114
calib_03733,0.01344001293182373,0.9406800270080566
calib_03734,0.9994000196456909,3.999471664428711e-05
calib_03735,0.00010001659393310547,0.9996600151062012
calib_03736,0.005079984664916992,0.9971200227737427
calib_03737,0.9876199960708618,0.012700021266937256
calib_03738,0.9983299970626831,0.4698600172996521
calib_03739,0.9780499935150146,0.06401997804641724
calib_03740,0.9775000214576721,0.18202000856399536
calib_03741,0.9999899864196777,0.0025699734687805176
calib_03742,0.004119992256164551,0.9997599720954895
calib_03743,0.999970018863678,1.0013580322265625e-05
calib_03744,0.00475001335144043,0.0078200101852417
calib_03745,0.9929999709129333,0.001529991626739502
calib_03746,0.01314002275466919,0.999970018863678
calib_03747,0.9126600027084351,0.0169600248336792
calib_03748,0.9767600297927856,0.003970026969909668
calib_03749,0.9999499917030334,0.0008400082588195801
calib_03750,0.998960018157959,0.0009400248527526855
calib_03751,0.09169000387191772,0.9823799729347229
calib_03752,0.9925400018692017,0.001990020275115967
calib_03753,0.9637899994850159,0.30664002895355225
calib_03754,0.6278200149536133,0.07411998510360718
calib_03755,0.9995099902153015,2.002716064453125e-05
calib_03756,0.0035799741744995117,0.8752800226211548
calib_03757,0.04409998655319214,0.9894899725914001
calib_03758,0.003920018672943115,0.9957000017166138
calib_03759,0.9994999766349792,0.0033699870109558105
calib_03760,0.012839972972869873,0.9407600164413452
calib_03761,0.0007699728012084961,0.9886199831962585
calib_03762,0.8096699714660645,0.002960026264190674
calib_03763,0.976069986820221,0.0005400180816650391
calib_03764,0.0027499794960021973,0.910610020160675
calib_03765,0.9998400211334229,2.002716064453125e-05
calib_03766,0.9977499842643738,0.0006600022315979004
calib_03767,0.0005599856376647949,0.9981099963188171
calib_03768,0.9976500272750854,0.0003399848937988281
calib_03769,0.9830300211906433,2.9981136322021484e-05
calib_03770,2.002716064453125e-05,0.9999799728393555
calib_03771,0.0012599825859069824,0.9999899864196777
calib_03772,0.9972400069236755,0.0006399750709533691
calib_03773,0.0004799962043762207,0.998960018157959
calib_03774,0.9999099969863892,0.00875997543334961
calib_03775,0.999459981918335,0.0012400150299072266
calib_03776,0.00372999906539917,0.9770900011062622
calib_03777,0.019749999046325684,0.9940299987792969
calib_03778,0.9991000294685364,9.000301361083984e-05
calib_03779,0.0002200007438659668,0.9997400045394897
calib_03780,1.0,0.0
calib_03781,0.004909992218017578,0.9723799824714661
calib_03782,0.7000700235366821,0.020460009574890137
calib_03783,0.9088199734687805,0.13249999284744263
calib_03784,0.008249998092651367,0.9992200136184692
calib_03785,0.9591000080108643,0.00878000259399414
calib_03786,0.020709991455078125,0.9870100021362305
calib_03787,0.008149981498718262,0.90065997838974
calib_03788,0.0005599856376647949,0.8041999936103821
calib_03789,0.0019199848175048828,0.9980999827384949
calib_03790,0.0032799839973449707,0.9952300190925598
calib_03791,0.19010001420974731,0.8889300227165222
calib_03792,2.9981136322021484e-05,0.9998300075531006
calib_03793,0.9791499972343445,0.048409998416900635
calib_03794,1.0013580322265625e-05,0.9998499751091003
calib_03795,0.3014199733734131,0.44077998399734497
calib_03796,0.9860900044441223,0.00011998414993286133
calib_03797,0.9995099902153015,0.0002499818801879883
calib_03798,0.551289975643158,0.005580008029937744
calib_03799,2.002716064453125e-05,0.9996600151062012
calib_03800,0.8428900241851807,0.009639978408813477
calib_03801,6.99758529663086e-05,0.9999499917030334
calib_03802,0.001659989356994629,0.16627001762390137
calib_03803,0.9988099932670593,5.0008296966552734e-05
calib_03804,0.8874199986457825,0.0439000129699707
calib_03805,0.5569300055503845,0.9980599880218506
calib_03806,0.9993299841880798,0.0002499818801879883
calib_03807,0.10095000267028809,0.9899899959564209
calib_03808,0.9600300192832947,0.05453997850418091
calib_03809,0.0,0.999970018863678
calib_03810,0.1390100121498108,0.9990599751472473
calib_03811,0.9999899864196777,1.0013580322265625e-05
calib_03812,0.9999300241470337,0.0002499818801879883
calib_03813,0.9215499758720398,0.05540001392364502
calib_03814,0.9907100200653076,0.00896000862121582
calib_03815,0.0003600120544433594,0.9943100214004517
calib_03816,0.9926000237464905,0.0027499794960021973
calib_03817,0.9111899733543396,0.0016199946403503418
calib_03818,0.9079800248146057,0.5981900095939636
calib_03819,0.9947699904441833,0.01955997943878174
calib_03820,0.007839977741241455,0.8678900003433228
calib_03821,0.6517199873924255,0.4635999798774719
calib_03822,0.9431599974632263,0.001569986343383789
calib_03823,0.0002899765968322754,0.04632002115249634
calib_03824,0.9704899787902832,0.002200007438659668
calib_03825,0.0945199728012085,0.9493100047111511
calib_03826,0.0538100004196167,0.9637699723243713
calib_03827,0.25523000955581665,0.7773399949073792
calib_03828,0.9739900231361389,0.090690016746521
calib_03829,0.9281499981880188,3.999471664428711e-05
calib_03830,0.00010001659393310547,0.9951500296592712
calib_03831,0.007309973239898682,0.9989200234413147
calib_03832,0.9755100011825562,0.0037400126457214355
calib_03833,0.04196000099182129,0.4585700035095215
calib_03834,0.9856600165367126,0.002110004425048828
calib_03835,0.5851600170135498,0.0003600120544433594
calib_03836,0.027939975261688232,0.8761299848556519
calib_03837,0.0013399720191955566,0.9867299795150757
calib_03838,0.9992300271987915,0.0021200180053710938
calib_03839,0.9800099730491638,0.005249977111816406
calib_03840,0.004100024700164795,0.9996700286865234
calib_03841,0.9996100068092346,0.0019500255584716797
calib_03842,0.9999499917030334,0.000299990177154541
calib_03843,0.9818000197410583,0.0034099817276000977
calib_03844,0.757099986076355,0.005379974842071533
calib_03845,0.9916599988937378,0.0034400224685668945
calib_03846,0.9999899864196777,0.002969980239868164
calib_03847,0.9978200197219849,0.0005699992179870605
calib_03848,0.6092299818992615,0.431689977645874
calib_03849,0.999779999256134,0.018620014190673828
calib_03850,0.0012500286102294922,0.9966300129890442
calib_03851,0.9998999834060669,3.999471664428711e-05
calib_03852,0.9372299909591675,0.03214001655578613
calib_03853,0.0032399892807006836,0.9992799758911133
calib_03854,0.9994699954986572,0.000500023365020752
calib_03855,0.36559998989105225,0.013040006160736084
calib_03856,0.9061200022697449,0.49581998586654663
calib_03857,0.9850900173187256,0.0021499991416931152
calib_03858,0.0014799833297729492,0.9929100275039673
calib_03859,0.9920099973678589,0.00032001733779907227
calib_03860,0.9994900226593018,0.017430007457733154
calib_03861,0.7946599721908569,0.5366600155830383
calib_03862,0.00041997432708740234,0.9999200105667114
calib_03863,1.0,0.00012999773025512695
calib_03864,0.8187900185585022,0.6919400095939636
calib_03865,0.9985100030899048,0.15483999252319336
calib_03866,1.0,0.010990023612976074
calib_03867,0.999970018863678,0.0014899969100952148
calib_03868,0.9926400184631348,0.0008299946784973145
calib_03869,0.9992200136184692,0.0005599856376647949
calib_03870,0.004419982433319092,0.9930400252342224
calib_03871,0.9616000056266785,0.1660500168800354
calib_03872,0.12724000215530396,0.9485099911689758
calib_03873,0.14864999055862427,0.4105299711227417
calib_03874,0.993690013885498,0.006309986114501953
calib_03875,0.0002499818801879883,0.9991099834442139
calib_03876,0.9999200105667114,0.0007699728012084961
calib_03877,0.9910399913787842,0.008019983768463135
calib_03878,0.5053899884223938,0.00010001659393310547
calib_03879,3.999471664428711e-05,0.9997000098228455
calib_03880,0.9115899801254272,0.001900017261505127
calib_03881,0.9960200190544128,0.3307499885559082
calib_03882,0.007619976997375488,0.9998900294303894
calib_03883,0.9976099729537964,0.029640018939971924
calib_03884,0.9900299906730652,0.0001800060272216797
calib_03885,0.000729978084564209,0.9955199956893921
calib_03886,0.9796900153160095,0.0021399855613708496
calib_03887,1.0013580322265625e-05,0.9995499849319458
calib_03888,0.0024799704551696777,0.7902600169181824
calib_03889,0.00031000375747680664,0.9988999962806702
calib_03890,0.02722001075744629,0.1124500036239624
calib_03891,0.00372999906539917,0.9999200105667114
calib_03892,0.9987900257110596,2.9981136322021484e-05
calib_03893,0.9944400191307068,0.040589988231658936
calib_03894,0.9956499934196472,0.0002200007438659668
calib_03895,1.0013580322265625e-05,0.9994699954986572
calib_03896,0.9972500205039978,0.00011998414993286133
calib_03897,0.4994199872016907,0.1077200174331665
calib_03898,0.0011799931526184082,0.9936699867248535
calib_03899,0.9789599776268005,0.0030300021171569824
calib_03900,0.9993600249290466,0.0
calib_03901,0.000970005989074707,0.9981600046157837
calib_03902,0.9999899864196777,3.999471664428711e-05
calib_03903,1.0,0.0
calib_03904,0.9999899864196777,2.9981136322021484e-05
calib_03905,0.9999899864196777,0.0
calib_03906,0.003359973430633545,1.0
calib_03907,1.0,0.0
calib_03908,1.0,0.0
calib_03909,0.8539699912071228,0.2981100082397461
calib_03910,0.0047299861907958984,0.5486699938774109
calib_03911,0.0,1.0
calib_03912,0.0,1.0
calib_03913,0.9980499744415283,0.0018600225448608398
calib_03914,0.9994300007820129,0.013769984245300293
calib_03915,1.0,0.0
calib_03916,6.99758529663086e-05,1.0
calib_03917,0.033670008182525635,0.9998199939727783
calib_03918,0.07419997453689575,0.04250001907348633
calib_03919,0.9993100166320801,0.21963000297546387
calib_03920,0.9398099780082703,0.40281999111175537
calib_03921,0.0010700225830078125,0.998989999294281
calib_03922,0.987500011920929,0.9904099702835083
calib_03923,0.9728299975395203,0.7815099954605103
calib_03924,0.9676700234413147,0.622189998626709
calib_03925,0.9999799728393555,2.9981136322021484e-05
calib_03926,0.9995800256729126,0.031719982624053955
calib_03927,0.9913899898529053,0.18721002340316772
calib_03928,0.999750018119812,0.0006499886512756348
calib_03929,0.9999899864196777,0.055620014667510986
calib_03930,0.02445000410079956,0.9922699928283691
calib_03931,1.0,0.18331998586654663
calib_03932,0.994159996509552,0.3618900179862976
calib_03933,0.9999600052833557,0.000800013542175293
calib_03934,0.0014899969100952148,0.9999200105667114
calib_03935,0.9999099969863892,0.0009999871253967285
calib_03936,0.036769986152648926,0.989549994468689
calib_03937,0.06165999174118042,0.999970018863678
calib_03938,0.00046002864837646484,0.9996700286865234
calib_03939,0.9999600052833557,0.0040400028228759766
calib_03940,0.9999799728393555,0.0011699795722961426
calib_03941,0.9999499917030334,0.0014500021934509277
calib_03942,0.029120028018951416,0.9997400045394897
calib_03943,0.9999399781227112,6.99758529663086e-05
calib_03944,0.9994400143623352,0.00288999080657959
calib_03945,0.0018000006675720215,0.9984999895095825
calib_03946,0.9999899864196777,0.0
calib_03947,0.0,1.0
calib_03948,0.0,1.0
calib_03949,0.9996600151062012,5.0008296966552734e-05
calib_03950,5.0008296966552734e-05,0.9997900128364563
calib_03951,0.998009979724884,0.001139998435974121
calib_03952,1.0013580322265625e-05,0.9999200105667114
calib_03953,0.9919999837875366,0.009379982948303223
calib_03954,0.9969199895858765,0.003099977970123291
calib_03955,3.999471664428711e-05,0.999809980392456
calib_03956,0.9997299909591675,0.00028002262115478516
calib_03957,0.9999099969863892,0.0013200044631958008
calib_03958,0.9999899864196777,0.0
calib_03959,0.9985399842262268,0.0037099719047546387
calib_03960,0.9995800256729126,7.998943328857422e-05
calib_03961,0.0008699893951416016,0.9997599720954895
calib_03962,0.8725399971008301,0.026099979877471924
calib_03963,0.0035899877548217773,0.978659987449646
calib_03964,0.9993299841880798,0.003390014171600342
calib_03965,0.0,1.0
calib_03966,0.9321600198745728,7.998943328857422e-05
calib_03967,0.999750018119812,1.0013580322265625e-05
calib_03968,0.9978299736976624,0.0023199915885925293
calib_03969,0.05835002660751343,0.40435999631881714
calib_03970,0.9330000281333923,0.0024200081825256348
calib_03971,0.9999899864196777,0.0001099705696105957
calib_03972,0.9752900004386902,0.03567999601364136
calib_03973,0.5625500082969666,0.7716599702835083
calib_03974,0.7262399792671204,0.004980027675628662
calib_03975,0.999779999256134,0.3841699957847595
calib_03976,0.9994500279426575,0.0008400082588195801
calib_03977,0.25050002336502075,0.9865999817848206
calib_03978,0.0,1.0
calib_03979,0.9994400143623352,0.000299990177154541
calib_03980,0.00010001659393310547,0.9999799728393555
calib_03981,0.9307100176811218,0.03148001432418823
calib_03982,0.8558700084686279,0.9789299964904785
calib_03983,0.30691999197006226,0.9891200065612793
calib_03984,0.9888499975204468,0.17746001482009888
calib_03985,0.9933900237083435,0.4469599723815918
calib_03986,0.028680026531219482,0.9995700120925903
calib_03987,0.00011998414993286133,0.9800099730491638
calib_03988,0.0,1.0
calib_03989,0.0007799863815307617,0.10633999109268188
calib_03990,0.004050016403198242,0.7636399865150452
calib_03991,0.013660013675689697,0.999970018863678
calib_03992,0.9796500205993652,0.003769993782043457
calib_03993,0.6427900195121765,0.2254999876022339
calib_03994,0.9684799909591675,0.0047699809074401855
calib_03995,0.9452400207519531,0.00034999847412109375
calib_03996,0.24414002895355225,0.7286900281906128
calib_03997,0.9995899796485901,0.0005099773406982422
calib_03998,0.027890026569366455,0.8245999813079834
calib_03999,0.9510899782180786,0.007480025291442871
calib_04000,0.0930899977684021,0.9909499883651733
calib_04001,0.058279991149902344,0.8504599928855896
calib_04002,0.016939997673034668,0.5017300248146057
calib_04003,0.0607600212097168,0.710129976272583
calib_04004,0.16352999210357666,0.6945300102233887
calib_04005,0.0009999871253967285,0.9423099756240845
calib_04006,0.05190998315811157,0.7456600069999695
calib_04007,0.9795299768447876,0.00038999319076538086
calib_04008,0.942080020904541,0.0001099705696105957
calib_04009,0.9706000089645386,0.002539992332458496
calib_04010,0.0007899999618530273,0.9371200203895569
calib_04011,0.9848799705505371,0.6339799761772156
calib_04012,0.9878000020980835,0.019770026206970215
calib_04013,0.7651699781417847,0.01705998182296753
calib_04014,0.014859974384307861,0.9759899973869324
calib_04015,0.9966300129890442,0.0020499825477600098
calib_04016,0.007690012454986572,0.9993299841880798
calib_04017,0.9881399869918823,0.4101499915122986
calib_04018,0.9997199773788452,0.012589991092681885
calib_04019,0.041490018367767334,0.8642100095748901
calib_04020,0.9989699721336365,0.23741000890731812
calib_04021,1.0,0.00023001432418823242
calib_04022,0.9993799924850464,0.010089993476867676
calib_04023,0.13081002235412598,0.9898300170898438
calib_04024,0.008580029010772705,0.9616400003433228
calib_04025,0.999750018119812,0.04676002264022827
calib_04026,0.0,1.0
calib_04027,0.998199999332428,0.0002499818801879883
calib_04028,0.36636000871658325,0.9940299987792969
calib_04029,0.004320025444030762,0.9986600279808044
calib_04030,0.9999899864196777,0.0006399750709533691
calib_04031,0.9974300265312195,2.9981136322021484e-05
calib_04032,0.004339993000030518,0.9999099969863892
calib_04033,0.053349971771240234,0.9999399781227112
calib_04034,0.3607900142669678,0.9835000038146973
calib_04035,0.0006800293922424316,0.9874799847602844
calib_04036,0.9973999857902527,0.05238997936248779
calib_04037,0.5134099721908569,0.9823700189590454
calib_04038,0.9999600052833557,2.002716064453125e-05
calib_04039,0.09782999753952026,0.7708899974822998
calib_04040,0.0009300112724304199,0.8595200181007385
calib_04041,0.9960500001907349,0.0003600120544433594
calib_04042,0.9626200199127197,0.8625500202178955
calib_04043,0.040859997272491455,0.9926199913024902
calib_04044,0.08042001724243164,0.8543599843978882
calib_04045,2.9981136322021484e-05,0.99822998046875
calib_04046,0.0004699826240539551,0.9032899737358093
calib_04047,0.0004699826240539551,0.9953600168228149
calib_04048,0.7034900188446045,0.5764899849891663
calib_04049,0.008910000324249268,0.8590499758720398
calib_04050,0.965719997882843,0.06586998701095581
calib_04051,0.0025200247764587402,0.9989299774169922
calib_04052,0.1744300127029419,0.3508300185203552
calib_04053,6.99758529663086e-05,1.0
calib_04054,0.9999799728393555,1.0013580322265625e-05
calib_04055,0.0008800029754638672,0.9936000108718872
calib_04056,0.9995800256729126,5.0008296966552734e-05
calib_04057,0.0004000067710876465,0.9997400045394897
calib_04058,0.8934999704360962,0.007560014724731445
calib_04059,6.99758529663086e-05,0.9956600069999695
calib_04060,0.209089994430542,0.8714500069618225
calib_04061,0.5362200140953064,0.8831300139427185
calib_04062,0.010569989681243896,0.9610700011253357
calib_04063,0.9181299805641174,0.0009400248527526855
calib_04064,0.00023001432418823242,0.9873600006103516
calib_04065,0.9102200269699097,0.003600001335144043
calib_04066,9.000301361083984e-05,0.9999099969863892
calib_04067,0.9938099980354309,0.13670998811721802
calib_04068,0.858240008354187,0.038039982318878174
calib_04069,0.8521100282669067,0.009580016136169434
calib_04070,0.2034900188446045,0.9900000095367432
calib_04071,0.9925400018692017,0.00016999244689941406
calib_04072,0.8949400186538696,0.0052700042724609375
calib_04073,0.9983100295066833,0.0030900239944458008
calib_04074,0.9866799712181091,0.0001099705696105957
calib_04075,0.9992600083351135,5.0008296966552734e-05
calib_04076,0.9995099902153015,0.034810006618499756
calib_04077,0.8458600044250488,0.0005800127983093262
calib_04078,0.05169999599456787,0.9387900233268738
calib_04079,0.0021200180053710938,0.9999499917030334
calib_04080,0.9841399788856506,0.0009499788284301758
calib_04081,0.9454799890518188,0.9999200105667114
calib_04082,0.016009986400604248,0.999809980392456
calib_04083,0.9959099888801575,0.045799970626831055
calib_04084,0.007120013236999512,0.9999799728393555
calib_04085,0.9664999842643738,0.0054399967193603516
calib_04086,0.005050003528594971,0.9937400221824646
calib_04087,0.999180018901825,0.0036500096321105957
calib_04088,0.8035299777984619,0.9937800168991089
calib_04089,0.5790600180625916,0.6416400074958801
calib_04090,0.017369985580444336,0.9994000196456909
calib_04091,1.0,0.00016999244689941406
calib_04092,0.9973400235176086,0.00019997358322143555
calib_04093,0.011950016021728516,0.7049800157546997
calib_04094,0.7645000219345093,0.05062997341156006
calib_04095,0.9922500252723694,0.7671099901199341
calib_04096,0.9942600131034851,0.00027000904083251953
calib_04097,0.013080000877380371,0.8617200255393982
calib_04098,0.010089993476867676,0.729200005531311
calib_04099,0.9867200255393982,6.002187728881836e-05
calib_04100,0.9997699856758118,0.00015997886657714844
calib_04101,0.9950399994850159,0.01642000675201416
calib_04102,0.9999200105667114,0.012340009212493896
calib_04103,0.7816900014877319,0.015799999237060547
calib_04104,0.37641000747680664,0.06944000720977783
calib_04105,0.9998499751091003,6.002187728881836e-05
calib_04106,0.005609989166259766,0.9955499768257141
calib_04107,0.9999899864196777,0.007409989833831787
calib_04108,0.48264002799987793,0.06502997875213623
calib_04109,0.11779999732971191,0.7300699949264526
calib_04110,0.35207998752593994,0.9770799875259399
calib_04111,0.05286002159118652,0.3434299826622009
calib_04112,0.0,1.0
calib_04113,0.3939499855041504,0.6585100293159485
calib_04114,0.9940699934959412,0.018939971923828125
calib_04115,0.9605699777603149,0.002240002155303955
calib_04116,6.002187728881836e-05,0.9996299743652344
calib_04117,0.022360026836395264,0.861519992351532
calib_04118,0.8637599945068359,0.0559999942779541
calib_04119,0.006730020046234131,0.9517199993133545
calib_04120,0.9855899810791016,0.0579800009727478
calib_04121,0.3943600058555603,0.8032799959182739
calib_04122,0.07178997993469238,0.9756600260734558
calib_04123,0.13103997707366943,0.6805599927902222
calib_04124,0.046389997005462646,0.9995099902153015
calib_04125,0.9912199974060059,0.001990020275115967
calib_04126,0.6570799946784973,0.20086002349853516
calib_04127,0.07695001363754272,0.05555999279022217
calib_04128,0.0011100172996520996,0.994379997253418
calib_04129,0.0014200210571289062,0.5755800008773804
calib_04130,0.3389899730682373,0.9719700217247009
calib_04131,0.9800900220870972,0.03661000728607178
calib_04132,0.8642299771308899,0.0018900036811828613
calib_04133,0.9844899773597717,0.038339972496032715
calib_04134,0.9617800116539001,0.4029800295829773
calib_04135,0.784060001373291,0.19735002517700195
calib_04136,0.228659987449646,0.9996899962425232
calib_04137,0.9981200098991394,0.008949995040893555
calib_04138,0.678380012512207,0.010129988193511963
calib_04139,0.2532699704170227,0.38696998357772827
calib_04140,0.031830012798309326,0.9961699843406677
calib_04141,0.21121001243591309,0.6924099922180176
calib_04142,0.19064998626708984,0.5290300250053406
calib_04143,0.49699997901916504,0.02331000566482544
calib_04144,0.09881001710891724,0.22870999574661255
calib_04145,0.10171997547149658,0.3802499771118164
calib_04146,0.6414200067520142,0.7594500184059143
calib_04147,0.029799997806549072,0.7384999990463257
calib_04148,0.7730100154876709,0.16917002201080322
calib_04149,0.9984400272369385,9.000301361083984e-05
calib_04150,0.9996700286865234,2.002716064453125e-05
calib_04151,0.003939986228942871,0.9996100068092346
calib_04152,0.9579200148582458,0.0038899779319763184
calib_04153,0.003099977970123291,0.7340899705886841
calib_04154,0.9999399781227112,1.0013580322265625e-05
calib_04155,0.9980199933052063,0.18676000833511353
calib_04156,0.9886000156402588,0.04052001237869263
calib_04157,0.9982200264930725,7.998943328857422e-05
calib_04158,0.035740017890930176,0.641290009021759
calib_04159,0.5008800029754639,0.5090500116348267
calib_04160,0.08441001176834106,0.19155001640319824
calib_04161,0.9999799728393555,1.0013580322265625e-05
calib_04162,0.4619100093841553,0.14045000076293945
calib_04163,0.02740001678466797,0.9861999750137329
calib_04164,0.8824099898338318,0.0891299843788147
calib_04165,0.00866997241973877,0.9980199933052063
calib_04166,0.010389983654022217,0.7389100193977356
calib_04167,0.9123899936676025,0.03308999538421631
calib_04168,0.8764700293540955,0.009819984436035156
calib_04169,0.9914799928665161,0.20546001195907593
calib_04170,0.2200000286102295,0.610509991645813
calib_04171,0.02595001459121704,0.9666600227355957
calib_04172,0.012160003185272217,0.12419998645782471
calib_04173,0.17247998714447021,0.011319994926452637
calib_04174,0.0017099976539611816,0.9550899863243103
calib_04175,0.007179975509643555,0.9659299850463867
calib_04176,0.015169978141784668,0.8898900151252747
calib_04177,0.22592002153396606,0.018329977989196777
calib_04178,0.9678599834442139,0.051419973373413086
calib_04179,0.9872199892997742,0.0005900263786315918
calib_04180,0.93163001537323,0.9989200234413147
calib_04181,0.9268100261688232,0.10781002044677734
calib_04182,0.0050699710845947266,0.9341300129890442
calib_04183,0.8178799748420715,0.06585997343063354
calib_04184,0.9661300182342529,0.0004000067710876465
calib_04185,0.19840002059936523,0.10851001739501953
calib_04186,0.2797899842262268,0.513670027256012
calib_04187,0.5288900136947632,0.0011799931526184082
calib_04188,0.9879400134086609,0.00019997358322143555
calib_04189,0.8267999887466431,0.061460018157958984
calib_04190,0.6854199767112732,0.2476000189781189
calib_04191,0.9974899888038635,0.00012999773025512695
calib_04192,0.9991700053215027,0.06222999095916748
calib_04193,0.0006499886512756348,0.9986199736595154
calib_04194,0.0055699944496154785,0.7641800045967102
calib_04195,0.014909982681274414,0.9486899971961975
calib_04196,0.37602001428604126,0.13207000494003296
calib_04197,0.9971699714660645,0.06334000825881958
calib_04198,0.8604199886322021,0.0269700288772583
calib_04199,0.9999899864196777,0.00028002262115478516
calib_04200,0.6056200265884399,0.5685999989509583
calib_04201,0.9986100196838379,0.0003299713134765625
calib_04202,0.9846100211143494,0.006219983100891113
calib_04203,0.9839800000190735,0.11496001482009888
calib_04204,0.03934997320175171,0.659600019454956
calib_04205,0.6549999713897705,0.5342599749565125
calib_04206,0.016189992427825928,0.9891700148582458
calib_04207,0.9093899726867676,0.9228299856185913
calib_04208,0.3253999948501587,0.7201899886131287
calib_04209,0.4559500217437744,0.46956998109817505
calib_04210,0.0031200051307678223,0.8235499858856201
calib_04211,0.28982001543045044,0.028400003910064697
calib_04212,0.0907599925994873,0.36483001708984375
calib_04213,0.0034000277519226074,0.974560022354126
calib_04214,0.0012599825859069824,0.9875100255012512
calib_04215,0.003260016441345215,0.9925000071525574
calib_04216,0.9895300269126892,0.24163001775741577
calib_04217,0.019509971141815186,0.5187600255012512
calib_04218,0.011799991130828857,0.7639600038528442
calib_04219,0.9957200288772583,0.023890018463134766
calib_04220,0.005890011787414551,0.594219982624054
calib_04221,0.5636199712753296,0.2719600200653076
calib_04222,0.029160022735595703,0.9962000250816345
calib_04223,0.22815001010894775,0.1434599757194519
calib_04224,0.879580020904541,0.08328002691268921
calib_04225,0.819819986820221,0.9443399906158447
calib_04226,0.4676700234413147,0.9192799925804138
calib_04227,0.9990699887275696,3.999471664428711e-05
calib_04228,0.7925500273704529,0.009090006351470947
calib_04229,0.9405800104141235,0.28101998567581177
calib_04230,0.034399986267089844,0.8963599801063538
calib_04231,0.7928000092506409,0.21755999326705933
calib_04232,0.8811500072479248,0.006879985332489014
calib_04233,0.957889974117279,0.16281002759933472
calib_04234,0.40644997358322144,0.04346001148223877
calib_04235,0.011500000953674316,0.5960299968719482
calib_04236,0.002629995346069336,0.9992600083351135
calib_04237,0.9241499900817871,0.06252998113632202
calib_04238,0.06891000270843506,0.9879099726676941
calib_04239,0.026830017566680908,0.942520022392273
calib_04240,0.9214699864387512,0.039650022983551025
calib_04241,0.17566001415252686,0.0639200210571289
calib_04242,0.5696600079536438,0.10540997982025146
calib_04243,0.9747899770736694,0.14477002620697021
calib_04244,0.1308000087738037,0.3051900267601013
calib_04245,0.9942200183868408,0.03435999155044556
calib_04246,0.9466500282287598,0.009670019149780273
calib_04247,0.7948399782180786,0.5100600123405457
calib_04248,0.061469972133636475,0.7461100220680237
calib_04249,0.2519800066947937,0.9732800126075745
calib_04250,0.40782999992370605,0.5159000158309937
calib_04251,0.017859995365142822,0.9906499981880188
calib_04252,0.0028200149536132812,0.9980499744415283
calib_04253,0.3855699896812439,0.8274199962615967
calib_04254,0.34532999992370605,0.8217800259590149
calib_04255,0.9405099749565125,0.011170029640197754
calib_04256,0.2607399821281433,0.7954599857330322
calib_04257,0.5403199791908264,0.9439799785614014
calib_04258,0.009459972381591797,0.9386799931526184
calib_04259,0.9959700107574463,0.0026400089263916016
calib_04260,0.06607002019882202,0.9212999939918518
calib_04261,0.15724998712539673,0.8865000009536743
calib_04262,0.9920300245285034,0.07080000638961792
calib_04263,0.5378400087356567,0.004249989986419678
calib_04264,0.9955099821090698,0.0065000057220458984
calib_04265,0.9990299940109253,0.013700008392333984
calib_04266,0.003390014171600342,0.9938700199127197
calib_04267,0.018750011920928955,0.9961000084877014
calib_04268,0.999809980392456,0.0001800060272216797
calib_04269,0.3633599877357483,0.8864700198173523
calib_04270,0.9953699707984924,0.00014001131057739258
calib_04271,0.9526000022888184,0.207830011844635
calib_04272,0.0051400065422058105,0.9999499917030334
calib_04273,0.2016800045967102,0.30563002824783325
calib_04274,0.739799976348877,0.1261799931526184
calib_04275,0.04455000162124634,0.9881799817085266
calib_04276,0.9447399973869324,0.012090027332305908
calib_04277,0.6950200200080872,0.4367799758911133
calib_04278,0.9977200031280518,0.013010025024414062
calib_04279,0.00023001432418823242,0.9980700016021729
calib_04280,0.8667700290679932,0.6585699915885925
calib_04281,0.034609973430633545,0.2765499949455261
calib_04282,0.9477300047874451,0.762910008430481
calib_04283,0.9986000061035156,0.054639995098114014
calib_04284,0.09899002313613892,0.9697999954223633
calib_04285,0.3676300048828125,0.06432002782821655
calib_04286,0.0016199946403503418,0.9999399781227112
calib_04287,0.9851300120353699,9.000301361083984e-05
calib_04288,6.002187728881836e-05,0.9986199736595154
calib_04289,0.8519999980926514,0.004909992218017578
calib_04290,0.020680010318756104,0.9051100015640259
calib_04291,0.9968900084495544,0.0018100142478942871
calib_04292,0.9997100234031677,0.002499997615814209
calib_04293,0.9906899929046631,0.0017300248146057129
calib_04294,0.00034999847412109375,0.9966700077056885
calib_04295,0.0021799802780151367,1.0
calib_04296,0.013360023498535156,0.9805300235748291
calib_04297,0.0016099810600280762,0.9991199970245361
calib_04298,0.0041700005531311035,0.9863499999046326
calib_04299,0.9997699856758118,0.0002599954605102539
calib_04300,0.4900599718093872,0.42107999324798584
calib_04301,0.006470024585723877,0.9999399781227112
calib_04302,0.9999799728393555,1.0013580322265625e-05
calib_04303,0.00015997886657714844,0.9998900294303894
calib_04304,0.135670006275177,0.9683099985122681
calib_04305,0.011049985885620117,0.989300012588501
calib_04306,0.04704999923706055,0.9497799873352051
calib_04307,0.961080014705658,0.0006300210952758789
calib_04308,0.2562299966812134,0.14069998264312744
calib_04309,0.054009974002838135,0.8736900091171265
calib_04310,0.9689000248908997,0.019349992275238037
calib_04311,0.6481599807739258,0.8785200119018555
calib_04312,0.025979995727539062,0.6492499709129333
calib_04313,0.7883999943733215,0.4395400285720825
calib_04314,0.08951997756958008,0.33890002965927124
calib_04315,0.004279971122741699,0.7807199954986572
calib_04316,0.5413500070571899,0.40456002950668335
calib_04317,0.13956999778747559,0.175059974193573
calib_04318,0.006950020790100098,0.9994900226593018
calib_04319,0.9999899864196777,0.0012500286102294922
calib_04320,0.0013300180435180664,0.9713699817657471
calib_04321,0.011870026588439941,0.9609000086784363
calib_04322,0.9998700022697449,1.0013580322265625e-05
calib_04323,0.9520400166511536,0.028760015964508057
calib_04324,0.0017399787902832031,0.9686200022697449
calib_04325,0.10917001962661743,0.46647000312805176
calib_04326,0.0045999884605407715,0.9961900115013123
calib_04327,0.6696400046348572,0.00012999773025512695
calib_04328,0.9338399767875671,0.07955002784729004
calib_04329,0.00027000904083251953,0.9988899827003479
calib_04330,0.010500013828277588,0.7809500098228455
calib_04331,0.015720009803771973,0.11387002468109131
calib_04332,0.005900025367736816,0.9955899715423584
calib_04333,0.6609500050544739,0.006990015506744385
calib_04334,0.0030300021171569824,0.5391499996185303
calib_04335,0.7544000148773193,0.028230011463165283
calib_04336,0.8295000195503235,0.001529991626739502
calib_04337,0.0015199780464172363,0.5468400120735168
calib_04338,0.9983699917793274,0.005020022392272949
calib_04339,0.13912999629974365,0.8753899931907654
calib_04340,0.17954999208450317,0.013199985027313232
calib_04341,0.03715997934341431,0.7562500238418579
calib_04342,2.002716064453125e-05,0.9984899759292603
calib_04343,0.9521099925041199,0.004140019416809082
calib_04344,0.9993299841880798,0.012809991836547852
calib_04345,0.0024300217628479004,0.9984800219535828
calib_04346,1.0,0.0
calib_04347,1.0,0.0
calib_04348,0.35785001516342163,9.000301361083984e-05
calib_04349,0.0,1.0
calib_04350,0.9994999766349792,0.0004100203514099121
calib_04351,1.0,0.0
calib_04352,0.0003600120544433594,0.999970018863678
calib_04353,0.00041997432708740234,0.999970018863678
calib_04354,0.05194002389907837,0.9817500114440918
calib_04355,0.60944002866745,0.810259997844696
calib_04356,0.0001500248908996582,1.0
calib_04357,5.0008296966552734e-05,0.9999899864196777
calib_04358,0.07634997367858887,0.9991899728775024
calib_04359,1.0,0.00010001659393310547
calib_04360,0.9077900052070618,0.00038999319076538086
calib_04361,0.0058100223541259766,0.9966300129890442
calib_04362,0.9999099969863892,0.002539992332458496
calib_04363,5.0008296966552734e-05,1.0
calib_04364,0.019450008869171143,0.6503700017929077
calib_04365,0.9339399933815002,0.0009099841117858887
calib_04366,0.00015997886657714844,0.9401299953460693
calib_04367,1.0013580322265625e-05,0.997219979763031
calib_04368,0.07055002450942993,0.8191800117492676
calib_04369,0.9228900074958801,0.8592000007629395
calib_04370,0.9297800064086914,0.004779994487762451
calib_04371,0.0,0.9997900128364563
calib_04372,0.0012599825859069824,0.999530017375946
calib_04373,0.11774998903274536,0.015290021896362305
calib_04374,0.047950029373168945,0.04539000988006592
calib_04375,0.9211500287055969,0.0038200020790100098
calib_04376,0.015770018100738525,0.6591799855232239
calib_04377,0.3596299886703491,0.1428999900817871
calib_04378,0.0001800060272216797,0.9771400094032288
calib_04379,0.08104002475738525,0.019360005855560303
calib_04380,0.0001099705696105957,0.9968500137329102
calib_04381,0.9995599985122681,0.01750999689102173
calib_04382,0.0032500028610229492,0.8702499866485596
calib_04383,0.11866998672485352,0.4051100015640259
calib_04384,0.0041700005531311035,0.9092400074005127
calib_04385,0.999779999256134,0.0
calib_04386,0.15617001056671143,0.025499999523162842
calib_04387,0.0006300210952758789,0.7619400024414062
calib_04388,0.019829988479614258,0.001399993896484375
calib_04389,0.0058100223541259766,0.9668499827384949
calib_04390,0.9810100197792053,0.0045400261878967285
calib_04391,0.9980800151824951,0.000370025634765625
calib_04392,0.004079997539520264,0.44850999116897583
calib_04393,0.011950016021728516,0.9795200228691101
calib_04394,0.2466999888420105,0.027279973030090332
calib_04395,0.8592399954795837,0.001230001449584961
calib_04396,0.0,0.999750018119812
calib_04397,9.000301361083984e-05,0.8824499845504761
calib_04398,0.00012999773025512695,0.7991600036621094
calib_04399,1.0013580322265625e-05,1.0
calib_04400,0.0002499818801879883,0.7472299933433533
calib_04401,0.00015997886657714844,0.04225999116897583
calib_04402,0.999779999256134,0.0008400082588195801
calib_04403,0.10382002592086792,0.00821000337600708
calib_04404,1.0013580322265625e-05,0.9253699779510498
calib_04405,0.5860199928283691,0.055959999561309814
calib_04406,0.8219799995422363,0.0274999737739563
calib_04407,0.9994400143623352,0.0016300082206726074
calib_04408,0.003269970417022705,0.9797700047492981
calib_04409,0.9261800050735474,0.0005599856376647949
calib_04410,0.9938300251960754,0.0050299763679504395
calib_04411,0.9368199706077576,0.8996300101280212
calib_04412,0.1912500262260437,0.836650013923645
calib_04413,0.9996899962425232,7.998943328857422e-05
calib_04414,0.0037199854850769043,0.9986699819564819
calib_04415,0.0052700042724609375,0.9933000206947327
calib_04416,0.9733700156211853,0.04101002216339111
calib_04417,0.0010899901390075684,0.9999300241470337
calib_04418,0.17965000867843628,0.8249599933624268
calib_04419,0.10698997974395752,0.8901200294494629
calib_04420,0.011600017547607422,0.8674899935722351
calib_04421,0.0005300045013427734,0.9991899728775024
calib_04422,0.9998700022697449,0.007330000400543213
calib_04423,0.046720027923583984,0.9689099788665771
calib_04424,0.0,0.9999899864196777
calib_04425,0.9980499744415283,0.021189987659454346
calib_04426,0.9413999915122986,0.0026400089263916016
calib_04427,0.9836999773979187,0.038630008697509766
calib_04428,0.9458100199699402,0.016279995441436768
calib_04429,0.012449979782104492,0.9579799771308899
calib_04430,0.9935700297355652,0.004279971122741699
calib_04431,0.9986699819564819,0.00016999244689941406
calib_04432,0.00932002067565918,0.6293699741363525
calib_04433,0.00027000904083251953,0.9979699850082397
calib_04434,0.013700008392333984,0.7619600296020508
calib_04435,0.2994599938392639,0.7574800252914429
calib_04436,0.00866997241973877,0.9034299850463867
calib_04437,0.5707700252532959,0.030120015144348145
calib_04438,0.5471100211143494,0.017430007457733154
calib_04439,0.9815400242805481,0.33806002140045166
calib_04440,0.00038999319076538086,0.9980800151824951
calib_04441,0.01332998275756836,0.9222000241279602
calib_04442,0.17634999752044678,0.15561002492904663
calib_04443,0.00032001733779907227,0.9992300271987915
calib_04444,0.01055002212524414,0.9775699973106384
calib_04445,0.3141400218009949,0.38947999477386475
calib_04446,0.9816100001335144,0.0028200149536132812
calib_04447,0.006009995937347412,0.940779983997345
calib_04448,0.00550001859664917,0.6807900071144104
calib_04449,0.1935099959373474,0.08486002683639526
calib_04450,0.6100900173187256,0.020099997520446777
calib_04451,0.9671400189399719,0.00038999319076538086
calib_04452,0.009459972381591797,0.8079000115394592
calib_04453,0.559469997882843,0.3442000150680542
calib_04454,0.0229799747467041,0.2959100008010864
calib_04455,0.9957699775695801,0.0020800232887268066
calib_04456,0.7933700084686279,0.029330015182495117
calib_04457,0.04830998182296753,0.9518200159072876
calib_04458,0.8854100108146667,0.005909979343414307
calib_04459,0.6557599902153015,0.03361999988555908
calib_04460,0.03975999355316162,0.15060001611709595
calib_04461,0.0029799938201904297,0.9953799843788147
calib_04462,0.9481099843978882,0.0027199983596801758
calib_04463,0.5925099849700928,0.007200002670288086
calib_04464,0.15327000617980957,0.976580023765564
calib_04465,0.9957299828529358,0.0006800293922424316
calib_04466,0.6541000008583069,0.01239001750946045
calib_04467,0.0034499764442443848,0.9863799810409546
calib_04468,0.03293001651763916,0.9629600048065186
calib_04469,0.00041997432708740234,0.9110000133514404
calib_04470,0.7356200218200684,0.3770099878311157
calib_04471,0.009729981422424316,0.8919500112533569
calib_04472,0.026069998741149902,0.6977699995040894
calib_04473,0.0066699981689453125,0.7417200207710266
calib_04474,0.42840999364852905,0.05422002077102661
calib_04475,0.05796998739242554,0.06884002685546875
calib_04476,0.34272998571395874,0.0001500248908996582
calib_04477,0.7108399868011475,0.03316998481750488
calib_04478,0.4662500023841858,0.01960998773574829
calib_04479,0.08730000257492065,0.6448799967765808
calib_04480,0.08508002758026123,0.24743002653121948
calib_04481,0.004149973392486572,0.9688900113105774
calib_04482,0.06879997253417969,0.15246999263763428
calib_04483,0.9940999746322632,0.031029999256134033
calib_04484,0.989799976348877,0.0010700225830078125
calib_04485,0.475350022315979,0.14478999376296997
calib_04486,0.5993199944496155,0.09201997518539429
calib_04487,0.44179999828338623,0.3964800238609314
calib_04488,0.9936599731445312,0.02679997682571411
calib_04489,0.9952300190925598,0.0005199909210205078
calib_04490,0.0012900233268737793,0.9716699719429016
calib_04491,0.000670015811920166,0.04724997282028198
calib_04492,0.6472600102424622,0.16391998529434204
calib_04493,0.004490017890930176,0.9922699928283691
calib_04494,0.9420599937438965,0.0006600022315979004
calib_04495,0.5708100199699402,0.004209995269775391
calib_04496,0.9882199764251709,0.0006800293922424316
calib_04497,0.47992002964019775,0.0023400187492370605
calib_04498,0.004149973392486572,0.5330600142478943
calib_04499,0.9986500144004822,0.0007500052452087402
calib_04500,0.03452998399734497,0.876550018787384
calib_04501,0.9993199706077576,0.0013399720191955566
calib_04502,0.7887600064277649,0.0007799863815307617
calib_04503,0.20297002792358398,0.4688299894332886
calib_04504,0.005010008811950684,0.9319499731063843
calib_04505,0.4038500189781189,0.03374999761581421
calib_04506,0.7213299870491028,0.00857001543045044
calib_04507,0.9932500123977661,0.006120026111602783
calib_04508,0.012700021266937256,0.9505000114440918
calib_04509,0.04517000913619995,0.018630027770996094
calib_04510,0.9999200105667114,0.0
calib_04511,0.9981200098991394,0.005299985408782959
calib_04512,0.9696199893951416,0.002409994602203369
calib_04513,0.9939200282096863,0.3318300247192383
calib_04514,0.9976599812507629,0.03567999601364136
calib_04515,0.08192998170852661,0.2986999750137329
calib_04516,0.9978399872779846,0.001829981803894043
calib_04517,0.19666999578475952,0.5188900232315063
calib_04518,0.0023499727249145508,0.986329972743988
calib_04519,0.9950600266456604,0.009090006351470947
calib_04520,0.7358099818229675,0.8509299755096436
calib_04521,0.0,0.9574999809265137
calib_04522,0.8519799709320068,0.05374002456665039
calib_04523,0.2720400094985962,0.2834399938583374
calib_04524,0.24589002132415771,0.09909999370574951
calib_04525,0.9966999888420105,0.036199986934661865
calib_04526,0.9986100196838379,0.039089977741241455
calib_04527,0.9923499822616577,0.08157002925872803
calib_04528,0.5376499891281128,6.002187728881836e-05
calib_04529,0.8647900223731995,9.000301361083984e-05
calib_04530,0.9996799826622009,0.014230012893676758
calib_04531,0.0014600157737731934,0.9943699836730957
calib_04532,0.9872499704360962,0.05255997180938721
calib_04533,0.07924002408981323,0.9753299951553345
calib_04534,0.12141001224517822,0.000370025634765625
calib_04535,0.8302800059318542,0.005840003490447998
calib_04536,0.5467100143432617,0.22016000747680664
calib_04537,0.03188002109527588,0.6448699831962585
calib_04538,0.9569500088691711,0.14657002687454224
calib_04539,0.9633100032806396,0.020839989185333252
calib_04540,0.7455000281333923,0.020410001277923584
calib_04541,0.9759100079536438,0.023890018463134766
calib_04542,0.01892000436782837,0.8799099922180176
calib_04543,0.3608899712562561,0.9496099948883057
calib_04544,0.8671000003814697,0.07437002658843994
calib_04545,0.9574999809265137,0.021229982376098633
calib_04546,0.9677900075912476,0.0169600248336792
calib_04547,0.012189984321594238,0.8362200260162354
calib_04548,0.9998999834060669,0.0014299750328063965
calib_04549,0.0002499818801879883,0.9996899962425232
calib_04550,0.0001800060272216797,0.9865099787712097
calib_04551,0.005890011787414551,0.9372400045394897
calib_04552,0.0035300254821777344,0.6006600260734558
calib_04553,0.9755799770355225,0.038429975509643555
calib_04554,0.07684999704360962,0.9188899993896484
calib_04555,0.998199999332428,7.998943328857422e-05
calib_04556,0.1866300106048584,0.08560997247695923
calib_04557,0.00989001989364624,0.8220800161361694
calib_04558,0.007359981536865234,0.0555499792098999
calib_04559,0.07432001829147339,0.8334500193595886
calib_04560,0.0002200007438659668,0.9994199872016907
calib_04561,0.09407997131347656,0.318310022354126
calib_04562,0.0017600059509277344,0.931410014629364
calib_04563,0.003970026969909668,0.5607799887657166
calib_04564,0.0038300156593322754,0.937030017375946
calib_04565,0.2064800262451172,0.07644999027252197
calib_04566,0.0005599856376647949,0.9223300218582153
calib_04567,0.9987099766731262,0.07222002744674683
calib_04568,0.23619002103805542,0.20020002126693726
calib_04569,0.6995000243186951,0.05273997783660889
calib_04570,0.85343998670578,0.001900017261505127
calib_04571,0.9998800158500671,0.00011998414993286133
calib_04572,0.023590028285980225,0.889930009841919
calib_04573,0.6795799732208252,0.01175999641418457
calib_04574,0.0008500218391418457,0.9990500211715698
calib_04575,0.9431399703025818,0.49963998794555664
calib_04576,0.9440000057220459,0.00014001131057739258
calib_04577,0.08076000213623047,0.4930499792098999
calib_04578,0.0009599924087524414,0.9896299839019775
calib_04579,0.37654000520706177,0.9741600155830383
calib_04580,0.12207001447677612,0.0014299750328063965
calib_04581,0.3336300253868103,0.9685199856758118
calib_04582,0.07586997747421265,0.0002899765968322754
calib_04583,0.000670015811920166,0.9977499842643738
calib_04584,0.10623997449874878,0.15376001596450806
calib_04585,0.985319972038269,0.0022100210189819336
calib_04586,0.1780800223350525,0.8468800187110901
calib_04587,0.8662599921226501,0.0021799802780151367
calib_04588,0.990880012512207,0.022210001945495605
calib_04589,0.07182002067565918,0.05720001459121704
calib_04590,0.8915899991989136,0.0010700225830078125
calib_04591,0.01853001117706299,0.9996700286865234
calib_04592,0.08762001991271973,0.043299973011016846
calib_04593,0.2866100072860718,0.5255900025367737
calib_04594,0.4682199954986572,0.7575500011444092
calib_04595,0.9484900236129761,0.03939002752304077
calib_04596,0.01858997344970703,0.7824100255966187
calib_04597,0.0004900097846984863,0.9990100264549255
calib_04598,0.00011998414993286133,0.9806600213050842
calib_04599,0.543150007724762,0.004499971866607666
calib_04600,0.107479989528656,0.0017300248146057129
calib_04601,0.9728099703788757,0.04891002178192139
calib_04602,0.28091001510620117,0.12024998664855957
calib_04603,0.4183899760246277,0.03784000873565674
calib_04604,0.0014399886131286621,0.5424000024795532
calib_04605,0.013360023498535156,0.9776800274848938
calib_04606,0.017759978771209717,0.018230020999908447
calib_04607,0.15140998363494873,0.8757500052452087
calib_04608,0.002870023250579834,0.9988999962806702
calib_04609,0.8741099834442139,0.09780997037887573
calib_04610,0.06268000602722168,0.8525099754333496
calib_04611,0.9177600145339966,0.06477999687194824
calib_04612,0.52183997631073,0.46434998512268066
calib_04613,0.02661001682281494,0.7406299710273743
calib_04614,0.033699989318847656,0.9996799826622009
calib_04615,0.0010499954223632812,0.9818699955940247
calib_04616,0.00875002145767212,0.9966700077056885
calib_04617,0.9996500015258789,0.0019500255584716797
calib_04618,0.029890000820159912,0.9999200105667114
calib_04619,0.08196002244949341,0.9954400062561035
calib_04620,0.9942499995231628,0.0010499954223632812
calib_04621,0.024820029735565186,0.9995399713516235
calib_04622,0.001940011978149414,0.6538599729537964
calib_04623,0.9190700054168701,0.5482900142669678
calib_04624,0.9971699714660645,0.3180999755859375
calib_04625,0.9978500008583069,0.005859971046447754
calib_04626,0.9991999864578247,0.0010200142860412598
calib_04627,0.6043199896812439,0.33222001791000366
calib_04628,0.9996299743652344,0.0022600293159484863
calib_04629,0.0017099976539611816,0.9998199939727783
calib_04630,0.9381099939346313,0.0015500187873840332
calib_04631,0.9999600052833557,0.0
calib_04632,0.8860300183296204,0.01883000135421753
calib_04633,0.7798200249671936,0.46806997060775757
calib_04634,0.0014100074768066406,0.9942799806594849
calib_04635,0.9998800158500671,0.000800013542175293
calib_04636,0.9052000045776367,0.16800999641418457
calib_04637,0.9740300178527832,0.0017600059509277344
calib_04638,0.9769700169563293,0.003269970417022705
calib_04639,0.020860016345977783,0.9826300144195557
calib_04640,0.9914500117301941,0.005089998245239258
calib_04641,0.9994699954986572,0.0018600225448608398
calib_04642,0.02640002965927124,0.9820600152015686
calib_04643,0.19082999229431152,0.7082200050354004
calib_04644,0.06318002939224243,0.9945499897003174
calib_04645,0.004630029201507568,0.9999200105667114
calib_04646,0.9844899773597717,0.4407299757003784
calib_04647,0.9999899864196777,0.0025299787521362305
calib_04648,0.014569997787475586,0.9998400211334229
calib_04649,0.031329989433288574,0.9999099969863892
calib_04650,0.0009999871253967285,1.0
calib_04651,0.9184499979019165,0.10689002275466919
calib_04652,0.02135998010635376,0.983780026435852
calib_04653,0.07446002960205078,0.5223699808120728
calib_04654,0.027100026607513428,0.8886399865150452
calib_04655,0.004719972610473633,0.9990299940109253
calib_04656,0.0008900165557861328,0.9996799826622009
calib_04657,0.9993600249290466,0.007659971714019775
calib_04658,0.9998800158500671,0.05169999599456787
calib_04659,0.007990002632141113,0.999750018119812
calib_04660,0.0010700225830078125,0.9998199939727783
calib_04661,0.9963600039482117,0.4363600015640259
calib_04662,0.9999899864196777,0.5352500081062317
calib_04663,0.0006600022315979004,0.7299799919128418
calib_04664,0.7002699971199036,0.9186800122261047
calib_04665,0.28446000814437866,0.9994999766349792
calib_04666,1.0,0.0001800060272216797
calib_04667,0.9994400143623352,0.034129977226257324
calib_04668,0.9716299772262573,0.013939976692199707
calib_04669,0.9992899894714355,0.5547199845314026
calib_04670,0.9936299920082092,0.6488900184631348
calib_04671,0.9989799857139587,0.42642998695373535
calib_04672,0.9998700022697449,0.9975399971008301
calib_04673,0.9997599720954895,0.0024300217628479004
calib_04674,0.9114400148391724,0.008650004863739014
calib_04675,0.0005400180816650391,0.026920020580291748
calib_04676,0.9977999925613403,0.03784000873565674
calib_04677,0.9993299841880798,0.6709799766540527
calib_04678,0.998009979724884,0.5583699941635132
calib_04679,0.00261002779006958,0.9539999961853027
calib_04680,0.9488599896430969,0.020619988441467285
calib_04681,0.9450200200080872,0.9865400195121765
calib_04682,0.9999600052833557,0.0025299787521362305
calib_04683,0.9694899916648865,0.39990001916885376
calib_04684,0.9999600052833557,0.6700400114059448
calib_04685,0.9999200105667114,0.9515200257301331
calib_04686,0.04388999938964844,0.22741001844406128
calib_04687,1.0,0.0005900263786315918
calib_04688,0.9975100159645081,0.10596001148223877
calib_04689,0.9998700022697449,0.8513299822807312
calib_04690,0.016939997673034668,0.9999200105667114
calib_04691,0.17842000722885132,0.12290000915527344
calib_04692,0.00019997358322143555,1.0
calib_04693,0.005620002746582031,1.0
calib_04694,0.9964500069618225,0.38861000537872314
calib_04695,0.5136600136756897,0.999459981918335
calib_04696,0.11457997560501099,0.9999899864196777
calib_04697,0.2347000241279602,0.2173200249671936
calib_04698,0.9999399781227112,0.0012000203132629395
calib_04699,0.4554399847984314,0.9879199862480164
calib_04700,0.9999200105667114,0.0003299713134765625
calib_04701,0.04594999551773071,0.9993199706077576
calib_04702,0.0351099967956543,0.9498400092124939
calib_04703,0.03807997703552246,0.9478899836540222
calib_04704,0.0007399916648864746,0.9999600052833557
calib_04705,0.08381998538970947,0.24962002038955688
calib_04706,0.9995200037956238,0.7956500053405762
calib_04707,0.8894400000572205,0.09741997718811035
calib_04708,0.9982200264930725,0.4436900019645691
calib_04709,0.0016300082206726074,0.9475600123405457
calib_04710,0.00448000431060791,0.9895899891853333
calib_04711,0.9998700022697449,0.029169976711273193
calib_04712,0.9999799728393555,0.00038999319076538086
calib_04713,0.9368900060653687,0.01810002326965332
calib_04714,0.06422001123428345,0.6404600143432617
calib_04715,0.9983400106430054,0.002910017967224121
calib_04716,0.9521899819374084,0.0002899765968322754
calib_04717,0.36068999767303467,0.19357997179031372
calib_04718,0.0005599856376647949,0.7192400097846985
calib_04719,0.10851997137069702,0.9970700144767761
calib_04720,0.90420001745224,0.01789999008178711
calib_04721,0.9947699904441833,0.0006300210952758789
calib_04722,0.012250006198883057,0.9597399830818176
calib_04723,0.7390199899673462,0.2771000266075134
calib_04724,0.8393700122833252,0.00032001733779907227
calib_04725,0.987500011920929,0.00015997886657714844
calib_04726,0.0347599983215332,0.96670001745224
calib_04727,0.9992300271987915,0.001659989356994629
calib_04728,0.03249001502990723,0.0562099814414978
calib_04729,0.7984300255775452,0.00027000904083251953
calib_04730,0.00020998716354370117,0.5943899750709534
calib_04731,0.0,0.9964100122451782
calib_04732,0.9701499938964844,1.0013580322265625e-05
calib_04733,0.11080002784729004,1.0013580322265625e-05
calib_04734,0.9986199736595154,0.010980010032653809
calib_04735,0.0002200007438659668,0.2493799924850464
calib_04736,1.0013580322265625e-05,0.9799200296401978
calib_04737,0.0001099705696105957,0.004559993743896484
calib_04738,0.4605500102043152,0.0
calib_04739,2.002716064453125e-05,0.9201300144195557
calib_04740,0.0031099915504455566,0.8988500237464905
calib_04741,0.7725600004196167,6.99758529663086e-05
calib_04742,0.9546999931335449,0.0002499818801879883
calib_04743,0.00011998414993286133,0.9986799955368042
calib_04744,2.9981136322021484e-05,0.9995999932289124
calib_04745,0.999970018863678,0.00012999773025512695
calib_04746,2.9981136322021484e-05,0.9997100234031677
calib_04747,2.9981136322021484e-05,0.9993699789047241
calib_04748,1.0013580322265625e-05,0.9999200105667114
calib_04749,0.9410300254821777,0.040380001068115234
calib_04750,0.9997900128364563,0.002499997615814209
calib_04751,0.7022799849510193,0.0013899803161621094
calib_04752,0.0006499886512756348,0.9951900243759155
calib_04753,5.0008296966552734e-05,0.33160001039505005
calib_04754,0.03718000650405884,0.0948600172996521
calib_04755,0.9832500219345093,0.005289971828460693
calib_04756,0.0027499794960021973,0.9234399795532227
calib_04757,0.6325299739837646,0.03457999229431152
calib_04758,0.001139998435974121,0.998989999294281
calib_04759,2.9981136322021484e-05,0.998449981212616
calib_04760,0.999459981918335,0.00010001659393310547
calib_04761,0.9844099879264832,0.24941998720169067
calib_04762,0.061079978942871094,0.1820099949836731
calib_04763,0.9709699749946594,0.01819002628326416
calib_04764,0.1531999707221985,0.43001002073287964
calib_04765,0.9999399781227112,6.002187728881836e-05
calib_04766,0.001980006694793701,0.8824999928474426
calib_04767,0.7429999709129333,0.04764997959136963
calib_04768,0.9634199738502502,0.023280024528503418
calib_04769,0.8591799736022949,0.011919975280761719
calib_04770,9.000301361083984e-05,0.9973099827766418
calib_04771,0.09605002403259277,0.8952500224113464
calib_04772,0.9998300075531006,0.00027000904083251953
calib_04773,0.9998999834060669,0.000370025634765625
calib_04774,0.5394899845123291,0.00288999080657959
calib_04775,0.004140019416809082,0.9996700286865234
calib_04776,0.9995899796485901,0.024619996547698975
calib_04777,2.002716064453125e-05,0.8398100137710571
calib_04778,0.9996700286865234,1.0013580322265625e-05
calib_04779,0.0018000006675720215,0.9948300123214722
calib_04780,0.9973199963569641,0.0038700103759765625
calib_04781,0.8556299805641174,0.04632997512817383
calib_04782,0.9580699801445007,0.00270998477935791
calib_04783,0.9990500211715698,0.0003399848937988281
calib_04784,0.9999799728393555,0.0003399848937988281
calib_04785,0.009209990501403809,0.9860699772834778
calib_04786,0.006290018558502197,0.8227099776268005
calib_04787,0.002579987049102783,0.9999099969863892
calib_04788,0.9970200061798096,0.0001099705696105957
calib_04789,0.9303799867630005,0.007139980792999268
calib_04790,0.00038999319076538086,0.9994099736213684
calib_04791,0.9854000210762024,0.0007699728012084961
calib_04792,0.9993600249290466,0.0006800293922424316
calib_04793,0.00011998414993286133,0.9986000061035156
calib_04794,0.9978500008583069,0.0004799962043762207
calib_04795,0.9996600151062012,0.000670015811920166
calib_04796,0.9976500272750854,0.03022998571395874
calib_04797,0.9983900189399719,0.005420029163360596
calib_04798,0.7681199908256531,0.03706997632980347
calib_04799,0.0004500150680541992,0.9964900016784668
calib_04800,0.9996899962425232,0.0002599954605102539
calib_04801,0.9983800053596497,0.000670015811920166
calib_04802,0.9999200105667114,0.0029900074005126953
calib_04803,0.00745999813079834,0.9985899925231934
calib_04804,0.9337800145149231,0.7725099921226501
calib_04805,0.3942999839782715,0.6898699998855591
calib_04806,0.9620500206947327,0.008830010890960693
calib_04807,0.9973999857902527,0.005819976329803467
calib_04808,0.9569399952888489,0.041920006275177
calib_04809,0.09412997961044312,0.9975299835205078
calib_04810,0.9993199706077576,0.004199981689453125
calib_04811,0.9998599886894226,0.00034999847412109375
calib_04812,0.817550003528595,0.24286997318267822
calib_04813,0.12929999828338623,0.754289984703064
calib_04814,1.0,0.0025500059127807617
calib_04815,0.004010021686553955,0.9980499744415283
calib_04816,0.9976199865341187,0.00010001659393310547
calib_04817,0.8604099750518799,0.8007799983024597
calib_04818,0.003600001335144043,0.8466600179672241
calib_04819,0.04430997371673584,0.9502699971199036
calib_04820,0.9762799739837646,0.013909995555877686
calib_04821,0.008580029010772705,0.9993000030517578
calib_04822,0.9999600052833557,6.002187728881836e-05
calib_04823,0.0073400139808654785,0.9999499917030334
calib_04824,0.0036299824714660645,0.9995599985122681
calib_04825,0.9966599941253662,0.0014200210571289062
calib_04826,0.006569981575012207,0.9717199802398682
calib_04827,0.07770997285842896,0.9698500037193298
calib_04828,0.9991199970245361,0.03113001585006714
calib_04829,0.9595000147819519,0.05422002077102661
calib_04830,0.00475001335144043,0.9731799960136414
calib_04831,0.00012999773025512695,0.9991999864578247
calib_04832,0.0001800060272216797,0.997409999370575
calib_04833,0.9854300022125244,0.027920007705688477
calib_04834,0.021189987659454346,0.9660300016403198
calib_04835,0.0207899808883667,0.9982699751853943
calib_04836,0.758840024471283,0.013310015201568604
calib_04837,0.00012999773025512695,0.9999300241470337
calib_04838,0.021770000457763672,0.9926499724388123
calib_04839,0.934249997138977,0.29927998781204224
calib_04840,0.9926699995994568,0.005150020122528076
calib_04841,0.999970018863678,0.00041997432708740234
calib_04842,0.9891800284385681,0.00032001733779907227
calib_04843,0.9955599904060364,0.00011998414993286133
calib_04844,0.0846099853515625,0.6839500069618225
calib_04845,0.9323400259017944,0.0020999908447265625
calib_04846,0.0001900196075439453,0.9926999807357788
calib_04847,0.07731997966766357,0.00042998790740966797
calib_04848,0.986050009727478,0.003210008144378662
calib_04849,0.1986600160598755,0.2911900281906128
calib_04850,0.07163000106811523,0.9773899912834167
calib_04851,0.012149989604949951,0.9991899728775024
calib_04852,0.00023001432418823242,0.9998999834060669
calib_04853,0.9854300022125244,0.013580024242401123
calib_04854,0.08840000629425049,0.9988800287246704
calib_04855,0.010479986667633057,0.7909500002861023
calib_04856,0.9986400008201599,0.005659997463226318
calib_04857,9.000301361083984e-05,0.37070000171661377
calib_04858,0.003840029239654541,0.9877499938011169
calib_04859,0.14670002460479736,0.9987000226974487
calib_04860,0.6336299777030945,0.7845799922943115
calib_04861,0.9718000292778015,0.004639983177185059
calib_04862,1.0,2.002716064453125e-05
calib_04863,0.9999799728393555,0.0037000179290771484
calib_04864,0.9946900010108948,0.11702001094818115
calib_04865,0.0007100105285644531,0.9984400272369385
calib_04866,0.9409300088882446,0.030690014362335205
calib_04867,0.024280011653900146,0.15956002473831177
calib_04868,0.014440000057220459,0.9952499866485596
calib_04869,0.002539992332458496,0.9988899827003479
calib_04870,1.0,1.0013580322265625e-05
calib_04871,0.03491002321243286,0.9210699796676636
calib_04872,0.41756999492645264,0.9998400211334229
calib_04873,0.12959998846054077,0.9848600029945374
calib_04874,0.999750018119812,0.0067099928855896
calib_04875,0.15083998441696167,0.9993399977684021
calib_04876,0.9999399781227112,1.0013580322265625e-05
calib_04877,0.0031499862670898438,0.9973599910736084
calib_04878,0.7269700169563293,0.06650000810623169
calib_04879,0.0030699968338012695,0.9525200128555298
calib_04880,0.9915400147438049,0.024580001831054688
calib_04881,0.99235999584198,0.18585002422332764
calib_04882,0.913349986076355,0.9265699982643127
calib_04883,0.9906299710273743,0.29079002141952515
calib_04884,0.004079997539520264,0.9994500279426575
calib_04885,0.9904400110244751,0.06375998258590698
calib_04886,0.04632002115249634,0.9518399834632874
calib_04887,0.3971700072288513,0.4462900161743164
calib_04888,0.03494000434875488,0.9297900199890137
calib_04889,0.91184002161026,0.09456002712249756
calib_04890,0.014580011367797852,0.999970018863678
calib_04891,0.027100026607513428,0.9872400164604187
calib_04892,0.015869975090026855,0.9982799887657166
calib_04893,0.0001800060272216797,0.9991999864578247
calib_04894,0.9976400136947632,0.0004699826240539551
calib_04895,0.9942299723625183,0.0005499720573425293
calib_04896,0.0027700066566467285,0.9403799772262573
calib_04897,0.9847599864006042,0.011399984359741211
calib_04898,0.8404600024223328,0.35684001445770264
calib_04899,0.9997900128364563,7.998943328857422e-05
calib_04900,0.9999300241470337,3.999471664428711e-05
calib_04901,0.995199978351593,7.998943328857422e-05
calib_04902,6.99758529663086e-05,0.9981399774551392
calib_04903,0.9992899894714355,0.0
calib_04904,0.9872499704360962,0.03400999307632446
calib_04905,0.9880800247192383,0.00028002262115478516
calib_04906,0.9995099902153015,0.000299990177154541
calib_04907,0.26014000177383423,0.9960899949073792
calib_04908,0.9644500017166138,0.08680999279022217
calib_04909,0.9789400100708008,0.10733002424240112
calib_04910,0.9993699789047241,0.0015000104904174805
calib_04911,0.6276900172233582,0.9990699887275696
calib_04912,0.0004000067710876465,0.9997900128364563
calib_04913,0.9086899757385254,0.40595000982284546
calib_04914,0.9961199760437012,0.1570500135421753
calib_04915,0.9993399977684021,0.0008100271224975586
calib_04916,0.999970018863678,0.05017000436782837
calib_04917,0.0033299922943115234,0.999779999256134
calib_04918,0.35203999280929565,0.9973300099372864
calib_04919,0.9758599996566772,6.99758529663086e-05
calib_04920,0.9999099969863892,0.024619996547698975
calib_04921,0.9522799849510193,0.8895900249481201
calib_04922,0.7868199944496155,0.19832998514175415
calib_04923,0.8399500250816345,0.9400100111961365
calib_04924,0.983709990978241,0.9078500270843506
calib_04925,0.6246600151062012,0.9708499908447266
calib_04926,0.6620799899101257,0.7826200127601624
calib_04927,0.9940599799156189,0.014159977436065674
calib_04928,0.9194499850273132,0.9815400242805481
calib_04929,0.9856699705123901,0.7924699783325195
calib_04930,0.9963899850845337,0.4271000027656555
calib_04931,0.8627099990844727,0.16135001182556152
calib_04932,0.4117699861526489,0.9205899834632874
calib_04933,0.9972100257873535,0.0061699748039245605
calib_04934,0.6622999906539917,0.1342099905014038
calib_04935,0.0020599961280822754,0.0001500248908996582
calib_04936,0.03525000810623169,0.9609400033950806
calib_04937,0.7398300170898438,0.9592499732971191
calib_04938,0.9160799980163574,0.36194998025894165
calib_04939,0.12158000469207764,0.5210800170898438
calib_04940,0.013189971446990967,0.9992499947547913
calib_04941,0.002839982509613037,0.8262799978256226
calib_04942,0.3162500262260437,0.6467099785804749
calib_04943,0.997189998626709,0.006120026111602783
calib_04944,0.518779993057251,0.9962800145149231
calib_04945,0.9994300007820129,0.001980006694793701
calib_04946,0.9845399856567383,0.00012999773025512695
calib_04947,0.9811999797821045,0.21240997314453125
calib_04948,0.856190025806427,0.14639002084732056
calib_04949,0.3870599865913391,0.3710799813270569
calib_04950,0.011290013790130615,0.9992300271987915
calib_04951,0.9995499849319458,0.03702002763748169
calib_04952,0.9999799728393555,0.0009300112724304199
calib_04953,2.002716064453125e-05,0.991919994354248
calib_04954,0.00037997961044311523,0.9995200037956238
calib_04955,0.07551997900009155,0.9998900294303894
calib_04956,0.9994199872016907,0.0017099976539611816
calib_04957,0.0021799802780151367,0.999809980392456
calib_04958,0.016229987144470215,0.997439980506897
calib_04959,0.9996100068092346,0.06714999675750732
calib_04960,0.9997299909591675,0.000899970531463623
calib_04961,0.9747499823570251,0.008130013942718506
calib_04962,0.9997699856758118,0.12898999452590942
calib_04963,5.0008296966552734e-05,1.0
calib_04964,0.9971799850463867,0.025349974632263184
calib_04965,6.002187728881836e-05,0.9999899864196777
calib_04966,0.9998900294303894,0.0031200051307678223
calib_04967,0.9947800040245056,0.09412997961044312
calib_04968,0.36739999055862427,0.9993199706077576
calib_04969,0.0026900172233581543,1.0
calib_04970,0.04075998067855835,0.9919599890708923
calib_04971,1.0,0.0048400163650512695
calib_04972,0.0005699992179870605,0.999970018863678
calib_04973,2.9981136322021484e-05,1.0
calib_04974,0.0016899704933166504,0.9984300136566162
calib_04975,0.00457000732421875,0.9999200105667114
calib_04976,0.995419979095459,0.005079984664916992
calib_04977,0.031899988651275635,0.999459981918335
calib_04978,0.5201900005340576,0.6793400049209595
calib_04979,1.0013580322265625e-05,0.9991499781608582
calib_04980,0.9855700135231018,0.00014001131057739258
calib_04981,0.00027000904083251953,0.996999979019165
calib_04982,0.0007200241088867188,0.46399998664855957
calib_04983,0.9999799728393555,0.0018399953842163086
calib_04984,0.9999899864196777,0.0023000240325927734
calib_04985,0.998199999332428,0.00027000904083251953
calib_04986,0.036199986934661865,0.9643099904060364
calib_04987,0.9779099822044373,0.0018500089645385742
calib_04988,0.0018900036811828613,0.9990400075912476
calib_04989,0.999530017375946,0.0021399855613708496
calib_04990,0.9667999744415283,0.28411000967025757
calib_04991,0.27201002836227417,0.6447799801826477
calib_04992,0.0020800232887268066,0.9977800250053406
calib_04993,0.21755999326705933,0.9782299995422363
calib_04994,0.001569986343383789,0.977590024471283
calib_04995,0.008249998092651367,0.9998199939727783
calib_04996,0.000370025634765625,0.9896399974822998
calib_04997,0.998769998550415,0.011789977550506592
calib_04998,9.000301361083984e-05,0.9164000153541565
calib_04999,0.044130027294158936,0.9829400181770325
calib_05000,0.020940005779266357,0.9908900260925293
calib_05001,0.014670014381408691,0.9976699948310852
calib_05002,0.028259992599487305,0.4234499931335449
calib_05003,0.3374900221824646,0.12651997804641724
calib_05004,0.0007500052452087402,0.9898599982261658
calib_05005,0.036949992179870605,0.9991099834442139
calib_05006,0.07752001285552979,0.9955599904060364
calib_05007,0.023190021514892578,0.9491299986839294
calib_05008,0.2769399881362915,0.9712499976158142
calib_05009,2.9981136322021484e-05,0.957859992980957
calib_05010,0.9602199792861938,0.0015599727630615234
calib_05011,0.0,1.0
calib_05012,0.9045600295066833,0.2887600064277649
calib_05013,6.002187728881836e-05,0.9999899864196777
calib_05014,0.9999899864196777,0.0002200007438659668
calib_05015,0.9760900139808655,0.04057002067565918
calib_05016,0.9995700120925903,0.007489979267120361
calib_05017,0.8997200131416321,0.4053500294685364
calib_05018,0.3256400227546692,0.02508002519607544
calib_05019,0.0031800270080566406,0.9918000102043152
calib_05020,0.00568002462387085,0.990369975566864
calib_05021,0.007229983806610107,0.9948400259017944
calib_05022,0.027190029621124268,0.9903500080108643
calib_05023,0.9583500027656555,0.4447000026702881
calib_05024,0.8041399717330933,0.9823499917984009
calib_05025,0.019079983234405518,0.9741299748420715
calib_05026,0.9390299916267395,0.22109997272491455
calib_05027,0.011720001697540283,0.9286100268363953
calib_05028,0.9999899864196777,0.0007500052452087402
calib_05029,0.0038200020790100098,0.9999799728393555
calib_05030,0.0004699826240539551,0.9995800256729126
calib_05031,0.006479978561401367,0.9645299911499023
calib_05032,0.9997299909591675,0.0012000203132629395
calib_05033,0.9889299869537354,0.046570003032684326
calib_05034,0.0018399953842163086,0.42985999584198
calib_05035,0.03745001554489136,0.9797199964523315
calib_05036,0.4032599925994873,0.9971299767494202
calib_05037,0.0034199953079223633,0.9999899864196777
calib_05038,0.08710002899169922,0.9868599772453308
calib_05039,0.9973899722099304,0.0002599954605102539
calib_05040,0.007359981536865234,0.9178900122642517
calib_05041,0.9999799728393555,0.047290027141571045
calib_05042,0.37151002883911133,0.10760998725891113
calib_05043,0.7895200252532959,0.04998999834060669
