image_id,p_x,p_rot
calib_00000,0.11500588,0.88499415
calib_00001,0.056982994,0.943017
calib_00002,0.07043542,0.92956454
calib_00003,0.28771454,0.71228546
calib_00004,0.84804255,0.1519574
calib_00005,0.6074974,0.39250264
calib_00006,0.16825587,0.83174413
calib_00007,0.9189847,0.08101531
calib_00008,0.9367674,0.063232556
calib_00009,0.50857717,0.49142286
calib_00010,0.64150286,0.35849714
calib_00011,0.7006004,0.2993996
calib_00012,0.27037096,0.72962904
calib_00013,0.9931044,0.006895533
calib_00014,0.59435135,0.40564865
calib_00015,0.954039,0.04596099
calib_00016,0.013534071,0.9864659
calib_00017,0.45696115,0.54303885
calib_00018,0.004781063,0.99521893
calib_00019,0.9341269,0.06587312
calib_00020,0.3366036,0.6633963
calib_00021,0.7371087,0.2628913
calib_00022,0.67929804,0.32070196
calib_00023,0.97483563,0.025164383
calib_00024,0.74095017,0.25904983
calib_00025,0.103511386,0.8964886
calib_00026,0.9895056,0.010494369
calib_00027,0.50747573,0.49252424
calib_00028,0.17058507,0.8294149
calib_00029,0.3151733,0.68482673
calib_00030,0.16060306,0.8393969
calib_00031,0.14342542,0.8565746
calib_00032,0.9981158,0.0018842205
calib_00033,0.3164135,0.6835865
calib_00034,0.76238185,0.23761813
calib_00035,0.85767686,0.14232317
calib_00036,0.4756364,0.5243636
calib_00037,0.34288776,0.65711224
calib_00038,0.9993253,0.00067470886
calib_00039,0.76462966,0.23537035
calib_00040,0.14482093,0.8551791
calib_00041,0.8295208,0.17047916
calib_00042,0.5303137,0.46968627
calib_00043,0.9931236,0.0068763713
calib_00044,0.44728452,0.5527155
calib_00045,0.2654301,0.73456985
calib_00046,0.47632563,0.52367437
calib_00047,0.34252292,0.6574771
calib_00048,0.8334149,0.16658509
calib_00049,0.8509456,0.14905445
calib_00050,0.03487891,0.96512115
calib_00051,0.6095217,0.3904783
calib_00052,0.17700915,0.82299083
calib_00053,2.2594819e-05,0.99997735
calib_00054,0.28550512,0.7144949
calib_00055,0.75822985,0.24177009
calib_00056,0.501875,0.49812505
calib_00057,0.9818258,0.018174175
calib_00058,0.20308675,0.7969132
calib_00059,0.008881298,0.9911187
calib_00060,0.37282133,0.6271786
calib_00061,0.00038833608,0.9996117
calib_00062,0.02435566,0.9756444
calib_00063,0.1370911,0.86290884
calib_00064,0.41284662,0.5871534
calib_00065,0.8844991,0.11550092
calib_00066,0.94674975,0.0532503
calib_00067,0.7088804,0.29111958
calib_00068,0.7199473,0.28005275
calib_00069,0.064777404,0.93522257
calib_00070,0.042819127,0.9571809
calib_00071,0.7467414,0.25325856
calib_00072,0.010377482,0.9896226
calib_00073,0.08267004,0.9173299
calib_00074,0.18750001,0.81249994
calib_00075,0.17217518,0.82782483
calib_00076,0.31234658,0.68765336
calib_00077,0.10353742,0.89646256
calib_00078,0.96293306,0.03706689
calib_00079,0.6108792,0.38912085
calib_00080,0.20825814,0.79174185
calib_00081,0.9931117,0.0068883286
calib_00082,0.725177,0.27482304
calib_00083,0.97892433,0.021075694
calib_00084,0.43107116,0.56892884
calib_00085,0.48591605,0.5140839
calib_00086,0.22044733,0.77955264
calib_00087,0.4368596,0.56314033
calib_00088,0.41012436,0.5898757
calib_00089,0.9719053,0.028094642
calib_00090,0.84715563,0.15284438
calib_00091,0.2657831,0.7342169
calib_00092,0.5557883,0.44421172
calib_00093,0.3056603,0.6943397
calib_00094,0.7648784,0.2351216
calib_00095,0.8908966,0.109103344
calib_00096,0.8686283,0.13137165
calib_00097,0.7143883,0.28561172
calib_00098,0.22173053,0.7782694
calib_00099,0.20065041,0.7993496
calib_00100,0.5113074,0.48869255
calib_00101,0.7339464,0.2660536
calib_00102,0.5330622,0.46693778
calib_00103,0.025273744,0.97472626
calib_00104,0.5468504,0.45314962
calib_00105,0.116147384,0.8838526
calib_00106,0.80736923,0.19263075
calib_00107,0.026496315,0.97350365
calib_00108,0.9138817,0.08611827
calib_00109,0.59849894,0.40150106
calib_00110,0.38802633,0.61197364
calib_00111,0.3512661,0.6487339
calib_00112,0.98665094,0.013349004
calib_00113,0.0032459544,0.996754
calib_00114,0.18048805,0.81951195
calib_00115,0.004231455,0.99576855
calib_00116,0.82963336,0.1703666
calib_00117,0.2466457,0.75335425
calib_00118,0.7285521,0.27144787
calib_00119,0.80359936,0.19640066
calib_00120,0.9188645,0.08113553
calib_00121,0.42145032,0.5785497
calib_00122,0.5758005,0.4241995
calib_00123,0.024227655,0.97577226
calib_00124,0.8689371,0.13106294
calib_00125,0.6219609,0.37803906
calib_00126,0.10163287,0.8983671
calib_00127,0.20299338,0.7970066
calib_00128,0.61230963,0.38769034
calib_00129,0.439733,0.56026703
calib_00130,0.6328426,0.3671574
calib_00131,0.012877414,0.98712254
calib_00132,0.43423396,0.565766
calib_00133,0.3691585,0.63084143
calib_00134,0.005430764,0.9945693
calib_00135,0.29763985,0.70236015
calib_00136,0.41496208,0.58503795
calib_00137,0.95617145,0.043828577
calib_00138,0.398421,0.601579
calib_00139,0.16838995,0.8316101
calib_00140,0.37367842,0.62632155
calib_00141,0.51660734,0.48339263
calib_00142,0.9948237,0.0051762764
calib_00143,3.342792e-06,0.99999666
calib_00144,0.615238,0.384762
calib_00145,0.20817396,0.791826
calib_00146,0.92442846,0.07557146
calib_00147,0.047472294,0.95252776
calib_00148,0.2299419,0.7700581
calib_00149,0.99057835,0.009421596
calib_00150,0.7173334,0.28266656
calib_00151,0.19339253,0.8066075
calib_00152,0.938419,0.06158098
calib_00153,0.8863679,0.11363209
calib_00154,0.6349968,0.36500323
calib_00155,0.7621044,0.23789562
calib_00156,0.96163285,0.03836716
calib_00157,0.47939253,0.5206075
calib_00158,0.99149805,0.008501984
calib_00159,0.41083387,0.5891661
calib_00160,0.6717692,0.3282308
calib_00161,0.49086776,0.50913227
calib_00162,0.9774316,0.022568464
calib_00163,0.032910783,0.9670892
calib_00164,0.014350547,0.9856494
calib_00165,0.6565263,0.34347367
calib_00166,0.3141852,0.6858148
calib_00167,0.47096795,0.52903205
calib_00168,0.95195204,0.048047967
calib_00169,0.012132063,0.98786795
calib_00170,0.2253609,0.7746391
calib_00171,0.9655816,0.03441834
calib_00172,0.9894922,0.0105077755
calib_00173,0.29162145,0.70837855
calib_00174,0.7264435,0.2735565
calib_00175,0.30989584,0.6901041
calib_00176,0.66992897,0.33007106
calib_00177,0.34752533,0.65247464
calib_00178,0.17987385,0.8201262
calib_00179,0.21514308,0.7848569
calib_00180,0.0043614646,0.99563855
calib_00181,0.11871176,0.88128823
calib_00182,0.9682769,0.03172309
calib_00183,8.4355415e-06,0.99999154
calib_00184,0.11577203,0.884228
calib_00185,0.33171964,0.6682803
calib_00186,0.27677333,0.7232266
calib_00187,0.012782453,0.9872176
calib_00188,0.11270198,0.88729805
calib_00189,0.6132265,0.3867735
calib_00190,0.46083632,0.5391637
calib_00191,0.33370957,0.66629046
calib_00192,0.8026648,0.19733518
calib_00193,0.21052466,0.7894753
calib_00194,0.7626239,0.23737606
calib_00195,0.38620925,0.61379075
calib_00196,0.6759802,0.3240198
calib_00197,0.44255388,0.5574461
calib_00198,0.05699262,0.9430074
calib_00199,0.95600706,0.043993
calib_00200,0.1710278,0.82897216
calib_00201,0.1841145,0.8158855
calib_00202,0.7630317,0.23696831
calib_00203,0.92298394,0.077016
calib_00204,0.61456245,0.38543755
calib_00205,0.13986765,0.8601324
calib_00206,0.52798396,0.472016
calib_00207,0.12108469,0.87891525
calib_00208,0.1225002,0.87749976
calib_00209,0.71020925,0.28979078
calib_00210,0.4129729,0.58702713
calib_00211,0.5077762,0.4922238
calib_00212,0.1382289,0.86177105
calib_00213,0.14969584,0.8503041
calib_00214,0.07260515,0.9273948
calib_00215,0.48483032,0.5151696
calib_00216,0.0077383206,0.99226165
calib_00217,0.45925528,0.5407448
calib_00218,0.40771592,0.5922841
calib_00219,0.13431373,0.86568624
calib_00220,0.4217586,0.5782414
calib_00221,0.022439545,0.9775605
calib_00222,0.55898803,0.44101194
calib_00223,0.948695,0.051305015
calib_00224,0.81724054,0.18275945
calib_00225,0.4575742,0.54242575
calib_00226,0.45808303,0.54191697
calib_00227,0.85145175,0.1485483
calib_00228,0.016908776,0.9830912
calib_00229,0.28201535,0.7179846
calib_00230,0.573781,0.42621905
calib_00231,0.5672768,0.43272313
calib_00232,0.5940446,0.40595537
calib_00233,0.6226698,0.37733015
calib_00234,0.86991334,0.13008672
calib_00235,0.9764231,0.023576943
calib_00236,0.1560025,0.8439975
calib_00237,9.046662e-16,1.0
calib_00238,0.1914904,0.8085096
calib_00239,0.36432034,0.63567966
calib_00240,0.036090728,0.9639092
calib_00241,0.0037589225,0.9962411
calib_00242,0.19077519,0.8092248
calib_00243,0.17959636,0.82040364
calib_00244,0.47251767,0.5274823
calib_00245,0.84076345,0.15923657
calib_00246,0.0057191127,0.99428093
calib_00247,0.31794065,0.68205935
calib_00248,0.9564657,0.04353427
calib_00249,0.002372405,0.99762756
calib_00250,0.6306669,0.3693331
calib_00251,0.79185784,0.2081421
calib_00252,0.0903554,0.9096446
calib_00253,0.31988278,0.68011725
calib_00254,0.008123541,0.9918765
calib_00255,0.5826316,0.41736844
calib_00256,0.9908886,0.009111419
calib_00257,0.70158774,0.29841223
calib_00258,0.13272841,0.8672716
calib_00259,0.7120715,0.2879285
calib_00260,0.70222217,0.29777777
calib_00261,0.06618455,0.9338155
calib_00262,0.08613378,0.91386616
calib_00263,0.8815949,0.11840508
calib_00264,0.76744443,0.2325556
calib_00265,0.65354633,0.34645367
calib_00266,0.65330416,0.34669584
calib_00267,0.44585094,0.55414903
calib_00268,0.012766794,0.98723316
calib_00269,0.9274179,0.07258205
calib_00270,0.46847248,0.5315275
calib_00271,0.65296245,0.34703752
calib_00272,0.0360739,0.9639261
calib_00273,0.053836867,0.9461632
calib_00274,0.38700125,0.6129987
calib_00275,0.4984155,0.5015845
calib_00276,0.35131583,0.6486842
calib_00277,0.9936745,0.006325528
calib_00278,0.19132121,0.8086788
calib_00279,0.31079778,0.6892022
calib_00280,0.7181574,0.28184256
calib_00281,0.0017540364,0.99824595
calib_00282,0.94759065,0.052409273
calib_00283,0.9982431,0.0017568658
calib_00284,0.39582688,0.6041731
calib_00285,0.02571342,0.97428656
calib_00286,0.36756703,0.632433
calib_00287,0.65724146,0.34275854
calib_00288,0.76219314,0.23780684
calib_00289,0.29854086,0.7014591
calib_00290,0.2995328,0.70046717
calib_00291,0.50273395,0.49726605
calib_00292,0.031018352,0.9689817
calib_00293,0.0055250004,0.99447495
calib_00294,0.43731892,0.5626811
calib_00295,0.009097279,0.9909027
calib_00296,0.5826767,0.41732326
calib_00297,0.9219972,0.07800282
calib_00298,0.023053782,0.9769462
calib_00299,0.9107775,0.08922244
calib_00300,0.09890573,0.90109426
calib_00301,0.3270216,0.67297834
calib_00302,0.9100042,0.08999584
calib_00303,0.64954054,0.3504595
calib_00304,0.028127298,0.9718726
calib_00305,0.08187291,0.9181271
calib_00306,0.0200575,0.97994256
calib_00307,0.67063475,0.32936525
calib_00308,0.8845143,0.11548569
calib_00309,0.0652854,0.93471456
calib_00310,0.4779251,0.5220749
calib_00311,0.02023191,0.9797681
calib_00312,0.26999864,0.7300014
calib_00313,0.9669552,0.0330448
calib_00314,0.69746083,0.30253917
calib_00315,0.0038967486,0.9961033
calib_00316,0.60172755,0.39827245
calib_00317,0.9963391,0.003660966
calib_00318,0.93792427,0.06207574
calib_00319,0.089357935,0.9106421
calib_00320,0.6459592,0.35404086
calib_00321,0.16186965,0.83813035
calib_00322,0.28103563,0.71896434
calib_00323,0.98878306,0.011216914
calib_00324,0.0044443733,0.9955556
calib_00325,0.46229702,0.537703
calib_00326,0.9619391,0.038060904
calib_00327,0.9491934,0.050806586
calib_00328,0.07766438,0.92233557
calib_00329,1.0,1.5821885e-11
calib_00330,0.41848332,0.5815166
calib_00331,0.8776551,0.122344896
calib_00332,0.16140467,0.8385953
calib_00333,0.17206493,0.82793504
calib_00334,0.26697844,0.73302156
calib_00335,0.08767717,0.9123229
calib_00336,0.60237783,0.39762217
calib_00337,0.517361,0.482639
calib_00338,0.82706046,0.1729395
calib_00339,0.4428934,0.5571066
calib_00340,0.9961132,0.0038868163
calib_00341,0.011237523,0.98876244
calib_00342,0.11447038,0.88552964
calib_00343,0.3554981,0.64450186
calib_00344,0.77377117,0.22622885
calib_00345,0.15488772,0.84511226
calib_00346,0.9643387,0.035661228
calib_00347,0.53492063,0.46507943
calib_00348,0.958575,0.041424967
calib_00349,0.48393145,0.5160686
calib_00350,0.5414024,0.45859757
calib_00351,0.88535523,0.1146448
calib_00352,0.21594895,0.784051
calib_00353,0.44388834,0.5561117
calib_00354,0.294232,0.705768
calib_00355,0.8028563,0.1971437
calib_00356,0.60231966,0.3976803
calib_00357,0.6412177,0.3587823
calib_00358,0.96303725,0.03696282
calib_00359,6.690936e-06,0.9999933
calib_00360,0.70631427,0.2936857
calib_00361,0.3482371,0.6517629
calib_00362,0.17491494,0.82508504
calib_00363,0.9016003,0.098399706
calib_00364,0.011097261,0.98890275
calib_00365,0.78364885,0.21635117
calib_00366,0.719479,0.280521
calib_00367,0.38867566,0.6113243
calib_00368,0.50063074,0.49936923
calib_00369,0.27605557,0.7239444
calib_00370,0.9219513,0.07804866
calib_00371,0.9994081,0.00059192773
calib_00372,0.5720954,0.42790464
calib_00373,0.9073627,0.0926373
calib_00374,0.27130204,0.7286979
calib_00375,0.54877317,0.45122686
calib_00376,0.90382785,0.09617212
calib_00377,0.32467264,0.67532736
calib_00378,0.89442873,0.10557127
calib_00379,0.7950754,0.20492455
calib_00380,0.043021895,0.95697814
calib_00381,0.87839526,0.12160471
calib_00382,0.9679216,0.032078333
calib_00383,0.2652716,0.73472834
calib_00384,0.33262843,0.6673715
calib_00385,0.98135203,0.018648006
calib_00386,0.46290097,0.53709906
calib_00387,0.89437604,0.105623946
calib_00388,0.9500342,0.04996582
calib_00389,0.34017035,0.6598296
calib_00390,0.7817984,0.21820153
calib_00391,0.5471894,0.45281062
calib_00392,0.6461134,0.35388663
calib_00393,0.02972811,0.9702719
calib_00394,0.6019888,0.39801118
calib_00395,0.01193517,0.9880648
calib_00396,0.21775083,0.7822491
calib_00397,0.16347992,0.8365201
calib_00398,0.622153,0.37784705
calib_00399,0.8828582,0.11714174
calib_00400,0.0937679,0.90623206
calib_00401,0.9742474,0.025752645
calib_00402,0.0058130273,0.994187
calib_00403,0.42331842,0.5766816
calib_00404,0.6046826,0.39531738
calib_00405,0.6572238,0.34277618
calib_00406,0.40642393,0.5935761
calib_00407,0.9953507,0.0046492363
calib_00408,0.55788285,0.4421171
calib_00409,0.99999654,3.4792467e-06
calib_00410,0.8558685,0.1441315
calib_00411,0.7880336,0.21196643
calib_00412,0.4660397,0.53396034
calib_00413,0.283037,0.716963
calib_00414,0.5199603,0.48003975
calib_00415,0.9033353,0.09666475
calib_00416,0.34733835,0.6526617
calib_00417,0.4640347,0.5359653
calib_00418,0.9457254,0.054274637
calib_00419,0.7075741,0.2924259
calib_00420,0.29862413,0.70137584
calib_00421,0.7469788,0.25302118
calib_00422,0.03102539,0.9689746
calib_00423,0.49105236,0.5089477
calib_00424,0.97819716,0.021802893
calib_00425,0.5598693,0.4401307
calib_00426,0.0055567003,0.99444336
calib_00427,0.96101296,0.03898702
calib_00428,0.518816,0.481184
calib_00429,0.00040085177,0.99959916
calib_00430,0.15206209,0.8479379
calib_00431,0.915226,0.08477398
calib_00432,0.66783476,0.33216524
calib_00433,0.510074,0.48992595
calib_00434,0.33711836,0.6628816
calib_00435,0.70615345,0.29384655
calib_00436,0.11139535,0.88860464
calib_00437,0.8398896,0.16011043
calib_00438,0.15585732,0.8441427
calib_00439,0.08213279,0.91786724
calib_00440,0.64471656,0.3552834
calib_00441,0.0238202,0.97617984
calib_00442,0.9119508,0.08804919
calib_00443,0.38578063,0.61421937
calib_00444,0.50467205,0.49532798
calib_00445,0.89769715,0.1023029
calib_00446,0.24191299,0.7580869
calib_00447,0.9838583,0.01614176
calib_00448,0.96035236,0.039647568
calib_00449,0.34483835,0.6551617
calib_00450,0.19290347,0.80709654
calib_00451,0.99998903,1.1012068e-05
calib_00452,0.5331024,0.46689758
calib_00453,0.36558175,0.63441825
calib_00454,0.13364431,0.8663557
calib_00455,0.25503588,0.7449641
calib_00456,0.4054559,0.5945441
calib_00457,0.006495257,0.99350476
calib_00458,0.0024509646,0.997549
calib_00459,0.32760635,0.6723936
calib_00460,0.1864264,0.81357366
calib_00461,0.44093224,0.5590677
calib_00462,0.007504782,0.9924952
calib_00463,0.4187405,0.5812595
calib_00464,0.9273296,0.07267034
calib_00465,0.78276986,0.21723008
calib_00466,0.9673168,0.032683156
calib_00467,0.8162032,0.18379685
calib_00468,0.80469817,0.19530188
calib_00469,0.87138265,0.12861739
calib_00470,0.22737378,0.77262616
calib_00471,0.25324246,0.7467575
calib_00472,0.4255975,0.5744025
calib_00473,0.621397,0.37860298
calib_00474,0.7432761,0.2567239
calib_00475,0.79861474,0.2013852
calib_00476,0.3936682,0.60633177
calib_00477,0.001559322,0.9984407
calib_00478,0.2146001,0.7853999
calib_00479,8.164099e-05,0.99991834
calib_00480,0.74913895,0.25086102
calib_00481,0.33648422,0.66351575
calib_00482,0.6702896,0.32971036
calib_00483,0.23575605,0.7642439
calib_00484,0.0644947,0.93550533
calib_00485,0.4498546,0.5501454
calib_00486,0.9878412,0.01215887
calib_00487,0.6497932,0.3502068
calib_00488,0.99204296,0.00795707
calib_00489,0.5811069,0.41889313
calib_00490,0.43077195,0.56922805
calib_00491,0.17532592,0.82467407
calib_00492,0.00018606479,0.999814
calib_00493,0.8095754,0.19042462
calib_00494,0.8808436,0.11915642
calib_00495,0.61805004,0.38194996
calib_00496,0.636086,0.363914
calib_00497,0.46994466,0.53005534
calib_00498,0.238378,0.76162195
calib_00499,0.48884913,0.5111509
calib_00500,0.14564227,0.8543577
calib_00501,0.41321388,0.5867861
calib_00502,0.9894555,0.010544517
calib_00503,0.6926508,0.30734918
calib_00504,0.59529305,0.40470695
calib_00505,0.82870066,0.17129932
calib_00506,0.111209795,0.8887902
calib_00507,0.2453428,0.7546572
calib_00508,0.13188156,0.86811846
calib_00509,0.3930622,0.60693777
calib_00510,2.5127083e-09,1.0
calib_00511,0.01814505,0.9818549
calib_00512,0.53196615,0.46803385
calib_00513,0.6349526,0.3650474
calib_00514,0.99645483,0.0035452414
calib_00515,0.30352777,0.6964722
calib_00516,0.24492125,0.7550788
calib_00517,0.30574954,0.69425046
calib_00518,0.8099603,0.1900397
calib_00519,0.11107238,0.8889276
calib_00520,0.22301075,0.7769893
calib_00521,0.03547649,0.96452355
calib_00522,0.526609,0.473391
calib_00523,0.08572283,0.91427714
calib_00524,0.5138059,0.48619407
calib_00525,0.67059374,0.32940626
calib_00526,0.67788917,0.32211083
calib_00527,0.0537005,0.9462995
calib_00528,0.37136588,0.6286341
calib_00529,0.88014084,0.119859144
calib_00530,0.30126947,0.6987305
calib_00531,0.13220796,0.867792
calib_00532,0.026215423,0.9737846
calib_00533,0.13062407,0.8693759
calib_00534,0.9829988,0.017001152
calib_00535,0.9367553,0.063244656
calib_00536,0.39512938,0.6048706
calib_00537,0.9539461,0.046053924
calib_00538,0.28271383,0.71728617
calib_00539,0.7288141,0.27118587
calib_00540,0.1194112,0.8805888
calib_00541,0.3068893,0.6931107
calib_00542,0.85932636,0.14067364
calib_00543,0.9990094,0.0009905433
calib_00544,0.8328844,0.1671156
calib_00545,0.30270767,0.6972923
calib_00546,0.0814441,0.9185559
calib_00547,0.6898474,0.31015256
calib_00548,0.85527724,0.14472274
calib_00549,0.0007367265,0.9992632
calib_00550,0.7535156,0.24648441
calib_00551,0.88916814,0.110831834
calib_00552,0.69321036,0.3067896
calib_00553,0.007245034,0.992755
calib_00554,0.92496544,0.07503451
calib_00555,0.6122146,0.38778535
calib_00556,0.7541744,0.2458256
calib_00557,0.96949816,0.03050187
calib_00558,0.98303074,0.016969243
calib_00559,0.9963834,0.0036165474
calib_00560,0.7929456,0.20705439
calib_00561,0.01992626,0.98007375
calib_00562,0.03742928,0.96257067
calib_00563,0.8470628,0.15293717
calib_00564,0.9574384,0.04256157
calib_00565,0.40001702,0.599983
calib_00566,0.68690985,0.31309012
calib_00567,0.99019146,0.009808557
calib_00568,0.8229793,0.17702071
calib_00569,0.7077688,0.2922312
calib_00570,0.9997464,0.00025361392
calib_00571,0.4813973,0.51860267
calib_00572,0.8756941,0.12430596
calib_00573,0.054525044,0.9454749
calib_00574,0.019351447,0.9806486
calib_00575,0.9915001,0.008500007
calib_00576,0.8814187,0.118581295
calib_00577,0.6776732,0.32232672
calib_00578,0.8927457,0.10725432
calib_00579,0.049734186,0.95026577
calib_00580,0.5671659,0.43283415
calib_00581,0.47014636,0.52985364
calib_00582,0.47171798,0.528282
calib_00583,0.43998474,0.5600153
calib_00584,0.84818286,0.15181714
calib_00585,0.0010149243,0.9989851
calib_00586,0.7891938,0.21080616
calib_00587,0.095882155,0.9041179
calib_00588,0.25763303,0.7423669
calib_00589,0.38733995,0.6126601
calib_00590,0.055793595,0.94420636
calib_00591,0.99688655,0.003113476
calib_00592,0.22511558,0.7748844
calib_00593,0.13236311,0.86763686
calib_00594,0.26514998,0.73485
calib_00595,0.009129135,0.9908709
calib_00596,0.52726966,0.47273037
calib_00597,0.7762426,0.22375736
calib_00598,0.004831097,0.99516886
calib_00599,0.99223846,0.0077615357
calib_00600,0.85538495,0.14461501
calib_00601,0.81800544,0.1819946
calib_00602,0.83531296,0.16468704
calib_00603,0.15987702,0.840123
calib_00604,0.788678,0.21132196
calib_00605,0.90162337,0.0983767
calib_00606,0.93921185,0.060788184
calib_00607,0.15915129,0.84084874
calib_00608,0.917942,0.08205807
calib_00609,0.43572378,0.5642762
calib_00610,0.19547163,0.80452836
calib_00611,0.38915962,0.61084044
calib_00612,0.803314,0.19668601
calib_00613,0.6049218,0.39507824
calib_00614,0.538028,0.46197203
calib_00615,0.11951268,0.8804873
calib_00616,0.43435767,0.5656423
calib_00617,0.35821053,0.64178944
calib_00618,0.92489,0.075110026
calib_00619,0.1163625,0.88363755
calib_00620,0.996651,0.0033490323
calib_00621,0.8358654,0.16413462
calib_00622,0.9025449,0.09745505
calib_00623,0.78951377,0.21048622
calib_00624,0.06980324,0.9301967
calib_00625,0.8944285,0.10557147
calib_00626,0.6285614,0.37143862
calib_00627,0.23892812,0.76107186
calib_00628,0.9631864,0.036813576
calib_00629,0.83227104,0.16772896
calib_00630,0.5706112,0.4293888
calib_00631,0.99988115,0.00011883544
calib_00632,0.5253285,0.47467142
calib_00633,0.31444496,0.685555
calib_00634,1.1195076e-10,1.0
calib_00635,0.8185779,0.18142205
calib_00636,0.58783877,0.4121612
calib_00637,0.41489965,0.58510035
calib_00638,0.025993126,0.9740069
calib_00639,0.75086725,0.24913271
calib_00640,0.013866138,0.9861339
calib_00641,0.21133342,0.7886666
calib_00642,0.34272453,0.65727544
calib_00643,0.46395588,0.5360441
calib_00644,0.6862197,0.3137803
calib_00645,0.5770457,0.4229543
calib_00646,0.14043102,0.859569
calib_00647,0.79390806,0.20609194
calib_00648,0.0057355384,0.9942644
calib_00649,0.49719322,0.5028068
calib_00650,0.5512605,0.44873947
calib_00651,0.34158167,0.6584183
calib_00652,0.8944436,0.10555641
calib_00653,0.337068,0.662932
calib_00654,0.45767635,0.5423236
calib_00655,0.89495087,0.10504918
calib_00656,0.7608436,0.23915644
calib_00657,0.9986528,0.0013471466
calib_00658,0.98096275,0.019037193
calib_00659,0.092180975,0.90781903
calib_00660,0.903939,0.096061006
calib_00661,0.4150264,0.5849736
calib_00662,0.14376684,0.8562332
calib_00663,0.021082627,0.97891736
calib_00664,0.45138133,0.5486187
calib_00665,0.7898782,0.21012181
calib_00666,0.00082107633,0.99917895
calib_00667,0.035127807,0.9648721
calib_00668,0.12397616,0.8760238
calib_00669,0.38764837,0.61235166
calib_00670,0.9929529,0.007047069
calib_00671,0.74990535,0.25009465
calib_00672,0.070490584,0.92950946
calib_00673,0.71797055,0.28202942
calib_00674,0.9999893,1.0718341e-05
calib_00675,0.8620362,0.13796377
calib_00676,0.2145849,0.78541505
calib_00677,0.9904151,0.009584927
calib_00678,0.9437909,0.056209043
calib_00679,0.2905293,0.7094707
calib_00680,0.22767986,0.7723201
calib_00681,0.51574963,0.48425037
calib_00682,0.64848053,0.3515195
calib_00683,0.69080764,0.3091923
calib_00684,0.9982047,0.0017952395
calib_00685,0.9999032,9.683752e-05
calib_00686,0.6242355,0.37576446
calib_00687,0.36216798,0.63783205
calib_00688,0.36262667,0.6373733
calib_00689,0.97534573,0.024654247
calib_00690,0.28725535,0.71274465
calib_00691,0.75825375,0.24174622
calib_00692,0.87963873,0.12036123
calib_00693,0.035946775,0.9640532
calib_00694,0.3033704,0.69662964
calib_00695,0.0036399893,0.99636
calib_00696,0.14739615,0.85260385
calib_00697,0.50270224,0.4972978
calib_00698,0.03128669,0.96871334
calib_00699,0.08608935,0.9139107
calib_00700,0.523416,0.47658408
calib_00701,0.1269009,0.87309915
calib_00702,0.3222615,0.6777385
calib_00703,0.47369495,0.526305
calib_00704,0.18037526,0.8196247
calib_00705,0.23629668,0.7637033
calib_00706,0.6887503,0.3112496
calib_00707,0.015429984,0.98456997
calib_00708,0.43119007,0.56880987
calib_00709,0.12907422,0.8709258
calib_00710,0.3458968,0.6541032
calib_00711,0.023600925,0.9763991
calib_00712,0.73350227,0.26649767
calib_00713,0.6146342,0.38536578
calib_00714,0.6190461,0.3809539
calib_00715,0.13368692,0.86631304
calib_00716,0.006793718,0.99320626
calib_00717,0.92344594,0.07655405
calib_00718,0.9777989,0.022201104
calib_00719,0.65327984,0.34672013
calib_00720,0.36669344,0.63330656
calib_00721,0.0048721153,0.9951279
calib_00722,0.99868757,0.0013124439
calib_00723,0.24793778,0.75206214
calib_00724,0.11841118,0.8815889
calib_00725,0.9016725,0.09832747
calib_00726,0.92098576,0.07901427
calib_00727,0.62735635,0.3726436
calib_00728,0.8315218,0.1684782
calib_00729,0.5408104,0.45918956
calib_00730,0.03997183,0.9600282
calib_00731,0.57486606,0.4251339
calib_00732,0.49497905,0.5050209
calib_00733,0.25908816,0.74091184
calib_00734,0.4843191,0.51568097
calib_00735,0.5300502,0.46994975
calib_00736,0.25902885,0.7409711
calib_00737,0.7516091,0.24839091
calib_00738,0.33409634,0.6659036
calib_00739,0.90423656,0.095763385
calib_00740,0.8638974,0.13610254
calib_00741,0.34419966,0.65580034
calib_00742,0.6936599,0.30634007
calib_00743,0.48822162,0.5117784
calib_00744,0.47787467,0.5221253
calib_00745,0.00016200502,0.999838
calib_00746,0.06562875,0.9343713
calib_00747,0.4927671,0.5072329
calib_00748,0.4697292,0.5302708
calib_00749,0.9949647,0.005035263
calib_00750,0.21292262,0.7870773
calib_00751,0.9999424,5.756886e-05
calib_00752,0.33235425,0.66764575
calib_00753,0.12643217,0.8735678
calib_00754,0.99938464,0.00061536685
calib_00755,0.91915363,0.0808463
calib_00756,0.999448,0.00055196043
calib_00757,0.9828498,0.017150229
calib_00758,0.6770164,0.32298362
calib_00759,0.6239204,0.37607962
calib_00760,0.24732159,0.75267845
calib_00761,0.5915597,0.4084403
calib_00762,0.5568149,0.44318503
calib_00763,0.010200226,0.98979986
calib_00764,0.10484978,0.8951502
calib_00765,0.13385096,0.866149
calib_00766,0.084304385,0.9156956
calib_00767,0.8612614,0.13873856
calib_00768,0.9930239,0.006976112
calib_00769,0.265169,0.734831
calib_00770,0.27103,0.72897
calib_00771,0.3311072,0.6688928
calib_00772,0.7798158,0.2201842
calib_00773,0.7633426,0.2366574
calib_00774,0.16262333,0.83737665
calib_00775,0.87668693,0.12331305
calib_00776,0.004972757,0.99502724
calib_00777,0.5196785,0.48032153
calib_00778,0.01620458,0.9837954
calib_00779,0.1224978,0.8775022
calib_00780,0.59773797,0.40226203
calib_00781,0.41240853,0.5875914
calib_00782,0.9916189,0.008381059
calib_00783,0.40056837,0.59943163
calib_00784,0.5529915,0.4470085
calib_00785,0.36793044,0.6320695
calib_00786,0.29232728,0.7076727
calib_00787,0.24142358,0.7585764
calib_00788,0.3169547,0.68304527
calib_00789,0.7338235,0.2661765
calib_00790,0.89390785,0.10609221
calib_00791,0.6168757,0.38312432
calib_00792,0.5817175,0.4182825
calib_00793,0.7443425,0.25565752
calib_00794,0.68963045,0.31036958
calib_00795,0.26778483,0.7322151
calib_00796,0.17523381,0.8247662
calib_00797,0.3999668,0.60003316
calib_00798,0.48556432,0.5144357
calib_00799,0.6423295,0.35767052
calib_00800,0.44856822,0.5514317
calib_00801,0.8621224,0.13787755
calib_00802,0.6658708,0.33412918
calib_00803,0.106352516,0.8936475
calib_00804,0.36148652,0.63851345
calib_00805,0.36372045,0.6362796
calib_00806,0.58536917,0.4146309
calib_00807,0.60602283,0.39397717
calib_00808,0.9996878,0.0003122393
calib_00809,0.82758015,0.17241988
calib_00810,0.10883083,0.89116913
calib_00811,0.76169777,0.23830225
calib_00812,0.8258444,0.17415555
calib_00813,0.8240109,0.17598906
calib_00814,0.5020104,0.49798965
calib_00815,0.31597823,0.6840217
calib_00816,0.09309955,0.90690047
calib_00817,0.60416645,0.39583358
calib_00818,0.07426191,0.9257381
calib_00819,0.931443,0.06855707
calib_00820,1.03016974e-16,1.0
calib_00821,0.0143957725,0.9856043
calib_00822,0.7308924,0.26910758
calib_00823,0.78156924,0.21843067
calib_00824,0.20338015,0.7966199
calib_00825,0.8616929,0.13830711
calib_00826,0.09798994,0.9020101
calib_00827,0.65764886,0.34235114
calib_00828,0.2652837,0.7347163
calib_00829,0.66222906,0.3377709
calib_00830,0.9878687,0.012131291
calib_00831,0.9986461,0.001353907
calib_00832,1.0,5.5303233e-09
calib_00833,0.0042697727,0.9957302
calib_00834,0.17493445,0.82506555
calib_00835,0.7950083,0.2049917
calib_00836,0.034919407,0.9650806
calib_00837,0.6598379,0.34016204
calib_00838,0.089119285,0.9108807
calib_00839,0.4025124,0.5974876
calib_00840,0.8048434,0.19515656
calib_00841,0.02677148,0.9732285
calib_00842,0.99980944,0.00019058443
calib_00843,0.53024405,0.46975592
calib_00844,0.07380457,0.9261955
calib_00845,0.53560334,0.46439663
calib_00846,0.9668901,0.033109844
calib_00847,0.4077642,0.5922358
calib_00848,0.46219128,0.5378088
calib_00849,0.7950746,0.20492536
calib_00850,0.85990614,0.14009382
calib_00851,0.97444373,0.025556305
calib_00852,0.61732143,0.3826786
calib_00853,0.43202257,0.5679775
calib_00854,0.31383392,0.68616605
calib_00855,0.40188238,0.59811765
calib_00856,0.36037886,0.63962114
calib_00857,0.50723225,0.49276775
calib_00858,0.55560607,0.44439396
calib_00859,0.8309547,0.16904527
calib_00860,0.9671656,0.032834448
calib_00861,0.02716641,0.97283363
calib_00862,0.28762093,0.71237904
calib_00863,0.73244756,0.26755238
calib_00864,0.007038332,0.9929617
calib_00865,0.4866811,0.5133189
calib_00866,0.56459206,0.43540797
calib_00867,0.6316318,0.36836824
calib_00868,0.009906254,0.99009377
calib_00869,0.818921,0.1810789
calib_00870,0.30091223,0.69908774
calib_00871,0.0123086795,0.98769134
calib_00872,0.015453602,0.9845464
calib_00873,0.76276594,0.23723404
calib_00874,0.6827993,0.3172007
calib_00875,0.97995687,0.020043105
calib_00876,0.0002939266,0.9997061
calib_00877,0.02318988,0.9768101
calib_00878,0.7912806,0.20871936
calib_00879,0.09371169,0.90628827
calib_00880,0.2770077,0.7229923
calib_00881,0.017592609,0.98240745
calib_00882,0.37215883,0.6278411
calib_00883,0.8078788,0.19212121
calib_00884,0.21129,0.78870994
calib_00885,0.6752075,0.32479247
calib_00886,0.5440679,0.45593205
calib_00887,0.78345114,0.21654886
calib_00888,0.14451149,0.8554885
calib_00889,0.9947718,0.0052281693
calib_00890,0.8863889,0.11361109
calib_00891,0.14121196,0.858788
calib_00892,0.81539726,0.18460275
calib_00893,0.47724023,0.5227598
calib_00894,0.20370837,0.7962916
calib_00895,0.24345294,0.75654703
calib_00896,0.039275408,0.9607246
calib_00897,0.60877526,0.3912247
calib_00898,0.5626285,0.43737146
calib_00899,0.5206604,0.47933954
calib_00900,0.93951434,0.060485695
calib_00901,0.6530645,0.3469355
calib_00902,0.7858571,0.21414286
calib_00903,0.7076893,0.29231066
calib_00904,0.48588976,0.5141102
calib_00905,0.99924797,0.00075200334
calib_00906,0.634141,0.36585897
calib_00907,0.5037849,0.49621513
calib_00908,0.0077429092,0.9922571
calib_00909,0.6265692,0.37343076
calib_00910,0.080528624,0.9194714
calib_00911,0.9847083,0.015291694
calib_00912,0.62121904,0.37878096
calib_00913,0.91733235,0.082667634
calib_00914,0.640655,0.35934496
calib_00915,0.8848233,0.115176655
calib_00916,0.1269723,0.8730277
calib_00917,0.61579597,0.38420403
calib_00918,0.062267885,0.9377321
calib_00919,0.9826538,0.017346175
calib_00920,0.038308006,0.9616919
calib_00921,0.612496,0.38750395
calib_00922,0.76008946,0.2399105
calib_00923,0.8271362,0.17286378
calib_00924,0.65303624,0.34696373
calib_00925,0.060327206,0.93967277
calib_00926,0.9921697,0.007830283
calib_00927,0.999918,8.201359e-05
calib_00928,0.3952671,0.6047329
calib_00929,0.328802,0.671198
calib_00930,0.999998,2.0846433e-06
calib_00931,0.91016304,0.08983697
calib_00932,0.62888974,0.3711103
calib_00933,0.49694684,0.5030532
calib_00934,0.0001768065,0.9998233
calib_00935,0.12532943,0.8746705
calib_00936,0.9685713,0.031428758
calib_00937,0.9999809,1.904891e-05
calib_00938,0.5222422,0.47775784
calib_00939,0.9080283,0.09197171
calib_00940,0.2436454,0.75635463
calib_00941,0.04233691,0.9576631
calib_00942,0.012482426,0.98751754
calib_00943,0.9863158,0.013684206
calib_00944,0.22611964,0.77388036
calib_00945,0.00013301871,0.99986696
calib_00946,0.32171822,0.6782818
calib_00947,0.094653875,0.90534616
calib_00948,0.48324358,0.5167564
calib_00949,0.99980766,0.0001923399
calib_00950,0.9676926,0.03230736
calib_00951,0.36641222,0.6335877
calib_00952,0.3823102,0.6176898
calib_00953,0.00084244163,0.99915755
calib_00954,0.6099048,0.3900952
calib_00955,0.38170394,0.618296
calib_00956,0.034183856,0.9658162
calib_00957,0.7572208,0.24277918
calib_00958,0.43087637,0.5691236
calib_00959,0.58992845,0.41007155
calib_00960,0.8114917,0.18850827
calib_00961,0.0046057184,0.99539435
calib_00962,0.60256755,0.39743245
calib_00963,0.0019896026,0.99801046
calib_00964,0.7383148,0.2616852
calib_00965,0.5977674,0.40223256
calib_00966,0.64991844,0.35008153
calib_00967,0.68594307,0.31405687
calib_00968,0.22854228,0.7714577
calib_00969,0.8742326,0.12576744
calib_00970,0.42823282,0.5717672
calib_00971,0.49565396,0.5043461
calib_00972,0.9243152,0.07568473
calib_00973,0.23424184,0.76575816
calib_00974,0.6608056,0.33919445
calib_00975,0.20464844,0.79535156
calib_00976,0.9034237,0.096576326
calib_00977,0.0509878,0.94901216
calib_00978,0.32245508,0.67754495
calib_00979,0.927013,0.07298705
calib_00980,0.94501096,0.054989073
calib_00981,0.87975293,0.12024704
calib_00982,0.00031243407,0.99968755
calib_00983,0.2897042,0.7102958
calib_00984,0.26346093,0.736539
calib_00985,0.5436165,0.4563835
calib_00986,0.99989605,0.00010398858
calib_00987,0.16863999,0.83136004
calib_00988,0.68736666,0.31263328
calib_00989,0.13324112,0.8667589
calib_00990,0.046741612,0.9532584
calib_00991,0.9881229,0.011877116
calib_00992,0.85447586,0.14552417
calib_00993,0.50274587,0.49725416
calib_00994,0.952035,0.047965027
calib_00995,1.0,3.892271e-09
calib_00996,0.8589769,0.14102311
calib_00997,0.77487653,0.22512347
calib_00998,0.22267766,0.7773223
calib_00999,0.3283518,0.6716482
calib_01000,0.5658741,0.4341259
calib_01001,0.4642125,0.53578746
calib_01002,0.07826168,0.9217383
calib_01003,0.998613,0.0013870395
calib_01004,0.20717604,0.792824
calib_01005,0.5126653,0.4873347
calib_01006,0.18177094,0.8182291
calib_01007,0.500344,0.49965602
calib_01008,0.12592693,0.8740731
calib_01009,0.7906493,0.20935068
calib_01010,0.3873603,0.6126397
calib_01011,0.00029127504,0.9997087
calib_01012,0.6295386,0.3704614
calib_01013,0.3126278,0.6873722
calib_01014,0.9400586,0.059941392
calib_01015,0.6574863,0.34251368
calib_01016,0.3356214,0.66437864
calib_01017,0.29130036,0.70869964
calib_01018,0.25953194,0.740468
calib_01019,0.41840556,0.5815944
calib_01020,0.0020084477,0.99799156
calib_01021,0.45613286,0.5438672
calib_01022,0.3997351,0.60026485
calib_01023,0.3128764,0.6871236
calib_01024,0.6269925,0.37300754
calib_01025,0.55885285,0.44114715
calib_01026,0.66819483,0.3318052
calib_01027,0.96366626,0.036333755
calib_01028,0.32376963,0.6762304
calib_01029,0.05532615,0.94467384
calib_01030,0.3328257,0.6671743
calib_01031,0.24897183,0.7510281
calib_01032,0.5391787,0.46082127
calib_01033,0.82604164,0.1739584
calib_01034,0.6273631,0.37263688
calib_01035,0.8600151,0.13998492
calib_01036,0.0005593824,0.9994406
calib_01037,0.548081,0.45191905
calib_01038,0.47496223,0.5250378
calib_01039,0.29619566,0.7038043
calib_01040,0.63689655,0.36310345
calib_01041,0.42407554,0.57592446
calib_01042,0.70897967,0.29102033
calib_01043,0.8454881,0.15451193
calib_01044,3.5270864e-07,0.99999964
calib_01045,0.6593035,0.3406965
calib_01046,0.9980476,0.0019524167
calib_01047,0.98664224,0.013357705
calib_01048,0.317027,0.68297297
calib_01049,0.8663957,0.13360429
calib_01050,0.87038475,0.12961529
calib_01051,0.03258321,0.96741676
calib_01052,2.0837467e-06,0.999998
calib_01053,0.7482167,0.2517833
calib_01054,0.07215251,0.9278475
calib_01055,0.13989456,0.8601054
calib_01056,0.7033242,0.29667583
calib_01057,0.78869104,0.21130891
calib_01058,0.020468019,0.979532
calib_01059,0.24150366,0.7584963
calib_01060,0.79926527,0.20073473
calib_01061,0.698565,0.30143502
calib_01062,0.6280268,0.37197325
calib_01063,0.050397005,0.949603
calib_01064,0.64762086,0.35237917
calib_01065,0.2577316,0.7422684
calib_01066,0.9192998,0.080700174
calib_01067,0.3439458,0.6560542
calib_01068,0.20719373,0.79280627
calib_01069,0.57652056,0.42347947
calib_01070,0.99258196,0.007418064
calib_01071,0.99911565,0.0008843918
calib_01072,0.35689074,0.64310926
calib_01073,0.19240896,0.807591
calib_01074,0.17921554,0.8207844
calib_01075,0.53143036,0.46856967
calib_01076,0.3306953,0.6693047
calib_01077,0.025974227,0.9740258
calib_01078,0.6929741,0.30702588
calib_01079,0.82042545,0.17957455
calib_01080,0.33472246,0.66527754
calib_01081,0.94280165,0.057198353
calib_01082,0.6143437,0.38565633
calib_01083,0.25796136,0.7420386
calib_01084,0.6637009,0.33629915
calib_01085,0.94979787,0.0502022
calib_01086,0.042204246,0.95779574
calib_01087,0.16342437,0.8365756
calib_01088,0.18973266,0.8102673
calib_01089,0.17620108,0.82379895
calib_01090,0.84408736,0.1559126
calib_01091,0.52433836,0.4756617
calib_01092,0.96669155,0.0333085
calib_01093,0.5597157,0.44028428
calib_01094,0.07515184,0.9248482
calib_01095,0.3733857,0.6266143
calib_01096,0.5571098,0.4428902
calib_01097,0.543361,0.456639
calib_01098,0.6999221,0.30007794
calib_01099,0.20533986,0.79466015
calib_01100,0.5987585,0.40124148
calib_01101,0.45297638,0.54702365
calib_01102,0.3991544,0.60084563
calib_01103,0.886906,0.113093965
calib_01104,0.62712955,0.37287045
calib_01105,0.3245183,0.6754817
calib_01106,0.23920709,0.760793
calib_01107,0.8882677,0.11173237
calib_01108,0.23590048,0.76409954
calib_01109,0.923172,0.07682802
calib_01110,0.15761244,0.84238756
calib_01111,0.58449864,0.41550133
calib_01112,0.6322866,0.3677134
calib_01113,0.75840366,0.24159633
calib_01114,0.6329761,0.36702386
calib_01115,0.9889797,0.011020324
calib_01116,0.29992637,0.7000736
calib_01117,0.8624347,0.13756533
calib_01118,0.99995935,4.0690502e-05
calib_01119,0.0035170992,0.99648285
calib_01120,0.53134453,0.4686555
calib_01121,0.40523443,0.59476554
calib_01122,0.3028818,0.6971182
calib_01123,0.9658246,0.034175422
calib_01124,0.001445099,0.9985549
calib_01125,0.788289,0.21171105
calib_01126,0.0035635398,0.9964365
calib_01127,0.40464827,0.5953517
calib_01128,0.4341358,0.56586415
calib_01129,0.13831879,0.8616812
calib_01130,0.34218293,0.65781707
calib_01131,0.7399572,0.26004276
calib_01132,0.3879897,0.61201024
calib_01133,0.9734736,0.026526384
calib_01134,0.004557967,0.99544203
calib_01135,0.11537667,0.88462335
calib_01136,0.14251675,0.85748327
calib_01137,0.2922645,0.7077355
calib_01138,0.7421806,0.2578194
calib_01139,0.06335272,0.93664724
calib_01140,0.15521932,0.8447807
calib_01141,0.76373744,0.23626256
calib_01142,0.00069019565,0.9993098
calib_01143,0.8955676,0.104432404
calib_01144,0.0014450833,0.9985549
calib_01145,0.07557516,0.9244248
calib_01146,0.8159662,0.18403381
calib_01147,0.21861733,0.7813826
calib_01148,0.056480717,0.94351923
calib_01149,0.18561958,0.81438047
calib_01150,0.037766747,0.96223325
calib_01151,0.01092581,0.9890742
calib_01152,0.91479003,0.08520998
calib_01153,0.1465591,0.8534409
calib_01154,0.76101756,0.23898247
calib_01155,0.99569255,0.004307416
calib_01156,0.46660128,0.5333987
calib_01157,0.06934046,0.9306596
calib_01158,0.9164156,0.08358437
calib_01159,0.6706666,0.32933345
calib_01160,0.6641926,0.33580738
calib_01161,0.34718892,0.65281105
calib_01162,0.91486603,0.085134
calib_01163,0.05437491,0.94562507
calib_01164,0.13901679,0.86098313
calib_01165,0.65130556,0.34869444
calib_01166,0.47790027,0.52209973
calib_01167,0.1266826,0.87331736
calib_01168,0.31417045,0.6858295
calib_01169,0.9402127,0.05978729
calib_01170,0.3292741,0.6707259
calib_01171,0.003938715,0.99606127
calib_01172,0.49001524,0.5099848
calib_01173,0.19413301,0.805867
calib_01174,2.3070704e-07,0.99999976
calib_01175,0.033801034,0.966199
calib_01176,0.06916074,0.93083924
calib_01177,0.31579086,0.6842091
calib_01178,0.88141304,0.11858696
calib_01179,0.12035536,0.87964463
calib_01180,0.050369084,0.94963086
calib_01181,0.18360811,0.8163919
calib_01182,0.20339508,0.7966049
calib_01183,0.7151893,0.28481072
calib_01184,0.510149,0.489851
calib_01185,0.042961657,0.9570384
calib_01186,0.5351651,0.46483493
calib_01187,0.7110311,0.2889689
calib_01188,0.31576332,0.68423665
calib_01189,0.9693338,0.030666146
calib_01190,0.73058903,0.26941097
calib_01191,0.24481924,0.7551807
calib_01192,0.9538179,0.046182152
calib_01193,0.51977026,0.48022974
calib_01194,0.7717385,0.22826141
calib_01195,0.18402193,0.8159781
calib_01196,0.99340034,0.006599692
calib_01197,0.97110265,0.028897403
calib_01198,0.64494145,0.35505846
calib_01199,1.0,7.772483e-09
calib_01200,0.027909936,0.97209
calib_01201,0.97020525,0.029794741
calib_01202,0.36627546,0.6337246
calib_01203,0.64244306,0.35755697
calib_01204,0.053487834,0.94651216
calib_01205,0.654943,0.345057
calib_01206,0.9674277,0.032572363
calib_01207,0.96864116,0.031358812
calib_01208,0.758139,0.24186097
calib_01209,0.046635292,0.9533647
calib_01210,0.5904873,0.4095127
calib_01211,0.8844673,0.11553273
calib_01212,0.26575887,0.7342411
calib_01213,0.523685,0.476315
calib_01214,0.9074792,0.092520766
calib_01215,0.9996044,0.0003956257
calib_01216,0.24191321,0.7580868
calib_01217,0.87646306,0.12353687
calib_01218,0.41897067,0.5810293
calib_01219,0.9583399,0.04166012
calib_01220,0.041020226,0.9589797
calib_01221,0.3143206,0.6856794
calib_01222,0.62603325,0.37396666
calib_01223,0.52544653,0.4745535
calib_01224,0.99598444,0.0040155416
calib_01225,0.4781881,0.5218119
calib_01226,0.0034125908,0.9965874
calib_01227,0.9990387,0.00096137077
calib_01228,0.1702664,0.82973355
calib_01229,0.45826796,0.541732
calib_01230,0.89944845,0.10055149
calib_01231,0.1323106,0.86768943
calib_01232,0.3331003,0.6668997
calib_01233,0.00056450145,0.9994355
calib_01234,0.43289164,0.5671084
calib_01235,0.9378371,0.062162828
calib_01236,0.39590794,0.6040921
calib_01237,0.81072795,0.18927199
calib_01238,0.9391868,0.060813215
calib_01239,0.0007836829,0.9992163
calib_01240,0.7870056,0.21299438
calib_01241,0.49909958,0.50090045
calib_01242,0.6632606,0.3367394
calib_01243,0.050212745,0.9497872
calib_01244,0.64198095,0.35801902
calib_01245,0.8378373,0.16216272
calib_01246,0.38658777,0.6134122
calib_01247,0.24070954,0.75929046
calib_01248,0.40828964,0.5917103
calib_01249,0.6474,0.35259995
calib_01250,0.97599244,0.024007544
calib_01251,0.762873,0.23712699
calib_01252,0.7279106,0.27208942
calib_01253,0.89973545,0.10026455
calib_01254,0.9533888,0.046611123
calib_01255,0.9815175,0.018482443
calib_01256,0.478242,0.521758
calib_01257,0.22164802,0.77835196
calib_01258,0.00026568308,0.99973434
calib_01259,0.16260478,0.8373952
calib_01260,0.40729654,0.5927034
calib_01261,0.5552341,0.44476596
calib_01262,0.67783767,0.32216233
calib_01263,0.057832055,0.94216794
calib_01264,0.20336148,0.7966385
calib_01265,0.39276975,0.60723025
calib_01266,0.05114314,0.94885683
calib_01267,0.2803922,0.71960783
calib_01268,0.20581622,0.79418385
calib_01269,0.4174596,0.58254033
calib_01270,0.46673205,0.533268
calib_01271,0.06729355,0.9327065
calib_01272,0.8667733,0.13322666
calib_01273,0.30710453,0.6928955
calib_01274,0.21312906,0.7868709
calib_01275,0.27303544,0.72696453
calib_01276,0.08530956,0.9146905
calib_01277,0.9477537,0.052246295
calib_01278,0.33034247,0.6696575
calib_01279,0.00039693923,0.9996031
calib_01280,0.9085768,0.09142322
calib_01281,0.9981969,0.0018031766
calib_01282,0.0099884495,0.9900115
calib_01283,0.074077636,0.92592233
calib_01284,4.659449e-10,1.0
calib_01285,0.96397954,0.036020402
calib_01286,0.22369277,0.7763072
calib_01287,0.9670861,0.032913957
calib_01288,0.0236358,0.9763642
calib_01289,0.53310966,0.4668903
calib_01290,0.5873438,0.41265616
calib_01291,0.95651174,0.043488212
calib_01292,0.78860265,0.21139725
calib_01293,0.5328807,0.46711925
calib_01294,0.9460111,0.05398891
calib_01295,0.99994254,5.7487505e-05
calib_01296,0.1925047,0.80749524
calib_01297,0.6085459,0.3914541
calib_01298,0.41821674,0.58178324
calib_01299,0.11058403,0.8894159
calib_01300,0.21238574,0.7876143
calib_01301,0.617772,0.382228
calib_01302,0.73973733,0.26026264
calib_01303,0.34606707,0.6539329
calib_01304,0.9967732,0.003226802
calib_01305,0.4553898,0.5446102
calib_01306,0.7986585,0.20134151
calib_01307,0.19334221,0.80665773
calib_01308,0.7773357,0.22266428
calib_01309,0.0016585268,0.99834144
calib_01310,0.9974598,0.002540212
calib_01311,0.518013,0.481987
calib_01312,0.83860433,0.16139564
calib_01313,0.06995726,0.93004274
calib_01314,0.7734454,0.2265546
calib_01315,0.85576326,0.14423679
calib_01316,0.04978741,0.9502126
calib_01317,0.32085198,0.679148
calib_01318,0.09675016,0.90324986
calib_01319,0.07224818,0.92775184
calib_01320,0.7474792,0.25252077
calib_01321,0.23395114,0.76604885
calib_01322,0.8857081,0.11429187
calib_01323,0.22700037,0.7729996
calib_01324,0.9634999,0.036500126
calib_01325,0.0148555515,0.9851444
calib_01326,0.86846447,0.13153549
calib_01327,0.88899344,0.11100655
calib_01328,0.7244614,0.2755386
calib_01329,0.4789618,0.52103823
calib_01330,0.00048421285,0.9995158
calib_01331,0.16855654,0.8314434
calib_01332,0.9952799,0.0047201454
calib_01333,0.033393327,0.9666067
calib_01334,0.060665775,0.9393343
calib_01335,0.0021245163,0.99787545
calib_01336,0.36817142,0.63182855
calib_01337,0.17244685,0.8275531
calib_01338,0.048457455,0.95154256
calib_01339,0.00049559213,0.99950445
calib_01340,0.9809414,0.01905854
calib_01341,0.22770756,0.77229244
calib_01342,0.9979005,0.002099551
calib_01343,0.3613072,0.6386928
calib_01344,0.08437041,0.91562957
calib_01345,0.67156637,0.3284337
calib_01346,0.8762411,0.12375896
calib_01347,0.22792901,0.77207094
calib_01348,0.8787724,0.12122765
calib_01349,0.57262546,0.42737457
calib_01350,0.71480405,0.28519592
calib_01351,0.047547277,0.95245266
calib_01352,0.61793685,0.38206312
calib_01353,0.0020809555,0.997919
calib_01354,0.96215445,0.037845604
calib_01355,0.00089003076,0.9991099
calib_01356,0.4172988,0.5827012
calib_01357,0.75355244,0.24644756
calib_01358,9.31541e-05,0.9999068
calib_01359,0.0010082998,0.99899167
calib_01360,0.99414164,0.0058583803
calib_01361,0.042891573,0.9571084
calib_01362,0.31860253,0.68139744
calib_01363,0.9797361,0.020263985
calib_01364,0.9858438,0.014156245
calib_01365,0.6034451,0.3965549
calib_01366,0.18412825,0.8158717
calib_01367,0.7699189,0.23008104
calib_01368,0.029909087,0.9700909
calib_01369,0.29353386,0.7064661
calib_01370,0.37107995,0.62892
calib_01371,0.3666129,0.6333871
calib_01372,0.0119544165,0.98804563
calib_01373,0.64911747,0.35088253
calib_01374,0.18240689,0.8175931
calib_01375,0.0041084616,0.9958916
calib_01376,0.54680574,0.4531943
calib_01377,0.6292064,0.37079352
calib_01378,0.985734,0.014266012
calib_01379,0.7182788,0.28172117
calib_01380,0.22630979,0.77369016
calib_01381,7.582084e-05,0.9999242
calib_01382,0.15161428,0.8483857
calib_01383,0.49879128,0.5012087
calib_01384,0.40687844,0.5931215
calib_01385,0.12088173,0.87911826
calib_01386,0.065515794,0.93448424
calib_01387,0.26273713,0.7372629
calib_01388,0.9993783,0.0006216875
calib_01389,0.028457552,0.9715424
calib_01390,0.60418534,0.3958146
calib_01391,0.42342332,0.57657665
calib_01392,0.8004139,0.19958614
calib_01393,0.45032653,0.54967344
calib_01394,0.5137728,0.48622718
calib_01395,0.69104105,0.30895898
calib_01396,0.6073061,0.39269385
calib_01397,0.7016288,0.29837117
calib_01398,0.51226926,0.48773074
calib_01399,0.7962979,0.20370212
calib_01400,0.9023274,0.09767252
calib_01401,0.19380541,0.8061946
calib_01402,0.8292321,0.17076787
calib_01403,0.46257088,0.5374291
calib_01404,0.99160284,0.008397144
calib_01405,0.61346215,0.38653782
calib_01406,0.481477,0.518523
calib_01407,0.030479964,0.96952003
calib_01408,0.80264246,0.19735757
calib_01409,0.99999666,3.3846707e-06
calib_01410,0.15128624,0.84871376
calib_01411,0.0085671265,0.9914329
calib_01412,0.9997429,0.00025708633
calib_01413,0.9402244,0.059775583
calib_01414,0.83806247,0.16193749
calib_01415,0.9667877,0.033212297
calib_01416,0.9346634,0.06533657
calib_01417,0.99450123,0.0054987893
calib_01418,0.7325649,0.2674351
calib_01419,0.5358097,0.46419027
calib_01420,0.36335605,0.63664395
calib_01421,0.096296504,0.9037035
calib_01422,0.43434027,0.56565976
calib_01423,0.7738005,0.22619946
calib_01424,0.93963724,0.060362734
calib_01425,0.67684275,0.32315725
calib_01426,3.1019834e-05,0.999969
calib_01427,0.9888086,0.011191468
calib_01428,0.94923073,0.05076932
calib_01429,0.1175543,0.8824457
calib_01430,0.5347186,0.46528143
calib_01431,0.9739929,0.026007116
calib_01432,0.873001,0.12699898
calib_01433,0.2465775,0.75342244
calib_01434,0.39156747,0.60843253
calib_01435,0.7759274,0.2240726
calib_01436,0.27211708,0.7278829
calib_01437,0.5374369,0.46256313
calib_01438,0.09884214,0.90115786
calib_01439,0.9949803,0.005019761
calib_01440,0.5911127,0.40888733
calib_01441,0.43046492,0.569535
calib_01442,0.5169907,0.4830093
calib_01443,0.13308392,0.8669161
calib_01444,0.052673675,0.94732636
calib_01445,0.092092484,0.90790755
calib_01446,0.38272825,0.6172717
calib_01447,0.57320976,0.42679024
calib_01448,0.92538565,0.07461439
calib_01449,0.99956757,0.0004323886
calib_01450,0.59384733,0.40615264
calib_01451,0.83015054,0.16984946
calib_01452,0.19999,0.80000997
calib_01453,0.041007943,0.958992
calib_01454,0.4728828,0.5271172
calib_01455,0.74125886,0.2587411
calib_01456,0.8867905,0.11320947
calib_01457,0.10886092,0.89113915
calib_01458,0.59963274,0.40036723
calib_01459,0.87199914,0.12800086
calib_01460,0.9943634,0.005636625
calib_01461,0.64143014,0.35856986
calib_01462,0.37206042,0.6279395
calib_01463,0.28845036,0.71154964
calib_01464,0.5014823,0.4985177
calib_01465,0.7571279,0.24287213
calib_01466,0.06631251,0.9336875
calib_01467,0.20494178,0.7950582
calib_01468,0.4920641,0.50793594
calib_01469,0.28516412,0.7148359
calib_01470,0.21204957,0.7879504
calib_01471,6.7461006e-05,0.9999325
calib_01472,0.97123104,0.028768897
calib_01473,0.44845283,0.5515471
calib_01474,0.41109604,0.58890396
calib_01475,0.901201,0.09879892
calib_01476,0.25991532,0.74008465
calib_01477,0.45476037,0.5452396
calib_01478,0.29663703,0.703363
calib_01479,0.008551637,0.9914484
calib_01480,0.3778097,0.62219024
calib_01481,0.05289883,0.94710124
calib_01482,0.9828651,0.017134916
calib_01483,0.8055616,0.19443835
calib_01484,0.19623455,0.8037654
calib_01485,0.16204633,0.8379536
calib_01486,0.7974377,0.2025622
calib_01487,0.70442176,0.29557824
calib_01488,0.48767665,0.5123233
calib_01489,0.80587703,0.19412291
calib_01490,0.53220516,0.46779487
calib_01491,0.091775455,0.9082245
calib_01492,0.32867447,0.67132556
calib_01493,0.24684472,0.7531553
calib_01494,0.4890972,0.51090276
calib_01495,0.9979305,0.00206942
calib_01496,0.7936761,0.20632386
calib_01497,0.21563081,0.7843692
calib_01498,0.90683407,0.09316591
calib_01499,0.6651716,0.33482835
calib_01500,0.2665591,0.7334409
calib_01501,0.8112278,0.18877225
calib_01502,0.31969884,0.6803012
calib_01503,0.19182342,0.8081766
calib_01504,0.40616417,0.5938358
calib_01505,0.9672834,0.032716595
calib_01506,0.5963162,0.40368375
calib_01507,0.47514075,0.52485925
calib_01508,0.15831886,0.8416811
calib_01509,0.3379267,0.6620733
calib_01510,0.26614037,0.73385966
calib_01511,0.778407,0.22159298
calib_01512,0.4793303,0.52066976
calib_01513,0.9722271,0.027772907
calib_01514,0.53333956,0.46666044
calib_01515,0.08708316,0.9129168
calib_01516,0.8001514,0.19984864
calib_01517,0.07792816,0.9220718
calib_01518,0.47542855,0.5245715
calib_01519,0.38837513,0.61162484
calib_01520,0.98413426,0.015865749
calib_01521,0.19776717,0.8022328
calib_01522,0.8867491,0.11325092
calib_01523,0.042932298,0.95706767
calib_01524,0.75702673,0.24297322
calib_01525,0.06685383,0.9331462
calib_01526,0.25060913,0.7493909
calib_01527,0.064101726,0.9358983
calib_01528,0.9486144,0.051385574
calib_01529,0.14638072,0.8536193
calib_01530,0.6121834,0.3878166
calib_01531,0.0012963809,0.9987036
calib_01532,0.52891636,0.47108358
calib_01533,0.28070346,0.7192965
calib_01534,0.68779385,0.31220618
calib_01535,0.20498309,0.7950169
calib_01536,0.98966545,0.010334574
calib_01537,0.64299005,0.35700995
calib_01538,0.023996407,0.9760035
calib_01539,0.97115797,0.028842017
calib_01540,0.93302554,0.06697439
calib_01541,0.72412455,0.27587545
calib_01542,0.08528879,0.91471124
calib_01543,0.31626922,0.6837308
calib_01544,0.02704863,0.9729514
calib_01545,0.43967086,0.56032914
calib_01546,0.95424753,0.04575249
calib_01547,0.6886131,0.31138688
calib_01548,0.04427925,0.9557208
calib_01549,0.0030630704,0.9969369
calib_01550,0.043924477,0.95607555
calib_01551,0.17561175,0.82438827
calib_01552,0.30375472,0.69624525
calib_01553,0.5193511,0.48064893
calib_01554,0.96568733,0.034312695
calib_01555,0.6973178,0.30268222
calib_01556,0.03911279,0.96088725
calib_01557,0.4869986,0.51300144
calib_01558,0.007712955,0.99228704
calib_01559,0.113970995,0.886029
calib_01560,0.6104469,0.38955307
calib_01561,0.9871351,0.012864946
calib_01562,0.6449154,0.3550846
calib_01563,0.6658272,0.33417276
calib_01564,0.6610129,0.33898714
calib_01565,0.8352303,0.1647697
calib_01566,0.18672901,0.813271
calib_01567,0.44456467,0.55543536
calib_01568,0.99789715,0.0021027755
calib_01569,0.36382982,0.63617015
calib_01570,0.20217583,0.79782414
calib_01571,0.1751646,0.82483536
calib_01572,0.21130212,0.7886979
calib_01573,0.52820784,0.47179216
calib_01574,0.89274985,0.10725014
calib_01575,0.5955234,0.40447658
calib_01576,0.40966225,0.5903377
calib_01577,0.99999976,2.1396555e-07
calib_01578,0.9380219,0.061978072
calib_01579,0.88215107,0.11784894
calib_01580,0.00066366856,0.9993363
calib_01581,0.028719366,0.97128063
calib_01582,0.28334674,0.7166533
calib_01583,0.25272748,0.74727255
calib_01584,0.05557382,0.94442624
calib_01585,0.57899964,0.4210004
calib_01586,0.6121506,0.38784942
calib_01587,0.64182484,0.3581752
calib_01588,0.9991303,0.000869683
calib_01589,0.3115669,0.68843305
calib_01590,5.021368e-08,1.0
calib_01591,0.12247628,0.8775237
calib_01592,0.9999865,1.351976e-05
calib_01593,0.50973266,0.49026737
calib_01594,0.7407216,0.25927842
calib_01595,0.7660883,0.23391168
calib_01596,0.037545044,0.9624549
calib_01597,0.9968088,0.0031911042
calib_01598,0.9421255,0.057874493
calib_01599,0.2654656,0.7345344
calib_01600,0.71539116,0.28460887
calib_01601,0.028705189,0.9712948
calib_01602,0.03960255,0.9603975
calib_01603,0.97699463,0.0230053
calib_01604,0.9797876,0.020212479
calib_01605,0.9812182,0.018781826
calib_01606,0.5305686,0.46943143
calib_01607,0.23714396,0.76285607
calib_01608,0.9976349,0.0023651135
calib_01609,0.9743931,0.025606833
calib_01610,0.91524935,0.084750645
calib_01611,0.062525176,0.9374748
calib_01612,0.52684486,0.47315517
calib_01613,0.12333459,0.8766654
calib_01614,0.46768516,0.53231484
calib_01615,0.26694253,0.73305744
calib_01616,0.0020558566,0.9979442
calib_01617,0.15684164,0.84315836
calib_01618,0.9843556,0.015644368
calib_01619,0.021600459,0.9783996
calib_01620,0.0064834272,0.99351656
calib_01621,0.8975325,0.10246746
calib_01622,0.5503508,0.4496492
calib_01623,0.038178343,0.9618216
calib_01624,0.7509422,0.24905784
calib_01625,0.071310475,0.9286895
calib_01626,0.9929095,0.007090423
calib_01627,0.19709103,0.80290896
calib_01628,0.99746454,0.0025354451
calib_01629,0.7322362,0.26776373
calib_01630,0.08697691,0.9130231
calib_01631,0.26859897,0.731401
calib_01632,0.26672387,0.7332761
calib_01633,0.25861695,0.741383
calib_01634,0.8303392,0.1696608
calib_01635,0.05895373,0.9410463
calib_01636,0.1947898,0.8052102
calib_01637,0.9694886,0.030511357
calib_01638,0.15631936,0.8436807
calib_01639,0.003243143,0.99675685
calib_01640,0.50187355,0.4981264
calib_01641,0.16796671,0.8320333
calib_01642,0.6218622,0.37813783
calib_01643,0.45397356,0.54602647
calib_01644,0.86131567,0.13868438
calib_01645,0.44308245,0.55691755
calib_01646,0.55747783,0.44252217
calib_01647,0.0014047713,0.9985952
calib_01648,0.9977913,0.0022086839
calib_01649,0.8494326,0.15056737
calib_01650,0.32074207,0.67925787
calib_01651,0.051874377,0.94812566
calib_01652,0.8578815,0.14211848
calib_01653,0.081593476,0.91840655
calib_01654,0.00035715205,0.99964285
calib_01655,0.28373966,0.7162604
calib_01656,0.3402993,0.65970075
calib_01657,0.8236596,0.17634043
calib_01658,0.084615275,0.91538477
calib_01659,0.5821541,0.41784593
calib_01660,3.1838294e-08,1.0
calib_01661,0.31566563,0.6843344
calib_01662,0.94374853,0.05625147
calib_01663,0.8927927,0.10720729
calib_01664,0.82288295,0.17711699
calib_01665,0.9936692,0.0063308175
calib_01666,0.17716183,0.8228382
calib_01667,0.2555591,0.7444409
calib_01668,0.02101219,0.9789878
calib_01669,0.7071198,0.29288015
calib_01670,0.999998,2.0356847e-06
calib_01671,0.00086585054,0.9991341
calib_01672,0.5342801,0.46571988
calib_01673,0.40753937,0.59246063
calib_01674,0.53100294,0.468997
calib_01675,0.17759565,0.8224043
calib_01676,0.042035133,0.95796484
calib_01677,0.9704705,0.02952949
calib_01678,0.37073883,0.6292612
calib_01679,0.90246624,0.09753372
calib_01680,0.23621513,0.7637849
calib_01681,0.9963121,0.0036879443
calib_01682,0.51374805,0.48625192
calib_01683,0.9859993,0.0140006365
calib_01684,0.16755065,0.8324494
calib_01685,0.6655081,0.33449194
calib_01686,0.8563327,0.14366722
calib_01687,0.46757907,0.53242093
calib_01688,0.6072949,0.39270505
calib_01689,0.16600008,0.83399993
calib_01690,0.3951068,0.6048932
calib_01691,0.00028621758,0.9997137
calib_01692,0.87573916,0.12426089
calib_01693,0.960889,0.03911098
calib_01694,0.7024905,0.2975095
calib_01695,0.04756274,0.9524372
calib_01696,0.89255345,0.10744661
calib_01697,0.99875355,0.0012464385
calib_01698,0.24713326,0.7528667
calib_01699,0.76378036,0.23621966
calib_01700,0.9918628,0.008137264
calib_01701,0.8964679,0.103532046
calib_01702,0.051525787,0.9484743
calib_01703,0.13630031,0.8636997
calib_01704,0.52154803,0.47845194
calib_01705,0.7568155,0.24318452
calib_01706,0.82119936,0.17880063
calib_01707,0.6924924,0.30750754
calib_01708,0.8258783,0.17412168
calib_01709,0.94569033,0.054309707
calib_01710,0.15228155,0.8477184
calib_01711,0.8587869,0.14121307
calib_01712,0.445498,0.554502
calib_01713,0.9672771,0.032722935
calib_01714,0.99682814,0.0031718444
calib_01715,0.8424679,0.15753211
calib_01716,0.00027990658,0.99972004
calib_01717,0.606845,0.39315498
calib_01718,0.51723814,0.48276192
calib_01719,0.48674783,0.5132522
calib_01720,0.014858936,0.98514104
calib_01721,0.72968197,0.27031797
calib_01722,0.6749785,0.32502145
calib_01723,0.40779388,0.5922061
calib_01724,1.0,1.6097513e-08
calib_01725,0.0007938225,0.99920624
calib_01726,0.07806766,0.92193234
calib_01727,0.9035896,0.09641037
calib_01728,0.81437683,0.18562317
calib_01729,0.69117475,0.30882528
calib_01730,0.5686148,0.43138522
calib_01731,0.31842634,0.6815736
calib_01732,0.9828908,0.017109204
calib_01733,0.36934844,0.6306516
calib_01734,0.6984313,0.3015687
calib_01735,0.977647,0.02235304
calib_01736,0.6531858,0.34681416
calib_01737,0.89986914,0.10013087
calib_01738,0.47903997,0.52096003
calib_01739,0.36630848,0.6336915
calib_01740,0.9902711,0.009728944
calib_01741,0.9835476,0.016452357
calib_01742,0.90256745,0.09743253
calib_01743,0.051535763,0.94846416
calib_01744,0.1824296,0.8175704
calib_01745,0.6737387,0.3262613
calib_01746,0.10825918,0.89174086
calib_01747,0.9248938,0.07510626
calib_01748,0.38952276,0.6104772
calib_01749,0.4136791,0.5863209
calib_01750,0.19767457,0.8023255
calib_01751,0.85197514,0.14802478
calib_01752,0.45730543,0.5426945
calib_01753,0.27778035,0.72221965
calib_01754,0.17401798,0.82598203
calib_01755,0.16060342,0.8393966
calib_01756,0.5721504,0.4278496
calib_01757,0.047672827,0.95232713
calib_01758,0.9396501,0.060349837
calib_01759,0.0131935375,0.98680645
calib_01760,0.9939598,0.006040272
calib_01761,0.96517843,0.034821622
calib_01762,0.34473604,0.65526396
calib_01763,0.7168795,0.28312054
calib_01764,0.9174363,0.082563765
calib_01765,0.010748453,0.98925155
calib_01766,0.10033424,0.8996658
calib_01767,0.8592046,0.14079536
calib_01768,0.6255734,0.37442657
calib_01769,0.75050426,0.2494958
calib_01770,0.8713675,0.12863252
calib_01771,0.9968929,0.0031070712
calib_01772,0.9909991,0.00900091
calib_01773,0.2699357,0.7300643
calib_01774,0.07558479,0.92441523
calib_01775,0.95815676,0.041843183
calib_01776,0.9838081,0.016191937
calib_01777,0.074022606,0.9259774
calib_01778,0.87015396,0.12984604
calib_01779,0.88403183,0.11596819
calib_01780,0.82334584,0.17665416
calib_01781,0.90695065,0.09304929
calib_01782,0.22380035,0.7761997
calib_01783,0.6719968,0.32800323
calib_01784,0.78430575,0.21569426
calib_01785,0.09295055,0.9070494
calib_01786,0.65479755,0.34520245
calib_01787,0.16310939,0.8368906
calib_01788,0.110770226,0.8892298
calib_01789,0.4794444,0.52055556
calib_01790,0.784589,0.215411
calib_01791,0.6583801,0.3416199
calib_01792,0.4847409,0.5152591
calib_01793,0.08467166,0.9153283
calib_01794,0.8705276,0.12947235
calib_01795,0.20534599,0.794654
calib_01796,0.1148443,0.8851557
calib_01797,0.095941715,0.90405834
calib_01798,0.8740736,0.12592633
calib_01799,0.91944176,0.08055817
calib_01800,0.67219377,0.32780617
calib_01801,0.9990005,0.0009995755
calib_01802,0.09855466,0.9014453
calib_01803,0.062651806,0.9373482
calib_01804,0.8071088,0.19289115
calib_01805,0.9999778,2.2179096e-05
calib_01806,0.28697485,0.71302515
calib_01807,0.4038677,0.5961323
calib_01808,0.094869435,0.90513057
calib_01809,0.745256,0.254744
calib_01810,0.020266244,0.97973377
calib_01811,0.766855,0.23314497
calib_01812,0.9744887,0.025511278
calib_01813,0.62276495,0.37723508
calib_01814,0.26169187,0.73830813
calib_01815,0.6596171,0.34038287
calib_01816,0.84452504,0.15547495
calib_01817,0.08524707,0.9147529
calib_01818,0.3597707,0.6402293
calib_01819,0.90930945,0.090690546
calib_01820,0.15413354,0.84586644
calib_01821,0.5409661,0.4590339
calib_01822,0.992774,0.0072259875
calib_01823,0.4869188,0.5130812
calib_01824,0.50215614,0.49784377
calib_01825,0.005536553,0.9944634
calib_01826,0.16149305,0.83850694
calib_01827,0.94273514,0.057264876
calib_01828,0.7332819,0.26671806
calib_01829,0.0118686175,0.9881314
calib_01830,0.013572463,0.9864275
calib_01831,0.903912,0.09608802
calib_01832,0.19693066,0.80306935
calib_01833,0.0098468475,0.99015313
calib_01834,0.93849635,0.061503593
calib_01835,0.1115416,0.8884584
calib_01836,0.09712306,0.9028769
calib_01837,0.99168444,0.008315522
calib_01838,0.13135041,0.8686496
calib_01839,0.99998474,1.526378e-05
calib_01840,0.5403479,0.45965213
calib_01841,0.010791142,0.9892089
calib_01842,0.2199698,0.7800302
calib_01843,0.8028602,0.19713978
calib_01844,0.57030404,0.42969602
calib_01845,0.99959093,0.0004090581
calib_01846,0.26039937,0.7396006
calib_01847,0.10789751,0.8921025
calib_01848,0.3683285,0.63167155
calib_01849,0.27202252,0.72797745
calib_01850,0.74285465,0.25714538
calib_01851,0.13330932,0.8666907
calib_01852,0.99406177,0.005938245
calib_01853,0.0017687718,0.99823123
calib_01854,0.07058133,0.9294187
calib_01855,0.35783875,0.6421612
calib_01856,0.998206,0.0017939566
calib_01857,0.5886545,0.41134548
calib_01858,0.9654429,0.03455713
calib_01859,0.020727567,0.9792724
calib_01860,0.6578861,0.34211394
calib_01861,0.6798653,0.32013464
calib_01862,0.01461019,0.9853898
calib_01863,0.3274584,0.6725416
calib_01864,0.5257193,0.47428071
calib_01865,0.1094074,0.8905926
calib_01866,0.38112393,0.6188761
calib_01867,0.82031214,0.17968787
calib_01868,0.19367103,0.80632895
calib_01869,0.53512585,0.46487418
calib_01870,0.16008762,0.83991235
calib_01871,0.9821103,0.01788971
calib_01872,0.3521215,0.6478785
calib_01873,0.96836746,0.031632587
calib_01874,0.02888121,0.9711188
calib_01875,0.9444218,0.055578154
calib_01876,0.9544531,0.045546897
calib_01877,0.49280062,0.50719935
calib_01878,0.7192991,0.28070092
calib_01879,0.9451518,0.054848146
calib_01880,0.19594932,0.8040507
calib_01881,0.81335497,0.18664502
calib_01882,0.17687535,0.82312465
calib_01883,0.020858636,0.9791414
calib_01884,0.8868046,0.113195404
calib_01885,0.1378095,0.8621905
calib_01886,0.09189266,0.90810734
calib_01887,0.55344284,0.44655713
calib_01888,0.99876815,0.0012317747
calib_01889,0.009547514,0.9904525
calib_01890,1.0,1.3440867e-16
calib_01891,0.97427636,0.025723668
calib_01892,0.5367497,0.46325025
calib_01893,0.8349344,0.16506556
calib_01894,0.8178547,0.18214527
calib_01895,0.30535793,0.69464207
calib_01896,0.66025776,0.33974224
calib_01897,0.0057612294,0.99423873
calib_01898,0.12438178,0.8756182
calib_01899,0.13591236,0.86408764
calib_01900,0.56847435,0.43152562
calib_01901,0.22114159,0.7788584
calib_01902,0.9953171,0.004682956
calib_01903,0.84420544,0.15579452
calib_01904,0.00024178035,0.9997582
calib_01905,0.52248836,0.47751167
calib_01906,0.9682292,0.031770803
calib_01907,0.98370266,0.0162974
calib_01908,0.705017,0.29498297
calib_01909,0.4885279,0.5114721
calib_01910,0.0002881058,0.9997118
calib_01911,0.49978873,0.5002113
calib_01912,0.4484944,0.55150557
calib_01913,0.002577195,0.9974228
calib_01914,0.39072633,0.6092737
calib_01915,0.3522194,0.64778054
calib_01916,0.21547106,0.784529
calib_01917,0.043899383,0.95610064
calib_01918,0.19604424,0.8039558
calib_01919,0.78195864,0.21804135
calib_01920,0.9049639,0.09503614
calib_01921,0.97935474,0.020645337
calib_01922,0.1286282,0.87137175
calib_01923,0.051641658,0.94835836
calib_01924,0.062336996,0.937663
calib_01925,0.8152034,0.18479653
calib_01926,0.9735401,0.026459828
calib_01927,0.47361562,0.5263844
calib_01928,0.8374274,0.16257258
calib_01929,0.72311026,0.27688977
calib_01930,0.53929275,0.46070728
calib_01931,0.8563097,0.14369024
calib_01932,0.08601035,0.91398966
calib_01933,0.60325074,0.3967493
calib_01934,0.6628751,0.3371249
calib_01935,0.006312623,0.99368733
calib_01936,0.22024275,0.7797572
calib_01937,0.99534374,0.0046562566
calib_01938,0.3448295,0.6551705
calib_01939,0.45338288,0.5466171
calib_01940,0.34920835,0.65079165
calib_01941,0.73376375,0.26623625
calib_01942,0.5721211,0.42787892
calib_01943,0.5583128,0.4416872
calib_01944,0.46647412,0.5335259
calib_01945,0.37227565,0.62772435
calib_01946,0.09201286,0.9079871
calib_01947,0.71011347,0.28988653
calib_01948,0.01605818,0.98394185
calib_01949,0.43387815,0.5661219
calib_01950,0.01889585,0.98110414
calib_01951,0.0031343605,0.9968656
calib_01952,0.78830314,0.2116968
calib_01953,0.034491427,0.9655086
calib_01954,0.91696596,0.083034076
calib_01955,0.022283467,0.9777165
calib_01956,0.1949711,0.8050289
calib_01957,0.99313253,0.006867431
calib_01958,0.04092678,0.95907325
calib_01959,0.23720133,0.76279867
calib_01960,0.0007175304,0.99928254
calib_01961,0.81905484,0.18094519
calib_01962,0.39956066,0.6004393
calib_01963,0.19274244,0.80725753
calib_01964,0.99655056,0.003449387
calib_01965,6.897572e-05,0.999931
calib_01966,0.9878292,0.012170778
calib_01967,0.39358443,0.60641557
calib_01968,0.7018036,0.29819638
calib_01969,0.88360363,0.116396345
calib_01970,0.02662817,0.9733718
calib_01971,0.0071538887,0.9928461
calib_01972,0.840278,0.15972197
calib_01973,0.6465716,0.35342842
calib_01974,0.9994462,0.0005537384
calib_01975,0.8852989,0.114701115
calib_01976,0.32239226,0.6776077
calib_01977,0.7793699,0.22063012
calib_01978,0.99990094,9.907145e-05
calib_01979,0.1754759,0.82452404
calib_01980,0.89744264,0.10255741
calib_01981,0.1346595,0.8653405
calib_01982,0.3223673,0.6776327
calib_01983,0.069968365,0.9300316
calib_01984,0.48572463,0.5142754
calib_01985,0.037081257,0.9629187
calib_01986,0.92760086,0.072399184
calib_01987,0.023069492,0.9769305
calib_01988,0.77256775,0.22743222
calib_01989,0.85752475,0.14247526
calib_01990,0.023063475,0.9769365
calib_01991,0.992192,0.0078080376
calib_01992,0.41161248,0.58838755
calib_01993,0.99345267,0.0065472866
calib_01994,0.99999976,1.816188e-07
calib_01995,0.9406521,0.05934799
calib_01996,0.0034076497,0.99659234
calib_01997,0.10771148,0.89228857
calib_01998,0.16897295,0.83102703
calib_01999,0.019351423,0.9806486
calib_02000,0.049545936,0.9504541
calib_02001,0.00027910236,0.9997209
calib_02002,0.9025781,0.09742189
calib_02003,0.019150889,0.9808491
calib_02004,0.9373489,0.06265107
calib_02005,0.62216836,0.37783164
calib_02006,0.04768303,0.952317
calib_02007,0.0004013982,0.99959856
calib_02008,0.999969,3.104967e-05
calib_02009,0.999863,0.00013690299
calib_02010,0.7792505,0.2207495
calib_02011,0.035225254,0.9647747
calib_02012,9.449992e-05,0.99990547
calib_02013,0.008126061,0.9918739
calib_02014,0.8542515,0.14574845
calib_02015,0.00017278643,0.9998272
calib_02016,0.99988246,0.0001174808
calib_02017,0.00066396774,0.99933606
calib_02018,0.11673323,0.88326675
calib_02019,0.66074383,0.33925617
calib_02020,0.90893626,0.09106372
calib_02021,0.0298377,0.9701623
calib_02022,0.0009318703,0.9990682
calib_02023,0.00030725787,0.9996928
calib_02024,0.0002090036,0.99979097
calib_02025,0.08937311,0.9106268
calib_02026,0.9998585,0.00014152695
calib_02027,0.015651904,0.9843481
calib_02028,0.21505016,0.78494984
calib_02029,0.19802506,0.80197495
calib_02030,0.00553618,0.99446386
calib_02031,0.9547239,0.04527614
calib_02032,0.9889203,0.0110797435
calib_02033,0.9690786,0.03092138
calib_02034,0.011082758,0.98891723
calib_02035,0.4154812,0.5845188
calib_02036,0.45862895,0.54137105
calib_02037,0.8960064,0.103993624
calib_02038,0.9998888,0.00011120744
calib_02039,0.8779991,0.12200086
calib_02040,0.0026166355,0.9973833
calib_02041,0.99866235,0.0013376303
calib_02042,0.5755272,0.4244728
calib_02043,0.9809225,0.019077454
calib_02044,0.99120516,0.00879485
calib_02045,1.1286526e-05,0.9999887
calib_02046,0.0047695036,0.9952305
calib_02047,0.995952,0.004047985
calib_02048,0.004899474,0.99510056
calib_02049,0.97217506,0.027824938
calib_02050,0.99956435,0.00043564962
calib_02051,1.9438081e-05,0.99998057
calib_02052,0.91394544,0.08605461
calib_02053,9.5315525e-05,0.99990463
calib_02054,0.9986929,0.001307096
calib_02055,0.02344919,0.9765509
calib_02056,2.3351716e-07,0.99999976
calib_02057,0.020459678,0.97954035
calib_02058,0.9999101,8.9866044e-05
calib_02059,0.99651754,0.003482428
calib_02060,0.6123142,0.3876858
calib_02061,0.00019954106,0.9998005
calib_02062,0.008098226,0.9919018
calib_02063,0.05876653,0.9412335
calib_02064,0.99414,0.005860058
calib_02065,0.35453773,0.6454623
calib_02066,0.99998534,1.4693623e-05
calib_02067,0.27761725,0.7223827
calib_02068,0.9975829,0.002417114
calib_02069,0.9999975,2.5372117e-06
calib_02070,0.00046754192,0.99953246
calib_02071,0.004843559,0.9951565
calib_02072,0.9999114,8.8555804e-05
calib_02073,0.9686775,0.031322468
calib_02074,0.99886227,0.0011377236
calib_02075,0.005283343,0.9947167
calib_02076,0.97340935,0.026590673
calib_02077,0.8233024,0.17669761
calib_02078,0.23275277,0.7672472
calib_02079,0.9380216,0.061978392
calib_02080,2.2865692e-05,0.9999771
calib_02081,0.0014339485,0.9985661
calib_02082,0.07553654,0.92446345
calib_02083,0.004925319,0.9950747
calib_02084,0.7448928,0.2551072
calib_02085,0.9991493,0.00085070025
calib_02086,0.01765703,0.982343
calib_02087,0.09389291,0.90610707
calib_02088,0.99810696,0.001892986
calib_02089,0.9334502,0.066549756
calib_02090,0.0064353547,0.99356467
calib_02091,0.094928004,0.905072
calib_02092,0.91271365,0.087286375
calib_02093,0.9994216,0.0005784564
calib_02094,0.47286808,0.5271319
calib_02095,0.001330785,0.99866927
calib_02096,0.9994623,0.00053764496
calib_02097,0.99781525,0.0021847642
calib_02098,0.010958156,0.98904186
calib_02099,0.9993488,0.00065118074
calib_02100,0.9994917,0.0005082553
calib_02101,0.8808098,0.11919017
calib_02102,0.012957475,0.98704255
calib_02103,0.10435567,0.8956443
calib_02104,0.0007463546,0.9992536
calib_02105,0.00070919306,0.9992908
calib_02106,0.0074909893,0.99250907
calib_02107,0.0007240074,0.999276
calib_02108,0.99042016,0.009579823
calib_02109,0.9999726,2.7400501e-05
calib_02110,0.9990305,0.0009695727
calib_02111,0.85528433,0.14471564
calib_02112,4.1084473e-05,0.9999589
calib_02113,0.9996284,0.00037160874
calib_02114,0.92545754,0.074542515
calib_02115,0.9019482,0.09805182
calib_02116,0.9708143,0.029185774
calib_02117,0.003404807,0.9965952
calib_02118,0.8745641,0.12543589
calib_02119,0.0066883927,0.99331164
calib_02120,0.016150318,0.98384964
calib_02121,0.0030925542,0.9969074
calib_02122,0.85067445,0.14932558
calib_02123,0.08186058,0.9181394
calib_02124,0.999913,8.7058885e-05
calib_02125,0.06516344,0.93483657
calib_02126,0.10090045,0.8990996
calib_02127,0.9902294,0.009770529
calib_02128,0.017243609,0.9827564
calib_02129,0.94509727,0.054902665
calib_02130,9.947188e-05,0.99990046
calib_02131,0.99998903,1.10054125e-05
calib_02132,0.95921415,0.040785827
calib_02133,0.0034650005,0.99653494
calib_02134,0.99874496,0.0012549517
calib_02135,0.28062195,0.719378
calib_02136,0.01995658,0.9800434
calib_02137,0.9724125,0.027587423
calib_02138,0.00288373,0.9971163
calib_02139,5.3661053e-05,0.99994636
calib_02140,0.05736952,0.94263047
calib_02141,0.16505723,0.83494276
calib_02142,0.9997446,0.0002554225
calib_02143,0.9999647,3.534054e-05
calib_02144,0.0025326684,0.9974673
calib_02145,0.009083183,0.9909168
calib_02146,0.8954718,0.10452817
calib_02147,0.5163739,0.48362616
calib_02148,0.9945058,0.0054941885
calib_02149,0.61412615,0.38587388
calib_02150,0.9974017,0.0025982736
calib_02151,0.020892987,0.979107
calib_02152,0.28819644,0.71180356
calib_02153,0.019024193,0.98097587
calib_02154,0.005959458,0.99404055
calib_02155,0.2434762,0.7565238
calib_02156,0.9594488,0.0405512
calib_02157,0.0016637127,0.9983364
calib_02158,0.23457888,0.7654211
calib_02159,0.861525,0.13847497
calib_02160,0.98781127,0.012188712
calib_02161,6.635904e-05,0.9999336
calib_02162,0.9723521,0.027647885
calib_02163,0.0036904642,0.99630946
calib_02164,0.98782384,0.012176173
calib_02165,8.42828e-06,0.99999154
calib_02166,0.97401965,0.025980307
calib_02167,0.0034686378,0.9965314
calib_02168,0.648975,0.351025
calib_02169,0.8522913,0.14770868
calib_02170,8.2629094e-07,0.99999917
calib_02171,0.0025913785,0.99740857
calib_02172,0.01038207,0.9896179
calib_02173,0.31054404,0.689456
calib_02174,0.006392808,0.99360716
calib_02175,0.41925415,0.5807459
calib_02176,0.597545,0.40245494
calib_02177,0.7007942,0.2992058
calib_02178,0.016165335,0.9838346
calib_02179,0.9999131,8.68727e-05
calib_02180,0.9985116,0.0014884172
calib_02181,0.99851257,0.0014874053
calib_02182,0.008104307,0.99189574
calib_02183,0.90032536,0.09967461
calib_02184,0.19021074,0.8097892
calib_02185,0.9999349,6.506104e-05
calib_02186,0.00040166266,0.9995983
calib_02187,0.4352398,0.56476027
calib_02188,0.97595084,0.02404918
calib_02189,0.9993156,0.0006844185
calib_02190,0.74751663,0.2524833
calib_02191,0.99401844,0.0059815715
calib_02192,0.9414045,0.058595523
calib_02193,0.90189964,0.09810039
calib_02194,8.3358345e-06,0.99999166
calib_02195,0.99901915,0.0009808943
calib_02196,0.9639067,0.036093347
calib_02197,0.4651771,0.53482294
calib_02198,0.11753036,0.88246965
calib_02199,0.004028988,0.995971
calib_02200,0.95254666,0.047453355
calib_02201,0.03254496,0.967455
calib_02202,0.9998747,0.00012522354
calib_02203,0.017423969,0.982576
calib_02204,0.0011866523,0.9988134
calib_02205,0.12553501,0.874465
calib_02206,0.08824201,0.91175795
calib_02207,0.00024324445,0.99975675
calib_02208,0.035141457,0.9648586
calib_02209,0.9946144,0.0053855735
calib_02210,0.0047296593,0.9952703
calib_02211,0.7339797,0.26602024
calib_02212,0.89186186,0.10813817
calib_02213,0.7425269,0.25747308
calib_02214,0.3007602,0.69923973
calib_02215,2.28268e-05,0.99997723
calib_02216,0.3290254,0.6709746
calib_02217,0.9963315,0.003668491
calib_02218,0.8414442,0.15855575
calib_02219,5.9981667e-06,0.99999404
calib_02220,0.028317355,0.9716826
calib_02221,2.6665377e-05,0.9999733
calib_02222,0.99494237,0.0050575864
calib_02223,0.9998603,0.0001396474
calib_02224,0.02542291,0.97457707
calib_02225,0.00036562362,0.9996344
calib_02226,0.36207566,0.6379243
calib_02227,0.0028697634,0.9971302
calib_02228,0.08178209,0.9182179
calib_02229,0.43408898,0.565911
calib_02230,0.99974495,0.00025503803
calib_02231,0.99951637,0.00048369137
calib_02232,0.98823535,0.011764619
calib_02233,0.9972606,0.0027393848
calib_02234,0.006073911,0.9939261
calib_02235,0.999858,0.00014192617
calib_02236,0.9981059,0.0018941071
calib_02237,0.97916394,0.020836065
calib_02238,0.99995804,4.1935567e-05
calib_02239,0.0015094602,0.9984906
calib_02240,0.9764281,0.023571918
calib_02241,0.00019025906,0.9998098
calib_02242,0.8909465,0.1090535
calib_02243,0.99984,0.000159913
calib_02244,0.02764703,0.972353
calib_02245,0.94131184,0.05868811
calib_02246,0.110753685,0.8892463
calib_02247,0.006274363,0.9937256
calib_02248,0.00045979148,0.9995402
calib_02249,0.9980263,0.0019736427
calib_02250,0.60222036,0.3977796
calib_02251,0.00031078054,0.9996892
calib_02252,0.99991035,8.967147e-05
calib_02253,0.9999782,2.1791024e-05
calib_02254,0.0066598803,0.9933401
calib_02255,0.90606177,0.09393827
calib_02256,0.5212324,0.4787676
calib_02257,0.9989496,0.0010504199
calib_02258,0.9011678,0.0988322
calib_02259,0.28741765,0.7125823
calib_02260,0.0058169113,0.9941831
calib_02261,0.99200845,0.007991494
calib_02262,0.77518606,0.22481391
calib_02263,0.99926406,0.0007359174
calib_02264,0.0007460642,0.9992539
calib_02265,0.053115062,0.94688493
calib_02266,0.001849569,0.9981504
calib_02267,0.99937266,0.00062739046
calib_02268,0.99999166,8.341711e-06
calib_02269,3.5393325e-05,0.9999646
calib_02270,0.23307137,0.76692855
calib_02271,0.25595176,0.74404824
calib_02272,0.99949944,0.0005005114
calib_02273,0.024255317,0.9757447
calib_02274,0.008714362,0.9912856
calib_02275,0.5256474,0.4743526
calib_02276,2.5924724e-05,0.99997413
calib_02277,0.9998809,0.00011912724
calib_02278,0.103923135,0.89607686
calib_02279,0.9999641,3.5929486e-05
calib_02280,0.9999976,2.383247e-06
calib_02281,0.9799999,0.020000098
calib_02282,0.98758334,0.012416632
calib_02283,0.9999466,5.345094e-05
calib_02284,0.08054694,0.9194531
calib_02285,0.9990872,0.00091276714
calib_02286,0.9999999,6.10711e-08
calib_02287,1.4573299e-05,0.99998546
calib_02288,5.7190915e-05,0.9999428
calib_02289,0.00020854935,0.99979144
calib_02290,0.80603105,0.19396894
calib_02291,0.9998709,0.00012913303
calib_02292,0.93506217,0.064937845
calib_02293,0.9999329,6.7094676e-05
calib_02294,0.01386177,0.9861383
calib_02295,0.9936212,0.0063787787
calib_02296,0.9924694,0.0075306506
calib_02297,0.0035542054,0.99644583
calib_02298,1.9892997e-05,0.9999801
calib_02299,0.95814,0.041859962
calib_02300,0.9990355,0.0009645779
calib_02301,0.95658976,0.04341029
calib_02302,0.0023665563,0.99763346
calib_02303,0.43670005,0.56329995
calib_02304,0.00252302,0.997477
calib_02305,0.9470661,0.05293388
calib_02306,0.032329157,0.96767086
calib_02307,0.9833439,0.016656086
calib_02308,0.76856744,0.23143256
calib_02309,0.3775446,0.6224554
calib_02310,0.93573105,0.06426892
calib_02311,0.0011009198,0.9988991
calib_02312,0.84855956,0.15144044
calib_02313,5.511234e-05,0.9999449
calib_02314,0.9873553,0.012644763
calib_02315,0.99996567,3.4345994e-05
calib_02316,0.99951994,0.00048008322
calib_02317,0.00071762066,0.9992824
calib_02318,0.9999802,1.9765448e-05
calib_02319,0.9999243,7.5706834e-05
calib_02320,0.99990773,9.22401e-05
calib_02321,0.0066332775,0.99336666
calib_02322,0.9961029,0.0038970786
calib_02323,0.47779474,0.5222053
calib_02324,0.9154189,0.08458105
calib_02325,0.5263755,0.4736245
calib_02326,0.91819483,0.081805125
calib_02327,0.91319996,0.08680004
calib_02328,0.96976995,0.030230002
calib_02329,0.0002277302,0.99977225
calib_02330,0.0032710743,0.9967289
calib_02331,0.9995828,0.000417167
calib_02332,0.52976245,0.47023755
calib_02333,0.3350371,0.6649629
calib_02334,0.00014068346,0.99985933
calib_02335,0.99997914,2.0846748e-05
calib_02336,0.9110173,0.088982694
calib_02337,4.1426672e-05,0.9999585
calib_02338,0.99999046,9.506645e-06
calib_02339,9.0949274e-05,0.99990904
calib_02340,0.0026262926,0.9973737
calib_02341,0.5144828,0.4855172
calib_02342,0.5624503,0.43754968
calib_02343,0.10837104,0.8916289
calib_02344,0.994204,0.0057960735
calib_02345,0.99875665,0.0012433999
calib_02346,0.86231065,0.13768929
calib_02347,0.93032277,0.06967716
calib_02348,0.48317116,0.5168289
calib_02349,0.008887028,0.991113
calib_02350,0.023016816,0.9769832
calib_02351,0.9983069,0.0016931267
calib_02352,0.010325472,0.9896745
calib_02353,0.9976948,0.0023052031
calib_02354,0.9591944,0.04080557
calib_02355,0.43965986,0.56034017
calib_02356,0.2311121,0.76888794
calib_02357,0.12415843,0.87584156
calib_02358,0.013297842,0.98670214
calib_02359,0.09959122,0.9004088
calib_02360,0.9566497,0.043350253
calib_02361,0.58114994,0.4188501
calib_02362,0.018153694,0.9818463
calib_02363,2.6342237e-05,0.99997365
calib_02364,0.9021672,0.09783275
calib_02365,0.05757803,0.942422
calib_02366,0.9931745,0.006825545
calib_02367,0.15526755,0.84473246
calib_02368,0.08990009,0.91009986
calib_02369,0.91877484,0.081225194
calib_02370,0.9948238,0.005176151
calib_02371,0.99967027,0.0003296982
calib_02372,0.07717923,0.9228208
calib_02373,0.0006102743,0.99938977
calib_02374,0.004345917,0.9956541
calib_02375,0.00032234215,0.99967766
calib_02376,0.19300476,0.8069953
calib_02377,0.038863294,0.9611367
calib_02378,0.57524735,0.42475262
calib_02379,0.0014321532,0.9985678
calib_02380,0.005040507,0.9949595
calib_02381,0.9994254,0.00057455857
calib_02382,0.99675757,0.003242454
calib_02383,0.00034589198,0.99965405
calib_02384,0.59550023,0.40449983
calib_02385,0.00037352473,0.9996264
calib_02386,0.071897894,0.9281021
calib_02387,0.7913572,0.20864281
calib_02388,4.9176942e-06,0.9999951
calib_02389,4.162527e-05,0.9999584
calib_02390,0.014480289,0.98551977
calib_02391,0.9956267,0.0043732873
calib_02392,0.5588523,0.4411477
calib_02393,0.9730358,0.026964212
calib_02394,0.9089659,0.0910341
calib_02395,0.027444733,0.9725552
calib_02396,0.0574263,0.94257367
calib_02397,0.4516157,0.5483843
calib_02398,0.997552,0.0024480869
calib_02399,0.9999372,6.284022e-05
calib_02400,0.99757844,0.0024215565
calib_02401,0.025900187,0.9740999
calib_02402,0.9999672,3.276251e-05
calib_02403,0.9999615,3.846891e-05
calib_02404,0.16629094,0.83370906
calib_02405,0.9933882,0.0066118212
calib_02406,0.99720025,0.0027997764
calib_02407,0.99985313,0.00014690343
calib_02408,0.66177267,0.33822727
calib_02409,0.9648735,0.03512649
calib_02410,0.9618071,0.038192898
calib_02411,0.036128256,0.9638718
calib_02412,0.010425066,0.98957497
calib_02413,0.018505434,0.98149455
calib_02414,0.9997471,0.00025288184
calib_02415,0.0024074798,0.9975925
calib_02416,8.1044804e-05,0.99991894
calib_02417,0.96977913,0.030220816
calib_02418,0.00015124946,0.9998487
calib_02419,0.9999999,7.4361765e-08
calib_02420,0.9750157,0.024984356
calib_02421,0.00363843,0.99636155
calib_02422,0.0033988545,0.9966011
calib_02423,0.017072365,0.9829276
calib_02424,0.9952922,0.004707816
calib_02425,0.036915436,0.9630846
calib_02426,0.851619,0.14838098
calib_02427,0.0014931848,0.99850684
calib_02428,0.00019494265,0.99980503
calib_02429,0.47964132,0.5203587
calib_02430,0.9983551,0.0016449396
calib_02431,0.3916902,0.6083098
calib_02432,0.2248371,0.7751629
calib_02433,0.24998146,0.7500185
calib_02434,0.9850736,0.014926366
calib_02435,0.9999993,7.455333e-07
calib_02436,0.98312354,0.016876388
calib_02437,0.004169102,0.99583095
calib_02438,0.8945376,0.1054624
calib_02439,0.011969713,0.98803025
calib_02440,0.6193791,0.3806209
calib_02441,0.012771313,0.98722875
calib_02442,0.6349349,0.36506513
calib_02443,6.336375e-06,0.9999937
calib_02444,0.10008483,0.89991516
calib_02445,0.0015091958,0.9984908
calib_02446,0.0073541547,0.99264586
calib_02447,0.65936923,0.34063077
calib_02448,0.9703205,0.029679542
calib_02449,0.0014683371,0.9985317
calib_02450,0.002784944,0.99721503
calib_02451,0.9747063,0.025293734
calib_02452,0.99993956,6.042239e-05
calib_02453,9.579718e-05,0.99990416
calib_02454,0.0005011167,0.99949884
calib_02455,0.99959534,0.00040466254
calib_02456,0.90408725,0.09591275
calib_02457,0.2523042,0.74769574
calib_02458,0.0761203,0.92387974
calib_02459,0.99659747,0.0034025589
calib_02460,0.78164935,0.21835062
calib_02461,3.3963934e-05,0.999966
calib_02462,0.95638555,0.043614376
calib_02463,0.0033185615,0.9966814
calib_02464,0.9998869,0.00011310487
calib_02465,0.85998946,0.14001057
calib_02466,0.9265941,0.07340598
calib_02467,0.007299294,0.9927007
calib_02468,0.9553881,0.04461188
calib_02469,0.9999994,5.51093e-07
calib_02470,0.9787001,0.021299902
calib_02471,0.055421688,0.9445783
calib_02472,0.852575,0.14742506
calib_02473,0.9921388,0.007861238
calib_02474,0.7677717,0.23222823
calib_02475,0.9999416,5.843787e-05
calib_02476,0.00011424662,0.9998858
calib_02477,6.5847976e-06,0.99999344
calib_02478,0.99644274,0.003557248
calib_02479,0.00060973916,0.99939024
calib_02480,0.70715284,0.29284713
calib_02481,0.9996381,0.00036196082
calib_02482,0.9914669,0.0085331565
calib_02483,0.9982863,0.0017136965
calib_02484,0.9683515,0.031648565
calib_02485,0.9974648,0.0025351727
calib_02486,0.9992767,0.0007233156
calib_02487,0.016465094,0.98353493
calib_02488,0.7122557,0.2877443
calib_02489,0.014447424,0.9855526
calib_02490,0.00014961083,0.9998504
calib_02491,0.83957636,0.16042362
calib_02492,0.0003178401,0.9996822
calib_02493,0.9996762,0.0003237885
calib_02494,0.9993542,0.0006457588
calib_02495,3.2520802e-05,0.99996746
calib_02496,0.9994874,0.0005125309
calib_02497,0.9424911,0.057508964
calib_02498,0.13119406,0.86880594
calib_02499,0.0013187426,0.99868125
calib_02500,0.02033915,0.97966087
calib_02501,0.9979752,0.0020248378
calib_02502,0.99887305,0.001126912
calib_02503,0.0017463369,0.99825364
calib_02504,0.99976665,0.00023332376
calib_02505,0.003819872,0.9961802
calib_02506,0.9933113,0.0066887722
calib_02507,0.9979255,0.002074464
calib_02508,0.00017021142,0.99982977
calib_02509,0.99997103,2.8913642e-05
calib_02510,0.98182905,0.018170945
calib_02511,0.99997437,2.5639054e-05
calib_02512,0.007942036,0.992058
calib_02513,0.034843497,0.96515656
calib_02514,0.9789956,0.021004345
calib_02515,0.79897326,0.20102671
calib_02516,0.9975339,0.002466068
calib_02517,0.9950517,0.0049482835
calib_02518,0.9998785,0.00012143357
calib_02519,0.99736804,0.002632023
calib_02520,0.00025529493,0.9997447
calib_02521,0.70955163,0.29044837
calib_02522,0.83056957,0.16943043
calib_02523,0.9990096,0.0009903436
calib_02524,0.001025614,0.99897444
calib_02525,0.38842082,0.6115792
calib_02526,0.99717546,0.0028245796
calib_02527,0.98497504,0.015024955
calib_02528,0.000104766725,0.9998952
calib_02529,0.8508964,0.14910358
calib_02530,0.002896409,0.99710363
calib_02531,0.022928046,0.97707194
calib_02532,0.48487964,0.5151204
calib_02533,0.28279024,0.71720976
calib_02534,0.0039041948,0.99609584
calib_02535,0.002601847,0.99739814
calib_02536,0.021941876,0.97805816
calib_02537,0.13134103,0.8686589
calib_02538,0.21012834,0.7898717
calib_02539,0.037145037,0.9628549
calib_02540,0.9875186,0.01248142
calib_02541,0.962497,0.03750298
calib_02542,0.9987676,0.0012323674
calib_02543,0.9981402,0.0018597533
calib_02544,4.529698e-05,0.9999547
calib_02545,0.99821115,0.0017889257
calib_02546,0.99959034,0.00040969165
calib_02547,1.1532009e-06,0.9999988
calib_02548,0.03381226,0.9661877
calib_02549,0.115201056,0.88479894
calib_02550,0.001506911,0.9984931
calib_02551,0.99999654,3.4800496e-06
calib_02552,0.98625606,0.013743904
calib_02553,0.14107849,0.8589215
calib_02554,0.070783354,0.9292166
calib_02555,0.97627276,0.023727255
calib_02556,0.0037189054,0.9962811
calib_02557,0.9935822,0.0064177625
calib_02558,1.0604487e-05,0.9999894
calib_02559,0.9995877,0.0004122481
calib_02560,0.7828758,0.21712416
calib_02561,0.12529813,0.87470186
calib_02562,0.8676654,0.13233456
calib_02563,0.97347575,0.026524294
calib_02564,0.99839324,0.0016067505
calib_02565,0.7497654,0.25023457
calib_02566,0.99999154,8.4164085e-06
calib_02567,0.0026965726,0.99730337
calib_02568,0.018556232,0.98144376
calib_02569,0.006058458,0.99394155
calib_02570,0.0123719275,0.9876281
calib_02571,0.9883918,0.01160821
calib_02572,0.97805655,0.021943418
calib_02573,0.11300708,0.88699293
calib_02574,0.0053846366,0.9946154
calib_02575,0.17454807,0.8254519
calib_02576,0.87496984,0.12503019
calib_02577,0.9998691,0.00013083316
calib_02578,0.96450806,0.035491943
calib_02579,0.086242504,0.9137575
calib_02580,0.69964343,0.30035654
calib_02581,0.99976,0.0002400807
calib_02582,0.42958257,0.57041746
calib_02583,0.44288367,0.5571164
calib_02584,0.9999293,7.0711045e-05
calib_02585,0.9995857,0.0004143769
calib_02586,0.0018940143,0.998106
calib_02587,0.37137717,0.62862283
calib_02588,0.99980146,0.00019859448
calib_02589,0.74335307,0.2566469
calib_02590,0.0010222528,0.9989778
calib_02591,6.335741e-06,0.9999937
calib_02592,0.9999751,2.4927047e-05
calib_02593,0.3677265,0.6322735
calib_02594,7.6512806e-05,0.99992347
calib_02595,0.9989742,0.001025846
calib_02596,0.7826257,0.21737425
calib_02597,0.7529732,0.24702677
calib_02598,0.9999701,2.9901128e-05
calib_02599,0.02227044,0.9777296
calib_02600,0.9969208,0.0030792607
calib_02601,0.28823024,0.71176976
calib_02602,0.9996966,0.00030346573
calib_02603,0.9960634,0.003936542
calib_02604,0.01133738,0.98866266
calib_02605,0.9996941,0.00030589526
calib_02606,0.9618835,0.03811655
calib_02607,0.0069569293,0.99304307
calib_02608,0.00077304966,0.9992269
calib_02609,0.43949437,0.5605056
calib_02610,0.9984059,0.0015941011
calib_02611,1.158808e-06,0.9999988
calib_02612,0.7055523,0.29444772
calib_02613,4.865529e-05,0.99995136
calib_02614,0.165013,0.834987
calib_02615,0.0048699677,0.99513006
calib_02616,0.9895439,0.0104561215
calib_02617,0.9992824,0.00071765896
calib_02618,0.0641031,0.93589693
calib_02619,0.90074795,0.09925203
calib_02620,0.00013828269,0.9998617
calib_02621,6.549692e-05,0.99993455
calib_02622,0.6700862,0.32991382
calib_02623,0.007409856,0.9925902
calib_02624,0.5602921,0.43970788
calib_02625,0.0004239037,0.99957615
calib_02626,0.5758672,0.42413285
calib_02627,0.0018224267,0.9981775
calib_02628,0.8739295,0.1260705
calib_02629,0.9912845,0.008715474
calib_02630,0.9842204,0.015779598
calib_02631,0.066212595,0.9337874
calib_02632,0.088182755,0.9118172
calib_02633,0.26051962,0.7394804
calib_02634,0.9998951,0.00010493589
calib_02635,0.0038151373,0.9961849
calib_02636,0.6128123,0.38718772
calib_02637,0.9995183,0.0004817865
calib_02638,0.999345,0.0006549416
calib_02639,0.009899555,0.99010044
calib_02640,0.9994469,0.0005530941
calib_02641,0.37055424,0.6294458
calib_02642,0.99996734,3.2688862e-05
calib_02643,0.5800201,0.4199799
calib_02644,8.113071e-05,0.9999188
calib_02645,0.9961952,0.0038047559
calib_02646,0.0057110926,0.9942889
calib_02647,0.99977773,0.00022233471
calib_02648,0.99696225,0.0030377528
calib_02649,0.03140846,0.9685915
calib_02650,0.9887018,0.011298222
calib_02651,0.04445124,0.95554876
calib_02652,0.0720693,0.9279307
calib_02653,0.99853337,0.0014666258
calib_02654,0.99886864,0.0011313015
calib_02655,1.7072412e-06,0.99999833
calib_02656,0.9997738,0.00022623497
calib_02657,5.7388526e-05,0.99994266
calib_02658,0.026713556,0.97328645
calib_02659,0.00034893656,0.9996511
calib_02660,0.8481518,0.15184815
calib_02661,0.9983107,0.0016893034
calib_02662,0.9959657,0.00403429
calib_02663,0.33752012,0.6624799
calib_02664,0.0013757377,0.9986243
calib_02665,0.020840587,0.9791595
calib_02666,0.7788804,0.22111963
calib_02667,0.041583262,0.95841676
calib_02668,0.99999464,5.365308e-06
calib_02669,2.2531687e-05,0.99997747
calib_02670,0.9999908,9.185487e-06
calib_02671,0.069272056,0.9307279
calib_02672,0.909416,0.09058398
calib_02673,0.99974746,0.0002525845
calib_02674,0.106041074,0.89395887
calib_02675,0.9996333,0.00036664336
calib_02676,0.010233092,0.9897669
calib_02677,0.93524283,0.0647572
calib_02678,0.9999733,2.6671762e-05
calib_02679,0.0052026953,0.9947973
calib_02680,0.0023708886,0.9976291
calib_02681,0.34801653,0.65198344
calib_02682,0.8989172,0.10108277
calib_02683,0.0003745438,0.99962544
calib_02684,0.32588613,0.67411387
calib_02685,0.0015789316,0.9984211
calib_02686,0.99751955,0.0024804755
calib_02687,0.0001639286,0.9998361
calib_02688,0.00027646296,0.9997235
calib_02689,0.01394557,0.9860545
calib_02690,0.9942842,0.0057157516
calib_02691,0.9968541,0.0031458717
calib_02692,0.0056924047,0.9943076
calib_02693,0.9968713,0.0031287724
calib_02694,0.007763106,0.9922369
calib_02695,0.0061948835,0.99380517
calib_02696,0.95125276,0.0487473
calib_02697,0.80121017,0.19878983
calib_02698,0.9954366,0.0045634354
calib_02699,0.99818534,0.0018146052
calib_02700,0.09219161,0.9078084
calib_02701,0.0015917373,0.99840826
calib_02702,0.0021852248,0.9978148
calib_02703,0.07904031,0.92095965
calib_02704,0.29851162,0.7014883
calib_02705,0.99759007,0.0024099697
calib_02706,0.0012033582,0.9987966
calib_02707,0.011637325,0.9883627
calib_02708,0.8897523,0.11024763
calib_02709,0.9093403,0.0906597
calib_02710,0.022170987,0.977829
calib_02711,0.9923781,0.0076218806
calib_02712,0.8580051,0.14199488
calib_02713,0.010874231,0.9891257
calib_02714,0.9062882,0.09371185
calib_02715,0.99982494,0.00017511411
calib_02716,0.8359221,0.16407786
calib_02717,0.9162007,0.083799325
calib_02718,0.0027355861,0.9972644
calib_02719,0.9999931,6.9084645e-06
calib_02720,0.99581784,0.0041821543
calib_02721,0.99559844,0.004401523
calib_02722,0.0790339,0.92096615
calib_02723,0.9996307,0.0003692408
calib_02724,0.99966323,0.00033679928
calib_02725,0.13418122,0.86581874
calib_02726,0.027387941,0.9726121
calib_02727,0.9823433,0.017656658
calib_02728,0.97456384,0.025436157
calib_02729,0.95022714,0.04977288
calib_02730,0.006646856,0.9933531
calib_02731,0.8176083,0.1823917
calib_02732,0.0064518484,0.9935482
calib_02733,0.043251533,0.9567485
calib_02734,0.70930254,0.29069743
calib_02735,0.01895492,0.981045
calib_02736,0.013883282,0.9861167
calib_02737,0.0010688626,0.9989311
calib_02738,0.00042615726,0.9995739
calib_02739,0.0033602044,0.99663985
calib_02740,0.9988662,0.001133784
calib_02741,0.009333188,0.9906668
calib_02742,0.99998593,1.4056468e-05
calib_02743,0.071976595,0.92802346
calib_02744,0.9827776,0.017222444
calib_02745,0.15737572,0.8426243
calib_02746,0.0162829,0.9837171
calib_02747,0.0022949467,0.99770504
calib_02748,0.017244006,0.982756
calib_02749,0.99999523,4.7828817e-06
calib_02750,0.007806424,0.9921936
calib_02751,0.0022427326,0.99775726
calib_02752,0.9999914,8.630988e-06
calib_02753,0.0007429304,0.999257
calib_02754,0.009008318,0.9909917
calib_02755,0.0010173959,0.9989826
calib_02756,0.04392457,0.9560755
calib_02757,0.93986005,0.06013999
calib_02758,0.99825317,0.0017467984
calib_02759,0.94612956,0.053870466
calib_02760,0.99073666,0.009263352
calib_02761,0.30313355,0.69686645
calib_02762,0.9996648,0.00033523634
calib_02763,0.9988059,0.0011941146
calib_02764,0.9999938,6.1905153e-06
calib_02765,0.00043325586,0.99956673
calib_02766,0.9968382,0.0031617982
calib_02767,0.01670399,0.983296
calib_02768,0.00080710126,0.9991929
calib_02769,0.7122411,0.28775886
calib_02770,0.011032981,0.988967
calib_02771,0.9457945,0.0542055
calib_02772,0.000295446,0.99970454
calib_02773,0.0009828297,0.9990171
calib_02774,0.0001572946,0.99984264
calib_02775,0.10887727,0.89112276
calib_02776,0.9660028,0.033997137
calib_02777,0.88270736,0.11729261
calib_02778,0.024721475,0.97527856
calib_02779,0.99571973,0.004280291
calib_02780,0.10564815,0.89435184
calib_02781,0.98723596,0.012764018
calib_02782,0.9984366,0.0015633166
calib_02783,0.9999441,5.5965396e-05
calib_02784,0.34252375,0.65747625
calib_02785,0.094768226,0.9052318
calib_02786,0.00015309556,0.99984694
calib_02787,0.8823996,0.117600374
calib_02788,0.96351796,0.03648203
calib_02789,0.002991928,0.99700814
calib_02790,0.00014731822,0.99985266
calib_02791,0.041744437,0.9582556
calib_02792,0.105509244,0.8944908
calib_02793,0.99665594,0.0033439982
calib_02794,0.0010720111,0.998928
calib_02795,0.12730968,0.87269026
calib_02796,0.004760996,0.995239
calib_02797,1.0761122e-05,0.9999893
calib_02798,0.90158254,0.09841743
calib_02799,0.012112129,0.9878878
calib_02800,0.9962727,0.003727374
calib_02801,0.9998349,0.0001651125
calib_02802,0.82554585,0.17445415
calib_02803,0.109004244,0.89099574
calib_02804,0.0010714255,0.9989286
calib_02805,0.4541777,0.5458223
calib_02806,0.008098099,0.99190193
calib_02807,0.94279724,0.05720279
calib_02808,1.3472395e-05,0.9999865
calib_02809,0.029016962,0.970983
calib_02810,0.99984384,0.00015618208
calib_02811,0.9997774,0.0002226319
calib_02812,0.02228427,0.9777157
calib_02813,3.947506e-05,0.99996054
calib_02814,0.9984781,0.0015219302
calib_02815,0.99445313,0.005546836
calib_02816,0.0371753,0.96282464
calib_02817,0.21729754,0.78270245
calib_02818,0.0010846675,0.9989153
calib_02819,0.012674988,0.9873251
calib_02820,0.0019537366,0.9980463
calib_02821,0.9999527,4.7375885e-05
calib_02822,0.9988374,0.0011626042
calib_02823,8.439048e-05,0.9999156
calib_02824,0.9826748,0.017325291
calib_02825,9.426681e-05,0.9999057
calib_02826,0.10607762,0.8939224
calib_02827,0.067443445,0.9325565
calib_02828,0.96361405,0.03638601
calib_02829,0.98703265,0.01296731
calib_02830,0.0016331178,0.9983669
calib_02831,0.00013042323,0.9998696
calib_02832,0.9999362,6.375152e-05
calib_02833,0.0043793875,0.99562055
calib_02834,0.00047832754,0.99952173
calib_02835,0.9999999,6.1118996e-08
calib_02836,0.999696,0.00030402112
calib_02837,0.9115727,0.088427335
calib_02838,0.9823689,0.01763117
calib_02839,0.9992632,0.0007367739
calib_02840,0.379189,0.620811
calib_02841,0.0003800064,0.99961996
calib_02842,0.87985194,0.12014806
calib_02843,9.4063784e-05,0.99990594
calib_02844,0.9817499,0.018250125
calib_02845,0.0070216763,0.9929783
calib_02846,0.9395133,0.060486645
calib_02847,0.9982663,0.0017337127
calib_02848,0.09359916,0.9064008
calib_02849,3.526829e-05,0.9999647
calib_02850,0.9955635,0.004436483
calib_02851,0.0044875536,0.9955124
calib_02852,0.45855406,0.541446
calib_02853,0.04439991,0.9556001
calib_02854,0.0008796623,0.9991203
calib_02855,0.9477955,0.05220451
calib_02856,0.0020623303,0.9979377
calib_02857,0.0004883631,0.9995116
calib_02858,0.128076,0.871924
calib_02859,0.8957684,0.10423155
calib_02860,0.9999999,1.5417947e-07
calib_02861,0.99726343,0.0027365412
calib_02862,0.00015896342,0.999841
calib_02863,0.9979734,0.0020266725
calib_02864,9.349188e-06,0.9999907
calib_02865,0.9988356,0.0011644169
calib_02866,0.0048501436,0.9951499
calib_02867,0.97676086,0.023239104
calib_02868,0.9996351,0.00036486803
calib_02869,0.99374795,0.006252084
calib_02870,0.0001159513,0.999884
calib_02871,0.5915609,0.40843907
calib_02872,0.0023326601,0.9976673
calib_02873,0.9963845,0.003615484
calib_02874,0.0013866996,0.99861324
calib_02875,0.99999607,3.970699e-06
calib_02876,0.00017208174,0.99982786
calib_02877,0.9988932,0.0011068138
calib_02878,0.14922097,0.850779
calib_02879,0.5814964,0.41850358
calib_02880,0.052256756,0.94774324
calib_02881,0.8108865,0.18911345
calib_02882,0.95583963,0.04416044
calib_02883,0.027738735,0.97226125
calib_02884,0.9997594,0.00024061397
calib_02885,0.9595101,0.040489875
calib_02886,0.008872106,0.99112785
calib_02887,0.67493427,0.32506576
calib_02888,0.00029663055,0.99970335
calib_02889,0.7405179,0.25948203
calib_02890,0.9961371,0.003862864
calib_02891,6.680572e-05,0.99993324
calib_02892,0.035533022,0.964467
calib_02893,0.111837916,0.8881621
calib_02894,0.99990535,9.4670286e-05
calib_02895,0.0009399331,0.9990601
calib_02896,0.98125285,0.018747192
calib_02897,6.877573e-05,0.9999312
calib_02898,0.7671956,0.23280436
calib_02899,0.0074153966,0.9925845
calib_02900,0.26723456,0.73276544
calib_02901,0.00081062986,0.9991893
calib_02902,0.25571448,0.74428546
calib_02903,0.68739945,0.31260058
calib_02904,0.0036488287,0.9963511
calib_02905,0.96677554,0.033224493
calib_02906,0.9986488,0.0013511832
calib_02907,0.0045137675,0.9954862
calib_02908,0.8074994,0.19250059
calib_02909,0.9913924,0.008607646
calib_02910,0.99999094,9.107855e-06
calib_02911,0.40624762,0.5937523
calib_02912,0.010246735,0.98975325
calib_02913,0.11098336,0.8890166
calib_02914,0.6526166,0.34738338
calib_02915,0.2607326,0.73926735
calib_02916,0.5575213,0.44247878
calib_02917,0.02744542,0.97255456
calib_02918,0.9980921,0.0019078783
calib_02919,0.0003362816,0.9996637
calib_02920,0.0019920894,0.99800795
calib_02921,0.82314247,0.17685753
calib_02922,0.9783999,0.02160006
calib_02923,0.3791406,0.62085944
calib_02924,0.0004155613,0.9995845
calib_02925,0.005538186,0.99446183
calib_02926,0.99940753,0.00059250125
calib_02927,0.00018701547,0.999813
calib_02928,0.99816626,0.0018337123
calib_02929,0.11296478,0.88703525
calib_02930,1.1167325e-07,0.9999999
calib_02931,0.002547418,0.99745256
calib_02932,0.9244719,0.07552812
calib_02933,0.0036857685,0.9963142
calib_02934,0.5638904,0.43610957
calib_02935,0.9924459,0.007554076
calib_02936,0.9980861,0.0019139632
calib_02937,0.9998872,0.00011272103
calib_02938,0.7110376,0.2889624
calib_02939,0.9897355,0.01026446
calib_02940,0.0038182794,0.9961817
calib_02941,0.008114823,0.9918852
calib_02942,0.9977443,0.0022557245
calib_02943,0.99887305,0.0011269479
calib_02944,0.00045075943,0.9995492
calib_02945,0.20361638,0.7963836
calib_02946,0.13216804,0.867832
calib_02947,0.022422073,0.9775779
calib_02948,0.69745874,0.3025413
calib_02949,0.2706087,0.7293913
calib_02950,0.02087352,0.97912645
calib_02951,0.0026064594,0.9973935
calib_02952,0.9770945,0.022905512
calib_02953,0.003119119,0.9968809
calib_02954,0.00060239027,0.99939764
calib_02955,0.004544418,0.9954556
calib_02956,0.25040314,0.74959683
calib_02957,0.9996873,0.0003127145
calib_02958,0.9989164,0.0010835748
calib_02959,0.002879736,0.99712026
calib_02960,0.00035019795,0.99964976
calib_02961,0.9999591,4.0878862e-05
calib_02962,0.99996614,3.3864744e-05
calib_02963,0.0070881876,0.99291176
calib_02964,0.0016467401,0.99835324
calib_02965,0.9999999,1.5349873e-07
calib_02966,0.7834898,0.21651012
calib_02967,0.006176396,0.99382365
calib_02968,0.997036,0.002964025
calib_02969,0.009928279,0.99007165
calib_02970,0.975323,0.024677021
calib_02971,0.0018199915,0.99818003
calib_02972,0.63309026,0.3669097
calib_02973,0.98996234,0.010037726
calib_02974,0.98823094,0.011769055
calib_02975,0.023157421,0.9768425
calib_02976,0.0042981063,0.99570185
calib_02977,0.22561793,0.77438205
calib_02978,0.049870096,0.9501299
calib_02979,0.60327333,0.3967267
calib_02980,0.0010005763,0.9989994
calib_02981,0.99975497,0.00024497558
calib_02982,0.011280003,0.98872
calib_02983,0.0024798845,0.99752015
calib_02984,1.9588481e-07,0.99999976
calib_02985,0.9971301,0.002869979
calib_02986,0.9999912,8.806911e-06
calib_02987,0.99998474,1.5257114e-05
calib_02988,0.9998178,0.00018227274
calib_02989,0.9984333,0.0015666619
calib_02990,0.99885476,0.0011451866
calib_02991,3.7430706e-05,0.99996257
calib_02992,0.96110475,0.038895186
calib_02993,0.9993556,0.00064434693
calib_02994,0.00040698258,0.9995931
calib_02995,0.9956625,0.004337449
calib_02996,0.78320456,0.21679543
calib_02997,0.40932778,0.59067225
calib_02998,0.99123305,0.008766939
calib_02999,0.99605596,0.003944028
calib_03000,0.00077705976,0.9992229
calib_03001,0.9879993,0.01200066
calib_03002,0.97040135,0.029598707
calib_03003,0.5431352,0.4568648
calib_03004,0.00038606106,0.99961394
calib_03005,0.004132345,0.9958677
calib_03006,0.9965346,0.0034653824
calib_03007,0.0011869435,0.99881303
calib_03008,0.00032429202,0.99967575
calib_03009,0.0018822075,0.9981178
calib_03010,0.00014087556,0.9998591
calib_03011,0.00084778736,0.9991522
calib_03012,0.8870802,0.1129198
calib_03013,0.997218,0.0027819327
calib_03014,0.82931787,0.17068212
calib_03015,0.09353773,0.9064622
calib_03016,0.010465071,0.9895349
calib_03017,0.7412876,0.2587124
calib_03018,0.99998987,1.0109878e-05
calib_03019,0.002033417,0.99796665
calib_03020,0.99691904,0.003080936
calib_03021,0.9732294,0.026770523
calib_03022,0.99793696,0.0020630606
calib_03023,0.8162152,0.18378474
calib_03024,0.04820216,0.9517978
calib_03025,0.99425876,0.005741213
calib_03026,2.0154512e-05,0.99997985
calib_03027,0.00029386635,0.9997061
calib_03028,0.1703995,0.82960045
calib_03029,0.98686856,0.01313145
calib_03030,0.9904082,0.009591755
calib_03031,0.019078463,0.98092157
calib_03032,0.98874867,0.011251306
calib_03033,0.0006784681,0.9993216
calib_03034,0.99910164,0.0008983381
calib_03035,0.004371641,0.99562836
calib_03036,0.04492226,0.9550777
calib_03037,0.99987566,0.00012431743
calib_03038,0.5148315,0.4851685
calib_03039,2.5699778e-06,0.9999974
calib_03040,0.027157338,0.97284263
calib_03041,0.00486286,0.99513716
calib_03042,0.99884593,0.0011540349
calib_03043,1.1769076e-05,0.9999882
calib_03044,0.9880051,0.011994872
calib_03045,0.8423036,0.15769644
calib_03046,0.99999666,3.3313258e-06
calib_03047,0.00018467093,0.9998154
calib_03048,5.8264475e-05,0.9999417
calib_03049,0.98774815,0.012251888
calib_03050,0.9941135,0.005886546
calib_03051,0.9995091,0.00049091864
calib_03052,0.003623176,0.9963768
calib_03053,4.560374e-06,0.99999547
calib_03054,0.58878314,0.41121683
calib_03055,0.7947364,0.2052636
calib_03056,0.99988043,0.00011952104
calib_03057,0.011557195,0.98844284
calib_03058,0.08750933,0.91249067
calib_03059,5.3200174e-06,0.99999464
calib_03060,0.9998011,0.000198881
calib_03061,0.058524005,0.94147605
calib_03062,0.014083012,0.98591703
calib_03063,0.088194296,0.9118057
calib_03064,0.9999496,5.0414965e-05
calib_03065,0.36201164,0.6379884
calib_03066,0.99760133,0.0023986688
calib_03067,0.00012012787,0.99987984
calib_03068,0.008026962,0.99197304
calib_03069,0.08595008,0.9140499
calib_03070,0.2727506,0.7272494
calib_03071,0.026284372,0.97371566
calib_03072,0.04575838,0.9542416
calib_03073,0.9997713,0.00022869062
calib_03074,0.9576884,0.0423116
calib_03075,0.03403535,0.9659647
calib_03076,0.0010774913,0.9989225
calib_03077,0.050193716,0.9498062
calib_03078,0.9999027,9.7311655e-05
calib_03079,0.22605892,0.7739411
calib_03080,0.9961397,0.0038602524
calib_03081,0.9999714,2.8575654e-05
calib_03082,0.01193093,0.9880691
calib_03083,0.0005078919,0.99949205
calib_03084,0.9950848,0.004915121
calib_03085,0.8641735,0.1358265
calib_03086,0.9997898,0.00021024962
calib_03087,0.99954385,0.00045613802
calib_03088,0.47542965,0.52457035
calib_03089,0.00015234678,0.99984765
calib_03090,0.9999579,4.202841e-05
calib_03091,0.51730615,0.48269385
calib_03092,0.9930118,0.006988265
calib_03093,0.65581834,0.34418163
calib_03094,0.9994092,0.00059079204
calib_03095,0.06847767,0.9315223
calib_03096,0.99360996,0.006389955
calib_03097,0.00014219356,0.9998578
calib_03098,0.996167,0.003832984
calib_03099,0.99992704,7.28952e-05
calib_03100,0.7640789,0.23592103
calib_03101,0.095283635,0.9047164
calib_03102,0.88222647,0.11777349
calib_03103,0.078033246,0.9219668
calib_03104,0.98353,0.016470036
calib_03105,0.93098855,0.06901148
calib_03106,0.02981309,0.97018695
calib_03107,0.4417731,0.55822694
calib_03108,0.0029414752,0.9970585
calib_03109,0.999382,0.0006180082
calib_03110,0.9572505,0.042749513
calib_03111,0.0006992199,0.9993007
calib_03112,1.8233366e-05,0.99998176
calib_03113,0.0004096807,0.99959034
calib_03114,0.0059628943,0.99403715
calib_03115,0.9948496,0.0051503987
calib_03116,0.00027191755,0.999728
calib_03117,0.0002308157,0.99976915
calib_03118,0.9999869,1.315592e-05
calib_03119,0.99981767,0.00018236418
calib_03120,0.00080659,0.9991934
calib_03121,0.023094028,0.976906
calib_03122,0.029278612,0.97072136
calib_03123,0.1075645,0.8924355
calib_03124,0.99998057,1.9380699e-05
calib_03125,0.00040595324,0.99959403
calib_03126,2.9642805e-10,1.0
calib_03127,0.99928445,0.0007156142
calib_03128,0.03338764,0.96661234
calib_03129,0.9999995,4.49524e-07
calib_03130,0.9890681,0.01093185
calib_03131,0.99882287,0.0011771035
calib_03132,0.087482795,0.9125172
calib_03133,0.94073075,0.059269294
calib_03134,0.9961343,0.0038657277
calib_03135,7.145771e-05,0.9999286
calib_03136,0.8784601,0.12153993
calib_03137,0.052525304,0.94747466
calib_03138,2.1408188e-05,0.99997854
calib_03139,0.97996944,0.02003058
calib_03140,0.9996356,0.00036443732
calib_03141,0.97768253,0.022317518
calib_03142,0.002807391,0.9971927
calib_03143,0.02175331,0.9782467
calib_03144,0.67907894,0.32092106
calib_03145,3.5080288e-07,0.99999964
calib_03146,0.020813806,0.97918624
calib_03147,0.99892384,0.0010761598
calib_03148,0.9974685,0.0025314845
calib_03149,0.98814,0.01185998
calib_03150,0.002299548,0.9977005
calib_03151,0.17262155,0.82737845
calib_03152,0.010286106,0.9897139
calib_03153,0.68890584,0.3110941
calib_03154,0.98408103,0.015918974
calib_03155,0.98308057,0.016919458
calib_03156,0.28207165,0.71792835
calib_03157,0.9371801,0.06281987
calib_03158,0.2985859,0.7014141
calib_03159,0.016497048,0.9835029
calib_03160,0.97255343,0.027446564
calib_03161,0.99861383,0.0013861958
calib_03162,0.1481059,0.8518941
calib_03163,0.9933518,0.0066482066
calib_03164,0.30494764,0.6950524
calib_03165,0.9948324,0.0051675886
calib_03166,0.014262841,0.9857371
calib_03167,0.9473972,0.05260286
calib_03168,0.92807055,0.07192942
calib_03169,0.43643242,0.5635675
calib_03170,2.0689473e-05,0.99997926
calib_03171,0.99275315,0.0072468393
calib_03172,0.011359824,0.9886402
calib_03173,0.0068857856,0.9931142
calib_03174,0.21367766,0.78632236
calib_03175,0.9986411,0.001358958
calib_03176,0.9301663,0.0698337
calib_03177,0.9859524,0.014047648
calib_03178,0.93312955,0.066870406
calib_03179,0.9999672,3.275033e-05
calib_03180,0.0050014895,0.9949986
calib_03181,0.024679476,0.9753205
calib_03182,0.9999553,4.468955e-05
calib_03183,0.013751196,0.9862488
calib_03184,0.40508002,0.5949199
calib_03185,0.018173017,0.98182696
calib_03186,0.98585933,0.014140655
calib_03187,0.009159352,0.9908407
calib_03188,0.009722974,0.99027705
calib_03189,0.9975134,0.0024865593
calib_03190,0.999985,1.5074751e-05
calib_03191,0.9859459,0.014054082
calib_03192,0.9995493,0.00045062086
calib_03193,0.01550476,0.9844952
calib_03194,0.00024476196,0.9997552
calib_03195,0.7706328,0.2293672
calib_03196,0.13695273,0.86304724
calib_03197,0.06031499,0.93968505
calib_03198,0.995025,0.004974992
calib_03199,0.9985972,0.0014027427
calib_03200,0.87447375,0.12552626
calib_03201,0.9949308,0.0050691525
calib_03202,0.005483719,0.9945163
calib_03203,0.010778373,0.9892216
calib_03204,0.9758671,0.024132926
calib_03205,0.00013128205,0.99986875
calib_03206,0.011831218,0.9881688
calib_03207,0.971855,0.02814498
calib_03208,0.99999976,2.32397e-07
calib_03209,0.9841547,0.01584533
calib_03210,0.00024736987,0.9997526
calib_03211,0.82327163,0.1767283
calib_03212,5.519863e-06,0.9999945
calib_03213,0.04040465,0.9595954
calib_03214,0.002083391,0.99791664
calib_03215,0.99896514,0.0010348418
calib_03216,0.9909217,0.009078261
calib_03217,0.99997735,2.268202e-05
calib_03218,0.99936885,0.00063114567
calib_03219,0.82565784,0.17434211
calib_03220,0.99998176,1.8225786e-05
calib_03221,0.0010078561,0.99899215
calib_03222,0.00088112237,0.99911886
calib_03223,0.6258484,0.3741516
calib_03224,0.37031206,0.6296879
calib_03225,0.1102797,0.8897203
calib_03226,0.0011542873,0.9988457
calib_03227,0.15281653,0.84718347
calib_03228,0.988027,0.011972983
calib_03229,0.47030076,0.52969927
calib_03230,0.99989164,0.000108394546
calib_03231,0.0018251948,0.9981748
calib_03232,0.25906807,0.7409319
calib_03233,0.025943935,0.97405607
calib_03234,0.45971233,0.5402877
calib_03235,0.998257,0.0017430019
calib_03236,0.019783411,0.98021656
calib_03237,0.000527364,0.9994727
calib_03238,0.023722788,0.9762772
calib_03239,2.8403943e-05,0.9999716
calib_03240,0.052739456,0.94726056
calib_03241,0.004317934,0.995682
calib_03242,0.97547764,0.024522334
calib_03243,0.021253983,0.978746
calib_03244,0.14696287,0.85303706
calib_03245,0.996064,0.0039360463
calib_03246,0.9996855,0.00031445114
calib_03247,0.013758351,0.9862417
calib_03248,0.99990475,9.524783e-05
calib_03249,0.00039943767,0.9996006
calib_03250,0.99703157,0.0029683907
calib_03251,0.02254673,0.9774533
calib_03252,0.039680082,0.96031994
calib_03253,0.58979183,0.4102082
calib_03254,6.0756818e-05,0.9999392
calib_03255,0.0003510987,0.9996489
calib_03256,0.0031169949,0.99688303
calib_03257,0.98000723,0.019992812
calib_03258,0.00014553554,0.99985445
calib_03259,0.00046170113,0.9995383
calib_03260,0.0005530495,0.9994469
calib_03261,0.1908914,0.80910856
calib_03262,0.99996805,3.1984677e-05
calib_03263,0.00043963603,0.9995603
calib_03264,0.93583196,0.064168036
calib_03265,0.00056284154,0.99943715
calib_03266,0.0020442253,0.9979558
calib_03267,0.9852234,0.014776526
calib_03268,0.0074596405,0.9925404
calib_03269,0.00022470369,0.99977535
calib_03270,0.9974299,0.0025700757
calib_03271,0.999962,3.7976937e-05
calib_03272,0.9985483,0.0014516057
calib_03273,0.41533718,0.58466285
calib_03274,0.033725698,0.9662743
calib_03275,0.10462387,0.89537615
calib_03276,0.061505627,0.9384944
calib_03277,0.99572754,0.0042724945
calib_03278,0.04930678,0.95069325
calib_03279,0.013469511,0.9865305
calib_03280,0.08278083,0.9172192
calib_03281,0.9998975,0.000102512735
calib_03282,0.9933877,0.006612332
calib_03283,0.990448,0.00955198
calib_03284,1.7491795e-05,0.9999825
calib_03285,0.0037577103,0.9962423
calib_03286,0.04699264,0.95300734
calib_03287,0.9933976,0.0066024256
calib_03288,0.9992256,0.00077435875
calib_03289,0.0009998011,0.99900025
calib_03290,0.014105634,0.9858943
calib_03291,0.034321144,0.9656789
calib_03292,0.043555442,0.95644456
calib_03293,4.6997044e-05,0.99995303
calib_03294,0.9820663,0.017933745
calib_03295,0.9999627,3.7355356e-05
calib_03296,0.0009157952,0.99908423
calib_03297,0.9108346,0.089165434
calib_03298,0.9514283,0.04857169
calib_03299,0.00059177657,0.99940825
calib_03300,0.99948573,0.0005142745
calib_03301,0.002443696,0.9975563
calib_03302,0.9850521,0.014947857
calib_03303,2.9545507e-05,0.99997044
calib_03304,0.023297153,0.97670287
calib_03305,0.989279,0.010720967
calib_03306,0.030587597,0.96941245
calib_03307,0.12973575,0.8702643
calib_03308,0.995337,0.004662922
calib_03309,0.0021973106,0.9978027
calib_03310,0.00096176163,0.9990382
calib_03311,0.026952395,0.97304755
calib_03312,0.01152389,0.98847616
calib_03313,0.00047555368,0.9995245
calib_03314,0.9995908,0.0004091503
calib_03315,0.13155334,0.8684467
calib_03316,0.00014261574,0.9998573
calib_03317,0.9999993,7.344118e-07
calib_03318,0.99997246,2.7591705e-05
calib_03319,0.7521061,0.24789397
calib_03320,0.53568435,0.4643156
calib_03321,0.005567303,0.99443275
calib_03322,2.1698846e-05,0.9999783
calib_03323,0.9999069,9.3037714e-05
calib_03324,0.019882483,0.9801175
calib_03325,0.00013514809,0.9998648
calib_03326,0.93183565,0.0681644
calib_03327,0.07332249,0.92667747
calib_03328,0.99914896,0.00085107965
calib_03329,0.99994445,5.5545996e-05
calib_03330,0.9999926,7.355653e-06
calib_03331,0.5459629,0.4540371
calib_03332,0.9669211,0.033078894
calib_03333,9.728279e-07,0.99999905
calib_03334,8.6283966e-05,0.9999137
calib_03335,5.7248076e-06,0.9999943
calib_03336,0.9913043,0.008695784
calib_03337,0.9567938,0.043206263
calib_03338,0.051306672,0.9486933
calib_03339,0.00018125556,0.99981874
calib_03340,0.9999027,9.732289e-05
calib_03341,0.0015731599,0.9984269
calib_03342,0.0018972902,0.9981027
calib_03343,0.0689743,0.93102574
calib_03344,0.0016950243,0.99830496
calib_03345,0.99984956,0.00015047684
calib_03346,0.32534623,0.67465377
calib_03347,0.0039053482,0.99609464
calib_03348,0.0139693115,0.9860307
calib_03349,0.19482504,0.80517495
calib_03350,0.9979849,0.0020150573
calib_03351,0.8861623,0.11383769
calib_03352,0.1835536,0.8164464
calib_03353,0.9985245,0.0014755959
calib_03354,0.9315161,0.068483874
calib_03355,0.99995995,4.003615e-05
calib_03356,0.049307927,0.95069206
calib_03357,7.771087e-05,0.9999223
calib_03358,0.90959895,0.09040106
calib_03359,0.99977714,0.00022289505
calib_03360,0.9702153,0.02978466
calib_03361,0.98471606,0.015283954
calib_03362,0.99950206,0.00049794436
calib_03363,0.00078312075,0.9992169
calib_03364,8.170868e-05,0.99991834
calib_03365,0.03463556,0.96536446
calib_03366,0.9999864,1.3556762e-05
calib_03367,0.0004107365,0.99958926
calib_03368,0.924356,0.07564403
calib_03369,0.995507,0.004492968
calib_03370,0.33645713,0.6635428
calib_03371,0.9996736,0.00032637105
calib_03372,0.99919266,0.0008073378
calib_03373,0.99594766,0.0040523647
calib_03374,0.00024385072,0.99975616
calib_03375,0.4679007,0.5320993
calib_03376,0.0005144827,0.9994855
calib_03377,0.9999994,6.298062e-07
calib_03378,0.5710114,0.42898852
calib_03379,0.0012699177,0.9987301
calib_03380,0.03252483,0.96747524
calib_03381,0.7106444,0.28935558
calib_03382,0.1183543,0.88164574
calib_03383,0.99929225,0.0007076935
calib_03384,0.9999795,2.047726e-05
calib_03385,0.9984938,0.0015062031
calib_03386,0.00022081553,0.99977916
calib_03387,0.9970956,0.0029044515
calib_03388,2.6034331e-05,0.999974
calib_03389,0.99979776,0.00020221251
calib_03390,0.99907327,0.00092669326
calib_03391,0.00019047398,0.99980956
calib_03392,0.9983876,0.0016124839
calib_03393,0.0008763252,0.99912363
calib_03394,0.017356915,0.9826431
calib_03395,0.36365452,0.6363455
calib_03396,0.08270084,0.91729915
calib_03397,0.0015394686,0.99846053
calib_03398,0.99545455,0.0045454665
calib_03399,0.9999455,5.4531516e-05
calib_03400,0.92469835,0.07530168
calib_03401,0.0033032242,0.9966968
calib_03402,0.776594,0.22340606
calib_03403,0.9861123,0.013887737
calib_03404,0.08098284,0.9190171
calib_03405,0.00057340757,0.9994266
calib_03406,0.0002899233,0.99971
calib_03407,0.9977792,0.0022207946
calib_03408,0.90450877,0.095491245
calib_03409,0.9112674,0.08873265
calib_03410,0.9671971,0.0328029
calib_03411,0.00026879326,0.99973124
calib_03412,1.4729052e-06,0.99999857
calib_03413,4.1696065e-05,0.9999583
calib_03414,0.022833563,0.9771664
calib_03415,0.9999958,4.1365624e-06
calib_03416,7.6509605e-05,0.99992347
calib_03417,0.007976648,0.99202335
calib_03418,0.4819955,0.51800454
calib_03419,0.5004477,0.49955228
calib_03420,0.4248712,0.5751288
calib_03421,0.0037768465,0.9962231
calib_03422,1.3624496e-05,0.9999864
calib_03423,0.99768317,0.0023168514
calib_03424,0.95718175,0.042818207
calib_03425,0.0048977165,0.9951023
calib_03426,0.0022784066,0.9977216
calib_03427,0.9929471,0.0070528435
calib_03428,0.00010012929,0.99989986
calib_03429,0.40401995,0.59598005
calib_03430,0.17341788,0.8265821
calib_03431,0.9785857,0.021414256
calib_03432,0.98891944,0.01108058
calib_03433,0.9077682,0.09223182
calib_03434,0.0014359409,0.99856406
calib_03435,6.1724645e-06,0.9999938
calib_03436,0.028127035,0.971873
calib_03437,0.8942685,0.10573145
calib_03438,0.0023999116,0.99760014
calib_03439,0.00031206434,0.9996879
calib_03440,0.9999174,8.259823e-05
calib_03441,0.9978878,0.0021122522
calib_03442,0.21815233,0.78184766
calib_03443,0.040365346,0.95963466
calib_03444,0.9993687,0.0006312561
calib_03445,0.16792478,0.83207524
calib_03446,0.003904955,0.996095
calib_03447,0.01234294,0.98765707
calib_03448,0.9927603,0.007239759
calib_03449,0.9999467,5.325897e-05
calib_03450,0.020103414,0.97989666
calib_03451,0.9935502,0.00644981
calib_03452,2.1832893e-05,0.9999782
calib_03453,0.05552085,0.94447917
calib_03454,0.04035336,0.95964664
calib_03455,0.05706049,0.9429395
calib_03456,0.0007630363,0.99923694
calib_03457,0.9713509,0.028649073
calib_03458,0.99580765,0.0041923407
calib_03459,0.0222614,0.9777386
calib_03460,0.6573142,0.34268582
calib_03461,0.9995598,0.00044014974
calib_03462,0.5933026,0.40669742
calib_03463,0.9916665,0.008333496
calib_03464,0.00021570451,0.9997843
calib_03465,0.0001816045,0.9998184
calib_03466,7.1350037e-06,0.99999285
calib_03467,0.82812345,0.17187655
calib_03468,0.0017103251,0.99828964
calib_03469,0.0005740744,0.999426
calib_03470,0.842295,0.15770501
calib_03471,0.9997031,0.0002968617
calib_03472,4.868158e-06,0.9999951
calib_03473,0.99986374,0.00013625975
calib_03474,0.004017596,0.9959824
calib_03475,0.17042676,0.8295732
calib_03476,0.33051148,0.6694885
calib_03477,0.98661786,0.013382092
calib_03478,0.9947902,0.0052098595
calib_03479,0.99978226,0.00021779408
calib_03480,0.9991405,0.0008595223
calib_03481,0.0012017059,0.99879825
calib_03482,0.0034818817,0.99651814
calib_03483,0.46556717,0.5344328
calib_03484,0.002902175,0.99709785
calib_03485,0.83560735,0.16439262
calib_03486,0.0001164025,0.99988353
calib_03487,0.98849714,0.011502894
calib_03488,0.99436814,0.005631888
calib_03489,0.006367096,0.9936329
calib_03490,0.021901304,0.97809875
calib_03491,0.000119056946,0.9998809
calib_03492,0.0004610502,0.999539
calib_03493,0.037148274,0.96285176
calib_03494,1.4337913e-05,0.9999857
calib_03495,0.9996761,0.0003239327
calib_03496,0.6196557,0.38034427
calib_03497,0.032737,0.96726304
calib_03498,0.07798421,0.9220157
calib_03499,0.00024482686,0.9997552
calib_03500,0.0926125,0.9073875
calib_03501,0.024327185,0.97567284
calib_03502,0.9967649,0.0032351054
calib_03503,0.7650892,0.23491079
calib_03504,0.6853627,0.31463727
calib_03505,0.07509284,0.92490715
calib_03506,0.4862615,0.5137385
calib_03507,0.005111801,0.99488825
calib_03508,0.00018059518,0.99981946
calib_03509,0.98857796,0.011422042
calib_03510,0.20738584,0.79261416
calib_03511,0.35652813,0.64347184
calib_03512,0.00013054069,0.99986947
calib_03513,0.9920219,0.0079781
calib_03514,0.4244338,0.5755662
calib_03515,0.011212388,0.9887876
calib_03516,0.59509575,0.40490422
calib_03517,0.007198987,0.9928011
calib_03518,0.7019584,0.29804158
calib_03519,0.06649623,0.9335038
calib_03520,0.65794384,0.34205613
calib_03521,0.49199712,0.5080029
calib_03522,0.78112227,0.21887773
calib_03523,0.9889115,0.011088493
calib_03524,0.27674824,0.72325176
calib_03525,0.017888462,0.98211145
calib_03526,0.59436136,0.4056387
calib_03527,0.6451267,0.35487327
calib_03528,0.96596354,0.034036435
calib_03529,0.94034404,0.059656005
calib_03530,0.28541195,0.71458805
calib_03531,0.050671153,0.9493289
calib_03532,0.108358555,0.89164144
calib_03533,0.18374786,0.8162522
calib_03534,0.5783271,0.42167285
calib_03535,0.58587813,0.41412187
calib_03536,0.00058247324,0.99941754
calib_03537,0.7470975,0.25290245
calib_03538,0.45117846,0.54882157
calib_03539,0.0042055314,0.9957944
calib_03540,0.4757151,0.5242849
calib_03541,0.1428377,0.85716224
calib_03542,0.9993267,0.00067327777
calib_03543,0.02550372,0.97449625
calib_03544,0.9772111,0.022788847
calib_03545,0.2208669,0.7791331
calib_03546,0.9578608,0.04213919
calib_03547,0.6635545,0.33644554
calib_03548,0.5736247,0.42637536
calib_03549,0.98496103,0.015038985
calib_03550,0.26144984,0.7385501
calib_03551,0.97817755,0.021822432
calib_03552,0.08341231,0.9165877
calib_03553,0.7687558,0.23124418
calib_03554,0.07076299,0.929237
calib_03555,0.9578012,0.042198792
calib_03556,0.9928894,0.0071105533
calib_03557,0.18693891,0.81306106
calib_03558,0.010628977,0.98937106
calib_03559,0.7019415,0.29805845
calib_03560,0.32197437,0.67802566
calib_03561,0.0004353146,0.9995647
calib_03562,0.5673874,0.43261263
calib_03563,0.0003007052,0.99969935
calib_03564,0.0070694857,0.99293053
calib_03565,0.9997447,0.00025525308
calib_03566,0.0053188005,0.9946812
calib_03567,0.49069887,0.5093011
calib_03568,0.0007707374,0.9992293
calib_03569,0.9979627,0.0020372595
calib_03570,0.99997795,2.2071528e-05
calib_03571,0.11056696,0.8894331
calib_03572,0.9603881,0.039611872
calib_03573,0.9997093,0.0002906293
calib_03574,0.9988533,0.0011466504
calib_03575,0.17612042,0.82387954
calib_03576,0.14019018,0.8598098
calib_03577,0.94035345,0.059646606
calib_03578,0.00013203568,0.9998679
calib_03579,0.99716336,0.0028366053
calib_03580,0.5924995,0.4075005
calib_03581,0.03615859,0.96384144
calib_03582,0.9537205,0.046279505
calib_03583,0.09460287,0.9053972
calib_03584,0.773338,0.22666197
calib_03585,0.83157563,0.16842438
calib_03586,0.97674394,0.02325604
calib_03587,0.26312494,0.73687506
calib_03588,0.012263388,0.9877366
calib_03589,0.46048054,0.5395194
calib_03590,0.27346206,0.72653794
calib_03591,0.99930847,0.00069152075
calib_03592,0.22326845,0.77673155
calib_03593,0.15989937,0.84010065
calib_03594,0.99216753,0.007832483
calib_03595,0.025981648,0.97401834
calib_03596,0.9973707,0.0026292205
calib_03597,0.14491671,0.8550833
calib_03598,0.14446831,0.8555317
calib_03599,0.33849505,0.661505
calib_03600,0.3581918,0.6418082
calib_03601,0.97558564,0.024414428
calib_03602,0.5081077,0.49189228
calib_03603,0.04819969,0.9518003
calib_03604,0.1437978,0.8562021
calib_03605,0.0001536324,0.99984634
calib_03606,0.29332894,0.70667106
calib_03607,0.99923086,0.0007691248
calib_03608,0.80030566,0.1996943
calib_03609,0.670682,0.329318
calib_03610,0.096348375,0.90365165
calib_03611,0.0590822,0.94091785
calib_03612,0.202508,0.797492
calib_03613,0.14035977,0.8596402
calib_03614,0.10765048,0.8923495
calib_03615,0.19638968,0.8036103
calib_03616,0.39779449,0.6022055
calib_03617,0.03218498,0.967815
calib_03618,0.8938263,0.10617373
calib_03619,0.061980095,0.93801993
calib_03620,0.2201233,0.7798767
calib_03621,0.98201436,0.017985703
calib_03622,0.91155505,0.08844492
calib_03623,5.4298012e-05,0.99994564
calib_03624,0.50932467,0.49067533
calib_03625,1.3515106e-05,0.9999865
calib_03626,0.9940754,0.0059245084
calib_03627,0.04365585,0.9563441
calib_03628,0.00017642588,0.99982363
calib_03629,0.9999659,3.409488e-05
calib_03630,0.08342595,0.9165741
calib_03631,3.651393e-05,0.9999635
calib_03632,8.066658e-06,0.9999919
calib_03633,0.9999434,5.660703e-05
calib_03634,0.0011228065,0.9988772
calib_03635,0.99942786,0.00057212764
calib_03636,0.02495272,0.9750473
calib_03637,0.99879456,0.0012054433
calib_03638,0.999974,2.6007185e-05
calib_03639,0.9972287,0.0027713438
calib_03640,0.75182676,0.2481732
calib_03641,0.028927157,0.97107285
calib_03642,0.00014323623,0.9998567
calib_03643,1.0,1.5532887e-11
calib_03644,0.99983704,0.00016292893
calib_03645,0.99991655,8.3469764e-05
calib_03646,0.018784298,0.98121566
calib_03647,0.06670726,0.93329275
calib_03648,0.9125184,0.08748158
calib_03649,0.053647213,0.9463528
calib_03650,0.98262215,0.017377798
calib_03651,0.0022959623,0.9977041
calib_03652,0.009275867,0.99072415
calib_03653,0.55419177,0.44580826
calib_03654,0.19503886,0.80496114
calib_03655,0.9873267,0.012673263
calib_03656,0.7293723,0.27062768
calib_03657,0.73871166,0.26128832
calib_03658,0.55549127,0.4445087
calib_03659,0.2754257,0.72457427
calib_03660,0.8125693,0.18743072
calib_03661,0.03959764,0.9604023
calib_03662,0.88448834,0.115511656
calib_03663,0.6116457,0.38835436
calib_03664,0.0009835988,0.9990164
calib_03665,0.9976349,0.0023651135
calib_03666,0.15856862,0.8414314
calib_03667,0.025140192,0.9748598
calib_03668,0.89250594,0.10749408
calib_03669,0.20151785,0.7984821
calib_03670,0.9973666,0.0026333667
calib_03671,0.19893165,0.8010683
calib_03672,0.9704207,0.02957931
calib_03673,0.94539905,0.05460097
calib_03674,0.0107344985,0.98926544
calib_03675,0.44943875,0.55056125
calib_03676,0.6018384,0.39816156
calib_03677,0.5481251,0.45187494
calib_03678,0.9053875,0.094612464
calib_03679,0.3235446,0.6764554
calib_03680,0.0019309572,0.9980691
calib_03681,0.8247007,0.17529929
calib_03682,0.09997665,0.90002334
calib_03683,0.19433534,0.80566466
calib_03684,0.1308524,0.86914766
calib_03685,0.8836296,0.11637035
calib_03686,0.78624415,0.21375583
calib_03687,0.94733,0.052670028
calib_03688,0.99685293,0.003147029
calib_03689,0.771464,0.22853597
calib_03690,0.57791185,0.4220882
calib_03691,0.6649267,0.3350733
calib_03692,0.036335506,0.96366453
calib_03693,0.0011374418,0.9988626
calib_03694,0.99501735,0.0049827043
calib_03695,0.29587588,0.7041241
calib_03696,0.11735426,0.8826458
calib_03697,0.23170984,0.7682901
calib_03698,0.8265329,0.17346711
calib_03699,0.9706223,0.02937775
calib_03700,0.5794026,0.4205974
calib_03701,0.9363174,0.063682586
calib_03702,0.17737857,0.8226214
calib_03703,0.986033,0.013966922
calib_03704,0.94475394,0.055246104
calib_03705,0.062416323,0.9375837
calib_03706,0.2214395,0.7785605
calib_03707,0.18454306,0.8154569
calib_03708,0.12959407,0.87040585
calib_03709,0.99725574,0.002744295
calib_03710,0.9982986,0.0017014625
calib_03711,0.012845831,0.9871542
calib_03712,0.71485835,0.28514165
calib_03713,0.43834266,0.56165737
calib_03714,0.71667945,0.28332058
calib_03715,0.008337537,0.9916625
calib_03716,0.9611192,0.03888075
calib_03717,0.97351587,0.026484173
calib_03718,0.62592864,0.37407133
calib_03719,0.7810809,0.21891908
calib_03720,0.078154355,0.9218456
calib_03721,0.9988254,0.0011746382
calib_03722,0.82507914,0.17492083
calib_03723,0.973565,0.026434965
calib_03724,0.0012152022,0.99878484
calib_03725,0.00979151,0.9902085
calib_03726,0.73363566,0.2663643
calib_03727,0.71514684,0.28485313
calib_03728,0.9809543,0.019045724
calib_03729,0.96459246,0.03540752
calib_03730,0.7392204,0.2607796
calib_03731,0.99480337,0.0051966077
calib_03732,0.15148173,0.8485183
calib_03733,0.73905104,0.26094893
calib_03734,0.99999225,7.7485e-06
calib_03735,2.9927714e-05,0.9999701
calib_03736,0.027918162,0.9720818
calib_03737,0.9999882,1.1835258e-05
calib_03738,0.5723427,0.42765734
calib_03739,0.9863326,0.013667361
calib_03740,0.49720192,0.5027981
calib_03741,0.99255204,0.007448027
calib_03742,0.028607694,0.97139233
calib_03743,0.9980124,0.001987604
calib_03744,0.7488313,0.2511687
calib_03745,0.98082054,0.019179476
calib_03746,0.007034088,0.99296594
calib_03747,0.99985766,0.00014227208
calib_03748,0.99999094,9.070564e-06
calib_03749,0.8282344,0.17176557
calib_03750,0.91659254,0.08340744
calib_03751,0.48228273,0.51771724
calib_03752,0.8375324,0.16246758
calib_03753,0.9965745,0.0034254913
calib_03754,0.9999896,1.0402693e-05
calib_03755,0.98560274,0.01439729
calib_03756,0.008665436,0.9913346
calib_03757,0.3978053,0.60219467
calib_03758,0.0002274928,0.9997725
calib_03759,0.92005855,0.079941474
calib_03760,0.21662486,0.78337514
calib_03761,0.0036929771,0.996307
calib_03762,0.99425226,0.005747717
calib_03763,0.9999187,8.125359e-05
calib_03764,0.0039095855,0.99609035
calib_03765,0.9595295,0.040470462
calib_03766,0.99920815,0.0007919336
calib_03767,0.020576002,0.979424
calib_03768,0.54212904,0.45787096
calib_03769,0.92848575,0.071514234
calib_03770,8.339744e-05,0.99991655
calib_03771,0.003539774,0.99646026
calib_03772,0.9955571,0.0044428757
calib_03773,0.00044811436,0.99955183
calib_03774,0.8451474,0.15485261
calib_03775,0.9991806,0.00081940443
calib_03776,0.22351916,0.7764808
calib_03777,6.619768e-05,0.99993384
calib_03778,0.9975535,0.0024465455
calib_03779,9.32862e-05,0.99990666
calib_03780,0.9997621,0.00023784085
calib_03781,0.05289671,0.94710326
calib_03782,0.9716925,0.028307438
calib_03783,0.019780677,0.9802193
calib_03784,0.0014297848,0.9985702
calib_03785,0.998382,0.0016180773
calib_03786,0.00015612639,0.99984384
calib_03787,0.039389547,0.9606105
calib_03788,0.0057440614,0.99425596
calib_03789,2.2561015e-05,0.99997747
calib_03790,0.45449328,0.5455067
calib_03791,0.11550367,0.8844963
calib_03792,0.002176754,0.99782324
calib_03793,0.60086524,0.39913478
calib_03794,0.015730774,0.98426926
calib_03795,0.009629431,0.9903706
calib_03796,0.9425071,0.057492964
calib_03797,0.8425514,0.15744853
calib_03798,0.9838309,0.016169067
calib_03799,0.02963247,0.97036755
calib_03800,0.9908262,0.009173773
calib_03801,0.09594497,0.904055
calib_03802,0.30530015,0.6946999
calib_03803,0.77148145,0.22851853
calib_03804,0.36321735,0.6367826
calib_03805,0.9134024,0.086597584
calib_03806,0.9587836,0.041216332
calib_03807,0.0029763367,0.99702364
calib_03808,0.08094339,0.9190566
calib_03809,0.01798449,0.9820155
calib_03810,4.2985448e-07,0.9999995
calib_03811,0.9993118,0.00068824197
calib_03812,0.9999485,5.153069e-05
calib_03813,0.9988079,0.0011920518
calib_03814,0.99999785,2.0917987e-06
calib_03815,0.0036692247,0.9963308
calib_03816,0.9999025,9.749622e-05
calib_03817,0.9492775,0.05072243
calib_03818,0.27830577,0.7216942
calib_03819,0.57488376,0.42511624
calib_03820,0.002510876,0.9974891
calib_03821,0.6354266,0.36457342
calib_03822,0.9287189,0.07128105
calib_03823,0.13936079,0.8606392
calib_03824,0.99999905,9.095607e-07
calib_03825,1.0375479e-06,0.9999989
calib_03826,1.4710113e-07,0.9999999
calib_03827,0.9780619,0.021938138
calib_03828,0.99999976,2.3572872e-07
calib_03829,0.9936406,0.0063594203
calib_03830,0.00020045982,0.99979955
calib_03831,0.93842137,0.061578546
calib_03832,0.99973434,0.000265601
calib_03833,3.5214216e-05,0.99996483
calib_03834,0.9994985,0.0005015186
calib_03835,0.9344897,0.06551025
calib_03836,8.4887904e-07,0.99999917
calib_03837,0.17211707,0.8278829
calib_03838,0.9938985,0.006101456
calib_03839,0.9998023,0.00019770199
calib_03840,0.05123657,0.9487635
calib_03841,0.62357265,0.37642735
calib_03842,0.79943633,0.20056364
calib_03843,0.9841202,0.015879788
calib_03844,0.9999987,1.3067514e-06
calib_03845,0.7648352,0.2351648
calib_03846,0.9816836,0.018316433
calib_03847,0.9944753,0.0055247513
calib_03848,0.01700078,0.98299927
calib_03849,0.9999999,1.69568e-07
calib_03850,0.008195646,0.99180436
calib_03851,0.96666795,0.033332065
calib_03852,0.9993389,0.00066109543
calib_03853,0.42721337,0.5727866
calib_03854,0.9999658,3.4207857e-05
calib_03855,0.24702874,0.75297123
calib_03856,0.9999975,2.4774565e-06
calib_03857,0.7276461,0.27235386
calib_03858,0.47867396,0.521326
calib_03859,0.69747275,0.30252722
calib_03860,0.72849256,0.27150738
calib_03861,0.00026555645,0.99973446
calib_03862,0.24536748,0.7546325
calib_03863,0.95998234,0.04001761
calib_03864,0.028600978,0.97139907
calib_03865,0.99436426,0.0056357137
calib_03866,0.9996511,0.0003488684
calib_03867,0.99859494,0.0014050672
calib_03868,0.991731,0.008269008
calib_03869,0.9995364,0.00046358068
calib_03870,0.26517838,0.7348216
calib_03871,0.98993874,0.010061231
calib_03872,0.9994753,0.0005247206
calib_03873,0.12323595,0.876764
calib_03874,0.51720375,0.48279625
calib_03875,0.39342478,0.60657525
calib_03876,0.9339714,0.06602859
calib_03877,0.9629971,0.037002914
calib_03878,0.95212007,0.04787997
calib_03879,0.47088763,0.5291124
calib_03880,0.47088715,0.5291129
calib_03881,0.006233037,0.993767
calib_03882,0.012678121,0.9873219
calib_03883,0.5584061,0.44159392
calib_03884,0.94213045,0.057869498
calib_03885,0.071299486,0.9287005
calib_03886,0.35265496,0.64734507
calib_03887,0.039636243,0.9603637
calib_03888,0.19375384,0.8062461
calib_03889,0.039212268,0.9607877
calib_03890,0.054291267,0.94570875
calib_03891,1.559646e-05,0.9999844
calib_03892,0.5401632,0.4598368
calib_03893,0.003152251,0.9968477
calib_03894,0.3087778,0.6912222
calib_03895,0.59393334,0.40606666
calib_03896,0.91817576,0.08182428
calib_03897,0.9579123,0.042087648
calib_03898,0.575942,0.42405802
calib_03899,0.2639615,0.73603845
calib_03900,0.62612253,0.37387747
calib_03901,0.1927823,0.8072177
calib_03902,0.18857287,0.8114271
calib_03903,0.95439696,0.045603063
calib_03904,0.96093994,0.03906001
calib_03905,0.8499471,0.15005288
calib_03906,0.014483821,0.98551613
calib_03907,0.9714462,0.02855383
calib_03908,0.55523664,0.44476342
calib_03909,0.9981573,0.0018427172
calib_03910,0.61033773,0.38966227
calib_03911,4.5364584e-05,0.9999546
calib_03912,0.00058905466,0.999411
calib_03913,0.9998197,0.00018028772
calib_03914,0.88395095,0.11604902
calib_03915,0.65120834,0.34879166
calib_03916,0.30782834,0.69217163
calib_03917,0.21095526,0.7890447
calib_03918,0.7759018,0.22409818
calib_03919,0.9706661,0.029333938
calib_03920,0.23705573,0.76294416
calib_03921,0.017891437,0.9821086
calib_03922,0.0949902,0.90500975
calib_03923,0.9999542,4.582146e-05
calib_03924,0.99999833,1.684001e-06
calib_03925,0.9535864,0.046413563
calib_03926,0.96102,0.038980052
calib_03927,0.3339056,0.66609436
calib_03928,0.9007365,0.099263415
calib_03929,0.9871525,0.012847469
calib_03930,1.2472284e-06,0.9999988
calib_03931,0.9859774,0.0140226325
calib_03932,0.37326974,0.62673026
calib_03933,0.9767036,0.023296447
calib_03934,0.11913246,0.88086754
calib_03935,0.9997789,0.00022110077
calib_03936,0.050954424,0.94904554
calib_03937,0.0002242551,0.9997757
calib_03938,9.947438e-06,0.9999901
calib_03939,0.9999738,2.6173937e-05
calib_03940,0.26488832,0.7351117
calib_03941,0.9830184,0.016981617
calib_03942,0.89789706,0.102102935
calib_03943,0.9882725,0.011727488
calib_03944,0.99997294,2.7063648e-05
calib_03945,0.24845447,0.7515455
calib_03946,0.9329636,0.06703633
calib_03947,0.021583213,0.9784168
calib_03948,0.17808802,0.821912
calib_03949,0.5882423,0.4117577
calib_03950,0.11682796,0.88317204
calib_03951,0.7228737,0.27712628
calib_03952,0.046200838,0.9537991
calib_03953,0.84137845,0.15862155
calib_03954,0.53697854,0.46302146
calib_03955,0.072394766,0.9276053
calib_03956,0.8980226,0.10197741
calib_03957,0.991336,0.008664035
calib_03958,0.9883633,0.0116367275
calib_03959,0.67792225,0.32207772
calib_03960,0.65310854,0.34689143
calib_03961,9.551342e-05,0.9999045
calib_03962,0.9427263,0.057273682
calib_03963,0.6579961,0.3420039
calib_03964,0.5565325,0.4434675
calib_03965,0.3145513,0.6854487
calib_03966,0.9851972,0.014802881
calib_03967,0.40593705,0.5940629
calib_03968,0.9571834,0.042816605
calib_03969,0.025966534,0.9740335
calib_03970,0.95353633,0.04646372
calib_03971,0.85524124,0.14475872
calib_03972,0.9627408,0.03725916
calib_03973,0.071359955,0.92864007
calib_03974,0.7077577,0.29224223
calib_03975,0.50023293,0.49976707
calib_03976,0.9975834,0.0024166452
calib_03977,0.00016738806,0.99983263
calib_03978,0.0047518113,0.99524826
calib_03979,0.907836,0.09216403
calib_03980,0.12891766,0.8710823
calib_03981,0.9308264,0.06917351
calib_03982,0.024251644,0.97574836
calib_03983,0.020777915,0.9792221
calib_03984,0.97029704,0.029702894
calib_03985,0.9976471,0.0023528389
calib_03986,0.053299613,0.9467004
calib_03987,0.059483834,0.94051623
calib_03988,0.055955287,0.94404477
calib_03989,0.09851225,0.90148777
calib_03990,0.023796396,0.97620356
calib_03991,0.0096186865,0.9903813
calib_03992,0.99894756,0.0010524517
calib_03993,0.9361704,0.06382967
calib_03994,0.99999356,6.3880516e-06
calib_03995,0.65555924,0.34444076
calib_03996,0.13651526,0.8634847
calib_03997,0.86596394,0.13403606
calib_03998,0.2505876,0.74941236
calib_03999,0.682237,0.31776294
calib_04000,0.009319847,0.99068016
calib_04001,0.004772576,0.99522746
calib_04002,0.009072944,0.9909271
calib_04003,0.025290256,0.9747097
calib_04004,0.19638851,0.8036115
calib_04005,0.22942303,0.77057695
calib_04006,0.03388421,0.96611583
calib_04007,0.99542564,0.004574429
calib_04008,0.8053822,0.19461781
calib_04009,0.87712854,0.122871496
calib_04010,0.0003264887,0.9996735
calib_04011,0.33235168,0.66764826
calib_04012,0.99731064,0.0026893383
calib_04013,0.97877127,0.021228747
calib_04014,0.05905155,0.9409484
calib_04015,0.9893092,0.010690741
calib_04016,0.00018831222,0.9998117
calib_04017,0.9470023,0.05299772
calib_04018,0.9997414,0.00025866725
calib_04019,0.5303926,0.46960744
calib_04020,0.99714476,0.0028551773
calib_04021,0.9625729,0.037427157
calib_04022,0.87477094,0.12522902
calib_04023,0.11543724,0.8845628
calib_04024,0.18843879,0.81156117
calib_04025,0.99184555,0.008154447
calib_04026,0.4364354,0.5635646
calib_04027,0.98217034,0.017829698
calib_04028,0.9630244,0.036975626
calib_04029,0.6126141,0.3873859
calib_04030,0.9988004,0.0011996512
calib_04031,0.9916441,0.008355913
calib_04032,0.6815383,0.3184617
calib_04033,6.8877684e-06,0.9999931
calib_04034,0.005869129,0.9941309
calib_04035,0.0078066722,0.9921934
calib_04036,0.99935406,0.00064589264
calib_04037,0.3119847,0.6880153
calib_04038,0.99679714,0.0032028744
calib_04039,0.61613655,0.38386345
calib_04040,0.035836257,0.9641637
calib_04041,0.26285446,0.7371455
calib_04042,0.50729316,0.49270684
calib_04043,0.007919573,0.9920804
calib_04044,0.04311421,0.95688576
calib_04045,0.03245395,0.96754605
calib_04046,0.84064,0.15935999
calib_04047,0.0034982082,0.9965018
calib_04048,0.16540089,0.8345991
calib_04049,0.6330849,0.36691514
calib_04050,0.08049034,0.9195096
calib_04051,0.51413566,0.4858644
calib_04052,0.55376214,0.44623786
calib_04053,0.17236434,0.82763565
calib_04054,0.1531372,0.8468628
calib_04055,0.9169354,0.08306459
calib_04056,0.7407969,0.25920308
calib_04057,0.064435,0.935565
calib_04058,0.61522824,0.38477176
calib_04059,0.28993833,0.71006167
calib_04060,0.10191651,0.89808345
calib_04061,0.5232019,0.4767981
calib_04062,0.09437014,0.9056298
calib_04063,0.997658,0.0023419822
calib_04064,0.24959692,0.75040305
calib_04065,0.39179096,0.6082091
calib_04066,0.0044955066,0.99550456
calib_04067,0.8136877,0.1863123
calib_04068,0.6928839,0.3071161
calib_04069,0.93671566,0.063284345
calib_04070,0.5738205,0.42617956
calib_04071,0.9982968,0.0017032614
calib_04072,0.7743086,0.22569135
calib_04073,0.9098524,0.09014757
calib_04074,0.7780217,0.22197832
calib_04075,0.9987851,0.0012149116
calib_04076,0.47421643,0.52578354
calib_04077,0.9403294,0.059670575
calib_04078,0.19700539,0.80299455
calib_04079,0.35708758,0.6429124
calib_04080,0.87869513,0.12130486
calib_04081,0.563013,0.43698695
calib_04082,0.026516205,0.9734838
calib_04083,0.6310213,0.36897868
calib_04084,0.12893784,0.87106216
calib_04085,0.9999989,1.1221039e-06
calib_04086,0.09094592,0.90905404
calib_04087,0.34977287,0.6502272
calib_04088,0.04578407,0.95421594
calib_04089,0.83188826,0.16811171
calib_04090,0.018103924,0.98189604
calib_04091,0.9320487,0.06795132
calib_04092,0.98550075,0.014499259
calib_04093,0.2638187,0.73618126
calib_04094,0.99052775,0.009472237
calib_04095,0.702733,0.29726702
calib_04096,0.92447716,0.07552284
calib_04097,0.4684333,0.53156674
calib_04098,0.61931264,0.38068733
calib_04099,0.95972204,0.040277973
calib_04100,0.8984114,0.10158863
calib_04101,0.06967944,0.9303205
calib_04102,0.99832517,0.0016747706
calib_04103,0.026817538,0.97318244
calib_04104,0.96507925,0.034920678
calib_04105,0.99561465,0.004385346
calib_04106,0.41915634,0.5808436
calib_04107,0.9936067,0.0063933255
calib_04108,0.63517076,0.36482924
calib_04109,0.51114047,0.4888595
calib_04110,0.00022576906,0.9997743
calib_04111,0.62509406,0.37490594
calib_04112,0.2854491,0.714551
calib_04113,0.7868523,0.21314768
calib_04114,0.8967609,0.10323915
calib_04115,0.9121074,0.08789261
calib_04116,0.5887636,0.4112364
calib_04117,0.9350735,0.0649265
calib_04118,0.16767226,0.83232766
calib_04119,0.030002793,0.9699972
calib_04120,0.9775579,0.022442056
calib_04121,0.5606466,0.4393534
calib_04122,0.011021707,0.9889783
calib_04123,0.17340255,0.8265974
calib_04124,0.2713474,0.7286526
calib_04125,0.898978,0.101021975
calib_04126,0.63911337,0.36088666
calib_04127,0.31986266,0.6801373
calib_04128,0.05190579,0.94809425
calib_04129,0.6173262,0.3826738
calib_04130,0.5092202,0.49077988
calib_04131,0.37074578,0.6292542
calib_04132,0.9994692,0.00053078216
calib_04133,0.9705423,0.029457642
calib_04134,0.74771935,0.25228062
calib_04135,2.19398e-05,0.99997807
calib_04136,0.008331452,0.9916686
calib_04137,0.9027569,0.097243086
calib_04138,0.4202481,0.5797519
calib_04139,0.3800407,0.61995935
calib_04140,0.03057843,0.9694215
calib_04141,0.9438186,0.05618138
calib_04142,0.04485277,0.9551472
calib_04143,0.34011635,0.6598837
calib_04144,0.12148746,0.87851256
calib_04145,0.55848,0.44151992
calib_04146,0.59848726,0.40151274
calib_04147,0.513361,0.48663905
calib_04148,0.8004428,0.19955719
calib_04149,0.59541297,0.40458706
calib_04150,0.6946557,0.3053443
calib_04151,0.46098405,0.53901595
calib_04152,0.7027925,0.29720747
calib_04153,0.3038422,0.6961578
calib_04154,0.47301507,0.52698493
calib_04155,0.8667996,0.13320044
calib_04156,0.39417687,0.60582316
calib_04157,0.6915926,0.3084074
calib_04158,0.016783388,0.9832166
calib_04159,0.87204266,0.12795734
calib_04160,0.35789222,0.6421078
calib_04161,0.9777982,0.022201793
calib_04162,0.5548723,0.44512773
calib_04163,0.30715603,0.6928439
calib_04164,0.43184927,0.5681507
calib_04165,0.5745324,0.42546767
calib_04166,0.014832791,0.9851672
calib_04167,0.88316494,0.11683509
calib_04168,0.962591,0.03740903
calib_04169,0.37775186,0.6222481
calib_04170,0.4922177,0.5077823
calib_04171,0.72717476,0.27282524
calib_04172,0.94967073,0.050329227
calib_04173,0.94941,0.05059003
calib_04174,0.6129663,0.38703373
calib_04175,0.1858996,0.81410044
calib_04176,0.68844926,0.31155074
calib_04177,0.60957325,0.39042675
calib_04178,0.9990564,0.00094356615
calib_04179,0.9859569,0.014043065
calib_04180,0.0023253905,0.99767464
calib_04181,0.9976421,0.0023578787
calib_04182,0.29614422,0.70385575
calib_04183,0.71998966,0.2800103
calib_04184,0.8096248,0.1903752
calib_04185,0.32195705,0.67804295
calib_04186,0.12650272,0.87349725
calib_04187,0.9591259,0.040874083
calib_04188,0.67151785,0.32848215
calib_04189,0.51665795,0.48334205
calib_04190,0.5092812,0.49071878
calib_04191,0.973407,0.026592996
calib_04192,0.98868793,0.011312089
calib_04193,0.05502339,0.94497657
calib_04194,0.18220769,0.81779236
calib_04195,0.45461407,0.5453859
calib_04196,0.08006714,0.91993284
calib_04197,0.65180737,0.34819263
calib_04198,0.9723974,0.027602635
calib_04199,0.85047585,0.14952418
calib_04200,0.80720896,0.19279107
calib_04201,0.99989295,0.00010704413
calib_04202,0.7751892,0.2248108
calib_04203,0.99989724,0.000102765836
calib_04204,0.025461938,0.974538
calib_04205,0.26377586,0.7362242
calib_04206,0.010678226,0.9893218
calib_04207,0.983136,0.016863957
calib_04208,0.2258741,0.77412593
calib_04209,0.4426452,0.5573548
calib_04210,0.0918876,0.90811235
calib_04211,0.78959334,0.2104067
calib_04212,0.6370068,0.36299318
calib_04213,0.003199554,0.9968004
calib_04214,0.23264083,0.76735914
calib_04215,0.1048673,0.89513266
calib_04216,0.8408286,0.15917143
calib_04217,0.27493402,0.72506595
calib_04218,0.16272098,0.837279
calib_04219,0.9379529,0.06204712
calib_04220,0.008155817,0.9918441
calib_04221,0.7194528,0.2805472
calib_04222,0.0048388406,0.9951611
calib_04223,0.046663564,0.9533365
calib_04224,0.59054935,0.40945062
calib_04225,0.58064294,0.419357
calib_04226,0.06778163,0.9322184
calib_04227,0.9381761,0.061823886
calib_04228,0.9866577,0.013342336
calib_04229,0.8737397,0.12626028
calib_04230,0.033777475,0.9662226
calib_04231,0.9277305,0.07226945
calib_04232,0.7184478,0.2815522
calib_04233,0.91441476,0.08558521
calib_04234,0.1742951,0.82570493
calib_04235,0.034544222,0.96545583
calib_04236,0.028493492,0.97150654
calib_04237,0.20993702,0.79006296
calib_04238,0.075945154,0.92405486
calib_04239,0.32137328,0.6786267
calib_04240,0.95148534,0.048514616
calib_04241,0.9982844,0.0017155347
calib_04242,0.026756959,0.9732431
calib_04243,0.7968439,0.20315619
calib_04244,0.30094558,0.6990544
calib_04245,0.8427708,0.15722917
calib_04246,0.8479691,0.15203089
calib_04247,0.89817685,0.10182319
calib_04248,0.5170074,0.48299262
calib_04249,0.023159424,0.9768406
calib_04250,0.04908772,0.9509123
calib_04251,0.028911684,0.97108835
calib_04252,0.09148141,0.90851855
calib_04253,0.87405187,0.12594813
calib_04254,0.17987406,0.82012594
calib_04255,0.94184685,0.05815317
calib_04256,0.32955882,0.67044115
calib_04257,0.07130466,0.9286954
calib_04258,0.0062239817,0.99377596
calib_04259,0.9293245,0.070675544
calib_04260,0.0607443,0.93925565
calib_04261,0.021417204,0.97858274
calib_04262,0.9100414,0.08995853
calib_04263,0.6256148,0.3743852
calib_04264,0.9777801,0.02221988
calib_04265,0.773337,0.22666292
calib_04266,0.13788114,0.8621189
calib_04267,0.07497704,0.925023
calib_04268,0.999097,0.000903013
calib_04269,0.45286673,0.54713327
calib_04270,0.8909692,0.10903073
calib_04271,0.7719685,0.22803149
calib_04272,0.095849834,0.9041501
calib_04273,0.6488721,0.3511279
calib_04274,0.8773399,0.12266008
calib_04275,0.013213685,0.9867863
calib_04276,0.9260087,0.07399133
calib_04277,0.550252,0.449748
calib_04278,0.4159018,0.5840982
calib_04279,0.5512497,0.44875032
calib_04280,0.49021247,0.5097875
calib_04281,0.011788792,0.9882112
calib_04282,0.6527024,0.34729758
calib_04283,0.9191079,0.0808921
calib_04284,0.37479165,0.6252084
calib_04285,0.78544426,0.21455577
calib_04286,0.013059004,0.98694104
calib_04287,0.99457294,0.0054270336
calib_04288,0.53360105,0.46639892
calib_04289,0.8426045,0.15739554
calib_04290,0.00207756,0.9979225
calib_04291,0.9872248,0.012775223
calib_04292,0.46510005,0.53489995
calib_04293,0.9933129,0.006687122
calib_04294,0.011738039,0.988262
calib_04295,0.011701967,0.988298
calib_04296,0.45856538,0.54143465
calib_04297,0.12104973,0.87895024
calib_04298,0.33457854,0.6654215
calib_04299,0.99982834,0.00017158479
calib_04300,0.3114777,0.6885223
calib_04301,0.4750188,0.52498126
calib_04302,0.7612494,0.23875059
calib_04303,0.35778674,0.6422132
calib_04304,0.60167116,0.39832884
calib_04305,0.23679514,0.7632048
calib_04306,0.0060562445,0.99394375
calib_04307,0.71135545,0.28864452
calib_04308,0.0035056297,0.99649435
calib_04309,0.07482411,0.9251759
calib_04310,0.49542585,0.5045742
calib_04311,0.0217737,0.97822624
calib_04312,0.9172993,0.0827007
calib_04313,0.03368047,0.9663195
calib_04314,0.48222408,0.51777595
calib_04315,0.02138492,0.97861505
calib_04316,0.9949856,0.0050144554
calib_04317,0.91392124,0.08607871
calib_04318,0.0010050007,0.998995
calib_04319,0.9666881,0.033311922
calib_04320,0.6951825,0.3048175
calib_04321,0.111167155,0.88883287
calib_04322,0.9971922,0.0028078102
calib_04323,0.93295074,0.06704924
calib_04324,0.19238316,0.80761683
calib_04325,0.52832085,0.47167915
calib_04326,0.5277971,0.4722029
calib_04327,0.9941302,0.005869797
calib_04328,0.99346054,0.006539463
calib_04329,0.00094323664,0.99905676
calib_04330,0.009132452,0.9908675
calib_04331,0.994806,0.0051940107
calib_04332,0.03939107,0.96060896
calib_04333,0.020877508,0.97912246
calib_04334,0.1391595,0.86084044
calib_04335,0.8357349,0.16426507
calib_04336,0.707979,0.29202095
calib_04337,0.0022044962,0.99779546
calib_04338,0.9650169,0.03498309
calib_04339,0.0026702946,0.9973297
calib_04340,0.98800176,0.011998291
calib_04341,0.00013817237,0.99986184
calib_04342,0.21926145,0.78073853
calib_04343,0.9881689,0.011831085
calib_04344,0.29293078,0.70706916
calib_04345,0.09789643,0.9021036
calib_04346,0.39632317,0.6036768
calib_04347,0.4377275,0.56227255
calib_04348,0.5384558,0.4615442
calib_04349,0.6664945,0.3335055
calib_04350,0.49627054,0.5037294
calib_04351,0.49625635,0.5037437
calib_04352,0.7267359,0.27326408
calib_04353,0.06482299,0.935177
calib_04354,0.335078,0.664922
calib_04355,0.57238275,0.4276173
calib_04356,0.5902486,0.40975142
calib_04357,0.26285607,0.73714393
calib_04358,0.25350878,0.7464912
calib_04359,0.24305627,0.75694376
calib_04360,0.75923043,0.2407695
calib_04361,0.62303483,0.37696514
calib_04362,0.72503257,0.27496743
calib_04363,0.56260157,0.43739837
calib_04364,0.80583394,0.19416602
calib_04365,0.95632756,0.043672394
calib_04366,0.42101738,0.5789826
calib_04367,0.02400719,0.97599274
calib_04368,0.082769535,0.9172304
calib_04369,0.99790263,0.0020973324
calib_04370,0.26555613,0.7344439
calib_04371,0.12914805,0.8708519
calib_04372,0.7424993,0.25750068
calib_04373,0.49033946,0.5096605
calib_04374,0.88932115,0.11067885
calib_04375,0.96693814,0.03306182
calib_04376,0.044207834,0.9557921
calib_04377,0.8671874,0.13281262
calib_04378,0.09296283,0.90703714
calib_04379,0.25828773,0.7417122
calib_04380,0.009501286,0.9904987
calib_04381,0.9769075,0.02309249
calib_04382,0.7824619,0.21753809
calib_04383,0.09597007,0.90402997
calib_04384,0.16621117,0.83378875
calib_04385,0.97365177,0.026348153
calib_04386,0.28452533,0.71547467
calib_04387,0.054775864,0.9452241
calib_04388,0.90851325,0.09148674
calib_04389,0.38446605,0.615534
calib_04390,0.6031752,0.3968248
calib_04391,0.13886967,0.8611303
calib_04392,0.0100292945,0.98997074
calib_04393,0.40173241,0.5982676
calib_04394,0.5856557,0.41434425
calib_04395,0.5325147,0.4674853
calib_04396,0.012628837,0.9873712
calib_04397,0.041260045,0.95873994
calib_04398,0.101531945,0.898468
calib_04399,0.11117847,0.88882154
calib_04400,0.120205924,0.8797941
calib_04401,0.033332184,0.96666783
calib_04402,0.85544926,0.14455074
calib_04403,0.8903328,0.10966716
calib_04404,0.35250884,0.64749116
calib_04405,0.9996823,0.00031768682
calib_04406,0.96803445,0.03196559
calib_04407,0.9996132,0.00038678283
calib_04408,0.0026554628,0.99734455
calib_04409,0.98586535,0.014134687
calib_04410,0.9998913,0.00010874728
calib_04411,0.0005806562,0.99941933
calib_04412,0.0051509077,0.994849
calib_04413,0.9987521,0.0012478799
calib_04414,7.335424e-05,0.9999267
calib_04415,0.26762152,0.7323785
calib_04416,0.99730116,0.0026988573
calib_04417,0.0008639988,0.99913603
calib_04418,0.6655837,0.33441627
calib_04419,0.73930365,0.26069635
calib_04420,0.09196016,0.9080398
calib_04421,0.0004578664,0.9995421
calib_04422,0.43350798,0.566492
calib_04423,0.004434647,0.99556535
calib_04424,0.077992916,0.92200714
calib_04425,0.9963468,0.0036532418
calib_04426,0.9996762,0.00032375424
calib_04427,0.8912324,0.10876764
calib_04428,0.98809075,0.011909286
calib_04429,0.010239614,0.98976034
calib_04430,0.52192163,0.47807837
calib_04431,0.9247766,0.075223394
calib_04432,0.70569426,0.29430574
calib_04433,0.0066091726,0.9933908
calib_04434,3.2797946e-06,0.99999666
calib_04435,2.9347714e-07,0.99999976
calib_04436,8.445188e-07,0.99999917
calib_04437,0.99911064,0.00088932767
calib_04438,0.99909246,0.00090753543
calib_04439,0.15432811,0.84567183
calib_04440,0.1457311,0.8542689
calib_04441,0.19178002,0.80821997
calib_04442,0.6480933,0.35190672
calib_04443,0.029142443,0.9708575
calib_04444,0.0006307013,0.9993693
calib_04445,0.0002059677,0.99979407
calib_04446,1.0,4.937182e-10
calib_04447,0.02812628,0.97187364
calib_04448,0.007064444,0.9929356
calib_04449,0.06697531,0.93302464
calib_04450,0.98823345,0.011766493
calib_04451,0.9917611,0.008238895
calib_04452,0.29326314,0.70673686
calib_04453,0.028863344,0.97113657
calib_04454,0.0007074865,0.9992925
calib_04455,0.90054023,0.0994597
calib_04456,0.9980235,0.0019764972
calib_04457,0.9975418,0.0024582408
calib_04458,0.85169214,0.14830784
calib_04459,0.8083106,0.19168937
calib_04460,0.83570665,0.16429332
calib_04461,0.3534743,0.64652574
calib_04462,0.8984523,0.101547755
calib_04463,0.96587914,0.03412088
calib_04464,0.032520283,0.9674797
calib_04465,0.998637,0.0013629969
calib_04466,0.9999999,1.0097307e-07
calib_04467,8.6362415e-05,0.9999136
calib_04468,0.038298387,0.96170163
calib_04469,0.20927064,0.79072934
calib_04470,0.75377023,0.24622974
calib_04471,0.22961162,0.77038836
calib_04472,0.0008505381,0.99914944
calib_04473,0.22284937,0.77715063
calib_04474,0.8168466,0.18315333
calib_04475,0.3435115,0.6564885
calib_04476,0.928961,0.071038984
calib_04477,0.70453835,0.29546165
calib_04478,0.7985389,0.20146108
calib_04479,0.00031113805,0.99968886
calib_04480,0.9332262,0.06677374
calib_04481,0.31292304,0.687077
calib_04482,0.21664175,0.7833582
calib_04483,0.95060253,0.04939747
calib_04484,0.4710183,0.5289816
calib_04485,0.55215985,0.44784018
calib_04486,0.99967265,0.0003273929
calib_04487,0.4977411,0.5022589
calib_04488,0.9995271,0.00047286367
calib_04489,0.9999993,6.684397e-07
calib_04490,0.00029775768,0.99970216
calib_04491,0.44533598,0.554664
calib_04492,0.62493336,0.3750666
calib_04493,0.20656368,0.7934362
calib_04494,0.97899514,0.021004826
calib_04495,0.86941755,0.13058245
calib_04496,0.034161568,0.96583843
calib_04497,0.8660839,0.13391612
calib_04498,0.0006676064,0.99933237
calib_04499,0.9969214,0.0030785569
calib_04500,0.41576764,0.58423233
calib_04501,0.24478003,0.7552199
calib_04502,0.9933222,0.0066777873
calib_04503,0.00010300012,0.999897
calib_04504,0.0026135435,0.9973865
calib_04505,0.12683347,0.87316656
calib_04506,0.99838984,0.0016101656
calib_04507,0.9847681,0.0152319465
calib_04508,0.019127624,0.9808724
calib_04509,0.3262106,0.6737894
calib_04510,0.9990398,0.0009601113
calib_04511,0.82801193,0.17198803
calib_04512,0.6180082,0.38199177
calib_04513,0.9938513,0.0061486927
calib_04514,0.9994518,0.00054820353
calib_04515,0.0011240676,0.9988759
calib_04516,0.9658523,0.03414766
calib_04517,0.115418926,0.8845811
calib_04518,0.057773273,0.94222677
calib_04519,0.80638176,0.19361824
calib_04520,0.9523105,0.047689527
calib_04521,0.0004319091,0.99956805
calib_04522,0.3263805,0.6736195
calib_04523,0.30568516,0.69431484
calib_04524,0.94507027,0.054929707
calib_04525,0.96215355,0.037846465
calib_04526,0.9615015,0.038498566
calib_04527,0.72885144,0.27114853
calib_04528,0.99822503,0.0017750214
calib_04529,0.9997899,0.00021006548
calib_04530,0.9997507,0.00024933045
calib_04531,0.079386614,0.9206134
calib_04532,0.4142817,0.5857183
calib_04533,0.0074892705,0.9925107
calib_04534,0.9121813,0.0878187
calib_04535,0.99861073,0.0013892131
calib_04536,0.00070405495,0.99929595
calib_04537,0.4957811,0.50421894
calib_04538,0.9987367,0.0012633626
calib_04539,0.9999844,1.5557183e-05
calib_04540,0.99993277,6.7209236e-05
calib_04541,0.99999964,4.158782e-07
calib_04542,0.39225996,0.60774004
calib_04543,0.24862413,0.75137585
calib_04544,0.83914953,0.16085048
calib_04545,0.9999958,4.223804e-06
calib_04546,0.9736168,0.026383251
calib_04547,1.950437e-05,0.99998045
calib_04548,0.9991424,0.0008575324
calib_04549,0.023390805,0.9766092
calib_04550,0.07296417,0.9270358
calib_04551,0.5163867,0.48361334
calib_04552,0.5020095,0.4979905
calib_04553,0.9306256,0.06937444
calib_04554,0.67549014,0.32450986
calib_04555,0.98896223,0.011037785
calib_04556,0.9690449,0.03095511
calib_04557,0.00046244994,0.9995376
calib_04558,0.13072057,0.8692794
calib_04559,0.12102684,0.8789732
calib_04560,0.045486275,0.95451367
calib_04561,0.0020545656,0.9979455
calib_04562,0.108454786,0.89154524
calib_04563,0.0007057276,0.9992943
calib_04564,0.16293341,0.83706653
calib_04565,0.97318834,0.026811626
calib_04566,0.053166367,0.9468336
calib_04567,0.7825396,0.21746035
calib_04568,0.99997854,2.1452148e-05
calib_04569,0.30630517,0.69369483
calib_04570,0.9494625,0.05053757
calib_04571,0.95068145,0.049318526
calib_04572,0.24161746,0.75838256
calib_04573,0.7066906,0.2933094
calib_04574,0.041019034,0.9589809
calib_04575,0.99585897,0.004140982
calib_04576,0.9942346,0.00576544
calib_04577,0.1551888,0.84481114
calib_04578,0.16242416,0.8375758
calib_04579,0.001544869,0.99845517
calib_04580,0.48320895,0.51679105
calib_04581,0.11340419,0.88659585
calib_04582,0.9994856,0.00051441765
calib_04583,0.008538702,0.9914613
calib_04584,0.011700186,0.98829985
calib_04585,0.70016253,0.29983747
calib_04586,0.5890479,0.4109521
calib_04587,0.82510936,0.17489062
calib_04588,0.96302307,0.036976926
calib_04589,0.17422408,0.82577586
calib_04590,0.99241334,0.0075866375
calib_04591,0.017571105,0.9824289
calib_04592,0.9640476,0.035952386
calib_04593,0.013531022,0.98646903
calib_04594,0.58972037,0.41027963
calib_04595,0.99342406,0.00657592
calib_04596,0.12519503,0.874805
calib_04597,0.11748029,0.88251966
calib_04598,0.11713783,0.8828621
calib_04599,0.3192879,0.68071204
calib_04600,0.9115516,0.08844846
calib_04601,0.40142137,0.59857863
calib_04602,0.30534956,0.6946504
calib_04603,0.68414867,0.31585133
calib_04604,0.00041936533,0.9995807
calib_04605,0.2744603,0.7255397
calib_04606,0.24390015,0.75609976
calib_04607,0.007269636,0.9927303
calib_04608,0.042587996,0.95741194
calib_04609,0.21607889,0.7839211
calib_04610,0.0012137843,0.9987863
calib_04611,0.91073936,0.089260586
calib_04612,0.7400122,0.25998777
calib_04613,9.304313e-05,0.9999069
calib_04614,0.0003363401,0.9996637
calib_04615,0.54033446,0.45966557
calib_04616,0.0018075781,0.99819237
calib_04617,0.9495925,0.05040754
calib_04618,0.015160737,0.9848393
calib_04619,0.9432154,0.056784574
calib_04620,0.8643781,0.13562194
calib_04621,0.0117494,0.9882506
calib_04622,0.27630556,0.7236944
calib_04623,0.7355415,0.26445848
calib_04624,0.9374152,0.06258477
calib_04625,0.9828554,0.017144596
calib_04626,0.9985862,0.0014138387
calib_04627,0.11307452,0.8869255
calib_04628,0.94019693,0.05980307
calib_04629,0.28862372,0.71137625
calib_04630,0.4169823,0.5830177
calib_04631,0.6141489,0.38585106
calib_04632,0.41812092,0.581879
calib_04633,0.62392837,0.37607166
calib_04634,0.18825266,0.8117473
calib_04635,0.9993068,0.00069323566
calib_04636,0.5638738,0.43612617
calib_04637,0.98717207,0.0128279505
calib_04638,0.99281067,0.007189345
calib_04639,0.038442228,0.9615578
calib_04640,0.6797175,0.3202825
calib_04641,0.97752243,0.022477558
calib_04642,0.42489126,0.57510877
calib_04643,0.007242429,0.99275756
calib_04644,3.978826e-12,1.0
calib_04645,0.12216161,0.87783843
calib_04646,0.9508264,0.049173586
calib_04647,0.9882597,0.011740361
calib_04648,0.12441918,0.87558085
calib_04649,5.1066186e-06,0.9999949
calib_04650,8.0340345e-05,0.99991965
calib_04651,0.99897087,0.0010291218
calib_04652,0.040051244,0.9599487
calib_04653,0.024215344,0.97578466
calib_04654,0.00032741195,0.99967265
calib_04655,0.1357338,0.86426616
calib_04656,1.6861844e-05,0.9999832
calib_04657,0.9999747,2.5258902e-05
calib_04658,0.99999964,3.524101e-07
calib_04659,2.6577502e-06,0.9999974
calib_04660,3.5494473e-08,1.0
calib_04661,0.99999833,1.7050542e-06
calib_04662,0.9999989,1.1291846e-06
calib_04663,0.42941526,0.5705848
calib_04664,0.036033854,0.96396613
calib_04665,1.7144642e-07,0.9999999
calib_04666,0.60693926,0.3930607
calib_04667,0.99999845,1.5460679e-06
calib_04668,0.9999987,1.3247777e-06
calib_04669,0.9982822,0.0017178791
calib_04670,0.9999665,3.3511034e-05
calib_04671,0.8472114,0.15278852
calib_04672,0.9735023,0.026497722
calib_04673,0.9999963,3.7250152e-06
calib_04674,0.24607868,0.75392133
calib_04675,0.59670323,0.4032968
calib_04676,0.999998,2.055264e-06
calib_04677,0.9999988,1.2426385e-06
calib_04678,0.9998399,0.00016008753
calib_04679,0.61798924,0.38201073
calib_04680,0.9619312,0.038068786
calib_04681,2.716587e-06,0.99999726
calib_04682,0.99902403,0.0009759087
calib_04683,0.96739,0.032610063
calib_04684,0.99468803,0.0053119883
calib_04685,0.99816006,0.0018398855
calib_04686,0.15791774,0.84208226
calib_04687,0.14388534,0.8561147
calib_04688,0.57024914,0.42975086
calib_04689,0.99990153,9.8442666e-05
calib_04690,0.10265074,0.89734924
calib_04691,0.4576206,0.54237944
calib_04692,4.5212137e-06,0.99999547
calib_04693,7.704599e-06,0.99999225
calib_04694,0.99988973,0.000110297406
calib_04695,8.096369e-06,0.9999919
calib_04696,0.90239656,0.09760341
calib_04697,0.1590023,0.8409977
calib_04698,0.99998844,1.1531675e-05
calib_04699,0.00048271098,0.9995173
calib_04700,0.99193573,0.008064264
calib_04701,0.05500581,0.9449942
calib_04702,0.09447802,0.905522
calib_04703,0.0013409639,0.998659
calib_04704,0.0024306942,0.99756926
calib_04705,0.96043164,0.039568286
calib_04706,0.95871973,0.041280244
calib_04707,0.6484438,0.35155618
calib_04708,0.99710804,0.002891934
calib_04709,0.002886169,0.9971138
calib_04710,0.0010885784,0.9989114
calib_04711,0.7093279,0.2906721
calib_04712,0.9924366,0.007563438
calib_04713,0.46557483,0.5344252
calib_04714,0.005338468,0.9946615
calib_04715,0.9933084,0.006691552
calib_04716,0.9992231,0.00077689206
calib_04717,0.780015,0.21998501
calib_04718,1.4809147e-05,0.9999852
calib_04719,0.0006552409,0.99934477
calib_04720,0.99451894,0.0054810205
calib_04721,0.9753911,0.024608886
calib_04722,0.0013235135,0.9986765
calib_04723,0.99985087,0.00014914534
calib_04724,0.99999547,4.569041e-06
calib_04725,0.9936666,0.006333364
calib_04726,8.901995e-05,0.99991095
calib_04727,0.9992293,0.00077072385
calib_04728,0.07956139,0.92043865
calib_04729,0.9855934,0.014406627
calib_04730,0.012674415,0.98732555
calib_04731,0.03286306,0.9671369
calib_04732,0.96729624,0.032703687
calib_04733,0.9987192,0.0012807918
calib_04734,0.9999902,9.729888e-06
calib_04735,0.16209854,0.8379014
calib_04736,0.0013078295,0.9986922
calib_04737,0.15732081,0.84267914
calib_04738,0.9987852,0.0012147797
calib_04739,0.00012529868,0.9998747
calib_04740,3.7194814e-06,0.9999963
calib_04741,0.99626523,0.0037348308
calib_04742,0.99963903,0.00036090508
calib_04743,0.01488098,0.98511904
calib_04744,0.0041318974,0.9958681
calib_04745,0.97324,0.02676001
calib_04746,0.012802488,0.9871975
calib_04747,0.005959012,0.994041
calib_04748,0.004281537,0.9957184
calib_04749,0.99631846,0.003681474
calib_04750,0.96622276,0.033777177
calib_04751,0.71888065,0.28111938
calib_04752,0.00082582154,0.9991742
calib_04753,0.016776064,0.9832239
calib_04754,0.7498868,0.2501132
calib_04755,0.96338487,0.036615197
calib_04756,0.17272855,0.8272714
calib_04757,0.9528281,0.047171924
calib_04758,0.029844422,0.97015554
calib_04759,0.0023201813,0.9976799
calib_04760,0.9996257,0.00037425882
calib_04761,0.10199686,0.8980031
calib_04762,0.00018663959,0.9998134
calib_04763,0.99540555,0.0045944
calib_04764,0.046609614,0.95339036
calib_04765,0.9915877,0.008412266
calib_04766,0.5216149,0.4783851
calib_04767,0.99975437,0.0002456417
calib_04768,0.9984736,0.0015264207
calib_04769,0.8784652,0.12153482
calib_04770,0.0009291742,0.99907076
calib_04771,0.0014938802,0.9985061
calib_04772,0.41186064,0.58813936
calib_04773,0.5994648,0.40053517
calib_04774,0.9893329,0.010667088
calib_04775,0.40386465,0.5961354
calib_04776,0.38961107,0.61038893
calib_04777,0.7150686,0.28493142
calib_04778,0.84827185,0.15172817
calib_04779,0.036347844,0.96365213
calib_04780,0.89003867,0.109961346
calib_04781,0.13993154,0.86006844
calib_04782,0.98271346,0.01728653
calib_04783,0.9935601,0.0064399596
calib_04784,0.95982385,0.040176198
calib_04785,4.67987e-05,0.99995315
calib_04786,4.3163906e-11,1.0
calib_04787,0.0005294,0.99947065
calib_04788,0.8823794,0.11762061
calib_04789,0.9825218,0.017478183
calib_04790,0.00011834985,0.9998816
calib_04791,0.9995123,0.00048769155
calib_04792,0.99839276,0.0016072738
calib_04793,2.7032413e-05,0.99997294
calib_04794,0.9997857,0.00021433133
calib_04795,0.99999464,5.370662e-06
calib_04796,0.99941945,0.0005805226
calib_04797,0.99922633,0.0007737199
calib_04798,0.9923375,0.0076625305
calib_04799,0.001966885,0.9980331
calib_04800,0.9999875,1.2513445e-05
calib_04801,0.9781424,0.021857597
calib_04802,0.9998392,0.00016078893
calib_04803,0.0025495125,0.9974504
calib_04804,0.8440361,0.1559639
calib_04805,0.009705327,0.9902947
calib_04806,0.73839104,0.26160893
calib_04807,0.99592006,0.0040799067
calib_04808,0.88687927,0.11312068
calib_04809,0.00044174888,0.99955827
calib_04810,0.9919165,0.008083488
calib_04811,0.99999106,8.978528e-06
calib_04812,0.1358311,0.8641688
calib_04813,0.50204897,0.497951
calib_04814,0.9109693,0.08903064
calib_04815,0.0030467834,0.99695325
calib_04816,0.97582257,0.024177464
calib_04817,0.85229933,0.14770064
calib_04818,0.0044284705,0.9955715
calib_04819,2.046469e-05,0.9999795
calib_04820,0.995767,0.00423301
calib_04821,0.003590998,0.996409
calib_04822,0.9423342,0.057665795
calib_04823,0.005978811,0.9940211
calib_04824,0.007568267,0.99243176
calib_04825,0.94753087,0.052469175
calib_04826,0.010026162,0.9899739
calib_04827,0.09252882,0.9074712
calib_04828,0.9783679,0.021632008
calib_04829,0.9874765,0.012523485
calib_04830,0.0044799596,0.99552
calib_04831,0.01673829,0.9832617
calib_04832,0.002251828,0.9977482
calib_04833,0.9372981,0.06270187
calib_04834,0.00010276475,0.99989724
calib_04835,0.013118814,0.98688126
calib_04836,0.999879,0.00012098928
calib_04837,7.04841e-05,0.99992955
calib_04838,0.0065406156,0.99345934
calib_04839,0.72206724,0.2779328
calib_04840,0.99952173,0.00047828743
calib_04841,0.9844231,0.015576854
calib_04842,0.9999765,2.3524019e-05
calib_04843,0.99864095,0.0013589924
calib_04844,0.024083171,0.9759168
calib_04845,0.9995689,0.00043115177
calib_04846,0.0149600515,0.98503995
calib_04847,0.3880764,0.6119236
calib_04848,0.52546185,0.47453815
calib_04849,0.9996238,0.0003761565
calib_04850,0.03510976,0.96489024
calib_04851,0.41622934,0.58377063
calib_04852,0.14216357,0.8578364
calib_04853,0.88213545,0.11786451
calib_04854,6.551622e-07,0.9999994
calib_04855,5.0506584e-05,0.99994946
calib_04856,0.98852855,0.01147137
calib_04857,0.32792053,0.67207944
calib_04858,0.21488155,0.7851184
calib_04859,0.03940124,0.9605987
calib_04860,0.99900997,0.0009900277
calib_04861,0.9999969,3.1577624e-06
calib_04862,0.98835295,0.011647098
calib_04863,0.9999932,6.7849237e-06
calib_04864,0.9998776,0.00012241003
calib_04865,0.04144626,0.9585538
calib_04866,0.8907856,0.109214365
calib_04867,0.069164366,0.93083566
calib_04868,0.9986619,0.0013380909
calib_04869,0.36368254,0.6363175
calib_04870,0.8476172,0.15238276
calib_04871,0.9895135,0.010486458
calib_04872,0.045112383,0.95488757
calib_04873,5.9694107e-06,0.99999404
calib_04874,0.99999964,3.3578368e-07
calib_04875,1.3581569e-05,0.9999864
calib_04876,0.9999999,7.5422946e-08
calib_04877,0.00023628265,0.99976367
calib_04878,0.48029387,0.51970613
calib_04879,0.00039835752,0.99960166
calib_04880,0.20678985,0.79321015
calib_04881,1.0,3.282402e-08
calib_04882,5.4575145e-07,0.9999994
calib_04883,0.9999516,4.8360445e-05
calib_04884,3.0796868e-06,0.9999969
calib_04885,0.90770966,0.092290364
calib_04886,6.865804e-05,0.99993134
calib_04887,4.6212975e-08,1.0
calib_04888,0.03217081,0.96782917
calib_04889,0.9975944,0.0024055485
calib_04890,8.1411784e-08,0.9999999
calib_04891,0.0117430175,0.988257
calib_04892,2.2282786e-05,0.9999777
calib_04893,0.029816326,0.97018373
calib_04894,0.96517265,0.03482738
calib_04895,0.43692443,0.5630756
calib_04896,0.85697645,0.14302358
calib_04897,0.09340157,0.9065984
calib_04898,0.7671634,0.23283662
calib_04899,0.90877444,0.09122556
calib_04900,0.9956524,0.0043476094
calib_04901,0.85716766,0.14283235
calib_04902,0.01917923,0.9808208
calib_04903,0.877544,0.12245602
calib_04904,0.95100665,0.048993338
calib_04905,0.9970776,0.0029223796
calib_04906,0.7011225,0.29887745
calib_04907,0.049896583,0.95010334
calib_04908,0.247755,0.752245
calib_04909,0.99983144,0.00016859085
calib_04910,0.9999827,1.7322753e-05
calib_04911,0.0031292513,0.9968708
calib_04912,0.8867999,0.11320016
calib_04913,0.9999999,6.548362e-08
calib_04914,0.99997914,2.0876629e-05
calib_04915,0.99929476,0.00070523244
calib_04916,0.9893857,0.010614265
calib_04917,0.9165096,0.083490394
calib_04918,0.09477682,0.9052232
calib_04919,0.9335848,0.06641519
calib_04920,0.4994689,0.5005311
calib_04921,0.8977438,0.102256164
calib_04922,0.3685382,0.63146186
calib_04923,1.0,1.07148725e-08
calib_04924,0.011648612,0.9883514
calib_04925,0.007396034,0.99260396
calib_04926,0.06386296,0.936137
calib_04927,0.4454808,0.55451924
calib_04928,0.63770545,0.36229452
calib_04929,0.9759838,0.024016222
calib_04930,0.07724615,0.9227538
calib_04931,0.98755056,0.012449389
calib_04932,0.98031586,0.019684106
calib_04933,0.95491236,0.045087658
calib_04934,0.9780989,0.021901002
calib_04935,0.71762365,0.28237635
calib_04936,0.60925835,0.39074162
calib_04937,0.27822295,0.721777
calib_04938,0.8199377,0.18006228
calib_04939,0.0064920606,0.993508
calib_04940,0.11595175,0.8840482
calib_04941,6.0868802e-05,0.9999391
calib_04942,7.3712356e-05,0.9999263
calib_04943,0.98795044,0.01204956
calib_04944,0.03227724,0.9677228
calib_04945,0.8706493,0.12935077
calib_04946,0.979981,0.020018969
calib_04947,0.96406054,0.03593948
calib_04948,0.12613064,0.8738693
calib_04949,0.7643417,0.2356583
calib_04950,0.9621283,0.03787173
calib_04951,0.999561,0.00043900136
calib_04952,0.98780584,0.01219419
calib_04953,0.25256228,0.7474377
calib_04954,0.11919501,0.880805
calib_04955,0.007870158,0.99212986
calib_04956,0.9769909,0.023009129
calib_04957,0.0008390097,0.999161
calib_04958,0.37038708,0.629613
calib_04959,0.9998264,0.00017369578
calib_04960,0.9997435,0.00025650192
calib_04961,0.9291849,0.07081504
calib_04962,0.9999919,8.092108e-06
calib_04963,0.001464584,0.9985354
calib_04964,0.97000545,0.029994564
calib_04965,0.04598998,0.95401
calib_04966,0.23103075,0.76896924
calib_04967,0.47995436,0.5200456
calib_04968,0.30666438,0.6933356
calib_04969,0.15965502,0.840345
calib_04970,0.81724614,0.18275385
calib_04971,0.99862933,0.001370743
calib_04972,0.2723463,0.7276537
calib_04973,0.105819106,0.8941809
calib_04974,0.026083888,0.97391605
calib_04975,0.84285265,0.1571474
calib_04976,0.9855885,0.014411511
calib_04977,0.0004989309,0.9995011
calib_04978,0.017708408,0.9822916
calib_04979,2.4704964e-06,0.9999975
calib_04980,0.99999106,8.966652e-06
calib_04981,8.320918e-06,0.99999166
calib_04982,0.0014762845,0.9985238
calib_04983,0.9976362,0.0023638064
calib_04984,0.97350967,0.026490336
calib_04985,0.94408065,0.055919345
calib_04986,0.2937221,0.7062779
calib_04987,0.8232111,0.17678894
calib_04988,0.03804802,0.961952
calib_04989,0.566888,0.43311197
calib_04990,0.45050573,0.54949427
calib_04991,0.8189201,0.18107992
calib_04992,0.00087104726,0.999129
calib_04993,0.006477664,0.99352235
calib_04994,0.0018925635,0.99810743
calib_04995,0.25955552,0.7404445
calib_04996,1.12758335e-05,0.9999887
calib_04997,0.9989221,0.0010778989
calib_04998,0.00087758776,0.99912244
calib_04999,0.0038823641,0.9961176
calib_05000,3.4699446e-05,0.9999653
calib_05001,0.0375007,0.9624993
calib_05002,0.2970097,0.7029903
calib_05003,0.996729,0.003270942
calib_05004,0.009645993,0.99035394
calib_05005,0.0025200741,0.99748
calib_05006,0.023140078,0.9768599
calib_05007,0.65525484,0.34474516
calib_05008,0.42969567,0.57030433
calib_05009,0.29044896,0.70955104
calib_05010,0.96471214,0.0352879
calib_05011,0.8902143,0.109785646
calib_05012,0.550585,0.449415
calib_05013,0.25976852,0.74023145
calib_05014,0.96411693,0.03588307
calib_05015,0.8803439,0.119656034
calib_05016,0.99991405,8.591368e-05
calib_05017,0.9999999,1.1322607e-07
calib_05018,0.62388813,0.37611187
calib_05019,0.0049286736,0.9950714
calib_05020,0.0012398391,0.9987602
calib_05021,0.049791966,0.95020807
calib_05022,0.018040651,0.9819594
calib_05023,0.9993592,0.00064085756
calib_05024,0.20766032,0.7923397
calib_05025,0.043298166,0.9567019
calib_05026,0.99999845,1.5504531e-06
calib_05027,0.0003196159,0.9996804
calib_05028,0.9997323,0.0002676453
calib_05029,2.839295e-05,0.9999716
calib_05030,0.09410007,0.90589994
calib_05031,0.008733223,0.9912668
calib_05032,0.99948055,0.00051951077
calib_05033,0.91325194,0.08674808
calib_05034,4.829113e-06,0.9999951
calib_05035,0.015308093,0.9846919
calib_05036,0.4182642,0.58173585
calib_05037,0.052735515,0.9472645
calib_05038,0.05137192,0.94862807
calib_05039,0.97562337,0.02437656
calib_05040,0.61043346,0.38956654
calib_05041,0.9997446,0.00025545002
calib_05042,0.66258734,0.33741266
calib_05043,0.9997857,0.00021426516
